page,month,clicks,impressions,ctr_pct,position
https://9takes.com/enneagram-corner/enneagram-and-mental-illness,2025-07,249,5161,4.82,8.5
https://9takes.com/personality-analysis/Joaquin-Phoenix,2025-07,72,4901,1.47,4.4
https://9takes.com/enneagram-corner/toxic-traits-of-each-enneagram-type,2025-07,61,1978,3.08,11.3
https://9takes.com/personality-analysis/Meghan-Markle,2025-07,60,5944,1.01,4.7
https://9takes.com/personality-analysis/Peter-Thiel,2025-07,45,1562,2.88,5.9
https://9takes.com/personality-analysis/Prince-Harry,2025-07,37,2388,1.55,8.4
https://9takes.com/personality-analysis/Bob-Dylan,2025-07,36,2877,1.25,5.5
https://9takes.com/enneagram-corner/enneagram-instinctual-subtypes,2025-07,31,3558,0.87,20.0
https://9takes.com/personality-analysis/Aubrey-Plaza,2025-07,31,2732,1.13,5.4
https://9takes.com/enneagram-corner/astrology-and-the-enneagram,2025-07,30,3652,0.82,8.1
https://9takes.com/enneagram-corner/enneagram-communication-styles,2025-07,26,930,2.80,7.7
https://9takes.com/enneagram-corner/biggest-compliments-to-give-each-enneagram-type,2025-07,20,364,5.49,4.8
https://9takes.com/personality-analysis/IShowSpeed,2025-07,20,4738,0.42,6.7
https://9takes.com/enneagram-corner/toxic-traits-relationships-warning-signs,2025-07,19,877,2.17,16.1
https://9takes.com/personality-analysis/Blake-Lively,2025-07,19,2713,0.70,3.9
https://9takes.com/personality-analysis/Sydney-Sweeney,2025-07,17,2574,0.66,7.8
https://9takes.com/personality-analysis/Sam-Altman,2025-07,16,2390,0.67,4.2
https://9takes.com/personality-analysis/Brad-Pitt,2025-07,15,1503,1.00,8.6
https://9takes.com/personality-analysis/Lana-Del-Rey,2025-07,13,2127,0.61,6.9
https://9takes.com/enneagram-corner/enneagram-and-religion,2025-07,12,846,1.42,20.0
https://9takes.com/personality-analysis/Anya-Taylor-Joy,2025-07,11,2164,0.51,4.6
https://9takes.com/personality-analysis/Dua-Lipa,2025-07,11,2180,0.50,11.2
https://9takes.com/personality-analysis/Johnny-Depp,2025-07,11,1427,0.77,10.7
https://9takes.com/personality-analysis/Meryl-Streep,2025-07,11,671,1.64,6.0
https://9takes.com/personality-analysis/Tina-Fey,2025-07,11,401,2.74,10.2
https://9takes.com/enneagram-corner/enneagram-stress-number,2025-07,10,1269,0.79,16.1
https://9takes.com/enneagram-corner/enneagram-types-on-a-first-date,2025-07,10,200,5.00,15.0
https://9takes.com/personality-analysis/Marilyn-Monroe,2025-07,9,1077,0.84,12.3
https://9takes.com/enneagram-corner/enneagram-types-and-career-choices,2025-07,8,1803,0.44,28.0
https://9takes.com/personality-analysis/Joe-Rogan,2025-07,8,1152,0.69,5.2
https://9takes.com/personality-analysis/Ryan-Gosling,2025-07,8,865,0.92,7.0
https://9takes.com/personality-analysis/type/4,2025-07,8,1152,0.69,17.9
https://9takes.com/,2025-07,7,90,7.78,6.8
https://9takes.com/enneagram-corner/enneagram-types-at-party,2025-07,7,206,3.40,12.7
https://9takes.com/enneagram-corner/enneagram-types-in-stress,2025-07,7,672,1.04,17.6
https://9takes.com/enneagram-corner/enneagram-types-working-in-teams,2025-07,7,1823,0.38,39.4
https://9takes.com/personality-analysis/Agatha-Christie,2025-07,7,413,1.69,12.3
https://9takes.com/personality-analysis/Keanu-Reeves,2025-07,7,1362,0.51,11.6
https://9takes.com/personality-analysis/Nikola-Tesla,2025-07,7,988,0.71,9.1
https://9takes.com/personality-analysis/Scarlett-Johansson,2025-07,7,1509,0.46,7.6
https://9takes.com/personality-analysis/Tom-Hardy,2025-07,7,737,0.95,8.6
https://9takes.com/personality-analysis/Zayn-Malik,2025-07,7,807,0.87,6.5
https://9takes.com/personality-analysis/Zendaya,2025-07,7,2325,0.30,6.0
https://9takes.com/enneagram-corner/enneagram-strengths-and-weaknesses,2025-07,6,744,0.81,12.0
https://9takes.com/personality-analysis/Alex-Cooper,2025-07,6,429,1.40,11.1
https://9takes.com/personality-analysis/Chappell-Roan,2025-07,6,867,0.69,7.1
https://9takes.com/personality-analysis/Elon-Musk,2025-07,6,3853,0.16,14.0
https://9takes.com/personality-analysis/Halsey,2025-07,6,654,0.92,6.4
https://9takes.com/personality-analysis/Justin-Bieber,2025-07,6,1715,0.35,8.5
https://9takes.com/personality-analysis/Kourtney-Kardashian,2025-07,6,559,1.07,7.6
https://9takes.com/personality-analysis/Steve-Jobs,2025-07,6,1225,0.49,11.4
https://9takes.com/personality-analysis/Timothee-Chalamet,2025-07,6,917,0.65,7.8
https://9takes.com/enneagram-corner/enneagram-type-2,2025-07,5,2060,0.24,31.3
https://9takes.com/enneagram-corner/enneagram-types-in-relationships,2025-07,5,783,0.64,31.1
https://9takes.com/personality-analysis/Barack-Obama,2025-07,5,848,0.59,7.3
https://9takes.com/personality-analysis/Druski,2025-07,5,470,1.06,8.5
https://9takes.com/personality-analysis/Henry-Cavill,2025-07,5,1113,0.45,8.0
https://9takes.com/personality-analysis/John-F-Kennedy,2025-07,5,1157,0.43,7.4
https://9takes.com/personality-analysis/Mr-Beast,2025-07,5,1537,0.33,9.1
https://9takes.com/personality-analysis/Palmer-Luckey,2025-07,5,526,0.95,4.6
https://9takes.com/personality-analysis/Pete-Davidson,2025-07,5,366,1.37,13.7
https://9takes.com/personality-analysis/type/9,2025-07,5,1284,0.39,16.2
https://9takes.com/enneagram-corner/enneagram-childhood-stereotypes,2025-07,4,288,1.39,18.5
https://9takes.com/enneagram-corner/enneagram-type-4,2025-07,4,1649,0.24,34.6
https://9takes.com/enneagram-corner/enneagram-type-8,2025-07,4,1622,0.25,29.6
https://9takes.com/personality-analysis/Adin-Ross,2025-07,4,419,0.95,14.7
https://9takes.com/personality-analysis/Billie-Eilish,2025-07,4,2088,0.19,6.7
https://9takes.com/personality-analysis/Denzel-Washington,2025-07,4,454,0.88,8.3
https://9takes.com/personality-analysis/Jennifer-Lawrence,2025-07,4,936,0.43,8.4
https://9takes.com/personality-analysis/Robert-Pattinson,2025-07,4,409,0.98,9.8
https://9takes.com/personality-analysis/Rooney-Mara,2025-07,4,206,1.94,10.5
https://9takes.com/personality-analysis/Travis-Scott,2025-07,4,632,0.63,8.8
https://9takes.com/enneagram-corner/subtopic/situational,2025-07,3,11,27.27,21.4
https://9takes.com/personality-analysis/Ariana-Grande,2025-07,3,1076,0.28,9.2
https://9takes.com/personality-analysis/Dave-Portnoy,2025-07,3,300,1.00,9.3
https://9takes.com/personality-analysis/Demi-Lovato,2025-07,3,158,1.90,12.2
https://9takes.com/personality-analysis/Eminem,2025-07,3,649,0.46,9.9
https://9takes.com/personality-analysis/Emma-Watson,2025-07,3,474,0.63,11.8
https://9takes.com/personality-analysis/Frida-Kahlo,2025-07,3,417,0.72,13.2
https://9takes.com/personality-analysis/Friedrich-Nietzsche,2025-07,3,578,0.52,11.2
https://9takes.com/personality-analysis/George-H-W-Bush,2025-07,3,127,2.36,12.3
https://9takes.com/personality-analysis/Hugh-Jackman,2025-07,3,273,1.10,11.1
https://9takes.com/personality-analysis/Jeff-Bezos,2025-07,3,1019,0.29,13.7
https://9takes.com/personality-analysis/Jerad-Leto,2025-07,3,320,0.94,8.5
https://9takes.com/personality-analysis/Khloe-Kardashian,2025-07,3,536,0.56,17.1
https://9takes.com/personality-analysis/Kim-Kardashian,2025-07,3,751,0.40,6.9
https://9takes.com/personality-analysis/Kylie-Jenner,2025-07,3,608,0.49,11.7
https://9takes.com/personality-analysis/Madison-Beer,2025-07,3,740,0.41,6.2
https://9takes.com/personality-analysis/Margot-Robbie,2025-07,3,544,0.55,8.3
https://9takes.com/personality-analysis/Mark-Zuckerberg,2025-07,3,2030,0.15,11.5
https://9takes.com/personality-analysis/Paris-Hilton,2025-07,3,935,0.32,10.5
https://9takes.com/personality-analysis/Selena-Gomez,2025-07,3,1492,0.20,7.3
https://9takes.com/personality-analysis/Tom-Cruise,2025-07,3,841,0.36,8.8
https://9takes.com/personality-analysis/Winston-Churchill,2025-07,3,291,1.03,12.1
https://9takes.com/personality-analysis/Zoe-Kravitz,2025-07,3,194,1.55,9.1
https://9takes.com/enneagram-corner/enneagram-connecting-lines,2025-07,2,164,1.22,29.0
https://9takes.com/enneagram-corner/enneagram-type-3,2025-07,2,1910,0.10,34.6
https://9takes.com/enneagram-corner/enneagram-type-7,2025-07,2,1050,0.19,34.0
https://9takes.com/enneagram-corner/enneagram-types-being-ghosted,2025-07,2,110,1.82,16.8
https://9takes.com/enneagram-corner/first-impression-cheat-sheet,2025-07,2,69,2.90,13.2
https://9takes.com/enneagram-corner/how-each-enneagram-flexes,2025-07,2,142,1.41,14.6
https://9takes.com/enneagram-corner/how-to-navigate-early-relationship-stages,2025-07,2,235,0.85,21.4
https://9takes.com/enneagram-corner/neurodiversity-vs-personality,2025-07,2,143,1.40,11.9
https://9takes.com/enneagram-corner/relationship-communication-guide,2025-07,2,252,0.79,17.5
https://9takes.com/personality-analysis,2025-07,2,447,0.45,45.3
https://9takes.com/personality-analysis/Alexandria-Ocasio-Cortez,2025-07,2,306,0.65,15.0
https://9takes.com/personality-analysis/Donald-Trump,2025-07,2,487,0.41,10.0
https://9takes.com/personality-analysis/Drake,2025-07,2,409,0.49,4.1
https://9takes.com/personality-analysis/Elton-John,2025-07,2,255,0.78,8.4
https://9takes.com/personality-analysis/Emma-Chamberlain,2025-07,2,126,1.59,11.7
https://9takes.com/personality-analysis/Jackie-Kennedy,2025-07,2,131,1.53,9.3
https://9takes.com/personality-analysis/Jennifer-Garner,2025-07,2,220,0.91,8.1
https://9takes.com/personality-analysis/Jennifer-Lopez,2025-07,2,167,1.20,12.1
https://9takes.com/personality-analysis/Jimmy-Fallon,2025-07,2,615,0.33,6.3
https://9takes.com/personality-analysis/Joe-Biden,2025-07,2,347,0.58,9.9
https://9takes.com/personality-analysis/Lady-Gaga,2025-07,2,373,0.54,7.3
https://9takes.com/personality-analysis/Lex-Fridman,2025-07,2,1344,0.15,6.6
https://9takes.com/personality-analysis/Michelle-Obama,2025-07,2,646,0.31,10.9
https://9takes.com/personality-analysis/Mikey-Madison,2025-07,2,187,1.07,11.0
https://9takes.com/personality-analysis/Miley-Cyrus,2025-07,2,798,0.25,8.6
https://9takes.com/personality-analysis/Nancy-Pelosi,2025-07,2,61,3.28,13.0
https://9takes.com/personality-analysis/Natalie-Portman,2025-07,2,452,0.44,9.4
https://9takes.com/personality-analysis/Rihanna,2025-07,2,592,0.34,10.1
https://9takes.com/personality-analysis/Robert-Downey-Jr,2025-07,2,977,0.20,9.9
https://9takes.com/personality-analysis/Robert-Oppenheimer,2025-07,2,129,1.55,12.9
https://9takes.com/personality-analysis/Ronald-Reagan,2025-07,2,218,0.92,23.9
https://9takes.com/personality-analysis/Ryan-Reynolds,2025-07,2,324,0.62,8.4
https://9takes.com/personality-analysis/Sabrina-Carpenter,2025-07,2,1414,0.14,6.6
https://9takes.com/personality-analysis/Shia-LaBeouf,2025-07,2,147,1.36,13.8
https://9takes.com/personality-analysis/Tom-Hiddleston,2025-07,2,350,0.57,9.7
https://9takes.com/personality-analysis/type/2,2025-07,2,272,0.74,21.4
https://9takes.com/personality-analysis/type/6,2025-07,2,510,0.39,18.0
https://9takes.com/enneagram-corner/enneagram-concepts,2025-07,1,147,0.68,33.7
https://9takes.com/enneagram-corner/enneagram-influences,2025-07,1,230,0.43,31.1
https://9takes.com/enneagram-corner/enneagram-party-planner,2025-07,1,98,1.02,19.2
https://9takes.com/enneagram-corner/enneagram-personal-growth,2025-07,1,153,0.65,24.1
https://9takes.com/enneagram-corner/enneagram-tldr,2025-07,1,716,0.14,44.9
https://9takes.com/enneagram-corner/enneagram-type-1,2025-07,1,1442,0.07,30.0
https://9takes.com/enneagram-corner/enneagram-type-6,2025-07,1,643,0.16,27.1
https://9takes.com/enneagram-corner/personality-maxing,2025-07,1,72,1.39,13.7
https://9takes.com/enneagram-corner/philosophy-psychology-and-the-enneagram,2025-07,1,96,1.04,25.8
https://9takes.com/personality-analysis/Amber-Heard,2025-07,1,175,0.57,15.0
https://9takes.com/personality-analysis/Anne-Hathaway,2025-07,1,476,0.21,8.7
https://9takes.com/personality-analysis/Arnold-Schwarzenegger,2025-07,1,248,0.40,14.6
https://9takes.com/personality-analysis/Bill-Gates,2025-07,1,1096,0.09,9.8
https://9takes.com/personality-analysis/Casey-Neistat,2025-07,1,247,0.40,24.3
https://9takes.com/personality-analysis/Chelsea-Handler,2025-07,1,185,0.54,16.0
https://9takes.com/personality-analysis/Dave-Chappelle,2025-07,1,48,2.08,25.5
https://9takes.com/personality-analysis/David-Dobrik,2025-07,1,154,0.65,25.2
https://9takes.com/personality-analysis/David-Sacks,2025-07,1,43,2.33,14.3
https://9takes.com/personality-analysis/Doechii,2025-07,1,234,0.43,11.6
https://9takes.com/personality-analysis/Dwayne-Johnson,2025-07,1,720,0.14,7.9
https://9takes.com/personality-analysis/Ellen-Degeneres,2025-07,1,291,0.34,14.4
https://9takes.com/personality-analysis/George-W-Bush,2025-07,1,190,0.53,18.3
https://9takes.com/personality-analysis/Grimes,2025-07,1,68,1.47,10.4
https://9takes.com/personality-analysis/Jimmy-Carter,2025-07,1,123,0.81,16.4
https://9takes.com/personality-analysis/Kai-Cenat,2025-07,1,734,0.14,9.6
https://9takes.com/personality-analysis/Kevin-Hart,2025-07,1,277,0.36,11.4
https://9takes.com/personality-analysis/Kristen-Bell,2025-07,1,196,0.51,10.4
https://9takes.com/personality-analysis/Leonardo-DiCaprio,2025-07,1,769,0.13,12.2
https://9takes.com/personality-analysis/Miles-Teller,2025-07,1,305,0.33,9.7
https://9takes.com/personality-analysis/Millie-Bobby-Brown,2025-07,1,337,0.30,9.4
https://9takes.com/personality-analysis/Olivia-Rodrigo,2025-07,1,890,0.11,6.8
https://9takes.com/personality-analysis/Oprah-Winfrey,2025-07,1,557,0.18,14.0
https://9takes.com/personality-analysis/Taylor-Swift,2025-07,1,399,0.25,16.9
https://9takes.com/personality-analysis/Tom-Hanks,2025-07,1,40,2.50,12.2
https://9takes.com/personality-analysis/Trevor-Noah,2025-07,1,114,0.88,14.2
https://9takes.com/personality-analysis/Will-Smith,2025-07,1,621,0.16,11.0
https://9takes.com/personality-analysis/type/8,2025-07,1,796,0.13,21.0
https://9takes.com/about,2025-07,0,55,0.00,6.3
https://9takes.com/blog,2025-07,0,34,0.00,3.6
https://9takes.com/book-session,2025-07,0,181,0.00,62.1
https://9takes.com/community,2025-07,0,21,0.00,5.7
https://9takes.com/community/consensus-on-human-nature,2025-07,0,26,0.00,8.8
https://9takes.com/community/inspiration-for-9takes,2025-07,0,11,0.00,35.2
https://9takes.com/community/introducing-9takes,2025-07,0,4,0.00,7.3
https://9takes.com/community/mbti-vs-enneagram,2025-07,0,4,0.00,6.8
https://9takes.com/community/reddit-deep-connections-limitations,2025-07,0,19,0.00,14.1
https://9takes.com/community/software-and-hardware-of-the-mind,2025-07,0,1164,0.00,6.0
https://9takes.com/community/what-winning-online-arguments-looks-like,2025-07,0,127,0.00,26.9
https://9takes.com/community/why-im-selective-sharing-enneagram,2025-07,0,55,0.00,75.8
https://9takes.com/community/why-the-greek-vibe,2025-07,0,3,0.00,25.0
https://9takes.com/enneagram-corner,2025-07,0,16,0.00,8.7
https://9takes.com/enneagram-corner/beginners-guide-to-determining-your-enneagram-type,2025-07,0,378,0.00,32.2
https://9takes.com/enneagram-corner/enneagram-books-websites-podcasts,2025-07,0,102,0.00,88.1
https://9takes.com/enneagram-corner/enneagram-coach-toolkit,2025-07,0,1,0.00,2.0
https://9takes.com/enneagram-corner/enneagram-communication-guide,2025-07,0,55,0.00,8.4
https://9takes.com/enneagram-corner/enneagram-communication-tips,2025-07,0,329,0.00,12.2
https://9takes.com/enneagram-corner/enneagram-criticisms,2025-07,0,93,0.00,11.6
https://9takes.com/enneagram-corner/enneagram-dating-guide-for-women,2025-07,0,5,0.00,5.6
https://9takes.com/enneagram-corner/enneagram-faqs,2025-07,0,1,0.00,33.0
https://9takes.com/enneagram-corner/enneagram-mental-health-flags,2025-07,0,118,0.00,24.0
https://9takes.com/enneagram-corner/enneagram-personality-test,2025-07,0,116,0.00,43.9
https://9takes.com/enneagram-corner/enneagram-self-development,2025-07,0,73,0.00,23.3
https://9takes.com/enneagram-corner/enneagram-team-diversity,2025-07,0,365,0.00,62.0
https://9takes.com/enneagram-corner/enneagram-team-dynamics,2025-07,0,228,0.00,55.9
https://9takes.com/enneagram-corner/enneagram-type-5,2025-07,0,999,0.00,31.2
https://9takes.com/enneagram-corner/enneagram-type-9,2025-07,0,719,0.00,38.0
https://9takes.com/enneagram-corner/enneagram-vs-meyers-briggs,2025-07,0,828,0.00,24.0
https://9takes.com/enneagram-corner/enneagram-workplace-team-building,2025-07,0,1715,0.00,50.8
https://9takes.com/enneagram-corner/how-each-enneagram-type-unwinds,2025-07,0,10,0.00,7.0
https://9takes.com/enneagram-corner/subtopic/development,2025-07,0,54,0.00,38.8
https://9takes.com/enneagram-corner/subtopic/overview,2025-07,0,62,0.00,45.8
https://9takes.com/enneagram-corner/subtopic/resources,2025-07,0,9,0.00,40.3
https://9takes.com/how-to-guides,2025-07,0,5,0.00,1.0
https://9takes.com/how-to-guides/5-tough-conversations-you-need-to-have-with-your-partner,2025-07,0,97,0.00,17.6
https://9takes.com/how-to-guides/definitive-guide-to-relationship-conflict-part-1,2025-07,0,47,0.00,18.8
https://9takes.com/how-to-guides/definitive-guide-to-self-efficacy,2025-07,0,101,0.00,25.6
https://9takes.com/how-to-guides/guide-to-fighting-depression,2025-07,0,1,0.00,53.0
https://9takes.com/how-to-guides/using-the-enneagram-for-self-development,2025-07,0,363,0.00,35.6
https://9takes.com/personality-analysis/Bernie-Sanders,2025-07,0,145,0.00,9.0
https://9takes.com/personality-analysis/Beyonce-Knowles,2025-07,0,836,0.00,12.4
https://9takes.com/personality-analysis/Charlie-Puth,2025-07,0,118,0.00,9.7
https://9takes.com/personality-analysis/Emily-Ratajkowski,2025-07,0,84,0.00,12.5
https://9takes.com/personality-analysis/Harry-Styles,2025-07,0,245,0.00,8.8
https://9takes.com/personality-analysis/Hillary-Clinton,2025-07,0,99,0.00,14.7
https://9takes.com/personality-analysis/Jack-Dorsey,2025-07,0,146,0.00,10.8
https://9takes.com/personality-analysis/Jake-Paul,2025-07,0,278,0.00,23.1
https://9takes.com/personality-analysis/Jason-Calacanis,2025-07,0,19,0.00,20.0
https://9takes.com/personality-analysis/Jenna-Ortega,2025-07,0,668,0.00,11.6
https://9takes.com/personality-analysis/Jon-Stewart,2025-07,0,355,0.00,10.8
https://9takes.com/personality-analysis/Kamala-Harris,2025-07,0,441,0.00,13.7
https://9takes.com/personality-analysis/Kanye,2025-07,0,634,0.00,11.8
https://9takes.com/personality-analysis/Katy-Perry,2025-07,0,505,0.00,7.9
https://9takes.com/personality-analysis/Kendrick-Lamar,2025-07,0,129,0.00,11.0
https://9takes.com/personality-analysis/Logan-Paul,2025-07,0,258,0.00,15.7
https://9takes.com/personality-analysis/Martin-Luther-King-Jr,2025-07,0,318,0.00,12.3
https://9takes.com/personality-analysis/Mr-Rogers,2025-07,0,116,0.00,17.1
https://9takes.com/personality-analysis/Nancy-Reagan,2025-07,0,40,0.00,15.4
https://9takes.com/personality-analysis/Nicole-Kidman,2025-07,0,18,0.00,4.3
https://9takes.com/personality-analysis/Paul-Graham,2025-07,0,57,0.00,15.1
https://9takes.com/personality-analysis/Prince,2025-07,0,301,0.00,15.6
https://9takes.com/personality-analysis/Robert-Greene,2025-07,0,44,0.00,11.0
https://9takes.com/personality-analysis/Ruth-Bader-Ginsburg,2025-07,0,299,0.00,11.0
https://9takes.com/personality-analysis/Saoirse-Ronan,2025-07,0,73,0.00,12.1
https://9takes.com/personality-analysis/Tom-Holland,2025-07,0,318,0.00,11.6
https://9takes.com/personality-analysis/type/1,2025-07,0,137,0.00,37.0
https://9takes.com/personality-analysis/type/3,2025-07,0,424,0.00,15.3
https://9takes.com/personality-analysis/type/5,2025-07,0,230,0.00,20.5
https://9takes.com/personality-analysis/type/7,2025-07,0,303,0.00,20.4
https://9takes.com/questions,2025-07,0,21,0.00,12.4
https://9takes.com/questions/if-you-had-to-be-trapped-somewhere-where-would-you-choose,2025-07,0,4,0.00,8.3
https://9takes.com/questions/what-are-you-afraid-to-tell-to-your-partner,2025-07,0,1,0.00,38.0
https://9takes.com/questions/what-are-you-thinking-about-these-days,2025-07,0,1,0.00,6.0
https://9takes.com/questions/whats-your-biggest-fear,2025-07,0,6,0.00,48.7
https://www.9takes.com/personality-analysis/Jimmy-Fallon,2025-07,0,1,0.00,2.0
https://9takes.com/enneagram-corner/enneagram-and-mental-illness,2025-08,193,3825,5.05,9.7
https://9takes.com/personality-analysis/Meghan-Markle,2025-08,76,6049,1.26,4.1
https://9takes.com/enneagram-corner/toxic-traits-of-each-enneagram-type,2025-08,47,1973,2.38,12.2
https://9takes.com/enneagram-corner/astrology-and-the-enneagram,2025-08,40,3035,1.32,8.6
https://9takes.com/enneagram-corner/enneagram-instinctual-subtypes,2025-08,40,4491,0.89,21.5
https://9takes.com/personality-analysis/Aubrey-Plaza,2025-08,32,2920,1.10,5.5
https://9takes.com/personality-analysis/Chappell-Roan,2025-08,27,2221,1.22,7.7
https://9takes.com/personality-analysis/Prince-Harry,2025-08,27,1406,1.92,6.8
https://9takes.com/enneagram-corner/biggest-compliments-to-give-each-enneagram-type,2025-08,25,700,3.57,3.5
https://9takes.com/personality-analysis/Sam-Altman,2025-08,24,3424,0.70,5.5
https://9takes.com/personality-analysis/Bob-Dylan,2025-08,23,1983,1.16,6.7
https://9takes.com/personality-analysis/Meryl-Streep,2025-08,21,1790,1.17,4.7
https://9takes.com/personality-analysis/Joaquin-Phoenix,2025-08,20,1696,1.18,5.5
https://9takes.com/personality-analysis/Blake-Lively,2025-08,19,3561,0.53,4.2
https://9takes.com/personality-analysis/Sydney-Sweeney,2025-08,19,2962,0.64,7.8
https://9takes.com/enneagram-corner/toxic-traits-relationships-warning-signs,2025-08,16,531,3.01,14.2
https://9takes.com/personality-analysis/Dua-Lipa,2025-08,16,2386,0.67,9.6
https://9takes.com/personality-analysis/Tom-Hardy,2025-08,15,800,1.88,8.2
https://9takes.com/personality-analysis/Agatha-Christie,2025-08,14,649,2.16,9.5
https://9takes.com/personality-analysis/Johnny-Depp,2025-08,14,1393,1.01,10.5
https://9takes.com/personality-analysis/IShowSpeed,2025-08,12,3606,0.33,6.0
https://9takes.com/personality-analysis/Tina-Fey,2025-08,12,456,2.63,10.4
https://9takes.com/personality-analysis/type/4,2025-08,12,2128,0.56,15.6
https://9takes.com/,2025-08,11,335,3.28,2.8
https://9takes.com/enneagram-corner/enneagram-types-and-career-choices,2025-08,11,2856,0.39,31.1
https://9takes.com/personality-analysis/Elon-Musk,2025-08,11,3227,0.34,9.2
https://9takes.com/personality-analysis/Keanu-Reeves,2025-08,11,1379,0.80,11.7
https://9takes.com/personality-analysis/Mark-Zuckerberg,2025-08,11,2945,0.37,8.1
https://9takes.com/enneagram-corner/enneagram-and-religion,2025-08,10,978,1.02,21.4
https://9takes.com/personality-analysis/Joe-Rogan,2025-08,10,987,1.01,5.3
https://9takes.com/personality-analysis/Zayn-Malik,2025-08,10,962,1.04,5.8
https://9takes.com/personality-analysis/John-F-Kennedy,2025-08,9,1274,0.71,6.5
https://9takes.com/personality-analysis/Timothee-Chalamet,2025-08,9,1137,0.79,7.0
https://9takes.com/personality-analysis/type/8,2025-08,9,2654,0.34,21.7
https://9takes.com/personality-analysis/type/9,2025-08,9,3547,0.25,14.7
https://9takes.com/enneagram-corner/enneagram-stress-number,2025-08,8,1026,0.78,22.7
https://9takes.com/enneagram-corner/enneagram-types-in-stress,2025-08,8,917,0.87,17.2
https://9takes.com/enneagram-corner/enneagram-types-working-in-teams,2025-08,8,1552,0.52,35.2
https://9takes.com/enneagram-corner/neurodiversity-vs-personality,2025-08,8,190,4.21,11.3
https://9takes.com/personality-analysis/Justin-Bieber,2025-08,8,1919,0.42,7.0
https://9takes.com/personality-analysis/Scarlett-Johansson,2025-08,8,963,0.83,13.1
https://9takes.com/personality-analysis/Zoe-Kravitz,2025-08,8,476,1.68,7.0
https://9takes.com/enneagram-corner/enneagram-types-at-party,2025-08,7,257,2.72,22.4
https://9takes.com/enneagram-corner/enneagram-types-on-a-first-date,2025-08,7,171,4.09,15.4
https://9takes.com/personality-analysis/Denzel-Washington,2025-08,7,714,0.98,8.5
https://9takes.com/personality-analysis/Palmer-Luckey,2025-08,7,627,1.12,3.8
https://9takes.com/personality-analysis/Peter-Thiel,2025-08,7,584,1.20,9.0
https://9takes.com/personality-analysis/Ryan-Gosling,2025-08,7,1399,0.50,5.3
https://9takes.com/enneagram-corner/enneagram-communication-styles,2025-08,6,719,0.83,13.8
https://9takes.com/enneagram-corner/enneagram-strengths-and-weaknesses,2025-08,6,1036,0.58,13.5
https://9takes.com/enneagram-corner/enneagram-type-2,2025-08,6,3026,0.20,41.7
https://9takes.com/personality-analysis,2025-08,6,337,1.78,24.3
https://9takes.com/personality-analysis/Billie-Eilish,2025-08,6,2411,0.25,6.5
https://9takes.com/personality-analysis/Dave-Portnoy,2025-08,6,378,1.59,8.0
https://9takes.com/personality-analysis/Jackie-Kennedy,2025-08,6,220,2.73,5.9
https://9takes.com/personality-analysis/Jenna-Ortega,2025-08,6,2322,0.26,10.2
https://9takes.com/personality-analysis/Jennifer-Lawrence,2025-08,6,1029,0.58,8.5
https://9takes.com/personality-analysis/Nikola-Tesla,2025-08,6,1050,0.57,10.3
https://9takes.com/personality-analysis/Ryan-Reynolds,2025-08,6,908,0.66,5.4
https://9takes.com/enneagram-corner/enneagram-childhood-stereotypes,2025-08,5,345,1.45,27.6
https://9takes.com/personality-analysis/Demi-Lovato,2025-08,5,261,1.92,11.5
https://9takes.com/personality-analysis/Hugh-Jackman,2025-08,5,493,1.01,8.5
https://9takes.com/personality-analysis/Jimmy-Fallon,2025-08,5,630,0.79,5.7
https://9takes.com/personality-analysis/Kim-Kardashian,2025-08,5,891,0.56,8.5
https://9takes.com/personality-analysis/Kristen-Bell,2025-08,5,202,2.48,8.8
https://9takes.com/personality-analysis/Marilyn-Monroe,2025-08,5,1368,0.37,10.1
https://9takes.com/personality-analysis/Michelle-Obama,2025-08,5,789,0.63,9.1
https://9takes.com/personality-analysis/Paris-Hilton,2025-08,5,1148,0.44,10.2
https://9takes.com/personality-analysis/Prince,2025-08,5,610,0.82,6.5
https://9takes.com/personality-analysis/Rooney-Mara,2025-08,5,218,2.29,8.1
https://9takes.com/personality-analysis/Sabrina-Carpenter,2025-08,5,1851,0.27,6.8
https://9takes.com/personality-analysis/Steve-Jobs,2025-08,5,1329,0.38,10.9
https://9takes.com/personality-analysis/Taylor-Swift,2025-08,5,913,0.55,12.3
https://9takes.com/enneagram-corner/beginners-guide-to-determining-your-enneagram-type,2025-08,4,561,0.71,36.4
https://9takes.com/enneagram-corner/enneagram-type-6,2025-08,4,1342,0.30,19.5
https://9takes.com/enneagram-corner/enneagram-wings-complete-guide,2025-08,4,425,0.94,19.8
https://9takes.com/personality-analysis/Anya-Taylor-Joy,2025-08,4,916,0.44,5.7
https://9takes.com/personality-analysis/Brad-Pitt,2025-08,4,1581,0.25,9.0
https://9takes.com/personality-analysis/Harry-Styles,2025-08,4,436,0.92,8.9
https://9takes.com/personality-analysis/Kourtney-Kardashian,2025-08,4,481,0.83,7.9
https://9takes.com/personality-analysis/Kylie-Jenner,2025-08,4,1052,0.38,8.9
https://9takes.com/personality-analysis/Mr-Beast,2025-08,4,1708,0.23,7.0
https://9takes.com/personality-analysis/Robert-Downey-Jr,2025-08,4,1249,0.32,9.1
https://9takes.com/personality-analysis/Travis-Scott,2025-08,4,827,0.48,6.6
https://9takes.com/enneagram-corner/enneagram-communication-tips,2025-08,3,175,1.71,15.7
https://9takes.com/enneagram-corner/enneagram-type-1,2025-08,3,2755,0.11,43.0
https://9takes.com/enneagram-corner/enneagram-type-4,2025-08,3,3548,0.08,43.3
https://9takes.com/enneagram-corner/enneagram-type-5,2025-08,3,810,0.37,34.6
https://9takes.com/personality-analysis/Alex-Cooper,2025-08,3,229,1.31,16.3
https://9takes.com/personality-analysis/Anne-Hathaway,2025-08,3,537,0.56,7.9
https://9takes.com/personality-analysis/Bill-Gates,2025-08,3,1583,0.19,8.8
https://9takes.com/personality-analysis/Drake,2025-08,3,146,2.05,5.2
https://9takes.com/personality-analysis/George-H-W-Bush,2025-08,3,83,3.61,16.2
https://9takes.com/personality-analysis/Henry-Cavill,2025-08,3,1097,0.27,8.2
https://9takes.com/personality-analysis/Jeff-Bezos,2025-08,3,1856,0.16,11.4
https://9takes.com/personality-analysis/Lana-Del-Rey,2025-08,3,2472,0.12,5.4
https://9takes.com/personality-analysis/Lex-Fridman,2025-08,3,849,0.35,9.6
https://9takes.com/personality-analysis/Margot-Robbie,2025-08,3,724,0.41,6.8
https://9takes.com/personality-analysis/Nancy-Pelosi,2025-08,3,49,6.12,17.2
https://9takes.com/personality-analysis/Pete-Davidson,2025-08,3,558,0.54,7.5
https://9takes.com/personality-analysis/Tom-Hanks,2025-08,3,246,1.22,8.8
https://9takes.com/personality-analysis/Zendaya,2025-08,3,2888,0.10,6.0
https://9takes.com/personality-analysis/type/6,2025-08,3,1915,0.16,15.2
https://9takes.com/enneagram-corner/enneagram-test-comparison-2025,2025-08,2,1140,0.18,26.7
https://9takes.com/enneagram-corner/enneagram-type-3,2025-08,2,3221,0.06,42.4
https://9takes.com/enneagram-corner/enneagram-type-8,2025-08,2,2881,0.07,46.2
https://9takes.com/enneagram-corner/enneagram-types-being-ghosted,2025-08,2,112,1.79,19.5
https://9takes.com/enneagram-corner/enneagram-vs-meyers-briggs,2025-08,2,624,0.32,25.5
https://9takes.com/enneagram-corner/first-impression-cheat-sheet,2025-08,2,98,2.04,12.3
https://9takes.com/enneagram-corner/how-each-enneagram-flexes,2025-08,2,114,1.75,18.5
https://9takes.com/personality-analysis/Beyonce-Knowles,2025-08,2,899,0.22,10.7
https://9takes.com/personality-analysis/Druski,2025-08,2,613,0.33,7.7
https://9takes.com/personality-analysis/Dwayne-Johnson,2025-08,2,965,0.21,8.3
https://9takes.com/personality-analysis/Emma-Watson,2025-08,2,610,0.33,12.8
https://9takes.com/personality-analysis/Halsey,2025-08,2,341,0.59,11.5
https://9takes.com/personality-analysis/Jack-Dorsey,2025-08,2,126,1.59,14.9
https://9takes.com/personality-analysis/Jimmy-Carter,2025-08,2,136,1.47,15.3
https://9takes.com/personality-analysis/Joe-Biden,2025-08,2,233,0.86,11.2
https://9takes.com/personality-analysis/Kendrick-Lamar,2025-08,2,284,0.70,11.6
https://9takes.com/personality-analysis/Khloe-Kardashian,2025-08,2,506,0.40,19.2
https://9takes.com/personality-analysis/Leonardo-DiCaprio,2025-08,2,614,0.33,12.3
https://9takes.com/personality-analysis/Logan-Paul,2025-08,2,303,0.66,14.9
https://9takes.com/personality-analysis/Madison-Beer,2025-08,2,877,0.23,6.8
https://9takes.com/personality-analysis/Mikey-Madison,2025-08,2,267,0.75,8.6
https://9takes.com/personality-analysis/Miley-Cyrus,2025-08,2,863,0.23,7.7
https://9takes.com/personality-analysis/Natalie-Portman,2025-08,2,646,0.31,8.8
https://9takes.com/personality-analysis/Olivia-Rodrigo,2025-08,2,1263,0.16,6.7
https://9takes.com/personality-analysis/Oprah-Winfrey,2025-08,2,709,0.28,12.1
https://9takes.com/personality-analysis/Robert-Pattinson,2025-08,2,505,0.40,8.9
https://9takes.com/personality-analysis/Ronald-Reagan,2025-08,2,281,0.71,23.6
https://9takes.com/personality-analysis/Saoirse-Ronan,2025-08,2,148,1.35,8.5
https://9takes.com/personality-analysis/Selena-Gomez,2025-08,2,1679,0.12,8.1
https://9takes.com/personality-analysis/Shia-LaBeouf,2025-08,2,156,1.28,11.0
https://9takes.com/personality-analysis/Tom-Cruise,2025-08,2,725,0.28,9.3
https://9takes.com/personality-analysis/Tom-Hiddleston,2025-08,2,553,0.36,7.9
https://9takes.com/personality-analysis/Will-Smith,2025-08,2,662,0.30,9.3
https://9takes.com/personality-analysis/type/5,2025-08,2,548,0.36,21.8
https://9takes.com/about,2025-08,1,28,3.57,5.6
https://9takes.com/community/what-winning-online-arguments-looks-like,2025-08,1,62,1.61,29.6
https://9takes.com/enneagram-corner/enneagram-communication-guide,2025-08,1,22,4.55,8.5
https://9takes.com/enneagram-corner/enneagram-concepts,2025-08,1,185,0.54,29.0
https://9takes.com/enneagram-corner/enneagram-connecting-lines,2025-08,1,310,0.32,26.5
https://9takes.com/enneagram-corner/enneagram-party-planner,2025-08,1,67,1.49,19.2
https://9takes.com/enneagram-corner/enneagram-tldr,2025-08,1,2656,0.04,51.9
https://9takes.com/enneagram-corner/enneagram-types-in-relationships,2025-08,1,1114,0.09,42.4
https://9takes.com/enneagram-corner/how-each-enneagram-type-unwinds,2025-08,1,17,5.88,14.4
https://9takes.com/enneagram-corner/how-to-navigate-early-relationship-stages,2025-08,1,190,0.53,31.0
https://9takes.com/enneagram-corner/relationship-communication-guide,2025-08,1,520,0.19,42.7
https://9takes.com/how-to-guides/definitive-guide-to-relationship-conflict-part-1,2025-08,1,143,0.70,25.0
https://9takes.com/personality-analysis/Adin-Ross,2025-08,1,407,0.25,11.4
https://9takes.com/personality-analysis/Barack-Obama,2025-08,1,441,0.23,11.3
https://9takes.com/personality-analysis/Bernie-Sanders,2025-08,1,61,1.64,10.5
https://9takes.com/personality-analysis/Casey-Neistat,2025-08,1,332,0.30,31.5
https://9takes.com/personality-analysis/Eminem,2025-08,1,658,0.15,9.2
https://9takes.com/personality-analysis/George-W-Bush,2025-08,1,187,0.53,12.9
https://9takes.com/personality-analysis/Jake-Paul,2025-08,1,215,0.47,18.1
https://9takes.com/personality-analysis/Jennifer-Lopez,2025-08,1,99,1.01,6.9
https://9takes.com/personality-analysis/Jerad-Leto,2025-08,1,356,0.28,7.6
https://9takes.com/personality-analysis/Kai-Cenat,2025-08,1,716,0.14,7.5
https://9takes.com/personality-analysis/Kanye,2025-08,1,848,0.12,13.4
https://9takes.com/personality-analysis/Katy-Perry,2025-08,1,601,0.17,7.5
https://9takes.com/personality-analysis/Kevin-Hart,2025-08,1,426,0.23,10.6
https://9takes.com/personality-analysis/Lady-Gaga,2025-08,1,700,0.14,8.5
https://9takes.com/personality-analysis/Miles-Teller,2025-08,1,587,0.17,9.4
https://9takes.com/personality-analysis/Nancy-Reagan,2025-08,1,47,2.13,10.4
https://9takes.com/personality-analysis/Nicole-Kidman,2025-08,1,35,2.86,26.0
https://9takes.com/personality-analysis/Robert-Oppenheimer,2025-08,1,245,0.41,8.2
https://9takes.com/personality-analysis/Tom-Holland,2025-08,1,709,0.14,10.3
https://9takes.com/personality-analysis/Winston-Churchill,2025-08,1,382,0.26,11.2
https://9takes.com/personality-analysis/type/2,2025-08,1,837,0.12,14.1
https://9takes.com/personality-analysis/type/3,2025-08,1,684,0.15,14.2
https://9takes.com/personality-analysis/type/7,2025-08,1,609,0.16,20.4
https://9takes.com/blog,2025-08,0,15,0.00,17.7
https://9takes.com/book-session,2025-08,0,146,0.00,70.4
https://9takes.com/community,2025-08,0,8,0.00,9.1
https://9takes.com/community/consensus-on-human-nature,2025-08,0,20,0.00,16.5
https://9takes.com/community/inspiration-for-9takes,2025-08,0,3,0.00,33.3
https://9takes.com/community/introducing-9takes,2025-08,0,1,0.00,4.0
https://9takes.com/community/mbti-vs-enneagram,2025-08,0,3,0.00,47.3
https://9takes.com/community/reddit-deep-connections-limitations,2025-08,0,5,0.00,5.6
https://9takes.com/community/why-im-selective-sharing-enneagram,2025-08,0,1,0.00,4.0
https://9takes.com/community/why-the-greek-vibe,2025-08,0,13,0.00,14.2
https://9takes.com/enneagram-corner,2025-08,0,35,0.00,25.4
https://9takes.com/enneagram-corner/attachment-styles-and-enneagram-types,2025-08,0,8,0.00,12.1
https://9takes.com/enneagram-corner/biggest-compliments-to-give-each-enneagram-type/,2025-08,0,2,0.00,1.0
https://9takes.com/enneagram-corner/enneagram-anxiety-complete-guide,2025-08,0,5,0.00,12.2
https://9takes.com/enneagram-corner/enneagram-books-websites-podcasts,2025-08,0,101,0.00,82.0
https://9takes.com/enneagram-corner/enneagram-criticisms,2025-08,0,50,0.00,12.5
https://9takes.com/enneagram-corner/enneagram-dating-guide-for-men,2025-08,0,17,0.00,24.1
https://9takes.com/enneagram-corner/enneagram-dating-guide-for-women,2025-08,0,82,0.00,19.4
https://9takes.com/enneagram-corner/enneagram-faqs,2025-08,0,6,0.00,15.7
https://9takes.com/enneagram-corner/enneagram-influences,2025-08,0,437,0.00,42.4
https://9takes.com/enneagram-corner/enneagram-medication-mental-health,2025-08,0,7,0.00,8.0
https://9takes.com/enneagram-corner/enneagram-mental-health-flags,2025-08,0,71,0.00,36.0
https://9takes.com/enneagram-corner/enneagram-personal-growth,2025-08,0,224,0.00,25.4
https://9takes.com/enneagram-corner/enneagram-self-development,2025-08,0,33,0.00,27.5
https://9takes.com/enneagram-corner/enneagram-team-diversity,2025-08,0,321,0.00,59.3
https://9takes.com/enneagram-corner/enneagram-team-dynamics,2025-08,0,518,0.00,60.5
https://9takes.com/enneagram-corner/enneagram-type-7,2025-08,0,948,0.00,44.8
https://9takes.com/enneagram-corner/enneagram-type-9,2025-08,0,1150,0.00,40.7
https://9takes.com/enneagram-corner/enneagram-workplace-team-building,2025-08,0,1345,0.00,56.3
https://9takes.com/enneagram-corner/first-impression-enneagram-playbook,2025-08,0,3,0.00,17.0
https://9takes.com/enneagram-corner/love-languages-and-enneagram-types,2025-08,0,2,0.00,4.5
https://9takes.com/enneagram-corner/mental-health,2025-08,0,8,0.00,37.3
https://9takes.com/enneagram-corner/mental-health/enneagram-anxiety-complete-guide,2025-08,0,1,0.00,9.0
https://9takes.com/enneagram-corner/personality-maxing,2025-08,0,43,0.00,11.8
https://9takes.com/enneagram-corner/philosophy-psychology-and-the-enneagram,2025-08,0,123,0.00,21.5
https://9takes.com/enneagram-corner/subtopic/development,2025-08,0,184,0.00,36.5
https://9takes.com/enneagram-corner/subtopic/nine-types,2025-08,0,1410,0.00,54.1
https://9takes.com/enneagram-corner/subtopic/overview,2025-08,0,3,0.00,19.7
https://9takes.com/enneagram-corner/subtopic/resources,2025-08,0,10,0.00,32.8
https://9takes.com/enneagram-corner/subtopic/situational,2025-08,0,8,0.00,34.8
https://9takes.com/how-to-guides,2025-08,0,3,0.00,1.0
https://9takes.com/how-to-guides/5-tough-conversations-you-need-to-have-with-your-partner,2025-08,0,117,0.00,28.1
https://9takes.com/how-to-guides/definitive-guide-to-self-efficacy,2025-08,0,16,0.00,6.9
https://9takes.com/how-to-guides/guide-to-fighting-depression,2025-08,0,5,0.00,30.4
https://9takes.com/how-to-guides/using-the-enneagram-for-self-development,2025-08,0,323,0.00,37.3
https://9takes.com/personality-analysis/,2025-08,0,1,0.00,1.0
https://9takes.com/personality-analysis/Alexandria-Ocasio-Cortez,2025-08,0,196,0.00,22.8
https://9takes.com/personality-analysis/Amber-Heard,2025-08,0,239,0.00,10.6
https://9takes.com/personality-analysis/Ariana-Grande,2025-08,0,846,0.00,11.6
https://9takes.com/personality-analysis/Arnold-Schwarzenegger,2025-08,0,344,0.00,15.5
https://9takes.com/personality-analysis/Charlie-Puth,2025-08,0,117,0.00,9.4
https://9takes.com/personality-analysis/Chelsea-Handler,2025-08,0,168,0.00,14.5
https://9takes.com/personality-analysis/Dave-Chappelle,2025-08,0,183,0.00,25.4
https://9takes.com/personality-analysis/David-Dobrik,2025-08,0,172,0.00,24.5
https://9takes.com/personality-analysis/David-Sacks,2025-08,0,46,0.00,12.3
https://9takes.com/personality-analysis/Doechii,2025-08,0,241,0.00,9.3
https://9takes.com/personality-analysis/Donald-Trump,2025-08,0,406,0.00,12.0
https://9takes.com/personality-analysis/Ellen-Degeneres,2025-08,0,269,0.00,10.5
https://9takes.com/personality-analysis/Elton-John,2025-08,0,257,0.00,9.4
https://9takes.com/personality-analysis/Emily-Ratajkowski,2025-08,0,70,0.00,12.6
https://9takes.com/personality-analysis/Emma-Chamberlain,2025-08,0,22,0.00,7.3
https://9takes.com/personality-analysis/Frida-Kahlo,2025-08,0,424,0.00,9.9
https://9takes.com/personality-analysis/Friedrich-Nietzsche,2025-08,0,597,0.00,10.9
https://9takes.com/personality-analysis/Grimes,2025-08,0,97,0.00,9.7
https://9takes.com/personality-analysis/Hillary-Clinton,2025-08,0,92,0.00,17.6
https://9takes.com/personality-analysis/Jason-Calacanis,2025-08,0,20,0.00,9.2
https://9takes.com/personality-analysis/Jennifer-Garner,2025-08,0,187,0.00,9.6
https://9takes.com/personality-analysis/Jon-Stewart,2025-08,0,213,0.00,13.0
https://9takes.com/personality-analysis/Kamala-Harris,2025-08,0,304,0.00,10.9
https://9takes.com/personality-analysis/Martin-Luther-King-Jr,2025-08,0,566,0.00,11.0
https://9takes.com/personality-analysis/Millie-Bobby-Brown,2025-08,0,492,0.00,10.2
https://9takes.com/personality-analysis/Mr-Rogers,2025-08,0,136,0.00,12.3
https://9takes.com/personality-analysis/Paul-Graham,2025-08,0,64,0.00,15.2
https://9takes.com/personality-analysis/Rihanna,2025-08,0,784,0.00,9.2
https://9takes.com/personality-analysis/Robert-Greene,2025-08,0,211,0.00,14.5
https://9takes.com/personality-analysis/Ruth-Bader-Ginsburg,2025-08,0,93,0.00,19.1
"https://9takes.com/personality-analysis/Ryan-Gosling,https://empathyarchitects.com/type-nine",2025-08,0,1,0.00,1.0
https://9takes.com/personality-analysis/Trevor-Noah,2025-08,0,179,0.00,14.0
https://9takes.com/personality-analysis/type/1,2025-08,0,109,0.00,30.1
https://9takes.com/questions,2025-08,0,14,0.00,19.7
https://9takes.com/questions/if-you-had-to-be-trapped-somewhere-where-would-you-choose,2025-08,0,3,0.00,8.7
https://9takes.com/questions/whats-your-biggest-fear,2025-08,0,2,0.00,22.0
https://9takes.com/enneagram-corner/enneagram-and-mental-illness,2025-09,169,7412,2.28,6.6
https://9takes.com/personality-analysis/Meghan-Markle,2025-09,53,4134,1.28,4.1
https://9takes.com/enneagram-corner/enneagram-instinctual-subtypes,2025-09,47,4677,1.00,15.2
https://9takes.com/enneagram-corner/toxic-traits-of-each-enneagram-type,2025-09,44,2610,1.69,8.5
https://9takes.com/enneagram-corner/astrology-and-the-enneagram,2025-09,35,4171,0.84,7.4
https://9takes.com/enneagram-corner/biggest-compliments-to-give-each-enneagram-type,2025-09,25,836,2.99,4.1
https://9takes.com/personality-analysis/Bob-Dylan,2025-09,20,2700,0.74,6.2
https://9takes.com/personality-analysis/Emma-Watson,2025-09,20,6234,0.32,4.1
https://9takes.com/personality-analysis/Aubrey-Plaza,2025-09,18,2837,0.63,5.5
https://9takes.com/personality-analysis/IShowSpeed,2025-09,17,11340,0.15,3.6
https://9takes.com/personality-analysis/Ryan-Gosling,2025-09,16,1479,1.08,4.6
https://9takes.com/personality-analysis/Jenna-Ortega,2025-09,14,6053,0.23,8.4
https://9takes.com/personality-analysis/Prince-Harry,2025-09,14,1610,0.87,5.7
https://9takes.com/personality-analysis/Brad-Pitt,2025-09,13,1375,0.95,8.5
https://9takes.com/personality-analysis/Elon-Musk,2025-09,13,4441,0.29,6.4
https://9takes.com/personality-analysis/Jennifer-Lawrence,2025-09,13,2276,0.57,5.8
https://9takes.com/personality-analysis/Keanu-Reeves,2025-09,13,4142,0.31,8.7
https://9takes.com/enneagram-corner/enneagram-and-religion,2025-09,12,781,1.54,15.7
https://9takes.com/enneagram-corner/enneagram-types-at-party,2025-09,12,167,7.19,17.3
https://9takes.com/enneagram-corner/toxic-traits-relationships-warning-signs,2025-09,12,668,1.80,12.3
https://9takes.com/personality-analysis/Margot-Robbie,2025-09,12,1625,0.74,5.1
https://9takes.com/personality-analysis/Timothee-Chalamet,2025-09,12,1114,1.08,5.1
https://9takes.com/personality-analysis/type/9,2025-09,12,2217,0.54,11.7
https://9takes.com/enneagram-corner/enneagram-types-in-stress,2025-09,11,1474,0.75,11.8
https://9takes.com/personality-analysis/Jimmy-Fallon,2025-09,11,1540,0.71,4.5
https://9takes.com/personality-analysis/Sam-Altman,2025-09,11,1618,0.68,5.7
https://9takes.com/personality-analysis/Chappell-Roan,2025-09,10,1434,0.70,7.4
https://9takes.com/personality-analysis/Joaquin-Phoenix,2025-09,10,1661,0.60,4.9
https://9takes.com/personality-analysis/Mr-Beast,2025-09,10,1787,0.56,6.6
https://9takes.com/personality-analysis/Sabrina-Carpenter,2025-09,10,4554,0.22,6.0
https://9takes.com/personality-analysis/Tina-Fey,2025-09,10,390,2.56,8.5
https://9takes.com/personality-analysis/Tom-Hardy,2025-09,10,1345,0.74,5.3
https://9takes.com/enneagram-corner/enneagram-communication-styles,2025-09,9,734,1.23,11.6
https://9takes.com/enneagram-corner/enneagram-strengths-and-weaknesses,2025-09,9,2166,0.42,10.3
https://9takes.com/enneagram-corner/enneagram-type-5,2025-09,9,1204,0.75,36.8
https://9takes.com/personality-analysis/Lana-Del-Rey,2025-09,9,1870,0.48,5.5
https://9takes.com/,2025-09,8,315,2.54,3.1
https://9takes.com/personality-analysis/Anya-Taylor-Joy,2025-09,8,1497,0.53,5.3
https://9takes.com/personality-analysis/Dua-Lipa,2025-09,8,1936,0.41,5.3
https://9takes.com/personality-analysis/Justin-Bieber,2025-09,8,2210,0.36,6.0
https://9takes.com/personality-analysis/Zoe-Kravitz,2025-09,8,1206,0.66,5.5
https://9takes.com/enneagram-corner/enneagram-mental-health-flags,2025-09,7,300,2.33,9.0
https://9takes.com/personality-analysis/Agatha-Christie,2025-09,8,1134,0.71,6.5
https://9takes.com/personality-analysis/Dwayne-Johnson,2025-09,7,1880,0.37,6.7
https://9takes.com/personality-analysis/Jackie-Kennedy,2025-09,7,195,3.59,6.4
https://9takes.com/personality-analysis/Kai-Cenat,2025-09,7,1423,0.49,5.4
https://9takes.com/personality-analysis/Kourtney-Kardashian,2025-09,7,1018,0.69,5.3
https://9takes.com/personality-analysis/Nicole-Kidman,2025-09,7,972,0.72,5.6
https://9takes.com/personality-analysis/Zendaya,2025-09,7,2512,0.28,6.1
https://9takes.com/personality-analysis/type/2,2025-09,7,1673,0.42,18.1
https://9takes.com/personality-analysis/type/4,2025-09,7,1569,0.45,13.5
https://9takes.com/enneagram-corner/beginners-guide-to-determining-your-enneagram-type,2025-09,6,302,1.99,23.9
https://9takes.com/personality-analysis/Anne-Hathaway,2025-09,6,881,0.68,7.4
https://9takes.com/personality-analysis/Marilyn-Monroe,2025-09,6,1748,0.34,8.0
https://9takes.com/personality-analysis/Mark-Zuckerberg,2025-09,6,2849,0.21,6.1
https://9takes.com/personality-analysis/Michelle-Obama,2025-09,6,680,0.88,8.0
https://9takes.com/personality-analysis/Nikola-Tesla,2025-09,6,1834,0.33,8.3
https://9takes.com/personality-analysis/Paris-Hilton,2025-09,6,1689,0.36,8.0
https://9takes.com/personality-analysis/Sydney-Sweeney,2025-09,6,2221,0.27,8.3
https://9takes.com/enneagram-corner/enneagram-addiction-recovery-guide,2025-09,5,208,2.40,11.2
https://9takes.com/enneagram-corner/enneagram-types-and-career-choices,2025-09,5,1418,0.35,28.5
https://9takes.com/enneagram-corner/enneagram-types-on-a-first-date,2025-09,5,158,3.16,15.8
https://9takes.com/personality-analysis/Blake-Lively,2025-09,5,1321,0.38,5.0
https://9takes.com/personality-analysis/Chelsea-Handler,2025-09,5,220,2.27,8.2
https://9takes.com/personality-analysis/Drake,2025-09,5,532,0.94,5.6
https://9takes.com/personality-analysis/Hugh-Jackman,2025-09,5,629,0.79,7.2
https://9takes.com/personality-analysis/Kylie-Jenner,2025-09,5,1208,0.41,8.1
https://9takes.com/personality-analysis/Lex-Fridman,2025-09,5,554,0.90,8.6
https://9takes.com/personality-analysis/Pete-Davidson,2025-09,5,354,1.41,8.1
https://9takes.com/personality-analysis/Scarlett-Johansson,2025-09,5,838,0.60,12.1
https://9takes.com/personality-analysis/Winston-Churchill,2025-09,5,788,0.63,6.8
https://9takes.com/personality-analysis/Zayn-Malik,2025-09,5,854,0.59,5.0
https://9takes.com/pop-culture/dark-triad-meets-enneagram,2025-09,5,129,3.88,10.0
https://9takes.com/enneagram-corner/enneagram-childhood-stereotypes,2025-09,4,309,1.29,18.5
https://9takes.com/enneagram-corner/enneagram-test-comparison-2025,2025-09,4,1474,0.27,20.7
https://9takes.com/enneagram-corner/enneagram-type-3,2025-09,4,1692,0.24,38.7
https://9takes.com/personality-analysis/Barack-Obama,2025-09,4,388,1.03,8.8
https://9takes.com/personality-analysis/Druski,2025-09,4,752,0.53,7.6
https://9takes.com/personality-analysis/Eminem,2025-09,4,542,0.74,8.9
https://9takes.com/personality-analysis/Jerad-Leto,2025-09,4,369,1.08,6.9
https://9takes.com/personality-analysis/Joe-Rogan,2025-09,4,1180,0.34,5.0
https://9takes.com/personality-analysis/John-F-Kennedy,2025-09,4,1281,0.31,7.3
https://9takes.com/personality-analysis/Johnny-Depp,2025-09,4,1977,0.20,8.5
https://9takes.com/personality-analysis/Lady-Gaga,2025-09,4,1155,0.35,6.9
https://9takes.com/personality-analysis/Peter-Thiel,2025-09,4,474,0.84,7.5
https://9takes.com/personality-analysis/Rihanna,2025-09,4,1121,0.36,8.7
https://9takes.com/personality-analysis/Tom-Holland,2025-09,4,2466,0.16,8.8
https://9takes.com/personality-analysis/type/3,2025-09,4,660,0.61,11.1
https://9takes.com/personality-analysis/type/8,2025-09,4,1841,0.22,12.3
https://9takes.com/enneagram-corner/enneagram-party-planner,2025-09,3,92,3.26,8.2
https://9takes.com/enneagram-corner/enneagram-type-4,2025-09,3,1539,0.19,43.9
https://9takes.com/enneagram-corner/enneagram-type-6,2025-09,3,638,0.47,19.8
https://9takes.com/enneagram-corner/enneagram-type-9,2025-09,3,649,0.46,38.3
https://9takes.com/enneagram-corner/enneagram-types-in-relationships,2025-09,3,624,0.48,48.1
https://9takes.com/enneagram-corner/how-to-apologize-like-a-pro,2025-09,3,38,7.89,5.2
https://9takes.com/personality-analysis,2025-09,3,250,1.20,17.0
https://9takes.com/personality-analysis/Alexandria-Ocasio-Cortez,2025-09,3,1293,0.23,8.2
https://9takes.com/personality-analysis/Denzel-Washington,2025-09,3,1490,0.20,6.8
https://9takes.com/personality-analysis/Donald-Trump,2025-09,3,495,0.61,10.5
https://9takes.com/personality-analysis/Halsey,2025-09,3,438,0.68,7.7
https://9takes.com/personality-analysis/Jeff-Bezos,2025-09,3,2461,0.12,9.5
https://9takes.com/personality-analysis/Kendrick-Lamar,2025-09,3,453,0.66,9.0
https://9takes.com/personality-analysis/Kristen-Bell,2025-09,3,368,0.82,6.7
https://9takes.com/personality-analysis/Leonardo-DiCaprio,2025-09,3,802,0.37,9.3
https://9takes.com/personality-analysis/Miley-Cyrus,2025-09,3,1352,0.22,6.3
https://9takes.com/personality-analysis/Nancy-Pelosi,2025-09,3,76,3.95,7.2
https://9takes.com/personality-analysis/Olivia-Rodrigo,2025-09,3,1751,0.17,6.2
https://9takes.com/personality-analysis/Robert-Oppenheimer,2025-09,3,210,1.43,9.0
https://9takes.com/personality-analysis/Robert-Pattinson,2025-09,3,443,0.68,8.0
https://9takes.com/personality-analysis/Rooney-Mara,2025-09,3,338,0.89,7.0
https://9takes.com/personality-analysis/Selena-Gomez,2025-09,3,4855,0.06,7.8
https://9takes.com/personality-analysis/Steve-Jobs,2025-09,3,1484,0.20,10.2
https://9takes.com/personality-analysis/Trevor-Noah,2025-09,3,238,1.26,10.6
https://9takes.com/about,2025-09,2,27,7.41,3.2
https://9takes.com/enneagram-corner/attachment-styles-and-enneagram-types,2025-09,2,73,2.74,5.7
https://9takes.com/enneagram-corner/enneagram-stress-number,2025-09,2,107,1.87,23.1
https://9takes.com/enneagram-corner/enneagram-wings-complete-guide,2025-09,2,796,0.25,19.4
https://9takes.com/enneagram-corner/first-impression-cheat-sheet,2025-09,2,96,2.08,8.9
https://9takes.com/personality-analysis/Alex-Cooper,2025-09,2,249,0.80,8.5
https://9takes.com/personality-analysis/Beyonce-Knowles,2025-09,2,1051,0.19,9.8
https://9takes.com/personality-analysis/Billie-Eilish,2025-09,2,2939,0.07,6.5
https://9takes.com/personality-analysis/Casey-Neistat,2025-09,2,103,1.94,11.1
https://9takes.com/personality-analysis/Doechii,2025-09,2,311,0.64,6.3
https://9takes.com/personality-analysis/Ellen-Degeneres,2025-09,2,306,0.65,9.0
https://9takes.com/personality-analysis/Elton-John,2025-09,2,249,0.80,7.2
https://9takes.com/personality-analysis/Frida-Kahlo,2025-09,2,720,0.28,9.6
https://9takes.com/personality-analysis/Friedrich-Nietzsche,2025-09,2,590,0.34,8.5
https://9takes.com/personality-analysis/Harry-Styles,2025-09,2,611,0.33,9.9
https://9takes.com/personality-analysis/Henry-Cavill,2025-09,2,1842,0.11,6.7
https://9takes.com/personality-analysis/Jack-Dorsey,2025-09,2,130,1.54,11.7
https://9takes.com/personality-analysis/Khloe-Kardashian,2025-09,2,938,0.21,13.3
https://9takes.com/personality-analysis/Madison-Beer,2025-09,2,772,0.26,7.0
https://9takes.com/personality-analysis/Martin-Luther-King-Jr,2025-09,2,671,0.30,8.4
https://9takes.com/personality-analysis/Meryl-Streep,2025-09,2,1249,0.16,5.1
https://9takes.com/personality-analysis/Natalie-Portman,2025-09,2,759,0.26,8.1
https://9takes.com/personality-analysis/Prince,2025-09,2,417,0.48,8.1
https://9takes.com/personality-analysis/Ronald-Reagan,2025-09,2,218,0.92,15.3
https://9takes.com/personality-analysis/Ryan-Reynolds,2025-09,2,699,0.29,7.0
https://9takes.com/personality-analysis/Saoirse-Ronan,2025-09,2,74,2.70,8.8
https://9takes.com/personality-analysis/Tom-Cruise,2025-09,2,744,0.27,8.6
https://9takes.com/personality-analysis/Tom-Hiddleston,2025-09,2,867,0.23,6.1
https://9takes.com/personality-analysis/type/6,2025-09,2,1528,0.13,18.9
https://9takes.com/enneagram-corner/90-day-personality-maxing-blueprint,2025-09,1,39,2.56,6.8
https://9takes.com/enneagram-corner/enneagram-anxiety-complete-guide,2025-09,1,18,5.56,14.0
https://9takes.com/enneagram-corner/enneagram-concepts,2025-09,1,104,0.96,24.0
https://9takes.com/enneagram-corner/enneagram-connecting-lines,2025-09,1,213,0.47,17.0
https://9takes.com/enneagram-corner/enneagram-criticisms,2025-09,1,32,3.13,10.6
https://9takes.com/enneagram-corner/enneagram-medication-mental-health,2025-09,1,45,2.22,2.0
https://9takes.com/enneagram-corner/enneagram-personal-growth,2025-09,1,139,0.72,29.9
https://9takes.com/enneagram-corner/enneagram-tldr,2025-09,1,1461,0.07,52.0
https://9takes.com/enneagram-corner/enneagram-type-1,2025-09,1,1206,0.08,43.0
https://9takes.com/enneagram-corner/enneagram-type-8,2025-09,1,1201,0.08,51.1
https://9takes.com/enneagram-corner/enneagram-types-being-ghosted,2025-09,1,123,0.81,10.8
https://9takes.com/enneagram-corner/enneagram-vs-meyers-briggs,2025-09,1,350,0.29,20.8
https://9takes.com/enneagram-corner/enneagram-workplace-team-building,2025-09,1,478,0.21,51.6
https://9takes.com/enneagram-corner/how-each-enneagram-type-unwinds,2025-09,1,23,4.35,6.9
https://9takes.com/enneagram-corner/how-to-navigate-early-relationship-stages,2025-09,1,52,1.92,23.7
https://9takes.com/enneagram-corner/mental-health/enneagram-science-mental-health,2025-09,1,17,5.88,13.0
https://9takes.com/enneagram-corner/neurodiversity-vs-personality,2025-09,1,229,0.44,8.6
https://9takes.com/enneagram-corner/philosophy-psychology-and-the-enneagram,2025-09,1,73,1.37,13.6
https://9takes.com/enneagram-corner/relationship-communication-guide,2025-09,1,617,0.16,42.9
https://9takes.com/enneagram-corner/subtopic/nine-types,2025-09,1,901,0.11,50.7
https://9takes.com/how-to-guides/using-the-enneagram-for-self-development,2025-09,1,234,0.43,23.7
https://9takes.com/personality-analysis/Ariana-Grande,2025-09,1,1200,0.08,9.8
https://9takes.com/personality-analysis/Arnold-Schwarzenegger,2025-09,1,344,0.29,8.8
https://9takes.com/personality-analysis/Bill-Gates,2025-09,1,2002,0.05,8.6
https://9takes.com/personality-analysis/Emma-Chamberlain,2025-09,1,12,8.33,7.1
https://9takes.com/personality-analysis/George-H-W-Bush,2025-09,1,81,1.23,13.7
https://9takes.com/personality-analysis/Grimes,2025-09,1,121,0.83,8.4
https://9takes.com/personality-analysis/Jake-Paul,2025-09,1,190,0.53,11.2
https://9takes.com/personality-analysis/Jennifer-Garner,2025-09,1,214,0.47,6.9
https://9takes.com/personality-analysis/Joe-Biden,2025-09,1,112,0.89,8.9
https://9takes.com/personality-analysis/Kanye,2025-09,1,901,0.11,10.5
https://9takes.com/personality-analysis/Kim-Kardashian,2025-09,1,1223,0.08,8.6
https://9takes.com/personality-analysis/Logan-Paul,2025-09,1,507,0.20,8.2
https://9takes.com/personality-analysis/Mikey-Madison,2025-09,1,433,0.23,7.7
https://9takes.com/personality-analysis/Miles-Teller,2025-09,1,265,0.38,8.7
https://9takes.com/personality-analysis/Mr-Rogers,2025-09,1,154,0.65,9.7
https://9takes.com/personality-analysis/Palmer-Luckey,2025-09,1,256,0.39,7.9
https://9takes.com/personality-analysis/Ruth-Bader-Ginsburg,2025-09,1,162,0.62,11.0
https://9takes.com/personality-analysis/Tom-Hanks,2025-09,1,553,0.18,7.8
https://9takes.com/personality-analysis/Will-Smith,2025-09,1,1511,0.07,7.1
https://9takes.com/personality-analysis/type/5,2025-09,1,442,0.23,14.5
https://9takes.com/personality-analysis/type/7,2025-09,1,355,0.28,15.4
https://9takes.com/blog,2025-09,0,18,0.00,1.9
https://9takes.com/blog/enneagram/enneagram-compatibility-matrix,2025-09,0,3,0.00,3.3
https://9takes.com/book-session,2025-09,0,48,0.00,67.4
https://9takes.com/community,2025-09,0,18,0.00,3.1
https://9takes.com/community/consensus-on-human-nature,2025-09,0,9,0.00,50.1
https://9takes.com/community/inspiration-for-9takes,2025-09,0,2,0.00,9.5
https://9takes.com/community/introducing-9takes,2025-09,0,4,0.00,5.3
https://9takes.com/community/mbti-vs-enneagram,2025-09,0,1,0.00,66.0
https://9takes.com/community/reddit-deep-connections-limitations,2025-09,0,2,0.00,46.0
https://9takes.com/community/software-and-hardware-of-the-mind,2025-09,0,11,0.00,17.5
https://9takes.com/community/what-winning-online-arguments-looks-like,2025-09,0,31,0.00,19.7
https://9takes.com/community/why-the-greek-vibe,2025-09,0,12,0.00,8.0
https://9takes.com/enneagram-corner,2025-09,0,29,0.00,14.4
https://9takes.com/enneagram-corner/depression-patterns-by-enneagram-type,2025-09,0,3,0.00,6.7
https://9takes.com/enneagram-corner/enneagram-anxiety-management-guide,2025-09,0,6,0.00,19.7
https://9takes.com/enneagram-corner/enneagram-books-websites-podcasts,2025-09,0,6,0.00,65.7
https://9takes.com/enneagram-corner/enneagram-communication-guide,2025-09,0,12,0.00,8.2
https://9takes.com/enneagram-corner/enneagram-communication-tips,2025-09,0,91,0.00,15.5
https://9takes.com/enneagram-corner/enneagram-compatibility-matrix,2025-09,0,5,0.00,3.8
https://9takes.com/enneagram-corner/enneagram-crisis-management-guide,2025-09,0,9,0.00,5.9
https://9takes.com/enneagram-corner/enneagram-dating-guide-for-men,2025-09,0,5,0.00,35.8
https://9takes.com/enneagram-corner/enneagram-dating-guide-for-women,2025-09,0,49,0.00,19.4
https://9takes.com/enneagram-corner/enneagram-faqs,2025-09,0,4,0.00,6.8
https://9takes.com/enneagram-corner/enneagram-influences,2025-09,0,318,0.00,39.6
https://9takes.com/enneagram-corner/enneagram-parenting-mental-health,2025-09,0,5,0.00,10.0
https://9takes.com/enneagram-corner/enneagram-positive-self-talk,2025-09,0,2,0.00,22.5
https://9takes.com/enneagram-corner/enneagram-science-mental-health,2025-09,0,11,0.00,6.3
https://9takes.com/enneagram-corner/enneagram-self-development,2025-09,0,102,0.00,23.1
https://9takes.com/enneagram-corner/enneagram-team-diversity,2025-09,0,29,0.00,30.7
https://9takes.com/enneagram-corner/enneagram-team-dynamics,2025-09,0,354,0.00,45.3
https://9takes.com/enneagram-corner/enneagram-therapy-guide,2025-09,0,1,0.00,3.0
https://9takes.com/enneagram-corner/enneagram-type-2,2025-09,0,1209,0.00,45.3
https://9takes.com/enneagram-corner/enneagram-type-7,2025-09,0,905,0.00,52.5
https://9takes.com/enneagram-corner/enneagram-types-working-in-teams,2025-09,0,465,0.00,34.5
https://9takes.com/enneagram-corner/first-impression-enneagram-playbook,2025-09,0,2,0.00,7.0
https://9takes.com/enneagram-corner/how-each-enneagram-flexes,2025-09,0,92,0.00,11.5
https://9takes.com/enneagram-corner/love-languages-and-enneagram-types,2025-09,0,94,0.00,10.7
https://9takes.com/enneagram-corner/mental-health,2025-09,0,3,0.00,10.7
https://9takes.com/enneagram-corner/mental-health/enneagram-addiction-recovery-guide,2025-09,0,6,0.00,8.8
https://9takes.com/enneagram-corner/mental-health/enneagram-anxiety-complete-guide,2025-09,0,9,0.00,21.7
https://9takes.com/enneagram-corner/mental-health/enneagram-medication-mental-health,2025-09,0,3,0.00,3.3
https://9takes.com/enneagram-corner/mental-health/enneagram-neurodivergence-guide,2025-09,0,6,0.00,7.3
https://9takes.com/enneagram-corner/mental-health/enneagram-parenting-mental-health,2025-09,0,1,0.00,8.0
https://9takes.com/enneagram-corner/mental-health/enneagram-therapy-guide,2025-09,0,1,0.00,7.0
https://9takes.com/enneagram-corner/mental-health/enneagram-trauma-response-guide,2025-09,0,2,0.00,14.0
https://9takes.com/enneagram-corner/mental-health/enneagram-workplace-mental-health,2025-09,0,3,0.00,7.0
https://9takes.com/enneagram-corner/personality-maxing,2025-09,0,1,0.00,9.0
https://9takes.com/enneagram-corner/subtopic/development,2025-09,0,104,0.00,35.2
https://9takes.com/enneagram-corner/subtopic/resources,2025-09,0,6,0.00,35.0
https://9takes.com/enneagram-corner/subtopic/situational,2025-09,0,4,0.00,9.0
https://9takes.com/how-to-guides,2025-09,0,9,0.00,1.8
https://9takes.com/how-to-guides/5-tough-conversations-you-need-to-have-with-your-partner,2025-09,0,125,0.00,18.4
https://9takes.com/how-to-guides/dating-dynamics-by-enneagram-type,2025-09,0,2,0.00,9.0
https://9takes.com/how-to-guides/definitive-guide-to-relationship-conflict-part-1,2025-09,0,70,0.00,21.2
https://9takes.com/how-to-guides/definitive-guide-to-self-efficacy,2025-09,0,4,0.00,5.0
https://9takes.com/how-to-guides/how-to-psychoanalyze-people,2025-09,0,9,0.00,6.3
https://9takes.com/how-to-guides/productivity-systems-by-enneagram-type,2025-09,0,11,0.00,5.2
https://9takes.com/how-to-guides/the-crash-course-on-emotions-that-we-missed-in-kindergarten,2025-09,0,5,0.00,18.6
https://9takes.com/how-to-guides/ultimate-guide-to-active-listening,2025-09,0,6,0.00,15.3
https://9takes.com/personality-analysis/Adin-Ross,2025-09,0,359,0.00,8.9
https://9takes.com/personality-analysis/Amber-Heard,2025-09,0,160,0.00,11.8
https://9takes.com/personality-analysis/Bernie-Sanders,2025-09,0,200,0.00,5.7
https://9takes.com/personality-analysis/Charlie-Puth,2025-09,0,104,0.00,6.9
https://9takes.com/personality-analysis/Dave-Chappelle,2025-09,0,96,0.00,14.2
https://9takes.com/personality-analysis/Dave-Portnoy,2025-09,0,386,0.00,6.5
https://9takes.com/personality-analysis/David-Dobrik,2025-09,0,75,0.00,14.5
https://9takes.com/personality-analysis/David-Sacks,2025-09,0,90,0.00,4.2
https://9takes.com/personality-analysis/Demi-Lovato,2025-09,0,394,0.00,8.1
https://9takes.com/personality-analysis/Emily-Ratajkowski,2025-09,0,85,0.00,8.8
https://9takes.com/personality-analysis/George-W-Bush,2025-09,0,214,0.00,11.2
https://9takes.com/personality-analysis/Hillary-Clinton,2025-09,0,77,0.00,10.3
https://9takes.com/personality-analysis/Jason-Calacanis,2025-09,0,12,0.00,14.8
https://9takes.com/personality-analysis/Jennifer-Lopez,2025-09,0,188,0.00,7.1
https://9takes.com/personality-analysis/Jimmy-Carter,2025-09,0,74,0.00,9.4
https://9takes.com/personality-analysis/Jon-Stewart,2025-09,0,477,0.00,6.1
https://9takes.com/personality-analysis/Kamala-Harris,2025-09,0,223,0.00,9.0
https://9takes.com/personality-analysis/Katy-Perry,2025-09,0,491,0.00,7.7
https://9takes.com/personality-analysis/Kevin-Hart,2025-09,0,750,0.00,5.5
https://9takes.com/personality-analysis/Millie-Bobby-Brown,2025-09,0,471,0.00,8.5
https://9takes.com/personality-analysis/Nancy-Reagan,2025-09,0,93,0.00,6.8
https://9takes.com/personality-analysis/Oprah-Winfrey,2025-09,0,959,0.00,8.3
https://9takes.com/personality-analysis/Paul-Graham,2025-09,0,61,0.00,7.3
https://9takes.com/personality-analysis/Robert-Downey-Jr,2025-09,0,1138,0.00,8.5
https://9takes.com/personality-analysis/Robert-Greene,2025-09,0,221,0.00,9.6
https://9takes.com/personality-analysis/Shia-LaBeouf,2025-09,0,107,0.00,8.3
https://9takes.com/personality-analysis/Taylor-Swift,2025-09,0,1061,0.00,10.2
https://9takes.com/personality-analysis/Travis-Scott,2025-09,0,840,0.00,6.8
https://9takes.com/personality-analysis/type/1,2025-09,0,18,0.00,9.9
https://9takes.com/questions,2025-09,0,18,0.00,11.7
https://9takes.com/questions/if-you-had-to-be-trapped-somewhere-where-would-you-choose,2025-09,0,2,0.00,26.0
https://9takes.com/enneagram-corner/enneagram-and-mental-illness,2025-10,154,7681,2.00,6.5
https://9takes.com/enneagram-corner/toxic-traits-of-each-enneagram-type,2025-10,69,2858,2.41,7.1
https://9takes.com/personality-analysis/Meghan-Markle,2025-10,28,3836,0.73,4.0
https://9takes.com/enneagram-corner/astrology-and-the-enneagram,2025-10,26,5069,0.51,7.9
https://9takes.com/personality-analysis/Sam-Altman,2025-10,25,2515,0.99,4.8
https://9takes.com/enneagram-corner/biggest-compliments-to-give-each-enneagram-type,2025-10,22,1004,2.19,4.2
https://9takes.com/enneagram-corner/enneagram-instinctual-subtypes,2025-10,22,3204,0.69,12.6
https://9takes.com/personality-analysis/Bob-Dylan,2025-10,22,2286,0.96,6.1
https://9takes.com/personality-analysis/Nicole-Kidman,2025-10,22,1916,1.15,4.6
https://9takes.com/personality-analysis/Timothee-Chalamet,2025-10,16,1390,1.15,4.3
https://9takes.com/personality-analysis/Zayn-Malik,2025-10,16,1861,0.86,4.2
https://9takes.com/enneagram-corner/toxic-traits-relationships-warning-signs,2025-10,15,640,2.34,8.7
https://9takes.com/personality-analysis/Aubrey-Plaza,2025-10,15,2436,0.62,5.3
https://9takes.com/enneagram-corner/enneagram-strengths-and-weaknesses,2025-10,14,1437,0.97,9.0
https://9takes.com/personality-analysis/Agatha-Christie,2025-10,13,957,1.36,6.0
https://9takes.com/enneagram-corner/enneagram-and-religion,2025-10,12,484,2.48,13.5
https://9takes.com/personality-analysis/IShowSpeed,2025-10,12,9190,0.13,3.7
https://9takes.com/enneagram-corner/enneagram-types-on-a-first-date,2025-10,11,138,7.97,9.2
https://9takes.com/personality-analysis/Mark-Zuckerberg,2025-10,11,2352,0.47,5.6
https://9takes.com/personality-analysis/Tom-Hardy,2025-10,11,1334,0.82,4.6
https://9takes.com/personality-analysis/Drake,2025-10,10,2715,0.37,5.5
https://9takes.com/personality-analysis/Jennifer-Lawrence,2025-10,10,2272,0.44,6.4
https://9takes.com/enneagram-corner/how-to-apologize-like-a-pro,2025-10,9,107,8.41,6.9
https://9takes.com/personality-analysis/type/9,2025-10,9,1443,0.62,11.1
https://9takes.com/enneagram-corner/enneagram-medication-mental-health,2025-10,8,422,1.90,3.1
https://9takes.com/enneagram-corner/enneagram-types-at-party,2025-10,8,105,7.62,9.3
https://9takes.com/personality-analysis/Prince-Harry,2025-10,8,1216,0.66,4.7
https://9takes.com/,2025-10,7,368,1.90,2.8
https://9takes.com/personality-analysis/Chappell-Roan,2025-10,7,1275,0.55,6.9
https://9takes.com/personality-analysis/Elon-Musk,2025-10,7,4018,0.17,5.5
https://9takes.com/personality-analysis/Halsey,2025-10,7,449,1.56,7.8
https://9takes.com/personality-analysis/Jimmy-Fallon,2025-10,7,842,0.83,3.9
https://9takes.com/personality-analysis/Kai-Cenat,2025-10,7,1171,0.60,5.4
https://9takes.com/personality-analysis/Kourtney-Kardashian,2025-10,7,1485,0.47,4.5
https://9takes.com/personality-analysis/Lex-Fridman,2025-10,7,687,1.02,5.7
https://9takes.com/personality-analysis/Ryan-Gosling,2025-10,7,1596,0.44,4.1
https://9takes.com/personality-analysis/type/4,2025-10,7,772,0.91,11.4
https://9takes.com/enneagram-corner/enneagram-type-7,2025-10,6,353,1.70,42.7
https://9takes.com/enneagram-corner/enneagram-type-8,2025-10,6,437,1.37,47.8
https://9takes.com/enneagram-corner/enneagram-types-and-career-choices,2025-10,6,636,0.94,27.1
https://9takes.com/enneagram-corner/enneagram-types-in-relationships,2025-10,6,478,1.26,32.5
https://9takes.com/enneagram-corner/neurodiversity-vs-personality,2025-10,6,383,1.57,7.9
https://9takes.com/personality-analysis/Emma-Watson,2025-10,6,935,0.64,8.2
https://9takes.com/personality-analysis/John-F-Kennedy,2025-10,6,1511,0.40,7.3
https://9takes.com/personality-analysis/Madison-Beer,2025-10,6,1163,0.52,6.5
https://9takes.com/personality-analysis/Meryl-Streep,2025-10,6,595,1.01,6.1
https://9takes.com/personality-analysis/Mr-Beast,2025-10,6,2848,0.21,5.3
https://9takes.com/personality-analysis/Peter-Thiel,2025-10,6,503,1.19,6.2
https://9takes.com/personality-analysis/Sabrina-Carpenter,2025-10,6,3609,0.17,6.3
https://9takes.com/personality-analysis/Sydney-Sweeney,2025-10,6,1763,0.34,8.3
https://9takes.com/enneagram-corner/enneagram-mental-health-flags,2025-10,5,271,1.85,7.4
https://9takes.com/enneagram-corner/enneagram-type-4,2025-10,5,507,0.99,49.4
https://9takes.com/enneagram-corner/enneagram-type-5,2025-10,5,438,1.14,37.0
https://9takes.com/enneagram-corner/enneagram-type-9,2025-10,5,252,1.98,35.2
https://9takes.com/personality-analysis/Billie-Eilish,2025-10,5,1622,0.31,6.2
https://9takes.com/personality-analysis/Blake-Lively,2025-10,5,705,0.71,4.0
https://9takes.com/personality-analysis/Druski,2025-10,5,595,0.84,6.2
https://9takes.com/personality-analysis/Jenna-Ortega,2025-10,5,3263,0.15,8.4
https://9takes.com/personality-analysis/Kylie-Jenner,2025-10,5,1482,0.34,7.6
https://9takes.com/personality-analysis/Margot-Robbie,2025-10,5,1686,0.30,4.3
https://9takes.com/personality-analysis/Marilyn-Monroe,2025-10,5,1117,0.45,7.5
https://9takes.com/personality-analysis/Tom-Hiddleston,2025-10,5,881,0.57,4.9
https://9takes.com/enneagram-corner/enneagram-addiction-recovery-guide,2025-10,4,138,2.90,8.7
https://9takes.com/enneagram-corner/enneagram-childhood-stereotypes,2025-10,4,279,1.43,12.5
https://9takes.com/enneagram-corner/enneagram-team-dynamics,2025-10,4,134,2.99,17.9
https://9takes.com/enneagram-corner/enneagram-test-comparison-2025,2025-10,4,1159,0.35,10.8
https://9takes.com/enneagram-corner/enneagram-types-working-in-teams,2025-10,4,341,1.17,26.5
https://9takes.com/personality-analysis,2025-10,4,137,2.92,11.2
https://9takes.com/personality-analysis/Alexandria-Ocasio-Cortez,2025-10,4,923,0.43,7.3
https://9takes.com/personality-analysis/Brad-Pitt,2025-10,4,1187,0.34,7.7
https://9takes.com/personality-analysis/Dua-Lipa,2025-10,4,1066,0.38,4.2
https://9takes.com/personality-analysis/Jackie-Kennedy,2025-10,4,170,2.35,5.0
https://9takes.com/personality-analysis/Jeff-Bezos,2025-10,4,1210,0.33,9.2
https://9takes.com/personality-analysis/Justin-Bieber,2025-10,4,2056,0.19,5.7
https://9takes.com/personality-analysis/Keanu-Reeves,2025-10,4,2728,0.15,9.5
https://9takes.com/personality-analysis/Palmer-Luckey,2025-10,4,832,0.48,5.8
https://9takes.com/personality-analysis/Ryan-Reynolds,2025-10,4,634,0.63,6.2
https://9takes.com/personality-analysis/Taylor-Swift,2025-10,4,889,0.45,11.0
https://9takes.com/personality-analysis/type/7,2025-10,4,284,1.41,13.2
https://9takes.com/enneagram-corner/attachment-styles-and-enneagram-types,2025-10,3,430,0.70,9.3
https://9takes.com/enneagram-corner/depression-patterns-by-enneagram-type,2025-10,3,42,7.14,7.7
https://9takes.com/enneagram-corner/enneagram-communication-styles,2025-10,3,439,0.68,9.8
https://9takes.com/enneagram-corner/enneagram-type-3,2025-10,3,506,0.59,46.4
https://9takes.com/enneagram-corner/enneagram-types-being-ghosted,2025-10,3,64,4.69,8.5
https://9takes.com/enneagram-corner/enneagram-types-in-stress,2025-10,3,939,0.32,10.7
https://9takes.com/enneagram-corner/first-impression-cheat-sheet,2025-10,3,59,5.08,7.7
https://9takes.com/enneagram-corner/relationship-communication-guide,2025-10,3,201,1.49,39.7
https://9takes.com/how-to-guides/5-tough-conversations-you-need-to-have-with-your-partner,2025-10,3,74,4.05,16.5
https://9takes.com/personality-analysis/Eminem,2025-10,3,437,0.69,8.3
https://9takes.com/personality-analysis/Friedrich-Nietzsche,2025-10,3,511,0.59,7.8
https://9takes.com/personality-analysis/Harry-Styles,2025-10,3,471,0.64,8.4
https://9takes.com/personality-analysis/Hugh-Jackman,2025-10,3,975,0.31,6.0
https://9takes.com/personality-analysis/Jerad-Leto,2025-10,3,610,0.49,6.6
https://9takes.com/personality-analysis/Joaquin-Phoenix,2025-10,3,1088,0.28,4.6
https://9takes.com/personality-analysis/Johnny-Depp,2025-10,3,1132,0.27,8.5
https://9takes.com/personality-analysis/Katy-Perry,2025-10,3,268,1.12,9.3
https://9takes.com/personality-analysis/Miley-Cyrus,2025-10,3,762,0.39,7.0
https://9takes.com/personality-analysis/Oprah-Winfrey,2025-10,3,938,0.32,6.5
https://9takes.com/personality-analysis/Selena-Gomez,2025-10,3,2047,0.15,6.4
https://9takes.com/personality-analysis/Steve-Jobs,2025-10,3,1863,0.16,9.6
https://9takes.com/personality-analysis/Tom-Cruise,2025-10,3,746,0.40,9.1
https://9takes.com/enneagram-corner/enneagram-anxiety-complete-guide,2025-10,2,507,0.39,6.2
https://9takes.com/enneagram-corner/enneagram-tldr,2025-10,2,673,0.30,53.0
https://9takes.com/enneagram-corner/enneagram-type-2,2025-10,2,337,0.59,53.3
https://9takes.com/enneagram-corner/enneagram-type-6,2025-10,2,328,0.61,15.6
https://9takes.com/enneagram-corner/how-each-enneagram-flexes,2025-10,2,62,3.23,8.5
https://9takes.com/enneagram-corner/mental-health,2025-10,2,18,11.11,13.0
https://9takes.com/enneagram-corner/mental-health/enneagram-neurodivergence-guide,2025-10,2,21,9.52,7.2
https://9takes.com/enneagram-corner/mental-health/enneagram-science-mental-health,2025-10,2,80,2.50,7.1
https://9takes.com/enneagram-corner/mental-health/enneagram-trauma-response-guide,2025-10,2,117,1.71,8.5
https://9takes.com/enneagram-corner/subtopic/situational,2025-10,2,12,16.67,7.6
https://9takes.com/personality-analysis/Adin-Ross,2025-10,2,241,0.83,9.8
https://9takes.com/personality-analysis/Beyonce-Knowles,2025-10,2,884,0.23,8.6
https://9takes.com/personality-analysis/Charlie-Puth,2025-10,2,154,1.30,5.1
https://9takes.com/personality-analysis/Chelsea-Handler,2025-10,2,178,1.12,7.1
https://9takes.com/personality-analysis/Dave-Portnoy,2025-10,2,323,0.62,5.5
https://9takes.com/personality-analysis/Demi-Lovato,2025-10,2,225,0.89,6.9
https://9takes.com/personality-analysis/Doechii,2025-10,2,323,0.62,7.8
https://9takes.com/personality-analysis/Dwayne-Johnson,2025-10,2,1094,0.18,7.8
https://9takes.com/personality-analysis/Grimes,2025-10,2,302,0.66,7.7
https://9takes.com/personality-analysis/Kamala-Harris,2025-10,2,190,1.05,7.5
https://9takes.com/personality-analysis/Kanye,2025-10,2,622,0.32,9.3
https://9takes.com/personality-analysis/Kendrick-Lamar,2025-10,2,304,0.66,9.5
https://9takes.com/personality-analysis/Kevin-Hart,2025-10,2,609,0.33,5.3
https://9takes.com/personality-analysis/Kim-Kardashian,2025-10,2,869,0.23,8.4
https://9takes.com/personality-analysis/Lady-Gaga,2025-10,2,392,0.51,6.2
https://9takes.com/personality-analysis/Lana-Del-Rey,2025-10,2,1121,0.18,5.5
https://9takes.com/personality-analysis/Logan-Paul,2025-10,2,359,0.56,6.9
https://9takes.com/personality-analysis/Michelle-Obama,2025-10,2,927,0.22,6.9
https://9takes.com/personality-analysis/Mikey-Madison,2025-10,2,341,0.59,7.2
https://9takes.com/personality-analysis/Miles-Teller,2025-10,2,185,1.08,8.4
https://9takes.com/personality-analysis/Olivia-Rodrigo,2025-10,2,1328,0.15,6.3
https://9takes.com/personality-analysis/Prince,2025-10,2,242,0.83,7.1
https://9takes.com/personality-analysis/Robert-Pattinson,2025-10,2,534,0.37,7.5
https://9takes.com/personality-analysis/Tina-Fey,2025-10,2,441,0.45,6.3
https://9takes.com/personality-analysis/Tom-Hanks,2025-10,2,481,0.42,8.6
https://9takes.com/personality-analysis/Trevor-Noah,2025-10,2,246,0.81,6.7
https://9takes.com/personality-analysis/Winston-Churchill,2025-10,2,525,0.38,5.2
https://9takes.com/personality-analysis/Zendaya,2025-10,2,1448,0.14,6.9
https://9takes.com/personality-analysis/type/2,2025-10,2,1739,0.12,14.1
https://9takes.com/personality-analysis/type/6,2025-10,2,818,0.24,27.5
https://9takes.com/personality-analysis/type/8,2025-10,2,783,0.26,13.5
https://9takes.com/about,2025-10,1,57,1.75,2.4
https://9takes.com/blog,2025-10,1,28,3.57,3.0
https://9takes.com/community/why-im-selective-sharing-enneagram,2025-10,1,1,100.00,4.0
https://9takes.com/enneagram-corner/beginners-guide-to-determining-your-enneagram-type,2025-10,1,124,0.81,21.3
https://9takes.com/enneagram-corner/enneagram-crisis-management-guide,2025-10,1,16,6.25,6.8
https://9takes.com/enneagram-corner/enneagram-dating-guide-for-men,2025-10,1,15,6.67,8.5
https://9takes.com/enneagram-corner/enneagram-dating-guide-for-women,2025-10,1,8,12.50,8.3
https://9takes.com/enneagram-corner/enneagram-party-planner,2025-10,1,61,1.64,8.5
https://9takes.com/enneagram-corner/enneagram-type-1,2025-10,1,493,0.20,40.3
https://9takes.com/enneagram-corner/enneagram-wings-complete-guide,2025-10,1,637,0.16,18.1
https://9takes.com/enneagram-corner/philosophy-psychology-and-the-enneagram,2025-10,1,57,1.75,9.4
https://9takes.com/how-to-guides/dating-dynamics-by-enneagram-type,2025-10,1,10,10.00,8.1
https://9takes.com/personality-analysis/Alex-Cooper,2025-10,1,370,0.27,7.3
https://9takes.com/personality-analysis/Anne-Hathaway,2025-10,1,444,0.23,7.2
https://9takes.com/personality-analysis/Anya-Taylor-Joy,2025-10,1,909,0.11,5.6
https://9takes.com/personality-analysis/Ariana-Grande,2025-10,1,750,0.13,9.1
https://9takes.com/personality-analysis/Barack-Obama,2025-10,1,423,0.24,8.7
https://9takes.com/personality-analysis/Denzel-Washington,2025-10,1,835,0.12,7.7
https://9takes.com/personality-analysis/Ellen-Degeneres,2025-10,1,342,0.29,6.3
https://9takes.com/personality-analysis/Emily-Ratajkowski,2025-10,1,97,1.03,7.7
https://9takes.com/personality-analysis/Frida-Kahlo,2025-10,1,256,0.39,7.4
https://9takes.com/personality-analysis/George-H-W-Bush,2025-10,1,83,1.20,7.5
https://9takes.com/personality-analysis/Henry-Cavill,2025-10,1,1306,0.08,5.0
https://9takes.com/personality-analysis/Jack-Dorsey,2025-10,1,87,1.15,6.6
https://9takes.com/personality-analysis/Jennifer-Lopez,2025-10,1,122,0.82,7.3
https://9takes.com/personality-analysis/Joe-Biden,2025-10,1,117,0.85,4.9
https://9takes.com/personality-analysis/Joe-Rogan,2025-10,1,1085,0.09,4.5
https://9takes.com/personality-analysis/Jon-Stewart,2025-10,1,208,0.48,7.1
https://9takes.com/personality-analysis/Khloe-Kardashian,2025-10,1,1066,0.09,6.4
https://9takes.com/personality-analysis/Kristen-Bell,2025-10,1,1022,0.10,5.1
https://9takes.com/personality-analysis/Nancy-Pelosi,2025-10,1,195,0.51,6.9
https://9takes.com/personality-analysis/Nikola-Tesla,2025-10,1,1541,0.06,8.6
https://9takes.com/personality-analysis/Paris-Hilton,2025-10,1,999,0.10,7.3
https://9takes.com/personality-analysis/Pete-Davidson,2025-10,1,278,0.36,6.8
https://9takes.com/personality-analysis/Robert-Downey-Jr,2025-10,1,1001,0.10,9.1
https://9takes.com/personality-analysis/Robert-Greene,2025-10,1,275,0.36,8.7
https://9takes.com/personality-analysis/Robert-Oppenheimer,2025-10,1,99,1.01,8.8
https://9takes.com/personality-analysis/Ronald-Reagan,2025-10,1,247,0.40,8.1
https://9takes.com/personality-analysis/Rooney-Mara,2025-10,1,179,0.56,7.7
https://9takes.com/personality-analysis/Scarlett-Johansson,2025-10,1,432,0.23,7.7
https://9takes.com/personality-analysis/Tom-Holland,2025-10,1,1065,0.09,7.9
https://9takes.com/personality-analysis/Travis-Scott,2025-10,1,688,0.15,7.1
https://9takes.com/personality-analysis/Will-Smith,2025-10,1,757,0.13,7.5
https://9takes.com/pop-culture/dark-triad-meets-enneagram,2025-10,1,50,2.00,5.1
https://9takes.com/book-session,2025-10,0,8,0.00,6.1
https://9takes.com/community,2025-10,0,28,0.00,3.6
https://9takes.com/community/introducing-9takes,2025-10,0,1,0.00,4.0
https://9takes.com/community/reddit-deep-connections-limitations,2025-10,0,3,0.00,5.0
https://9takes.com/community/software-and-hardware-of-the-mind,2025-10,0,666,0.00,8.8
https://9takes.com/community/what-winning-online-arguments-looks-like,2025-10,0,1,0.00,11.0
https://9takes.com/community/why-the-greek-vibe,2025-10,0,1,0.00,3.0
https://9takes.com/enneagram-corner,2025-10,0,13,0.00,6.8
https://9takes.com/enneagram-corner/90-day-personality-maxing-blueprint,2025-10,0,59,0.00,6.0
https://9takes.com/enneagram-corner/enneagram-anxiety-management-guide,2025-10,0,4,0.00,5.3
https://9takes.com/enneagram-corner/enneagram-books-websites-podcasts,2025-10,0,7,0.00,24.3
https://9takes.com/enneagram-corner/enneagram-communication-guide,2025-10,0,20,0.00,10.7
https://9takes.com/enneagram-corner/enneagram-communication-tips,2025-10,0,41,0.00,11.7
https://9takes.com/enneagram-corner/enneagram-compatibility-matrix,2025-10,0,198,0.00,10.9
https://9takes.com/enneagram-corner/enneagram-concepts,2025-10,0,20,0.00,9.7
https://9takes.com/enneagram-corner/enneagram-connecting-lines,2025-10,0,68,0.00,17.6
https://9takes.com/enneagram-corner/enneagram-criticisms,2025-10,0,21,0.00,20.0
https://9takes.com/enneagram-corner/enneagram-faqs,2025-10,0,7,0.00,14.6
https://9takes.com/enneagram-corner/enneagram-influences,2025-10,0,65,0.00,25.9
https://9takes.com/enneagram-corner/enneagram-parenting-mental-health,2025-10,0,7,0.00,8.0
https://9takes.com/enneagram-corner/enneagram-personal-growth,2025-10,0,111,0.00,27.9
https://9takes.com/enneagram-corner/enneagram-science-mental-health,2025-10,0,12,0.00,5.3
https://9takes.com/enneagram-corner/enneagram-self-development,2025-10,0,13,0.00,16.3
https://9takes.com/enneagram-corner/enneagram-stress-number,2025-10,0,35,0.00,25.9
https://9takes.com/enneagram-corner/enneagram-team-diversity,2025-10,0,19,0.00,67.9
https://9takes.com/enneagram-corner/enneagram-therapy-guide,2025-10,0,26,0.00,8.7
https://9takes.com/enneagram-corner/enneagram-vs-meyers-briggs,2025-10,0,127,0.00,18.2
https://9takes.com/enneagram-corner/enneagram-workplace-team-building,2025-10,0,139,0.00,36.2
https://9takes.com/enneagram-corner/first-impression-enneagram-playbook,2025-10,0,9,0.00,10.9
https://9takes.com/enneagram-corner/how-each-enneagram-type-unwinds,2025-10,0,12,0.00,10.7
https://9takes.com/enneagram-corner/how-to-navigate-early-relationship-stages,2025-10,0,11,0.00,8.9
https://9takes.com/enneagram-corner/love-languages-and-enneagram-types,2025-10,0,221,0.00,10.5
https://9takes.com/enneagram-corner/mental-health/enneagram-addiction-recovery-guide,2025-10,0,28,0.00,6.9
https://9takes.com/enneagram-corner/mental-health/enneagram-anxiety-complete-guide,2025-10,0,2,0.00,6.0
https://9takes.com/enneagram-corner/mental-health/enneagram-crisis-management-guide,2025-10,0,1,0.00,10.0
https://9takes.com/enneagram-corner/mental-health/enneagram-medication-mental-health,2025-10,0,50,0.00,2.3
https://9takes.com/enneagram-corner/mental-health/enneagram-parenting-mental-health,2025-10,0,32,0.00,7.5
https://9takes.com/enneagram-corner/mental-health/enneagram-therapy-guide,2025-10,0,62,0.00,7.3
https://9takes.com/enneagram-corner/mental-health/enneagram-workplace-mental-health,2025-10,0,4,0.00,9.3
https://9takes.com/enneagram-corner/personality-maxing,2025-10,0,1,0.00,9.0
https://9takes.com/enneagram-corner/subtopic/nine-types,2025-10,0,12,0.00,49.8
https://9takes.com/enneagram-corner/subtopic/overview,2025-10,0,4,0.00,1.5
https://9takes.com/enneagram-corner/subtopic/resources,2025-10,0,3,0.00,2.7
https://9takes.com/how-to-guides,2025-10,0,27,0.00,1.5
https://9takes.com/how-to-guides/definitive-guide-to-relationship-conflict-part-1,2025-10,0,11,0.00,7.3
https://9takes.com/how-to-guides/how-to-psychoanalyze-people,2025-10,0,2,0.00,9.5
https://9takes.com/how-to-guides/productivity-systems-by-enneagram-type,2025-10,0,15,0.00,8.7
https://9takes.com/how-to-guides/the-crash-course-on-emotions-that-we-missed-in-kindergarten,2025-10,0,7,0.00,6.6
https://9takes.com/how-to-guides/ultimate-guide-to-active-listening,2025-10,0,6,0.00,9.3
https://9takes.com/how-to-guides/using-the-enneagram-for-self-development,2025-10,0,121,0.00,29.2
https://9takes.com/personality-analysis/Amber-Heard,2025-10,0,152,0.00,9.5
https://9takes.com/personality-analysis/Arnold-Schwarzenegger,2025-10,0,232,0.00,9.7
https://9takes.com/personality-analysis/Bernie-Sanders,2025-10,0,175,0.00,7.4
https://9takes.com/personality-analysis/Bill-Gates,2025-10,0,986,0.00,8.7
https://9takes.com/personality-analysis/Casey-Neistat,2025-10,0,77,0.00,11.2
https://9takes.com/personality-analysis/Dave-Chappelle,2025-10,0,7,0.00,9.0
https://9takes.com/personality-analysis/David-Dobrik,2025-10,0,7,0.00,6.1
https://9takes.com/personality-analysis/David-Sacks,2025-10,0,29,0.00,6.0
https://9takes.com/personality-analysis/Donald-Trump,2025-10,0,201,0.00,8.4
https://9takes.com/personality-analysis/Elton-John,2025-10,0,187,0.00,8.2
https://9takes.com/personality-analysis/Emma-Chamberlain,2025-10,0,20,0.00,8.2
https://9takes.com/personality-analysis/George-W-Bush,2025-10,0,176,0.00,6.8
https://9takes.com/personality-analysis/Hillary-Clinton,2025-10,0,58,0.00,11.2
https://9takes.com/personality-analysis/Jake-Paul,2025-10,0,152,0.00,8.3
https://9takes.com/personality-analysis/Jason-Calacanis,2025-10,0,2,0.00,9.5
https://9takes.com/personality-analysis/Jennifer-Garner,2025-10,0,260,0.00,7.3
https://9takes.com/personality-analysis/Jimmy-Carter,2025-10,0,95,0.00,5.5
https://9takes.com/personality-analysis/Leonardo-DiCaprio,2025-10,0,531,0.00,9.2
https://9takes.com/personality-analysis/Martin-Luther-King-Jr,2025-10,0,578,0.00,8.4
https://9takes.com/personality-analysis/Millie-Bobby-Brown,2025-10,0,382,0.00,8.0
https://9takes.com/personality-analysis/Mr-Rogers,2025-10,0,205,0.00,7.5
https://9takes.com/personality-analysis/Nancy-Reagan,2025-10,0,111,0.00,4.8
https://9takes.com/personality-analysis/Natalie-Portman,2025-10,0,487,0.00,8.9
https://9takes.com/personality-analysis/Paul-Graham,2025-10,0,26,0.00,9.5
https://9takes.com/personality-analysis/Rihanna,2025-10,0,708,0.00,8.6
https://9takes.com/personality-analysis/Ruth-Bader-Ginsburg,2025-10,0,122,0.00,11.1
https://9takes.com/personality-analysis/Saoirse-Ronan,2025-10,0,85,0.00,5.8
https://9takes.com/personality-analysis/Shia-LaBeouf,2025-10,0,8,0.00,6.1
https://9takes.com/personality-analysis/Zoe-Kravitz,2025-10,0,497,0.00,4.8
https://9takes.com/personality-analysis/type/1,2025-10,0,81,0.00,11.3
https://9takes.com/personality-analysis/type/3,2025-10,0,352,0.00,10.6
https://9takes.com/personality-analysis/type/5,2025-10,0,286,0.00,13.4
https://9takes.com/questions,2025-10,0,19,0.00,2.4
https://9takes.com/questions/what-are-you-thinking-about-these-days,2025-10,0,1,0.00,8.0
https://9takes.com/enneagram-corner/enneagram-and-mental-illness,2025-11,189,6669,2.83,6.2
https://9takes.com/enneagram-corner/toxic-traits-of-each-enneagram-type,2025-11,71,3257,2.18,8.3
https://9takes.com/enneagram-corner/astrology-and-the-enneagram,2025-11,51,6089,0.84,7.7
https://9takes.com/enneagram-corner/enneagram-instinctual-subtypes,2025-11,31,3545,0.87,12.6
https://9takes.com/personality-analysis/Meghan-Markle,2025-11,24,4009,0.60,3.2
https://9takes.com/enneagram-corner/enneagram-mental-health-flags,2025-11,21,353,5.95,6.7
https://9takes.com/enneagram-corner/enneagram-strengths-and-weaknesses,2025-11,20,1068,1.87,9.5
https://9takes.com/enneagram-corner/enneagram-types-in-stress,2025-11,13,1112,1.17,12.4
https://9takes.com/personality-analysis/Tom-Hardy,2025-11,13,1404,0.93,4.8
https://9takes.com/enneagram-corner/biggest-compliments-to-give-each-enneagram-type,2025-11,12,887,1.35,3.9
https://9takes.com/enneagram-corner/depression-patterns-by-enneagram-type,2025-11,12,276,4.35,8.9
https://9takes.com/enneagram-corner/enneagram-type-8,2025-11,11,296,3.72,15.1
https://9takes.com/personality-analysis/Agatha-Christie,2025-11,11,934,1.18,6.6
https://9takes.com/personality-analysis/Bob-Dylan,2025-11,11,2017,0.55,6.8
https://9takes.com/personality-analysis/Robert-Pattinson,2025-11,11,1328,0.83,4.8
https://9takes.com/personality-analysis/Sam-Altman,2025-11,11,2130,0.52,4.5
https://9takes.com/enneagram-corner/enneagram-addiction-recovery-guide,2025-11,10,350,2.86,9.3
https://9takes.com/personality-analysis/Dua-Lipa,2025-11,9,1837,0.49,2.9
https://9takes.com/personality-analysis/IShowSpeed,2025-11,9,4397,0.20,5.0
https://9takes.com/personality-analysis/Kourtney-Kardashian,2025-11,9,2479,0.36,5.1
https://9takes.com/enneagram-corner/enneagram-test-comparison-2025,2025-11,8,1225,0.65,12.2
https://9takes.com/enneagram-corner/enneagram-types-being-ghosted,2025-11,8,91,8.79,11.2
https://9takes.com/enneagram-corner/mental-health/enneagram-neurodivergence-guide,2025-11,8,169,4.73,8.1
https://9takes.com/enneagram-corner/toxic-traits-relationships-warning-signs,2025-11,8,446,1.79,8.7
https://9takes.com/personality-analysis/Tom-Hiddleston,2025-11,8,1089,0.73,5.0
https://9takes.com/personality-analysis/Zayn-Malik,2025-11,8,1078,0.74,4.2
https://9takes.com/enneagram-corner/enneagram-type-5,2025-11,7,299,2.34,17.2
https://9takes.com/enneagram-corner/enneagram-types-in-relationships,2025-11,7,457,1.53,25.9
https://9takes.com/enneagram-corner/neurodiversity-vs-personality,2025-11,7,315,2.22,8.5
https://9takes.com/personality-analysis/Blake-Lively,2025-11,7,709,0.99,3.7
https://9takes.com/personality-analysis/Elon-Musk,2025-11,7,3991,0.18,5.4
https://9takes.com/personality-analysis/Kai-Cenat,2025-11,7,1272,0.55,4.2
https://9takes.com/personality-analysis/Scarlett-Johansson,2025-11,7,389,1.80,8.5
https://9takes.com/personality-analysis/Winston-Churchill,2025-11,7,930,0.75,3.3
https://9takes.com/enneagram-corner/attachment-styles-and-enneagram-types,2025-11,6,1278,0.47,9.9
https://9takes.com/enneagram-corner/enneagram-types-on-a-first-date,2025-11,6,162,3.70,9.7
https://9takes.com/enneagram-corner/how-to-apologize-like-a-pro,2025-11,6,234,2.56,5.8
https://9takes.com/personality-analysis/Ariana-Grande,2025-11,6,872,0.69,9.5
https://9takes.com/personality-analysis/Drake,2025-11,6,2858,0.21,6.3
https://9takes.com/personality-analysis/Margot-Robbie,2025-11,6,802,0.75,5.0
https://9takes.com/personality-analysis/Mr-Beast,2025-11,6,1014,0.59,5.8
https://9takes.com/personality-analysis/Sydney-Sweeney,2025-11,6,3252,0.18,7.4
https://9takes.com/personality-analysis/type/1,2025-11,6,487,1.23,23.1
https://9takes.com/personality-analysis/type/9,2025-11,6,1358,0.44,10.7
https://9takes.com/,2025-11,5,292,1.71,3.0
https://9takes.com/enneagram-corner/enneagram-and-religion,2025-11,5,397,1.26,9.8
https://9takes.com/enneagram-corner/enneagram-type-6,2025-11,5,219,2.28,17.7
https://9takes.com/personality-analysis/Anya-Taylor-Joy,2025-11,5,1102,0.45,5.2
https://9takes.com/personality-analysis/Friedrich-Nietzsche,2025-11,5,470,1.06,7.9
https://9takes.com/personality-analysis/Hugh-Jackman,2025-11,5,1031,0.48,4.4
https://9takes.com/personality-analysis/Jennifer-Lawrence,2025-11,5,2412,0.21,7.2
https://9takes.com/personality-analysis/Jerad-Leto,2025-11,5,509,0.98,5.4
https://9takes.com/personality-analysis/Jimmy-Fallon,2025-11,5,1630,0.31,2.6
https://9takes.com/personality-analysis/Keanu-Reeves,2025-11,5,1318,0.38,8.8
https://9takes.com/personality-analysis/Madison-Beer,2025-11,5,515,0.97,6.5
https://9takes.com/personality-analysis/Robert-Greene,2025-11,5,373,1.34,9.5
https://9takes.com/personality-analysis/Timothee-Chalamet,2025-11,5,1291,0.39,4.2
https://9takes.com/personality-analysis/Tina-Fey,2025-11,5,190,2.63,7.3
https://9takes.com/enneagram-corner/enneagram-communication-styles,2025-11,4,375,1.07,9.8
https://9takes.com/enneagram-corner/enneagram-compatibility-matrix,2025-11,4,368,1.09,8.8
https://9takes.com/enneagram-corner/enneagram-dating-guide-for-men,2025-11,4,60,6.67,11.7
https://9takes.com/enneagram-corner/enneagram-medication-mental-health,2025-11,4,97,4.12,3.2
https://9takes.com/enneagram-corner/enneagram-type-1,2025-11,4,152,2.63,18.1
https://9takes.com/enneagram-corner/enneagram-type-4,2025-11,4,408,0.98,52.0
https://9takes.com/personality-analysis/Alexandria-Ocasio-Cortez,2025-11,4,386,1.04,6.0
https://9takes.com/personality-analysis/Chappell-Roan,2025-11,4,877,0.46,6.4
https://9takes.com/personality-analysis/Jackie-Kennedy,2025-11,4,209,1.91,3.2
https://9takes.com/personality-analysis/Justin-Bieber,2025-11,4,996,0.40,7.4
https://9takes.com/personality-analysis/Marilyn-Monroe,2025-11,4,836,0.48,9.0
https://9takes.com/personality-analysis/Nicole-Kidman,2025-11,4,367,1.09,5.8
https://9takes.com/personality-analysis/Olivia-Rodrigo,2025-11,4,1443,0.28,5.5
https://9takes.com/personality-analysis/Peter-Thiel,2025-11,4,453,0.88,7.5
https://9takes.com/personality-analysis/Prince-Harry,2025-11,4,910,0.44,5.4
https://9takes.com/personality-analysis/Ronald-Reagan,2025-11,4,300,1.33,8.8
https://9takes.com/personality-analysis/Ryan-Reynolds,2025-11,4,804,0.50,4.9
https://9takes.com/personality-analysis/type/4,2025-11,4,667,0.60,14.8
https://9takes.com/enneagram-corner/enneagram-therapy-guide,2025-11,3,52,5.77,7.7
https://9takes.com/enneagram-corner/enneagram-types-at-party,2025-11,3,57,5.26,10.6
https://9takes.com/enneagram-corner/first-impression-cheat-sheet,2025-11,3,89,3.37,6.3
https://9takes.com/personality-analysis/Dave-Portnoy,2025-11,3,518,0.58,5.4
https://9takes.com/personality-analysis/Halsey,2025-11,3,709,0.42,8.4
https://9takes.com/personality-analysis/Joaquin-Phoenix,2025-11,3,770,0.39,5.2
https://9takes.com/personality-analysis/Jon-Stewart,2025-11,3,452,0.66,5.0
https://9takes.com/personality-analysis/Kevin-Hart,2025-11,3,1186,0.25,3.2
https://9takes.com/personality-analysis/Kylie-Jenner,2025-11,3,954,0.31,7.8
https://9takes.com/personality-analysis/Nancy-Pelosi,2025-11,4,461,0.87,6.5
https://9takes.com/personality-analysis/Nikola-Tesla,2025-11,3,1247,0.24,9.2
https://9takes.com/personality-analysis/Paris-Hilton,2025-11,3,735,0.41,8.4
https://9takes.com/enneagram-corner,2025-11,2,34,5.88,30.3
https://9takes.com/enneagram-corner/enneagram-party-planner,2025-11,2,32,6.25,8.9
https://9takes.com/enneagram-corner/enneagram-type-7,2025-11,2,153,1.31,15.7
https://9takes.com/enneagram-corner/enneagram-types-and-career-choices,2025-11,2,493,0.41,40.1
https://9takes.com/enneagram-corner/mental-health/enneagram-science-mental-health,2025-11,2,687,0.29,11.9
https://9takes.com/enneagram-corner/personality-maxing,2025-11,2,107,1.87,8.2
https://9takes.com/personality-analysis/Adin-Ross,2025-11,2,314,0.64,8.7
https://9takes.com/personality-analysis/Alex-Cooper,2025-11,2,465,0.43,5.9
https://9takes.com/personality-analysis/Anne-Hathaway,2025-11,2,285,0.70,7.5
https://9takes.com/personality-analysis/Arnold-Schwarzenegger,2025-11,2,188,1.06,10.1
https://9takes.com/personality-analysis/Aubrey-Plaza,2025-11,2,1132,0.18,6.1
https://9takes.com/personality-analysis/Beyonce-Knowles,2025-11,2,757,0.26,8.2
https://9takes.com/personality-analysis/Billie-Eilish,2025-11,2,846,0.24,6.6
https://9takes.com/personality-analysis/Brad-Pitt,2025-11,2,857,0.23,7.6
https://9takes.com/personality-analysis/Demi-Lovato,2025-11,2,211,0.95,7.1
https://9takes.com/personality-analysis/Denzel-Washington,2025-11,2,691,0.29,6.3
https://9takes.com/personality-analysis/Druski,2025-11,2,488,0.41,7.1
https://9takes.com/personality-analysis/Elton-John,2025-11,2,198,1.01,8.2
https://9takes.com/personality-analysis/Eminem,2025-11,2,526,0.38,8.4
https://9takes.com/personality-analysis/Jeff-Bezos,2025-11,2,2167,0.09,8.1
https://9takes.com/personality-analysis/Joe-Rogan,2025-11,2,951,0.21,3.4
https://9takes.com/personality-analysis/John-F-Kennedy,2025-11,2,1380,0.14,8.3
https://9takes.com/personality-analysis/Johnny-Depp,2025-11,2,1368,0.15,6.8
https://9takes.com/personality-analysis/Khloe-Kardashian,2025-11,2,1363,0.15,6.0
https://9takes.com/personality-analysis/Kristen-Bell,2025-11,2,527,0.38,6.5
https://9takes.com/personality-analysis/Leonardo-DiCaprio,2025-11,2,459,0.44,9.9
https://9takes.com/personality-analysis/Mark-Zuckerberg,2025-11,2,2165,0.09,4.8
https://9takes.com/personality-analysis/Martin-Luther-King-Jr,2025-11,2,479,0.42,9.4
https://9takes.com/personality-analysis/Miles-Teller,2025-11,2,301,0.66,9.0
https://9takes.com/personality-analysis/Millie-Bobby-Brown,2025-11,2,501,0.40,10.2
https://9takes.com/personality-analysis/Palmer-Luckey,2025-11,2,287,0.70,7.4
https://9takes.com/personality-analysis/Robert-Downey-Jr,2025-11,2,752,0.27,9.3
https://9takes.com/personality-analysis/Ryan-Gosling,2025-11,2,1738,0.12,4.6
https://9takes.com/personality-analysis/Selena-Gomez,2025-11,2,1406,0.14,4.0
https://9takes.com/personality-analysis/Tom-Hanks,2025-11,2,780,0.26,5.5
https://9takes.com/personality-analysis/Tom-Holland,2025-11,2,596,0.34,8.9
https://9takes.com/personality-analysis/type/2,2025-11,2,395,0.51,15.2
https://9takes.com/personality-analysis/type/5,2025-11,2,81,2.47,17.5
https://9takes.com/personality-analysis/type/6,2025-11,2,414,0.48,19.5
https://9takes.com/enneagram-corner/enneagram-anxiety-complete-guide,2025-11,1,129,0.78,8.9
https://9takes.com/enneagram-corner/enneagram-anxiety-management-guide,2025-11,1,40,2.50,10.3
https://9takes.com/enneagram-corner/enneagram-criticisms,2025-11,1,75,1.33,17.2
https://9takes.com/enneagram-corner/enneagram-personal-growth,2025-11,1,83,1.20,23.6
https://9takes.com/enneagram-corner/enneagram-team-dynamics,2025-11,1,91,1.10,13.3
https://9takes.com/enneagram-corner/enneagram-type-2,2025-11,1,156,0.64,34.9
https://9takes.com/enneagram-corner/enneagram-type-9,2025-11,1,265,0.38,17.9
https://9takes.com/enneagram-corner/enneagram-types-working-in-teams,2025-11,1,195,0.51,20.2
https://9takes.com/enneagram-corner/enneagram-wings-complete-guide,2025-11,1,305,0.33,13.4
https://9takes.com/enneagram-corner/enneagram-workplace-team-building,2025-11,1,156,0.64,25.8
https://9takes.com/enneagram-corner/how-each-enneagram-flexes,2025-11,1,52,1.92,7.8
https://9takes.com/enneagram-corner/how-to-navigate-early-relationship-stages,2025-11,1,30,3.33,10.5
https://9takes.com/how-to-guides/productivity-systems-by-enneagram-type,2025-11,1,35,2.86,7.5
https://9takes.com/personality-analysis/Barack-Obama,2025-11,1,381,0.26,9.9
https://9takes.com/personality-analysis/Dwayne-Johnson,2025-11,1,977,0.10,8.0
https://9takes.com/personality-analysis/Ellen-Degeneres,2025-11,1,143,0.70,9.6
https://9takes.com/personality-analysis/Emma-Chamberlain,2025-11,1,115,0.87,9.6
https://9takes.com/personality-analysis/Emma-Watson,2025-11,1,2087,0.05,7.9
https://9takes.com/personality-analysis/Frida-Kahlo,2025-11,1,273,0.37,4.6
https://9takes.com/personality-analysis/George-H-W-Bush,2025-11,1,94,1.06,9.8
https://9takes.com/personality-analysis/George-W-Bush,2025-11,1,201,0.50,7.5
https://9takes.com/personality-analysis/Grimes,2025-11,1,294,0.34,7.6
https://9takes.com/personality-analysis/Henry-Cavill,2025-11,1,842,0.12,7.1
https://9takes.com/personality-analysis/Jennifer-Lopez,2025-11,1,102,0.98,8.9
https://9takes.com/personality-analysis/Joe-Biden,2025-11,1,114,0.88,6.2
https://9takes.com/personality-analysis/Kanye,2025-11,1,413,0.24,8.7
https://9takes.com/personality-analysis/Kim-Kardashian,2025-11,1,858,0.12,7.0
https://9takes.com/personality-analysis/Lana-Del-Rey,2025-11,1,1073,0.09,4.6
https://9takes.com/personality-analysis/Michelle-Obama,2025-11,1,1048,0.10,9.8
https://9takes.com/personality-analysis/Mikey-Madison,2025-11,1,291,0.34,8.8
https://9takes.com/personality-analysis/Miley-Cyrus,2025-11,1,726,0.14,8.6
https://9takes.com/personality-analysis/Natalie-Portman,2025-11,1,298,0.34,9.1
https://9takes.com/personality-analysis/Oprah-Winfrey,2025-11,1,640,0.16,8.2
https://9takes.com/personality-analysis/Pete-Davidson,2025-11,1,170,0.59,8.2
https://9takes.com/personality-analysis/Prince,2025-11,1,499,0.20,8.2
https://9takes.com/personality-analysis/Rihanna,2025-11,1,405,0.25,9.2
https://9takes.com/personality-analysis/Rooney-Mara,2025-11,1,110,0.91,7.3
https://9takes.com/personality-analysis/Sabrina-Carpenter,2025-11,1,2906,0.03,6.3
https://9takes.com/personality-analysis/Taylor-Swift,2025-11,1,410,0.24,10.9
https://9takes.com/personality-analysis/Tom-Cruise,2025-11,1,382,0.26,9.9
https://9takes.com/personality-analysis/Trevor-Noah,2025-11,1,285,0.35,8.8
https://9takes.com/personality-analysis/Zoe-Kravitz,2025-11,1,230,0.43,6.7
https://9takes.com/about,2025-11,0,20,0.00,3.4
https://9takes.com/blog,2025-11,0,24,0.00,2.6
https://9takes.com/book-session,2025-11,0,5,0.00,6.0
https://9takes.com/community,2025-11,0,13,0.00,4.3
https://9takes.com/community/consensus-on-human-nature,2025-11,0,2,0.00,18.5
https://9takes.com/community/mbti-vs-enneagram,2025-11,0,2,0.00,5.5
https://9takes.com/community/reddit-deep-connections-limitations,2025-11,0,1,0.00,5.0
https://9takes.com/community/software-and-hardware-of-the-mind,2025-11,0,436,0.00,8.8
https://9takes.com/community/what-winning-online-arguments-looks-like,2025-11,0,2,0.00,8.0
https://9takes.com/community/why-im-selective-sharing-enneagram,2025-11,0,8,0.00,13.0
https://9takes.com/enneagram-corner/90-day-personality-maxing-blueprint,2025-11,0,9,0.00,8.1
https://9takes.com/enneagram-corner/beginners-guide-to-determining-your-enneagram-type,2025-11,0,47,0.00,16.9
https://9takes.com/enneagram-corner/enneagram-books-websites-podcasts,2025-11,0,3,0.00,7.7
https://9takes.com/enneagram-corner/enneagram-childhood-stereotypes,2025-11,0,119,0.00,16.3
https://9takes.com/enneagram-corner/enneagram-communication-guide,2025-11,0,12,0.00,8.3
https://9takes.com/enneagram-corner/enneagram-communication-tips,2025-11,0,32,0.00,20.0
https://9takes.com/enneagram-corner/enneagram-concepts,2025-11,0,21,0.00,17.9
https://9takes.com/enneagram-corner/enneagram-connecting-lines,2025-11,0,70,0.00,19.3
https://9takes.com/enneagram-corner/enneagram-crisis-management-guide,2025-11,0,7,0.00,6.9
https://9takes.com/enneagram-corner/enneagram-dating-guide-for-women,2025-11,0,8,0.00,7.5
https://9takes.com/enneagram-corner/enneagram-faqs,2025-11,0,30,0.00,19.7
https://9takes.com/enneagram-corner/enneagram-influences,2025-11,0,58,0.00,11.3
https://9takes.com/enneagram-corner/enneagram-parenting-mental-health,2025-11,0,3,0.00,10.3
https://9takes.com/enneagram-corner/enneagram-positive-self-talk,2025-11,0,1,0.00,49.0
https://9takes.com/enneagram-corner/enneagram-science-mental-health,2025-11,0,8,0.00,7.3
https://9takes.com/enneagram-corner/enneagram-self-development,2025-11,0,8,0.00,21.8
https://9takes.com/enneagram-corner/enneagram-stress-number,2025-11,0,33,0.00,44.0
https://9takes.com/enneagram-corner/enneagram-team-diversity,2025-11,0,16,0.00,12.9
https://9takes.com/enneagram-corner/enneagram-tldr,2025-11,0,497,0.00,46.1
https://9takes.com/enneagram-corner/enneagram-trauma-response-guide,2025-11,0,25,0.00,8.2
https://9takes.com/enneagram-corner/enneagram-type-3,2025-11,0,258,0.00,55.6
https://9takes.com/enneagram-corner/enneagram-vs-meyers-briggs,2025-11,0,173,0.00,26.6
https://9takes.com/enneagram-corner/first-impression-enneagram-playbook,2025-11,0,7,0.00,12.1
https://9takes.com/enneagram-corner/how-each-enneagram-type-unwinds,2025-11,0,11,0.00,7.5
https://9takes.com/enneagram-corner/love-languages-and-enneagram-types,2025-11,0,158,0.00,8.4
https://9takes.com/enneagram-corner/mental-health/enneagram-addiction-recovery-guide,2025-11,0,32,0.00,7.3
https://9takes.com/enneagram-corner/mental-health/enneagram-anxiety-complete-guide,2025-11,0,6,0.00,5.3
https://9takes.com/enneagram-corner/mental-health/enneagram-crisis-management-guide,2025-11,0,2,0.00,5.0
https://9takes.com/enneagram-corner/mental-health/enneagram-medication-mental-health,2025-11,0,15,0.00,5.6
https://9takes.com/enneagram-corner/mental-health/enneagram-trauma-response-guide,2025-11,0,106,0.00,8.6
https://9takes.com/enneagram-corner/mental-health/enneagram-workplace-mental-health,2025-11,0,4,0.00,6.3
https://9takes.com/enneagram-corner/philosophy-psychology-and-the-enneagram,2025-11,0,58,0.00,10.5
https://9takes.com/enneagram-corner/relationship-communication-guide,2025-11,0,120,0.00,11.4
https://9takes.com/enneagram-corner/shadow-work-by-enneagram-type,2025-11,0,3,0.00,8.7
https://9takes.com/enneagram-corner/subtopic/development,2025-11,0,4,0.00,20.3
https://9takes.com/enneagram-corner/subtopic/nine-types,2025-11,0,76,0.00,50.1
https://9takes.com/enneagram-corner/subtopic/overview,2025-11,0,3,0.00,4.0
https://9takes.com/enneagram-corner/subtopic/relationships,2025-11,0,4,0.00,7.0
https://9takes.com/enneagram-corner/subtopic/resources,2025-11,0,3,0.00,4.0
https://9takes.com/enneagram-corner/subtopic/situational,2025-11,0,22,0.00,11.6
https://9takes.com/how-to-guides,2025-11,0,5,0.00,2.0
https://9takes.com/how-to-guides/5-tough-conversations-you-need-to-have-with-your-partner,2025-11,0,64,0.00,27.0
https://9takes.com/how-to-guides/dating-dynamics-by-enneagram-type,2025-11,0,10,0.00,14.8
https://9takes.com/how-to-guides/definitive-guide-to-relationship-conflict-part-1,2025-11,0,20,0.00,7.7
https://9takes.com/how-to-guides/how-to-psychoanalyze-people,2025-11,0,4,0.00,6.5
https://9takes.com/how-to-guides/the-crash-course-on-emotions-that-we-missed-in-kindergarten,2025-11,0,3,0.00,6.0
https://9takes.com/how-to-guides/ultimate-guide-to-active-listening,2025-11,0,6,0.00,6.5
https://9takes.com/how-to-guides/using-the-enneagram-for-self-development,2025-11,0,74,0.00,24.0
https://9takes.com/personality-analysis,2025-11,0,88,0.00,16.5
https://9takes.com/personality-analysis/Amber-Heard,2025-11,0,133,0.00,9.5
https://9takes.com/personality-analysis/Bernie-Sanders,2025-11,0,139,0.00,8.4
https://9takes.com/personality-analysis/Bill-Gates,2025-11,0,625,0.00,9.4
https://9takes.com/personality-analysis/Casey-Neistat,2025-11,0,71,0.00,12.4
https://9takes.com/personality-analysis/Charlie-Puth,2025-11,0,211,0.00,3.7
https://9takes.com/personality-analysis/Chelsea-Handler,2025-11,0,149,0.00,7.5
https://9takes.com/personality-analysis/Dave-Chappelle,2025-11,0,89,0.00,10.3
https://9takes.com/personality-analysis/David-Dobrik,2025-11,0,32,0.00,17.2
https://9takes.com/personality-analysis/David-Sacks,2025-11,0,11,0.00,8.1
https://9takes.com/personality-analysis/Doechii,2025-11,0,128,0.00,9.1
https://9takes.com/personality-analysis/Donald-Trump,2025-11,0,209,0.00,8.0
https://9takes.com/personality-analysis/Emily-Ratajkowski,2025-11,0,77,0.00,6.7
https://9takes.com/personality-analysis/Harry-Styles,2025-11,0,274,0.00,11.8
https://9takes.com/personality-analysis/Hillary-Clinton,2025-11,0,67,0.00,12.3
https://9takes.com/personality-analysis/Jack-Dorsey,2025-11,0,106,0.00,5.0
https://9takes.com/personality-analysis/Jake-Paul,2025-11,0,108,0.00,8.8
https://9takes.com/personality-analysis/Jason-Calacanis,2025-11,0,8,0.00,12.8
https://9takes.com/personality-analysis/Jenna-Ortega,2025-11,0,1301,0.00,9.3
https://9takes.com/personality-analysis/Jennifer-Garner,2025-11,0,105,0.00,7.0
https://9takes.com/personality-analysis/Jimmy-Carter,2025-11,0,135,0.00,5.6
https://9takes.com/personality-analysis/Kamala-Harris,2025-11,0,179,0.00,8.4
https://9takes.com/personality-analysis/Katy-Perry,2025-11,0,481,0.00,7.7
https://9takes.com/personality-analysis/Kendrick-Lamar,2025-11,0,292,0.00,10.6
https://9takes.com/personality-analysis/Lady-Gaga,2025-11,0,452,0.00,3.4
https://9takes.com/personality-analysis/Lex-Fridman,2025-11,0,620,0.00,5.3
https://9takes.com/personality-analysis/Logan-Paul,2025-11,0,175,0.00,12.0
https://9takes.com/personality-analysis/Meryl-Streep,2025-11,0,460,0.00,6.1
https://9takes.com/personality-analysis/Mr-Rogers,2025-11,0,106,0.00,8.7
https://9takes.com/personality-analysis/Nancy-Reagan,2025-11,0,68,0.00,7.8
https://9takes.com/personality-analysis/Paul-Graham,2025-11,0,36,0.00,8.9
https://9takes.com/personality-analysis/Robert-Oppenheimer,2025-11,0,69,0.00,10.5
https://9takes.com/personality-analysis/Ruth-Bader-Ginsburg,2025-11,0,91,0.00,11.7
https://9takes.com/personality-analysis/Saoirse-Ronan,2025-11,0,77,0.00,8.5
https://9takes.com/personality-analysis/Shia-LaBeouf,2025-11,0,53,0.00,8.5
https://9takes.com/personality-analysis/Steve-Jobs,2025-11,0,986,0.00,11.0
https://9takes.com/personality-analysis/Travis-Scott,2025-11,0,602,0.00,6.4
https://9takes.com/personality-analysis/Will-Smith,2025-11,0,718,0.00,8.2
https://9takes.com/personality-analysis/Zendaya,2025-11,0,1322,0.00,5.7
https://9takes.com/personality-analysis/type/3,2025-11,0,243,0.00,10.5
https://9takes.com/personality-analysis/type/7,2025-11,0,169,0.00,17.8
https://9takes.com/personality-analysis/type/8,2025-11,0,471,0.00,16.4
https://9takes.com/pop-culture,2025-11,0,2,0.00,10.0
https://9takes.com/pop-culture/dark-triad-meets-enneagram,2025-11,0,37,0.00,7.0
https://9takes.com/questions,2025-11,0,13,0.00,2.5
https://9takes.com/questions/whats-your-biggest-fear,2025-11,0,2,0.00,50.0
https://9takes.com/types/8s/IShowSpeed.webp,2025-11,0,1,0.00,16.0
https://9takes.com/types/9s/Pete-Davidson.webp,2025-11,0,1,0.00,23.0
https://9takes.com/enneagram-corner/enneagram-and-mental-illness,2025-12,178,8334,2.14,7.0
https://9takes.com/enneagram-corner/astrology-and-the-enneagram,2025-12,44,6160,0.71,8.6
https://9takes.com/enneagram-corner/enneagram-instinctual-subtypes,2025-12,40,3537,1.13,12.1
https://9takes.com/enneagram-corner/toxic-traits-of-each-enneagram-type,2025-12,33,2344,1.41,9.1
https://9takes.com/enneagram-corner/mental-health/enneagram-neurodivergence-guide,2025-12,26,1041,2.50,8.4
https://9takes.com/personality-analysis/Elon-Musk,2025-12,24,22131,0.11,4.6
https://9takes.com/personality-analysis/Emma-Watson,2025-12,24,7972,0.30,3.7
https://9takes.com/enneagram-corner/biggest-compliments-to-give-each-enneagram-type,2025-12,18,882,2.04,4.6
https://9takes.com/enneagram-corner/depression-patterns-by-enneagram-type,2025-12,18,532,3.38,9.0
https://9takes.com/enneagram-corner/enneagram-compatibility-matrix,2025-12,16,1636,0.98,11.9
https://9takes.com/personality-analysis/Sydney-Sweeney,2025-12,17,2487,0.68,8.3
https://9takes.com/personality-analysis/Meghan-Markle,2025-12,14,2993,0.47,4.6
https://9takes.com/enneagram-corner/enneagram-medication-mental-health,2025-12,12,507,2.37,2.6
https://9takes.com/enneagram-corner/toxic-traits-relationships-warning-signs,2025-12,11,718,1.53,8.5
https://9takes.com/personality-analysis/Dua-Lipa,2025-12,11,2194,0.50,5.2
https://9takes.com/,2025-12,10,358,2.79,4.0
https://9takes.com/personality-analysis/Timothee-Chalamet,2025-12,10,1560,0.64,6.5
https://9takes.com/enneagram-corner/enneagram-test-comparison-2025,2025-12,9,2229,0.40,19.6
https://9takes.com/enneagram-corner/enneagram-types-in-relationships,2025-12,9,477,1.89,30.6
https://9takes.com/enneagram-corner/enneagram-wings-complete-guide,2025-12,9,1184,0.76,12.1
https://9takes.com/personality-analysis/Mark-Zuckerberg,2025-12,9,3183,0.28,5.3
https://9takes.com/personality-analysis/Sam-Altman,2025-12,9,1268,0.71,5.0
https://9takes.com/enneagram-corner/enneagram-type-8,2025-12,8,297,2.69,16.7
https://9takes.com/personality-analysis/Agatha-Christie,2025-12,8,1029,0.78,6.3
https://9takes.com/personality-analysis/Billie-Eilish,2025-12,8,2977,0.27,4.7
https://9takes.com/personality-analysis/Bob-Dylan,2025-12,8,2330,0.34,7.5
https://9takes.com/personality-analysis/Kourtney-Kardashian,2025-12,8,1736,0.46,5.8
https://9takes.com/personality-analysis/Zendaya,2025-12,8,1311,0.61,6.8
https://9takes.com/personality-analysis/type/9,2025-12,8,1101,0.73,12.3
https://9takes.com/enneagram-corner/how-each-enneagram-type-manipulates,2025-12,7,142,4.93,6.9
https://9takes.com/personality-analysis/Jackie-Kennedy,2025-12,7,413,1.69,3.3
https://9takes.com/personality-analysis/Jennifer-Lopez,2025-12,7,1566,0.45,5.0
https://9takes.com/enneagram-corner/attachment-styles-and-enneagram-types,2025-12,6,921,0.65,9.8
https://9takes.com/enneagram-corner/enneagram-and-adhd-which-types-struggle-most,2025-12,6,136,4.41,7.2
https://9takes.com/enneagram-corner/enneagram-communication-styles,2025-12,6,215,2.79,12.0
https://9takes.com/enneagram-corner/enneagram-types-at-party,2025-12,6,247,2.43,9.1
https://9takes.com/enneagram-corner/neurodiversity-vs-personality,2025-12,6,261,2.30,7.6
https://9takes.com/personality-analysis/Eminem,2025-12,6,677,0.89,8.4
https://9takes.com/personality-analysis/IShowSpeed,2025-12,6,4226,0.14,6.1
https://9takes.com/personality-analysis/Jimmy-Fallon,2025-12,6,2552,0.24,2.7
https://9takes.com/personality-analysis/John-F-Kennedy,2025-12,6,1057,0.57,6.2
https://9takes.com/personality-analysis/Margot-Robbie,2025-12,6,936,0.64,5.5
https://9takes.com/personality-analysis/Nicole-Kidman,2025-12,6,568,1.06,5.7
https://9takes.com/personality-analysis/Robert-Pattinson,2025-12,6,603,1.00,6.0
https://9takes.com/personality-analysis/Ryan-Reynolds,2025-12,6,1051,0.57,4.5
https://9takes.com/enneagram-corner/enneagram-addiction-recovery-guide,2025-12,5,373,1.34,8.9
https://9takes.com/enneagram-corner/enneagram-mental-health-flags,2025-12,5,321,1.56,7.8
https://9takes.com/enneagram-corner/enneagram-type-4,2025-12,5,822,0.61,52.2
https://9takes.com/enneagram-corner/enneagram-types-on-a-first-date,2025-12,5,177,2.82,12.9
https://9takes.com/enneagram-corner/how-to-apologize-like-a-pro,2025-12,5,238,2.10,7.4
https://9takes.com/personality-analysis/Druski,2025-12,5,1014,0.49,7.5
https://9takes.com/personality-analysis/Jake-Paul,2025-12,5,493,1.01,8.5
https://9takes.com/personality-analysis/Kai-Cenat,2025-12,5,1797,0.28,5.2
https://9takes.com/personality-analysis/Madison-Beer,2025-12,5,1213,0.41,4.1
https://9takes.com/personality-analysis/Marilyn-Monroe,2025-12,5,778,0.64,9.9
https://9takes.com/personality-analysis/Mr-Beast,2025-12,5,820,0.61,8.1
https://9takes.com/personality-analysis/Palmer-Luckey,2025-12,5,1329,0.38,6.8
https://9takes.com/personality-analysis/Ronald-Reagan,2025-12,5,461,1.08,7.6
https://9takes.com/personality-analysis/Tom-Hardy,2025-12,5,1277,0.39,5.9
https://9takes.com/personality-analysis/Zayn-Malik,2025-12,5,1764,0.28,4.5
https://9takes.com/enneagram-corner/enneagram-dating-guide-for-men,2025-12,4,107,3.74,10.3
https://9takes.com/enneagram-corner/enneagram-type-7,2025-12,4,268,1.49,14.0
https://9takes.com/enneagram-corner/enneagram-types-being-ghosted,2025-12,4,82,4.88,13.3
https://9takes.com/personality-analysis/Brad-Pitt,2025-12,4,855,0.47,7.4
https://9takes.com/personality-analysis/Hugh-Jackman,2025-12,4,1508,0.27,4.4
https://9takes.com/personality-analysis/Joe-Rogan,2025-12,4,1116,0.36,3.5
https://9takes.com/personality-analysis/Prince-Harry,2025-12,4,1015,0.39,5.4
https://9takes.com/personality-analysis/Ryan-Gosling,2025-12,4,1269,0.32,4.6
https://9takes.com/personality-analysis/Sabrina-Carpenter,2025-12,4,4261,0.09,5.3
https://9takes.com/personality-analysis/Steve-Jobs,2025-12,4,1279,0.31,11.8
https://9takes.com/personality-analysis/Winston-Churchill,2025-12,4,1164,0.34,3.3
https://9takes.com/enneagram-corner/enneagram-strengths-and-weaknesses,2025-12,3,1017,0.29,9.5
https://9takes.com/enneagram-corner/enneagram-type-5,2025-12,3,483,0.62,13.5
https://9takes.com/enneagram-corner/enneagram-type-9,2025-12,3,314,0.96,20.8
https://9takes.com/enneagram-corner/mental-health/enneagram-science-mental-health,2025-12,3,971,0.31,10.2
https://9takes.com/personality-analysis/Cillian-Murphy,2025-12,3,1164,0.26,8.7
https://9takes.com/personality-analysis/Drake,2025-12,3,2832,0.11,6.9
https://9takes.com/personality-analysis/Jenna-Ortega,2025-12,3,1331,0.23,8.3
https://9takes.com/personality-analysis/Lana-Del-Rey,2025-12,3,694,0.43,6.1
https://9takes.com/personality-analysis/Logan-Paul,2025-12,3,268,1.12,8.4
https://9takes.com/personality-analysis/Scarlett-Johansson,2025-12,3,312,0.96,8.6
https://9takes.com/personality-analysis/Tom-Hiddleston,2025-12,3,1650,0.18,3.7
https://9takes.com/personality-analysis/Trevor-Noah,2025-12,3,422,0.71,7.9
https://9takes.com/personality-analysis/type/4,2025-12,3,423,0.71,21.8
https://9takes.com/enneagram-corner,2025-12,2,35,5.71,15.7
https://9takes.com/enneagram-corner/beginners-guide-to-determining-your-enneagram-type,2025-12,2,116,1.72,25.6
https://9takes.com/enneagram-corner/enneagram-and-religion,2025-12,2,338,0.59,13.9
https://9takes.com/enneagram-corner/enneagram-science-mental-health,2025-12,2,453,0.44,17.8
https://9takes.com/enneagram-corner/enneagram-tldr,2025-12,2,882,0.23,55.8
https://9takes.com/enneagram-corner/enneagram-type-6,2025-12,2,250,0.80,18.0
https://9takes.com/enneagram-corner/enneagram-types-in-stress,2025-12,2,433,0.46,15.2
https://9takes.com/enneagram-corner/enneagram-types-working-in-teams,2025-12,2,342,0.58,52.9
https://9takes.com/enneagram-corner/first-impression-cheat-sheet,2025-12,2,86,2.33,7.4
https://9takes.com/enneagram-corner/how-each-enneagram-flexes,2025-12,2,56,3.57,9.6
https://9takes.com/enneagram-corner/why-you-cant-stop-overthinking-enneagram,2025-12,2,78,2.56,3.8
https://9takes.com/personality-analysis/Anya-Taylor-Joy,2025-12,2,855,0.23,6.6
https://9takes.com/personality-analysis/Aubrey-Plaza,2025-12,2,871,0.23,6.9
https://9takes.com/personality-analysis/Chappell-Roan,2025-12,2,820,0.24,7.1
https://9takes.com/personality-analysis/Charlie-Puth,2025-12,2,256,0.78,3.7
https://9takes.com/personality-analysis/Demi-Lovato,2025-12,2,161,1.24,7.4
https://9takes.com/personality-analysis/Donald-Trump,2025-12,2,200,1.00,7.1
https://9takes.com/personality-analysis/Dwayne-Johnson,2025-12,2,588,0.34,9.0
https://9takes.com/personality-analysis/Emma-Chamberlain,2025-12,2,160,1.25,9.2
https://9takes.com/personality-analysis/Greta-Thunberg,2025-12,2,86,2.33,8.0
https://9takes.com/personality-analysis/Joaquin-Phoenix,2025-12,2,1012,0.20,4.4
https://9takes.com/personality-analysis/Kevin-Hart,2025-12,2,1990,0.10,2.9
https://9takes.com/personality-analysis/Khloe-Kardashian,2025-12,2,1576,0.13,6.7
https://9takes.com/personality-analysis/Kim-Kardashian,2025-12,2,1551,0.13,5.1
https://9takes.com/personality-analysis/Miles-Teller,2025-12,2,283,0.71,8.9
https://9takes.com/personality-analysis/Nikola-Tesla,2025-12,2,1120,0.18,9.1
https://9takes.com/personality-analysis/Olivia-Rodrigo,2025-12,2,1388,0.14,6.7
https://9takes.com/personality-analysis/Rooney-Mara,2025-12,2,240,0.83,7.2
https://9takes.com/personality-analysis/Tina-Fey,2025-12,2,238,0.84,8.4
https://9takes.com/personality-analysis/Tom-Hanks,2025-12,2,736,0.27,4.6
https://9takes.com/personality-analysis/Tucker-Carlson,2025-12,2,63,3.17,6.6
https://9takes.com/personality-analysis/type/6,2025-12,2,275,0.73,24.9
https://9takes.com/about,2025-12,1,26,3.85,2.7
https://9takes.com/blog,2025-12,1,26,3.85,3.3
https://9takes.com/enneagram-corner/enneagram-anxiety-complete-guide,2025-12,1,224,0.45,10.9
https://9takes.com/enneagram-corner/enneagram-anxiety-management-guide,2025-12,1,50,2.00,9.5
https://9takes.com/enneagram-corner/enneagram-childhood-stereotypes,2025-12,1,113,0.88,17.9
https://9takes.com/enneagram-corner/enneagram-communication-tips,2025-12,1,141,0.71,9.6
https://9takes.com/enneagram-corner/enneagram-connecting-lines,2025-12,1,143,0.70,15.2
https://9takes.com/enneagram-corner/enneagram-crisis-management-guide,2025-12,1,62,1.61,9.7
https://9takes.com/enneagram-corner/enneagram-criticisms,2025-12,1,62,1.61,17.2
https://9takes.com/enneagram-corner/enneagram-party-planner,2025-12,1,41,2.44,26.7
https://9takes.com/enneagram-corner/enneagram-types-and-career-choices,2025-12,1,984,0.10,36.5
https://9takes.com/enneagram-corner/enneagram-vs-meyers-briggs,2025-12,1,325,0.31,31.0
https://9takes.com/enneagram-corner/how-each-enneagram-type-unwinds,2025-12,1,35,2.86,12.8
https://9takes.com/enneagram-corner/love-languages-and-enneagram-types,2025-12,1,28,3.57,11.0
https://9takes.com/enneagram-corner/mental-health/enneagram-trauma-response-guide,2025-12,1,68,1.47,8.6
https://9takes.com/enneagram-corner/personality-maxing,2025-12,1,26,3.85,7.3
https://9takes.com/enneagram-corner/philosophy-psychology-and-the-enneagram,2025-12,1,35,2.86,9.4
https://9takes.com/enneagram-corner/subtopic/nine-types,2025-12,1,15,6.67,43.1
https://9takes.com/how-to-guides/5-tough-conversations-you-need-to-have-with-your-partner,2025-12,1,113,0.88,32.1
https://9takes.com/personality-analysis,2025-12,1,102,0.98,17.6
https://9takes.com/personality-analysis/Adin-Ross,2025-12,1,518,0.19,7.6
https://9takes.com/personality-analysis/Amy-Poehler,2025-12,1,136,0.74,6.3
https://9takes.com/personality-analysis/Arnold-Schwarzenegger,2025-12,1,373,0.27,8.2
https://9takes.com/personality-analysis/Barack-Obama,2025-12,1,329,0.30,8.6
https://9takes.com/personality-analysis/Beyonce-Knowles,2025-12,1,612,0.16,9.0
https://9takes.com/personality-analysis/Blake-Lively,2025-12,1,386,0.26,5.4
https://9takes.com/personality-analysis/Casey-Neistat,2025-12,1,79,1.27,14.9
https://9takes.com/personality-analysis/Dave-Portnoy,2025-12,1,323,0.31,8.8
https://9takes.com/personality-analysis/Denzel-Washington,2025-12,1,487,0.21,7.9
https://9takes.com/personality-analysis/Elton-John,2025-12,1,178,0.56,7.6
https://9takes.com/personality-analysis/Frida-Kahlo,2025-12,1,186,0.54,5.0
https://9takes.com/personality-analysis/Friedrich-Nietzsche,2025-12,1,493,0.20,7.8
https://9takes.com/personality-analysis/Grimes,2025-12,1,508,0.20,10.1
https://9takes.com/personality-analysis/Hailey-Bieber,2025-12,1,110,0.91,8.7
https://9takes.com/personality-analysis/Halsey,2025-12,1,689,0.15,7.8
https://9takes.com/personality-analysis/Jack-Dorsey,2025-12,1,252,0.40,4.3
https://9takes.com/personality-analysis/Jennifer-Garner,2025-12,1,272,0.37,7.5
https://9takes.com/personality-analysis/Jerad-Leto,2025-12,1,227,0.44,4.4
https://9takes.com/personality-analysis/Justin-Trudeau,2025-12,1,25,4.00,7.3
https://9takes.com/personality-analysis/Kamala-Harris,2025-12,1,112,0.89,6.8
https://9takes.com/personality-analysis/Kanye,2025-12,1,789,0.13,9.9
https://9takes.com/personality-analysis/Keanu-Reeves,2025-12,1,1093,0.09,9.7
https://9takes.com/personality-analysis/Kylie-Jenner,2025-12,1,1022,0.10,8.5
https://9takes.com/personality-analysis/Lady-Gaga,2025-12,1,689,0.15,4.7
https://9takes.com/personality-analysis/Matthew-McConaughey,2025-12,1,412,0.24,2.6
https://9takes.com/personality-analysis/Miley-Cyrus,2025-12,1,861,0.12,8.6
https://9takes.com/personality-analysis/Millie-Bobby-Brown,2025-12,1,708,0.14,8.2
https://9takes.com/personality-analysis/Nancy-Pelosi,2025-12,1,167,0.60,7.0
https://9takes.com/personality-analysis/Pete-Davidson,2025-12,1,295,0.34,8.1
https://9takes.com/personality-analysis/Peter-Thiel,2025-12,1,584,0.17,6.2
https://9takes.com/personality-analysis/Princess-Diana,2025-12,1,37,2.70,10.4
https://9takes.com/personality-analysis/Rihanna,2025-12,1,389,0.26,9.0
https://9takes.com/personality-analysis/Selena-Gomez,2025-12,1,1121,0.09,6.4
https://9takes.com/personality-analysis/Tom-Cruise,2025-12,1,399,0.25,9.5
https://9takes.com/personality-analysis/Tom-Holland,2025-12,1,807,0.12,7.4
https://9takes.com/personality-analysis/Vladimir-Putin,2025-12,1,121,0.83,7.4
https://9takes.com/personality-analysis/Xi-Jinping,2025-12,1,339,0.29,6.4
https://9takes.com/personality-analysis/type/1,2025-12,1,412,0.24,43.4
https://9takes.com/personality-analysis/type/2,2025-12,1,528,0.19,20.8
https://9takes.com/personality-analysis/type/7,2025-12,1,199,0.50,15.7
https://9takes.com/personality-analysis/type/8,2025-12,1,332,0.30,14.2
https://9takes.com/book-session,2025-12,0,3,0.00,7.0
https://9takes.com/community,2025-12,0,18,0.00,2.6
https://9takes.com/community/consensus-on-human-nature,2025-12,0,2,0.00,10.0
https://9takes.com/community/mbti-vs-enneagram,2025-12,0,5,0.00,9.4
https://9takes.com/community/reddit-deep-connections-limitations,2025-12,0,3,0.00,4.0
https://9takes.com/community/what-winning-online-arguments-looks-like,2025-12,0,2,0.00,12.0
https://9takes.com/community/why-im-selective-sharing-enneagram,2025-12,0,8,0.00,15.5
https://9takes.com/enneagram-corner/90-day-personality-maxing-blueprint,2025-12,0,9,0.00,9.9
https://9takes.com/enneagram-corner/enneagram-books-websites-podcasts,2025-12,0,2,0.00,66.0
https://9takes.com/enneagram-corner/enneagram-communication-guide,2025-12,0,25,0.00,9.2
https://9takes.com/enneagram-corner/enneagram-concepts,2025-12,0,14,0.00,9.8
https://9takes.com/enneagram-corner/enneagram-dating-guide-for-women,2025-12,0,13,0.00,11.6
https://9takes.com/enneagram-corner/enneagram-faqs,2025-12,0,8,0.00,15.4
https://9takes.com/enneagram-corner/enneagram-influences,2025-12,0,60,0.00,30.0
https://9takes.com/enneagram-corner/enneagram-parenting-mental-health,2025-12,0,26,0.00,8.4
https://9takes.com/enneagram-corner/enneagram-personal-growth,2025-12,0,116,0.00,21.9
https://9takes.com/enneagram-corner/enneagram-self-development,2025-12,0,26,0.00,18.3
https://9takes.com/enneagram-corner/enneagram-stress-number,2025-12,0,120,0.00,41.1
https://9takes.com/enneagram-corner/enneagram-team-diversity,2025-12,0,26,0.00,68.9
https://9takes.com/enneagram-corner/enneagram-team-dynamics,2025-12,0,180,0.00,35.9
https://9takes.com/enneagram-corner/enneagram-therapy-guide,2025-12,0,2,0.00,27.5
https://9takes.com/enneagram-corner/enneagram-trauma-response-guide,2025-12,0,42,0.00,9.6
https://9takes.com/enneagram-corner/enneagram-type-1,2025-12,0,175,0.00,17.2
https://9takes.com/enneagram-corner/enneagram-type-2,2025-12,0,116,0.00,21.5
https://9takes.com/enneagram-corner/enneagram-type-3,2025-12,0,465,0.00,55.7
https://9takes.com/enneagram-corner/enneagram-workplace-team-building,2025-12,0,327,0.00,45.2
https://9takes.com/enneagram-corner/first-impression-enneagram-playbook,2025-12,0,17,0.00,13.5
https://9takes.com/enneagram-corner/how-each-enneagram-type-self-sabotages-success,2025-12,0,53,0.00,7.4
https://9takes.com/enneagram-corner/how-to-navigate-early-relationship-stages,2025-12,0,27,0.00,18.8
https://9takes.com/enneagram-corner/mental-health/enneagram-workplace-mental-health,2025-12,0,26,0.00,95.3
https://9takes.com/enneagram-corner/oversharing-psychology-shame-boundaries,2025-12,0,46,0.00,9.9
https://9takes.com/enneagram-corner/red-flags-dating-each-enneagram-type,2025-12,0,60,0.00,9.2
https://9takes.com/enneagram-corner/relationship-communication-guide,2025-12,0,98,0.00,20.1
https://9takes.com/enneagram-corner/subtopic/development,2025-12,0,3,0.00,12.0
https://9takes.com/enneagram-corner/subtopic/overview,2025-12,0,3,0.00,10.0
https://9takes.com/enneagram-corner/subtopic/relationships,2025-12,0,10,0.00,66.7
https://9takes.com/enneagram-corner/subtopic/resources,2025-12,0,1,0.00,2.0
https://9takes.com/enneagram-corner/subtopic/situational,2025-12,0,17,0.00,14.9
https://9takes.com/how-to-guides,2025-12,0,4,0.00,6.3
https://9takes.com/how-to-guides/dating-dynamics-by-enneagram-type,2025-12,0,13,0.00,8.9
https://9takes.com/how-to-guides/definitive-guide-to-relationship-conflict-part-1,2025-12,0,6,0.00,6.5
https://9takes.com/how-to-guides/how-to-psychoanalyze-people,2025-12,0,3,0.00,10.3
https://9takes.com/how-to-guides/productivity-systems-by-enneagram-type,2025-12,0,1,0.00,4.0
https://9takes.com/how-to-guides/the-crash-course-on-emotions-that-we-missed-in-kindergarten,2025-12,0,1,0.00,8.0
https://9takes.com/how-to-guides/ultimate-guide-to-active-listening,2025-12,0,8,0.00,7.9
https://9takes.com/how-to-guides/using-the-enneagram-for-self-development,2025-12,0,47,0.00,22.2
https://9takes.com/personality-analysis/Abraham-Lincoln,2025-12,0,28,0.00,11.0
https://9takes.com/personality-analysis/Alex-Cooper,2025-12,0,323,0.00,7.5
https://9takes.com/personality-analysis/Alexandria-Ocasio-Cortez,2025-12,0,283,0.00,7.6
https://9takes.com/personality-analysis/Alexis-Bledel,2025-12,0,134,0.00,3.7
https://9takes.com/personality-analysis/Amber-Heard,2025-12,0,89,0.00,11.4
https://9takes.com/personality-analysis/Andrew-Huberman,2025-12,0,12,0.00,7.5
https://9takes.com/personality-analysis/Anne-Hathaway,2025-12,0,237,0.00,7.7
https://9takes.com/personality-analysis/Ariana-Grande,2025-12,0,594,0.00,10.7
https://9takes.com/personality-analysis/Ashby,2025-12,0,42,0.00,8.6
https://9takes.com/personality-analysis/Bad-Bunny,2025-12,0,49,0.00,9.5
https://9takes.com/personality-analysis/Bernie-Sanders,2025-12,0,73,0.00,7.9
https://9takes.com/personality-analysis/Bill-Gates,2025-12,0,449,0.00,10.2
https://9takes.com/personality-analysis/Bobbi-Althoff,2025-12,0,38,0.00,5.1
https://9takes.com/personality-analysis/Chelsea-Handler,2025-12,0,148,0.00,7.8
https://9takes.com/personality-analysis/Dave-Chappelle,2025-12,0,52,0.00,10.4
https://9takes.com/personality-analysis/David-Dobrik,2025-12,0,58,0.00,10.6
https://9takes.com/personality-analysis/David-Sacks,2025-12,0,8,0.00,10.0
https://9takes.com/personality-analysis/Doechii,2025-12,0,191,0.00,8.2
https://9takes.com/personality-analysis/Doja-Cat,2025-12,0,69,0.00,8.0
https://9takes.com/personality-analysis/Ellen-Degeneres,2025-12,0,122,0.00,10.2
https://9takes.com/personality-analysis/Emily-Ratajkowski,2025-12,0,71,0.00,7.9
https://9takes.com/personality-analysis/George-H-W-Bush,2025-12,0,84,0.00,10.4
https://9takes.com/personality-analysis/George-RR-Martin,2025-12,0,27,0.00,8.1
https://9takes.com/personality-analysis/George-W-Bush,2025-12,0,190,0.00,7.9
https://9takes.com/personality-analysis/Gwyneth-Paltrow,2025-12,0,332,0.00,4.3
https://9takes.com/personality-analysis/Harry-Styles,2025-12,0,246,0.00,9.8
https://9takes.com/personality-analysis/Henry-Cavill,2025-12,0,641,0.00,8.4
https://9takes.com/personality-analysis/Hillary-Clinton,2025-12,0,44,0.00,18.0
https://9takes.com/personality-analysis/Hozier,2025-12,0,43,0.00,4.7
https://9takes.com/personality-analysis/J.K.-Rowling,2025-12,0,12,0.00,10.3
https://9takes.com/personality-analysis/James-Charles,2025-12,0,14,0.00,6.7
https://9takes.com/personality-analysis/Jared-Leto,2025-12,0,10,0.00,5.9
https://9takes.com/personality-analysis/Jason-Calacanis,2025-12,0,1,0.00,3.0
https://9takes.com/personality-analysis/Jeff-Bezos,2025-12,0,1697,0.00,8.7
https://9takes.com/personality-analysis/Jennifer-Lawrence,2025-12,0,1057,0.00,8.6
https://9takes.com/personality-analysis/Jimmy-Carter,2025-12,0,37,0.00,13.3
https://9takes.com/personality-analysis/Jocko-Willink,2025-12,0,31,0.00,6.9
https://9takes.com/personality-analysis/Joe-Biden,2025-12,0,158,0.00,7.4
https://9takes.com/personality-analysis/Johnny-Depp,2025-12,0,779,0.00,11.0
https://9takes.com/personality-analysis/Jon-Stewart,2025-12,0,241,0.00,9.8
https://9takes.com/personality-analysis/Jordan-Peterson,2025-12,0,154,0.00,6.1
https://9takes.com/personality-analysis/Justin-Bieber,2025-12,0,1128,0.00,8.8
https://9takes.com/personality-analysis/Katy-Perry,2025-12,0,537,0.00,6.1
https://9takes.com/personality-analysis/Kendrick-Lamar,2025-12,0,300,0.00,9.8
https://9takes.com/personality-analysis/Kristen-Bell,2025-12,0,328,0.00,6.1
https://9takes.com/personality-analysis/Leonardo-DiCaprio,2025-12,0,429,0.00,10.7
https://9takes.com/personality-analysis/Lex-Fridman,2025-12,0,759,0.00,4.2
https://9takes.com/personality-analysis/Malcolm-Gladwell,2025-12,0,43,0.00,7.5
https://9takes.com/personality-analysis/Martin-Luther-King-Jr,2025-12,0,319,0.00,10.1
https://9takes.com/personality-analysis/Meryl-Streep,2025-12,0,196,0.00,7.3
https://9takes.com/personality-analysis/Michael-B-Jordan,2025-12,0,18,0.00,6.2
https://9takes.com/personality-analysis/Michelle-Obama,2025-12,0,1274,0.00,9.7
https://9takes.com/personality-analysis/Mikey-Madison,2025-12,0,261,0.00,8.2
https://9takes.com/personality-analysis/Mr-Rogers,2025-12,0,46,0.00,11.5
https://9takes.com/personality-analysis/Nancy-Reagan,2025-12,0,36,0.00,9.7
https://9takes.com/personality-analysis/Natalie-Portman,2025-12,0,236,0.00,11.7
https://9takes.com/personality-analysis/Oprah-Winfrey,2025-12,0,264,0.00,9.2
https://9takes.com/personality-analysis/Paris-Hilton,2025-12,0,807,0.00,8.5
https://9takes.com/personality-analysis/Paul-Graham,2025-12,0,28,0.00,8.5
https://9takes.com/personality-analysis/Pedro-Pascal,2025-12,0,60,0.00,6.1
https://9takes.com/personality-analysis/PewDiePie,2025-12,0,24,0.00,10.0
https://9takes.com/personality-analysis/Pokimane,2025-12,0,23,0.00,6.4
https://9takes.com/personality-analysis/Prince,2025-12,0,513,0.00,8.1
https://9takes.com/personality-analysis/Reed-Hastings,2025-12,0,22,0.00,6.6
https://9takes.com/personality-analysis/Robert-Downey-Jr,2025-12,0,706,0.00,9.5
https://9takes.com/personality-analysis/Robert-Greene,2025-12,0,252,0.00,9.0
https://9takes.com/personality-analysis/Robert-Oppenheimer,2025-12,0,76,0.00,8.9
https://9takes.com/personality-analysis/Ruth-Bader-Ginsburg,2025-12,0,56,0.00,15.3
https://9takes.com/personality-analysis/Saoirse-Ronan,2025-12,0,107,0.00,8.7
https://9takes.com/personality-analysis/Shane-Gillis,2025-12,0,37,0.00,9.5
https://9takes.com/personality-analysis/Shia-LaBeouf,2025-12,0,96,0.00,9.2
https://9takes.com/personality-analysis/Sundar-Pichai,2025-12,0,48,0.00,6.2
https://9takes.com/personality-analysis/Taylor-Swift,2025-12,0,1580,0.00,10.8
https://9takes.com/personality-analysis/Theo-Von,2025-12,0,84,0.00,7.4
https://9takes.com/personality-analysis/Tim-Cook,2025-12,0,45,0.00,8.6
https://9takes.com/personality-analysis/Tim-Robinson,2025-12,0,28,0.00,6.5
https://9takes.com/personality-analysis/Tony-Robbins,2025-12,0,6,0.00,11.8
https://9takes.com/personality-analysis/Travis-Scott,2025-12,0,705,0.00,7.3
https://9takes.com/personality-analysis/Will-Smith,2025-12,0,562,0.00,8.9
https://9takes.com/personality-analysis/Zoe-Kravitz,2025-12,0,149,0.00,8.4
https://9takes.com/personality-analysis/type/3,2025-12,0,192,0.00,14.1
https://9takes.com/personality-analysis/type/5,2025-12,0,192,0.00,23.2
https://9takes.com/pop-culture,2025-12,0,5,0.00,9.6
https://9takes.com/pop-culture/dark-triad-meets-enneagram,2025-12,0,375,0.00,7.6
https://9takes.com/questions,2025-12,0,33,0.00,6.2
https://9takes.com/types/2s/Meryl-Streep.webp,2025-12,0,1,0.00,4.0
https://9takes.com/types/3s/Ariana-Grande.webp,2025-12,0,1,0.00,5.0
https://9takes.com/types/3s/Hailey-Bieber.webp,2025-12,0,1,0.00,1.0
https://9takes.com/types/4s/Joaquin-Phoenix.webp,2025-12,0,1,0.00,49.0
https://9takes.com/types/4s/Lana-Del-Rey.webp,2025-12,0,1,0.00,10.0
https://9takes.com/types/4s/s-Casey-Neistat.webp,2025-12,0,1,0.00,3.0
https://9takes.com/types/5s/Lex-Fridman.webp,2025-12,0,1,0.00,24.0
https://9takes.com/types/6s/Aubrey-Plaza.webp,2025-12,0,2,0.00,18.5
https://9takes.com/types/6s/s-Tom-Hanks.webp,2025-12,0,1,0.00,26.0
https://9takes.com/types/7s/s-Hugh-Jackman.webp,2025-12,0,1,0.00,30.0
https://9takes.com/types/7s/s-Kevin-Hart.webp,2025-12,0,1,0.00,17.0
https://9takes.com/types/8s/Druski.webp,2025-12,0,2,0.00,23.0
https://9takes.com/types/8s/IShowSpeed.webp,2025-12,0,4,0.00,15.5
https://9takes.com/types/8s/s-IShowSpeed.webp,2025-12,0,1,0.00,24.0
https://9takes.com/enneagram-corner/enneagram-and-mental-illness,2026-01,161,9544,1.69,7.2
https://9takes.com/enneagram-corner/astrology-and-the-enneagram,2026-01,48,5538,0.87,8.4
https://9takes.com/enneagram-corner/mental-health/enneagram-neurodivergence-guide,2026-01,38,1877,2.02,8.8
https://9takes.com/enneagram-corner/enneagram-instinctual-subtypes,2026-01,27,4484,0.60,13.5
https://9takes.com/enneagram-corner/depression-patterns-by-enneagram-type,2026-01,26,830,3.13,8.9
https://9takes.com/enneagram-corner/enneagram-compatibility-matrix,2026-01,25,3238,0.77,12.9
https://9takes.com/personality-analysis/Elon-Musk,2026-01,25,48300,0.05,4.5
https://9takes.com/enneagram-corner/toxic-traits-of-each-enneagram-type,2026-01,23,2745,0.84,10.1
https://9takes.com/personality-analysis/Timothee-Chalamet,2026-01,19,2038,0.93,8.0
https://9takes.com/enneagram-corner/toxic-traits-relationships-warning-signs,2026-01,16,875,1.83,8.2
https://9takes.com/personality-analysis/Gwyneth-Paltrow,2026-01,15,3153,0.48,5.4
https://9takes.com/personality-analysis/Ryan-Gosling,2026-01,15,4162,0.36,3.3
https://9takes.com/personality-analysis/Sydney-Sweeney,2026-01,15,2667,0.56,8.9
https://9takes.com/enneagram-corner/enneagram-strengths-and-weaknesses,2026-01,14,1890,0.74,9.7
https://9takes.com/personality-analysis/Dua-Lipa,2026-01,14,2021,0.69,4.6
https://9takes.com/enneagram-corner/biggest-compliments-to-give-each-enneagram-type,2026-01,13,883,1.47,4.9
https://9takes.com/enneagram-corner/enneagram-and-adhd-which-types-struggle-most,2026-01,12,461,2.60,7.3
https://9takes.com/enneagram-corner/enneagram-test-comparison-2025,2026-01,12,6084,0.20,18.2
https://9takes.com/personality-analysis/Lady-Gaga,2026-01,12,2334,0.51,4.1
https://9takes.com/enneagram-corner/enneagram-addiction-recovery-guide,2026-01,11,535,2.06,9.6
https://9takes.com/personality-analysis/Billie-Eilish,2026-01,12,3458,0.35,6.1
https://9takes.com/personality-analysis/IShowSpeed,2026-01,11,7142,0.15,8.7
https://9takes.com/personality-analysis/Drake,2026-01,10,2552,0.39,7.6
https://9takes.com/personality-analysis/Zayn-Malik,2026-01,10,3098,0.32,4.7
https://9takes.com/,2026-01,9,342,2.63,4.0
https://9takes.com/enneagram-corner/enneagram-wings-complete-guide,2026-01,9,2627,0.34,12.0
https://9takes.com/personality-analysis/Tom-Hiddleston,2026-01,9,4112,0.22,2.8
https://9takes.com/enneagram-corner/enneagram-types-at-party,2026-01,8,309,2.59,9.3
https://9takes.com/personality-analysis/Agatha-Christie,2026-01,9,1075,0.84,7.9
https://9takes.com/personality-analysis/Cillian-Murphy,2026-01,8,1682,0.48,8.9
https://9takes.com/personality-analysis/Jimmy-Fallon,2026-01,8,2250,0.36,2.8
https://9takes.com/enneagram-corner/enneagram-types-and-career-choices,2026-01,7,1063,0.66,36.7
https://9takes.com/enneagram-corner/how-to-apologize-like-a-pro,2026-01,7,319,2.19,7.1
https://9takes.com/personality-analysis/Sabrina-Carpenter,2026-01,7,4394,0.16,6.1
https://9takes.com/enneagram-corner/enneagram-types-in-stress,2026-01,6,462,1.30,14.7
https://9takes.com/personality-analysis/Bob-Dylan,2026-01,6,1816,0.33,9.2
https://9takes.com/personality-analysis/Joaquin-Phoenix,2026-01,6,1607,0.37,3.8
https://9takes.com/personality-analysis/Joe-Rogan,2026-01,6,1823,0.33,3.8
https://9takes.com/personality-analysis/Kai-Cenat,2026-01,6,1728,0.35,6.3
https://9takes.com/enneagram-corner/enneagram-medication-mental-health,2026-01,5,642,0.78,3.4
https://9takes.com/enneagram-corner/enneagram-mental-health-flags,2026-01,5,409,1.22,7.5
https://9takes.com/enneagram-corner/enneagram-type-7,2026-01,5,209,2.39,18.4
https://9takes.com/personality-analysis/Brad-Pitt,2026-01,5,1446,0.35,7.9
https://9takes.com/personality-analysis/Jennifer-Lopez,2026-01,5,1677,0.30,6.4
https://9takes.com/personality-analysis/Madison-Beer,2026-01,5,2230,0.22,7.0
https://9takes.com/personality-analysis/Palmer-Luckey,2026-01,5,7306,0.07,5.3
https://9takes.com/personality-analysis/Rooney-Mara,2026-01,5,284,1.76,8.0
https://9takes.com/personality-analysis/type/1,2026-01,5,669,0.75,29.0
https://9takes.com/personality-analysis/type/9,2026-01,5,1768,0.28,12.2
https://9takes.com/enneagram-corner/attachment-styles-and-enneagram-types,2026-01,5,1101,0.45,9.6
https://9takes.com/enneagram-corner/enneagram-dating-guide-for-men,2026-01,4,168,2.38,12.0
https://9takes.com/enneagram-corner/how-each-enneagram-type-manipulates,2026-01,4,260,1.54,8.7
https://9takes.com/personality-analysis/Aubrey-Plaza,2026-01,4,4396,0.09,3.3
https://9takes.com/personality-analysis/Donald-Trump,2026-01,4,397,1.01,9.5
https://9takes.com/personality-analysis/Druski,2026-01,5,1384,0.36,10.5
https://9takes.com/personality-analysis/Emma-Watson,2026-01,4,3434,0.12,4.3
https://9takes.com/personality-analysis/Hugh-Jackman,2026-01,4,1569,0.25,4.9
https://9takes.com/personality-analysis/Kevin-Hart,2026-01,4,2005,0.20,3.0
https://9takes.com/personality-analysis/Mark-Zuckerberg,2026-01,4,2999,0.13,8.0
https://9takes.com/personality-analysis/Meghan-Markle,2026-01,4,1312,0.30,5.5
https://9takes.com/personality-analysis/Prince-Harry,2026-01,4,1125,0.36,6.1
https://9takes.com/personality-analysis/Sam-Altman,2026-01,4,643,0.62,6.7
https://9takes.com/personality-analysis/Tina-Fey,2026-01,4,541,0.74,6.0
https://9takes.com/personality-analysis/Zendaya,2026-01,4,1246,0.32,8.4
https://9takes.com/enneagram-corner/enneagram-tldr,2026-01,3,1398,0.21,69.2
https://9takes.com/enneagram-corner/enneagram-types-in-relationships,2026-01,3,364,0.82,28.3
https://9takes.com/personality-analysis/Alexandria-Ocasio-Cortez,2026-01,3,787,0.38,5.2
https://9takes.com/personality-analysis/Dave-Portnoy,2026-01,3,749,0.40,8.6
https://9takes.com/personality-analysis/Jennifer-Garner,2026-01,3,633,0.47,6.0
https://9takes.com/personality-analysis/Katy-Perry,2026-01,3,699,0.43,5.3
https://9takes.com/personality-analysis/Kourtney-Kardashian,2026-01,3,1525,0.20,6.6
https://9takes.com/personality-analysis/Lana-Del-Rey,2026-01,3,2059,0.15,3.7
https://9takes.com/personality-analysis/Margot-Robbie,2026-01,3,1968,0.15,5.9
https://9takes.com/personality-analysis/Mr-Beast,2026-01,3,1530,0.20,6.4
https://9takes.com/personality-analysis/Paris-Hilton,2026-01,3,1387,0.22,7.9
https://9takes.com/personality-analysis/Peter-Thiel,2026-01,3,1645,0.18,4.5
https://9takes.com/personality-analysis/Rihanna,2026-01,3,371,0.81,10.5
https://9takes.com/personality-analysis/Robert-Pattinson,2026-01,3,407,0.74,7.6
https://9takes.com/personality-analysis/Tom-Hardy,2026-01,3,605,0.50,9.0
https://9takes.com/enneagram-corner/enneagram-and-religion,2026-01,2,237,0.84,17.7
https://9takes.com/enneagram-corner/enneagram-anxiety-complete-guide,2026-01,2,807,0.25,17.6
https://9takes.com/enneagram-corner/enneagram-type-1,2026-01,2,259,0.77,16.3
https://9takes.com/enneagram-corner/enneagram-type-4,2026-01,2,762,0.26,52.5
https://9takes.com/enneagram-corner/enneagram-type-5,2026-01,2,449,0.45,14.2
https://9takes.com/enneagram-corner/enneagram-type-6,2026-01,2,677,0.30,15.2
https://9takes.com/enneagram-corner/enneagram-types-being-ghosted,2026-01,2,245,0.82,8.3
https://9takes.com/enneagram-corner/how-to-navigate-early-relationship-stages,2026-01,2,34,5.88,17.2
https://9takes.com/enneagram-corner/neurodiversity-vs-personality,2026-01,2,198,1.01,8.9
https://9takes.com/personality-analysis/Alex-Cooper,2026-01,2,414,0.48,7.6
https://9takes.com/personality-analysis/Alex-Hormozi,2026-01,2,439,0.46,8.3
https://9takes.com/personality-analysis/Beyonce-Knowles,2026-01,2,1284,0.16,6.5
https://9takes.com/personality-analysis/Eminem,2026-01,2,656,0.30,8.3
https://9takes.com/personality-analysis/Friedrich-Nietzsche,2026-01,2,1007,0.20,8.2
https://9takes.com/personality-analysis/Henry-Cavill,2026-01,2,1138,0.18,6.4
https://9takes.com/personality-analysis/Jackie-Kennedy,2026-01,2,578,0.35,3.5
https://9takes.com/personality-analysis/Jake-Paul,2026-01,2,236,0.85,10.5
https://9takes.com/personality-analysis/Jeff-Bezos,2026-01,2,3899,0.05,6.7
https://9takes.com/personality-analysis/Jenna-Ortega,2026-01,2,1720,0.12,8.8
https://9takes.com/personality-analysis/Jennifer-Lawrence,2026-01,2,574,0.35,9.9
https://9takes.com/personality-analysis/John-F-Kennedy,2026-01,2,2431,0.08,4.8
https://9takes.com/personality-analysis/Khloe-Kardashian,2026-01,2,1337,0.15,6.7
https://9takes.com/personality-analysis/Kim-Kardashian,2026-01,2,339,0.59,12.3
https://9takes.com/personality-analysis/Kylie-Jenner,2026-01,2,1173,0.17,8.2
https://9takes.com/personality-analysis/Meryl-Streep,2026-01,2,339,0.59,6.1
https://9takes.com/personality-analysis/Nicole-Kidman,2026-01,2,625,0.32,6.0
https://9takes.com/personality-analysis/Nikola-Tesla,2026-01,2,1032,0.19,8.2
https://9takes.com/personality-analysis/Ronald-Reagan,2026-01,2,888,0.23,6.9
https://9takes.com/personality-analysis/Selena-Gomez,2026-01,2,688,0.29,8.6
https://9takes.com/personality-analysis/type/2,2026-01,2,890,0.22,14.0
https://9takes.com/personality-analysis/type/4,2026-01,2,551,0.36,23.2
https://9takes.com/enneagram-corner,2026-01,1,37,2.70,8.4
https://9takes.com/enneagram-corner/beginners-guide-to-determining-your-enneagram-type,2026-01,1,100,1.00,27.6
https://9takes.com/enneagram-corner/enneagram-books-websites-podcasts,2026-01,1,8,12.50,17.5
https://9takes.com/enneagram-corner/enneagram-communication-styles,2026-01,1,200,0.50,12.7
https://9takes.com/enneagram-corner/enneagram-communication-tips,2026-01,1,158,0.63,14.6
https://9takes.com/enneagram-corner/enneagram-compatibility-guide,2026-01,1,220,0.45,22.7
https://9takes.com/enneagram-corner/enneagram-influences,2026-01,1,80,1.25,13.7
https://9takes.com/enneagram-corner/enneagram-leadership,2026-01,1,61,1.64,17.1
https://9takes.com/enneagram-corner/enneagram-personal-growth,2026-01,1,161,0.62,20.8
https://9takes.com/enneagram-corner/enneagram-stress-number,2026-01,1,135,0.74,28.7
https://9takes.com/enneagram-corner/enneagram-type-2,2026-01,1,261,0.38,26.0
https://9takes.com/enneagram-corner/enneagram-type-8,2026-01,1,602,0.17,14.6
https://9takes.com/enneagram-corner/enneagram-type-9,2026-01,1,531,0.19,36.4
https://9takes.com/enneagram-corner/enneagram-vs-meyers-briggs,2026-01,1,384,0.26,27.2
https://9takes.com/enneagram-corner/enneagram-workplace-team-building,2026-01,1,194,0.52,56.0
https://9takes.com/enneagram-corner/how-each-enneagram-type-self-sabotages-success,2026-01,1,85,1.18,9.4
https://9takes.com/enneagram-corner/mental-health/enneagram-trauma-response-guide,2026-01,1,106,0.94,8.2
https://9takes.com/enneagram-corner/subtopic/development,2026-01,1,12,8.33,18.5
https://9takes.com/enneagram-corner/subtopic/situational,2026-01,1,32,3.13,11.8
https://9takes.com/enneagram-corner/why-you-cant-stop-overthinking-enneagram,2026-01,1,67,1.49,10.2
https://9takes.com/personality-analysis/Abraham-Lincoln,2026-01,1,60,1.67,11.8
https://9takes.com/personality-analysis/Alexis-Bledel,2026-01,1,17,5.88,5.7
https://9takes.com/personality-analysis/Ariana-Grande,2026-01,1,370,0.27,10.4
https://9takes.com/personality-analysis/Ashby,2026-01,1,51,1.96,6.5
https://9takes.com/personality-analysis/Blake-Lively,2026-01,1,322,0.31,8.6
https://9takes.com/personality-analysis/Bobbi-Althoff,2026-01,1,67,1.49,7.1
https://9takes.com/personality-analysis/Charli-D'Amelio,2026-01,1,81,1.23,10.0
https://9takes.com/personality-analysis/Charlie-Puth,2026-01,1,353,0.28,3.6
https://9takes.com/personality-analysis/Denzel-Washington,2026-01,1,1120,0.09,6.7
https://9takes.com/personality-analysis/Dwayne-Johnson,2026-01,1,701,0.14,9.3
https://9takes.com/personality-analysis/Emily-Ratajkowski,2026-01,1,66,1.52,8.0
https://9takes.com/personality-analysis/Greta-Thunberg,2026-01,1,36,2.78,9.3
https://9takes.com/personality-analysis/Halsey,2026-01,1,298,0.34,10.0
https://9takes.com/personality-analysis/Hasan-Piker,2026-01,1,277,0.36,9.9
https://9takes.com/personality-analysis/Jimmy-Carter,2026-01,1,110,0.91,7.3
https://9takes.com/personality-analysis/Johnny-Depp,2026-01,1,1059,0.09,9.2
https://9takes.com/personality-analysis/Jon-Stewart,2026-01,1,297,0.34,7.0
https://9takes.com/personality-analysis/Kanye,2026-01,1,450,0.22,13.2
https://9takes.com/personality-analysis/Kristen-Bell,2026-01,1,476,0.21,7.6
https://9takes.com/personality-analysis/Leonardo-DiCaprio,2026-01,1,405,0.25,11.6
https://9takes.com/personality-analysis/Lex-Fridman,2026-01,1,2095,0.05,4.3
https://9takes.com/personality-analysis/Marilyn-Monroe,2026-01,1,1043,0.10,9.2
https://9takes.com/personality-analysis/Matthew-McConaughey,2026-01,1,21,4.76,9.6
https://9takes.com/personality-analysis/Mikey-Madison,2026-01,1,400,0.25,8.9
https://9takes.com/personality-analysis/Miles-Teller,2026-01,1,218,0.46,10.9
https://9takes.com/personality-analysis/Miley-Cyrus,2026-01,1,636,0.16,9.4
https://9takes.com/personality-analysis/Millie-Bobby-Brown,2026-01,1,839,0.12,8.4
https://9takes.com/personality-analysis/Olivia-Rodrigo,2026-01,1,1235,0.08,8.3
https://9takes.com/personality-analysis/Pete-Davidson,2026-01,1,192,0.52,10.2
https://9takes.com/personality-analysis/Robert-Greene,2026-01,1,434,0.23,8.0
https://9takes.com/personality-analysis/Scarlett-Johansson,2026-01,1,625,0.16,6.2
https://9takes.com/personality-analysis/Steve-Jobs,2026-01,1,900,0.11,12.2
https://9takes.com/personality-analysis/Tom-Cruise,2026-01,1,530,0.19,10.3
https://9takes.com/personality-analysis/Tom-Holland,2026-01,1,467,0.21,9.4
https://9takes.com/personality-analysis/Travis-Scott,2026-01,1,652,0.15,8.5
https://9takes.com/personality-analysis/type/6,2026-01,1,362,0.28,18.8
https://9takes.com/personality-analysis/type/8,2026-01,1,603,0.17,35.2
https://9takes.com/about,2026-01,0,28,0.00,5.5
https://9takes.com/blog,2026-01,0,33,0.00,10.5
https://9takes.com/book-session,2026-01,0,5,0.00,7.4
https://9takes.com/community,2026-01,0,11,0.00,4.7
https://9takes.com/community/consensus-on-human-nature,2026-01,0,19,0.00,11.6
https://9takes.com/community/mbti-vs-enneagram,2026-01,0,8,0.00,10.8
https://9takes.com/community/reddit-deep-connections-limitations,2026-01,0,3,0.00,14.7
https://9takes.com/community/what-winning-online-arguments-looks-like,2026-01,0,1,0.00,8.0
https://9takes.com/community/why-im-selective-sharing-enneagram,2026-01,0,15,0.00,14.8
https://9takes.com/enneagram-corner/90-day-personality-maxing-blueprint,2026-01,0,18,0.00,7.1
https://9takes.com/enneagram-corner/enneagram-anxiety-management-guide,2026-01,0,58,0.00,10.1
https://9takes.com/enneagram-corner/enneagram-childhood-stereotypes,2026-01,0,173,0.00,20.8
https://9takes.com/enneagram-corner/enneagram-communication-guide,2026-01,0,80,0.00,9.8
https://9takes.com/enneagram-corner/enneagram-connecting-lines,2026-01,0,111,0.00,20.1
https://9takes.com/enneagram-corner/enneagram-crisis-management-guide,2026-01,0,167,0.00,10.2
https://9takes.com/enneagram-corner/enneagram-criticisms,2026-01,0,14,0.00,15.8
https://9takes.com/enneagram-corner/enneagram-dating-guide-for-women,2026-01,0,7,0.00,8.4
https://9takes.com/enneagram-corner/enneagram-faqs,2026-01,0,2,0.00,44.0
https://9takes.com/enneagram-corner/enneagram-parenting-mental-health,2026-01,0,34,0.00,12.4
https://9takes.com/enneagram-corner/enneagram-parenting-styles,2026-01,0,28,0.00,10.5
https://9takes.com/enneagram-corner/enneagram-party-planner,2026-01,0,76,0.00,10.0
https://9takes.com/enneagram-corner/enneagram-science-mental-health,2026-01,0,209,0.00,17.2
https://9takes.com/enneagram-corner/enneagram-self-development,2026-01,0,19,0.00,19.7
https://9takes.com/enneagram-corner/enneagram-team-diversity,2026-01,0,10,0.00,16.0
https://9takes.com/enneagram-corner/enneagram-team-dynamics,2026-01,0,181,0.00,36.1
https://9takes.com/enneagram-corner/enneagram-therapy-guide,2026-01,0,5,0.00,44.2
https://9takes.com/enneagram-corner/enneagram-type-3,2026-01,0,544,0.00,53.6
https://9takes.com/enneagram-corner/enneagram-types-on-a-first-date,2026-01,0,150,0.00,11.9
https://9takes.com/enneagram-corner/enneagram-types-working-in-teams,2026-01,0,398,0.00,58.8
https://9takes.com/enneagram-corner/first-impression-cheat-sheet,2026-01,0,77,0.00,9.9
https://9takes.com/enneagram-corner/first-impression-enneagram-playbook,2026-01,0,19,0.00,10.8
https://9takes.com/enneagram-corner/how-each-enneagram-flexes,2026-01,0,46,0.00,9.7
https://9takes.com/enneagram-corner/how-each-enneagram-type-unwinds,2026-01,0,17,0.00,15.4
https://9takes.com/enneagram-corner/love-languages-and-enneagram-types,2026-01,0,206,0.00,9.4
https://9takes.com/enneagram-corner/mental-health/enneagram-science-mental-health,2026-01,0,2228,0.00,10.8
https://9takes.com/enneagram-corner/mental-health/enneagram-workplace-mental-health,2026-01,0,56,0.00,46.3
https://9takes.com/enneagram-corner/oversharing-psychology-shame-boundaries,2026-01,0,51,0.00,12.6
https://9takes.com/enneagram-corner/personality-maxing,2026-01,0,5,0.00,6.8
https://9takes.com/enneagram-corner/philosophy-psychology-and-the-enneagram,2026-01,0,54,0.00,13.6
https://9takes.com/enneagram-corner/red-flags-dating-each-enneagram-type,2026-01,0,108,0.00,9.9
https://9takes.com/enneagram-corner/relationship-communication-guide,2026-01,0,148,0.00,19.2
https://9takes.com/enneagram-corner/situations-change-emotions-dont,2026-01,0,6,0.00,31.2
https://9takes.com/enneagram-corner/subtopic/nine-types,2026-01,0,3,0.00,9.0
https://9takes.com/enneagram-corner/subtopic/overview,2026-01,0,3,0.00,14.3
https://9takes.com/enneagram-corner/subtopic/relationships,2026-01,0,60,0.00,59.8
https://9takes.com/enneagram-corner/subtopic/resources,2026-01,0,3,0.00,6.0
https://9takes.com/enneagram-corner/why-dating-apps-are-harder-for-certain-personality-types,2026-01,0,117,0.00,9.1
https://9takes.com/how-to-guides,2026-01,0,3,0.00,15.7
https://9takes.com/how-to-guides/5-tough-conversations-you-need-to-have-with-your-partner,2026-01,0,94,0.00,33.6
https://9takes.com/how-to-guides/dating-dynamics-by-enneagram-type,2026-01,0,17,0.00,12.6
https://9takes.com/how-to-guides/definitive-guide-to-relationship-conflict-part-1,2026-01,0,83,0.00,13.5
https://9takes.com/how-to-guides/definitive-guide-to-relationship-conflict-part-2,2026-01,0,38,0.00,11.8
https://9takes.com/how-to-guides/guide-to-fighting-depression,2026-01,0,5,0.00,21.0
https://9takes.com/how-to-guides/how-to-psychoanalyze-people,2026-01,0,9,0.00,9.1
https://9takes.com/how-to-guides/ultimate-guide-to-active-listening,2026-01,0,21,0.00,13.8
https://9takes.com/how-to-guides/using-the-enneagram-for-self-development,2026-01,0,50,0.00,20.7
https://9takes.com/personality-analysis,2026-01,0,250,0.00,25.0
https://9takes.com/personality-analysis/Addison-Rae,2026-01,0,72,0.00,11.7
https://9takes.com/personality-analysis/Adin-Ross,2026-01,0,432,0.00,9.3
https://9takes.com/personality-analysis/Alix-Earle,2026-01,0,36,0.00,8.4
https://9takes.com/personality-analysis/Amber-Heard,2026-01,0,187,0.00,8.4
https://9takes.com/personality-analysis/Amy-Poehler,2026-01,0,60,0.00,6.1
https://9takes.com/personality-analysis/Andrew-Callaghan,2026-01,0,40,0.00,12.8
https://9takes.com/personality-analysis/Andrew-Huberman,2026-01,0,66,0.00,8.3
https://9takes.com/personality-analysis/Andrew-Schulz,2026-01,0,17,0.00,12.1
https://9takes.com/personality-analysis/Andrew-Tate,2026-01,0,34,0.00,11.4
https://9takes.com/personality-analysis/Anne-Hathaway,2026-01,0,323,0.00,8.7
https://9takes.com/personality-analysis/Anya-Taylor-Joy,2026-01,0,1025,0.00,7.4
https://9takes.com/personality-analysis/Arnold-Schwarzenegger,2026-01,0,645,0.00,3.8
https://9takes.com/personality-analysis/Bad-Bunny,2026-01,0,65,0.00,8.9
https://9takes.com/personality-analysis/Barack-Obama,2026-01,0,224,0.00,10.6
https://9takes.com/personality-analysis/Bella-Hadid,2026-01,0,116,0.00,8.9
https://9takes.com/personality-analysis/Bella-Poarch,2026-01,0,12,0.00,9.9
https://9takes.com/personality-analysis/Ben-Shapiro,2026-01,0,3,0.00,30.7
https://9takes.com/personality-analysis/Bernie-Sanders,2026-01,0,98,0.00,8.4
https://9takes.com/personality-analysis/Bill-Gates,2026-01,0,1276,0.00,8.2
https://9takes.com/personality-analysis/Brittany-Broski,2026-01,0,7,0.00,19.7
https://9takes.com/personality-analysis/Casey-Neistat,2026-01,0,105,0.00,16.7
https://9takes.com/personality-analysis/Chappell-Roan,2026-01,0,669,0.00,7.7
https://9takes.com/personality-analysis/Chelsea-Handler,2026-01,0,215,0.00,9.1
https://9takes.com/personality-analysis/Dave-Chappelle,2026-01,0,9,0.00,8.2
https://9takes.com/personality-analysis/David-Dobrik,2026-01,0,82,0.00,14.0
https://9takes.com/personality-analysis/David-Sacks,2026-01,0,21,0.00,6.8
https://9takes.com/personality-analysis/Demi-Lovato,2026-01,0,67,0.00,8.7
https://9takes.com/personality-analysis/Dixie-D'Amelio,2026-01,0,18,0.00,13.4
https://9takes.com/personality-analysis/Doechii,2026-01,0,357,0.00,11.2
https://9takes.com/personality-analysis/Doja-Cat,2026-01,0,16,0.00,7.7
https://9takes.com/personality-analysis/Ellen-Degeneres,2026-01,0,124,0.00,9.9
https://9takes.com/personality-analysis/Elton-John,2026-01,0,185,0.00,7.1
https://9takes.com/personality-analysis/Emma-Chamberlain,2026-01,0,192,0.00,10.1
https://9takes.com/personality-analysis/Frida-Kahlo,2026-01,0,97,0.00,11.7
https://9takes.com/personality-analysis/Gary-Vee,2026-01,0,43,0.00,7.1
https://9takes.com/personality-analysis/George-H-W-Bush,2026-01,0,132,0.00,12.9
https://9takes.com/personality-analysis/George-RR-Martin,2026-01,0,260,0.00,8.4
https://9takes.com/personality-analysis/George-W-Bush,2026-01,0,313,0.00,7.5
https://9takes.com/personality-analysis/Grimes,2026-01,0,445,0.00,10.0
https://9takes.com/personality-analysis/Gwyneth-Paltrow/,2026-01,0,2,0.00,1.0
https://9takes.com/personality-analysis/Hailey-Bieber,2026-01,0,633,0.00,9.6
https://9takes.com/personality-analysis/Harry-Styles,2026-01,0,258,0.00,10.6
https://9takes.com/personality-analysis/Hillary-Clinton,2026-01,0,197,0.00,10.4
https://9takes.com/personality-analysis/Hozier,2026-01,0,41,0.00,8.1
https://9takes.com/personality-analysis/J.K.-Rowling,2026-01,0,55,0.00,11.5
https://9takes.com/personality-analysis/Jack-Black,2026-01,0,67,0.00,11.0
https://9takes.com/personality-analysis/Jack-Dorsey,2026-01,0,286,0.00,6.3
https://9takes.com/personality-analysis/James-Charles,2026-01,0,14,0.00,6.5
https://9takes.com/personality-analysis/Jared-Leto,2026-01,0,45,0.00,8.8
https://9takes.com/personality-analysis/Jason-Calacanis,2026-01,0,198,0.00,6.2
https://9takes.com/personality-analysis/Jocko-Willink,2026-01,0,21,0.00,8.0
https://9takes.com/personality-analysis/Joe-Biden,2026-01,0,188,0.00,10.0
https://9takes.com/personality-analysis/Jordan-Peterson,2026-01,0,671,0.00,7.9
https://9takes.com/personality-analysis/Justin-Bieber,2026-01,0,655,0.00,10.1
https://9takes.com/personality-analysis/Justin-Trudeau,2026-01,0,38,0.00,8.0
https://9takes.com/personality-analysis/Kamala-Harris,2026-01,0,317,0.00,8.4
https://9takes.com/personality-analysis/Keanu-Reeves,2026-01,0,1761,0.00,10.5
https://9takes.com/personality-analysis/Kendrick-Lamar,2026-01,0,172,0.00,11.4
https://9takes.com/personality-analysis/Leila-Hormozi,2026-01,0,116,0.00,8.9
https://9takes.com/personality-analysis/Logan-Paul,2026-01,0,226,0.00,10.6
https://9takes.com/personality-analysis/Malcolm-Gladwell,2026-01,0,26,0.00,11.2
https://9takes.com/personality-analysis/Malcolm-X,2026-01,0,129,0.00,9.8
https://9takes.com/personality-analysis/Martin-Luther-King-Jr,2026-01,0,858,0.00,9.5
https://9takes.com/personality-analysis/Michael-B-Jordan,2026-01,0,46,0.00,8.6
https://9takes.com/personality-analysis/Michelle-Obama,2026-01,0,1056,0.00,9.4
https://9takes.com/personality-analysis/Mr-Rogers,2026-01,0,87,0.00,10.4
https://9takes.com/personality-analysis/Nancy-Pelosi,2026-01,0,207,0.00,7.1
https://9takes.com/personality-analysis/Nancy-Reagan,2026-01,0,36,0.00,6.9
https://9takes.com/personality-analysis/Natalie-Portman,2026-01,0,175,0.00,10.7
https://9takes.com/personality-analysis/Oprah-Winfrey,2026-01,0,836,0.00,8.7
https://9takes.com/personality-analysis/Paul-Graham,2026-01,0,42,0.00,12.9
https://9takes.com/personality-analysis/Paul-Rudd,2026-01,0,17,0.00,9.9
https://9takes.com/personality-analysis/Pedro-Pascal,2026-01,0,7,0.00,13.3
https://9takes.com/personality-analysis/PewDiePie,2026-01,0,29,0.00,9.4
https://9takes.com/personality-analysis/Pokimane,2026-01,0,48,0.00,8.9
https://9takes.com/personality-analysis/Post-Malone,2026-01,0,48,0.00,6.3
https://9takes.com/personality-analysis/Prince,2026-01,0,351,0.00,9.5
https://9takes.com/personality-analysis/Princess-Diana,2026-01,0,40,0.00,11.5
https://9takes.com/personality-analysis/Reed-Hastings,2026-01,0,33,0.00,6.7
https://9takes.com/personality-analysis/Robert-Downey-Jr,2026-01,0,708,0.00,8.5
https://9takes.com/personality-analysis/Robert-Oppenheimer,2026-01,0,1149,0.00,7.5
https://9takes.com/personality-analysis/Ruth-Bader-Ginsburg,2026-01,0,94,0.00,11.6
https://9takes.com/personality-analysis/Ryan-Reynolds,2026-01,0,778,0.00,5.4
https://9takes.com/personality-analysis/Saoirse-Ronan,2026-01,0,158,0.00,7.9
https://9takes.com/personality-analysis/Shane-Gillis,2026-01,0,48,0.00,7.9
https://9takes.com/personality-analysis/Shia-LaBeouf,2026-01,0,115,0.00,8.8
https://9takes.com/personality-analysis/Steven-Bartlett,2026-01,0,35,0.00,10.0
https://9takes.com/personality-analysis/Sundar-Pichai,2026-01,0,54,0.00,6.9
https://9takes.com/personality-analysis/Taylor-Swift,2026-01,0,575,0.00,11.0
https://9takes.com/personality-analysis/Theo-Von,2026-01,0,50,0.00,8.0
https://9takes.com/personality-analysis/Tim-Cook,2026-01,0,123,0.00,8.2
https://9takes.com/personality-analysis/Tim-Dillon,2026-01,0,467,0.00,7.1
https://9takes.com/personality-analysis/Tim-Ferriss,2026-01,0,42,0.00,11.5
https://9takes.com/personality-analysis/Tim-Robinson,2026-01,0,28,0.00,8.8
https://9takes.com/personality-analysis/Tom-Hanks,2026-01,0,537,0.00,7.6
https://9takes.com/personality-analysis/Tony-Robbins,2026-01,0,60,0.00,8.7
https://9takes.com/personality-analysis/Trevor-Noah,2026-01,0,277,0.00,8.8
https://9takes.com/personality-analysis/Tucker-Carlson,2026-01,0,84,0.00,7.1
https://9takes.com/personality-analysis/Vladimir-Putin,2026-01,0,492,0.00,7.0
https://9takes.com/personality-analysis/Will-Smith,2026-01,0,602,0.00,10.3
https://9takes.com/personality-analysis/Winston-Churchill,2026-01,0,302,0.00,9.4
https://9takes.com/personality-analysis/Xi-Jinping,2026-01,0,649,0.00,7.8
https://9takes.com/personality-analysis/Zoe-Kravitz,2026-01,0,173,0.00,10.4
https://9takes.com/personality-analysis/dua-lipa,2026-01,0,1,0.00,1.0
https://9takes.com/personality-analysis/elon-musk-why-elon-musk-cant-stop-inside-the-psychology-driving-his-chaos,2026-01,0,6,0.00,1.0
https://9takes.com/personality-analysis/type/3,2026-01,0,124,0.00,28.5
https://9takes.com/personality-analysis/type/5,2026-01,0,329,0.00,20.7
https://9takes.com/personality-analysis/type/7,2026-01,0,257,0.00,19.6
https://9takes.com/personality-analysis/xQc,2026-01,0,1,0.00,19.0
https://9takes.com/pop-culture,2026-01,0,3,0.00,8.3
https://9takes.com/pop-culture/dark-triad-meets-enneagram,2026-01,0,1606,0.00,7.4
https://9takes.com/pop-culture/reddit-moderators-type-1-internet,2026-01,0,7,0.00,6.4
https://9takes.com/questions,2026-01,0,20,0.00,3.3
https://9takes.com/types/1s/s-Anne-Hathaway.webp,2026-01,0,1,0.00,23.0
https://9takes.com/types/2s/Oprah-Winfrey.webp,2026-01,0,1,0.00,26.0
https://9takes.com/types/3s/Adin-Ross.webp,2026-01,0,1,0.00,12.0
https://9takes.com/types/3s/s-Adin-Ross.webp,2026-01,0,1,0.00,5.0
https://9takes.com/types/4s/Madison-Beer.webp,2026-01,0,1,0.00,29.0
https://9takes.com/types/4s/s-Nicole-Kidman.webp,2026-01,0,1,0.00,27.0
https://9takes.com/types/5s/Cillian-Murphy.webp,2026-01,0,1,0.00,9.0
https://9takes.com/types/6s/Aubrey-Plaza.webp,2026-01,0,1,0.00,20.0
https://9takes.com/types/7s/Grimes.webp,2026-01,0,1,0.00,4.0
https://9takes.com/types/7s/John-F-Kennedy.webp,2026-01,0,1,0.00,30.0
https://9takes.com/types/7s/s-Alex-Cooper.webp,2026-01,0,1,0.00,27.0
https://9takes.com/types/8s/Druski.webp,2026-01,0,1,0.00,24.0
https://9takes.com/types/8s/IShowSpeed.webp,2026-01,0,6,0.00,18.0
https://9takes.com/types/8s/Mr-Beast.webp,2026-01,0,1,0.00,28.0
https://9takes.com/types/9s/s-Brad-Pitt.webp,2026-01,0,2,0.00,14.5
https://www.9takes.com/enneagram-corner/enneagram-and-mental-illness,2026-01,0,1,0.00,1.0
https://www.9takes.com/personality-analysis/IShowSpeed,2026-01,0,23,0.00,1.0
https://www.9takes.com/personality-analysis/Timothee-Chalamet,2026-01,0,1,0.00,1.0
https://9takes.com/enneagram-corner/enneagram-and-mental-illness,2026-02,107,8531,1.25,7.3
https://9takes.com/enneagram-corner/mental-health/enneagram-neurodivergence-guide,2026-02,31,2849,1.09,8.1
https://9takes.com/enneagram-corner/depression-patterns-by-enneagram-type,2026-02,27,1945,1.39,8.0
https://9takes.com/enneagram-corner/enneagram-compatibility-matrix,2026-02,27,5976,0.45,9.8
https://9takes.com/pop-culture/epstein-psychology-part-1,2026-02,25,2739,0.91,7.1
https://9takes.com/enneagram-corner/enneagram-test-comparison-2025,2026-02,24,8215,0.29,15.2
https://9takes.com/enneagram-corner/enneagram-instinctual-subtypes,2026-02,23,5557,0.41,11.3
https://9takes.com/enneagram-corner/astrology-and-the-enneagram,2026-02,21,5301,0.40,7.7
https://9takes.com/enneagram-corner/toxic-traits-of-each-enneagram-type,2026-02,18,2128,0.85,9.2
https://9takes.com/enneagram-corner/enneagram-strengths-and-weaknesses,2026-02,13,2167,0.60,9.0
https://9takes.com/personality-analysis/Gwyneth-Paltrow,2026-02,11,2748,0.40,5.2
https://9takes.com/personality-analysis/Mark-Zuckerberg,2026-02,11,2514,0.44,5.7
https://9takes.com/,2026-02,10,226,4.42,2.8
https://9takes.com/personality-analysis/Sydney-Sweeney,2026-02,10,2401,0.42,7.2
https://9takes.com/enneagram-corner/enneagram-medication-mental-health,2026-02,9,545,1.65,4.5
https://9takes.com/enneagram-corner/enneagram-parenting-styles,2026-02,9,35,25.71,7.9
https://9takes.com/enneagram-corner/enneagram-wings-complete-guide,2026-02,9,3267,0.28,9.0
https://9takes.com/enneagram-corner/how-to-apologize-like-a-pro,2026-02,9,438,2.05,6.9
https://9takes.com/enneagram-corner/toxic-traits-relationships-warning-signs,2026-02,9,1672,0.54,7.5
https://9takes.com/personality-analysis/Jennifer-Lopez,2026-02,9,1775,0.51,5.7
https://9takes.com/personality-analysis/Ryan-Gosling,2026-02,9,600,1.50,6.4
https://9takes.com/enneagram-corner/biggest-compliments-to-give-each-enneagram-type,2026-02,8,1018,0.79,5.0
https://9takes.com/enneagram-corner/enneagram-addiction-recovery-guide,2026-02,8,1433,0.56,8.7
https://9takes.com/enneagram-corner/enneagram-mental-health-flags,2026-02,8,671,1.19,8.8
https://9takes.com/personality-analysis/Margot-Robbie,2026-02,8,2372,0.34,6.2
https://9takes.com/personality-analysis/Timothee-Chalamet,2026-02,8,1104,0.72,7.0
https://9takes.com/enneagram-corner/enneagram-and-adhd-which-types-struggle-most,2026-02,7,255,2.75,7.2
https://9takes.com/personality-analysis/Emma-Watson,2026-02,7,2533,0.28,5.3
https://9takes.com/personality-analysis/Tom-Hiddleston,2026-02,7,1816,0.39,3.1
https://9takes.com/enneagram-corner/attachment-styles-and-enneagram-types,2026-02,6,2075,0.29,8.6
https://9takes.com/personality-analysis/Dua-Lipa,2026-02,6,1582,0.38,4.2
https://9takes.com/personality-analysis/Elon-Musk,2026-02,6,7824,0.08,5.7
https://9takes.com/personality-analysis/IShowSpeed,2026-02,6,2059,0.29,7.4
https://9takes.com/personality-analysis/Robert-Greene,2026-02,6,412,1.46,6.6
https://9takes.com/personality-analysis/Zayn-Malik,2026-02,6,3014,0.20,4.5
https://9takes.com/enneagram-corner,2026-02,5,99,5.05,15.7
https://9takes.com/enneagram-corner/enneagram-types-being-ghosted,2026-02,5,309,1.62,5.8
https://9takes.com/personality-analysis/Billie-Eilish,2026-02,5,4191,0.12,6.6
https://9takes.com/personality-analysis/John-F-Kennedy,2026-02,5,1920,0.26,5.9
https://9takes.com/personality-analysis/Madison-Beer,2026-02,5,1879,0.27,5.4
https://9takes.com/personality-analysis/Marilyn-Monroe,2026-02,5,1516,0.33,7.3
https://9takes.com/pop-culture/ghislaine-maxwell-psychology,2026-02,5,225,2.22,7.0
https://9takes.com/enneagram-corner/enneagram-childhood-stereotypes,2026-02,4,236,1.69,14.2
https://9takes.com/enneagram-corner/enneagram-types-on-a-first-date,2026-02,4,306,1.31,12.1
https://9takes.com/personality-analysis/Dave-Portnoy,2026-02,4,852,0.47,6.6
https://9takes.com/personality-analysis/Drake,2026-02,4,891,0.45,9.3
https://9takes.com/personality-analysis/Jackie-Kennedy,2026-02,4,860,0.47,2.9
https://9takes.com/personality-analysis/Joaquin-Phoenix,2026-02,4,1307,0.31,3.6
https://9takes.com/personality-analysis/Kai-Cenat,2026-02,4,1308,0.31,6.1
https://9takes.com/personality-analysis/Paris-Hilton,2026-02,4,759,0.53,5.9
https://9takes.com/personality-analysis/Prince-Harry,2026-02,4,601,0.67,6.9
https://9takes.com/personality-analysis/Sabrina-Carpenter,2026-02,4,6105,0.07,6.0
https://9takes.com/personality-analysis/Tom-Hardy,2026-02,4,783,0.51,8.1
https://9takes.com/enneagram-corner/enneagram-personal-growth,2026-02,3,370,0.81,26.1
https://9takes.com/enneagram-corner/enneagram-type-7,2026-02,3,225,1.33,37.0
https://9takes.com/enneagram-corner/how-each-enneagram-type-manipulates,2026-02,3,408,0.74,8.1
https://9takes.com/personality-analysis/Alex-Cooper,2026-02,3,208,1.44,7.9
https://9takes.com/personality-analysis/Aubrey-Plaza,2026-02,3,964,0.31,6.1
https://9takes.com/personality-analysis/Bob-Dylan,2026-02,3,1267,0.24,8.2
https://9takes.com/personality-analysis/Donald-Trump,2026-02,3,118,2.54,9.2
https://9takes.com/personality-analysis/Druski,2026-02,3,1126,0.27,8.0
https://9takes.com/personality-analysis/Jacob-Elordi,2026-02,3,233,1.29,6.9
https://9takes.com/personality-analysis/Jeff-Bezos,2026-02,3,2127,0.14,9.3
https://9takes.com/personality-analysis/Kevin-Hart,2026-02,3,630,0.48,6.5
https://9takes.com/personality-analysis/Michelle-Obama,2026-02,3,1281,0.23,8.5
https://9takes.com/personality-analysis/Nicole-Kidman,2026-02,3,1228,0.24,5.0
https://9takes.com/personality-analysis/Tom-Cruise,2026-02,3,489,0.61,8.1
https://9takes.com/personality-analysis/Tom-Hanks,2026-02,3,413,0.73,7.4
https://9takes.com/personality-analysis/type/4,2026-02,3,400,0.75,19.3
https://9takes.com/personality-analysis/type/9,2026-02,3,821,0.37,14.1
https://9takes.com/blog,2026-02,2,110,1.82,6.7
https://9takes.com/enneagram-corner/enneagram-anxiety-complete-guide,2026-02,2,988,0.20,11.6
https://9takes.com/enneagram-corner/enneagram-communication-styles,2026-02,2,440,0.45,11.3
https://9takes.com/enneagram-corner/enneagram-communication-tips,2026-02,2,237,0.84,11.8
https://9takes.com/enneagram-corner/enneagram-compatibility-guide,2026-02,2,92,2.17,9.2
https://9takes.com/enneagram-corner/enneagram-crisis-management-guide,2026-02,2,455,0.44,9.5
https://9takes.com/enneagram-corner/enneagram-stress-number,2026-02,2,202,0.99,19.3
https://9takes.com/enneagram-corner/enneagram-type-1,2026-02,2,255,0.78,18.1
https://9takes.com/enneagram-corner/enneagram-type-5,2026-02,2,553,0.36,14.1
https://9takes.com/enneagram-corner/enneagram-type-6,2026-02,2,532,0.38,15.1
https://9takes.com/enneagram-corner/enneagram-type-9,2026-02,2,760,0.26,47.5
https://9takes.com/enneagram-corner/enneagram-types-in-stress,2026-02,2,1213,0.16,12.7
https://9takes.com/enneagram-corner/how-each-enneagram-flexes,2026-02,2,53,3.77,10.0
https://9takes.com/enneagram-corner/mental-health/enneagram-science-mental-health,2026-02,2,3030,0.07,10.4
https://9takes.com/enneagram-corner/mental-health/enneagram-workplace-mental-health,2026-02,2,226,0.88,18.2
https://9takes.com/enneagram-corner/neurodiversity-vs-personality,2026-02,2,185,1.08,8.6
https://9takes.com/personality-analysis,2026-02,2,347,0.58,27.5
https://9takes.com/personality-analysis/Alix-Earle,2026-02,2,26,7.69,7.8
https://9takes.com/personality-analysis/Beyonce-Knowles,2026-02,2,576,0.35,7.1
https://9takes.com/personality-analysis/Charli-xcx,2026-02,2,197,1.02,29.6
https://9takes.com/personality-analysis/Charlie-Puth,2026-02,2,1187,0.17,3.2
https://9takes.com/personality-analysis/Jack-Black,2026-02,2,187,1.07,8.4
https://9takes.com/personality-analysis/Jennifer-Garner,2026-02,2,649,0.31,5.9
https://9takes.com/personality-analysis/Jimmy-Fallon,2026-02,2,600,0.33,4.1
https://9takes.com/personality-analysis/Joe-Rogan,2026-02,2,953,0.21,6.2
https://9takes.com/personality-analysis/Keanu-Reeves,2026-02,2,961,0.21,9.5
https://9takes.com/personality-analysis/Kim-Kardashian,2026-02,2,443,0.45,9.4
https://9takes.com/personality-analysis/Kourtney-Kardashian,2026-02,2,1101,0.18,6.2
https://9takes.com/personality-analysis/Lady-Gaga,2026-02,2,1058,0.19,5.6
https://9takes.com/personality-analysis/Lana-Del-Rey,2026-02,2,906,0.22,4.9
https://9takes.com/personality-analysis/Meryl-Streep,2026-02,2,207,0.97,7.1
https://9takes.com/personality-analysis/Palmer-Luckey,2026-02,2,3736,0.05,6.8
https://9takes.com/personality-analysis/Prince,2026-02,2,391,0.51,9.2
https://9takes.com/personality-analysis/Rihanna,2026-02,2,682,0.29,9.4
https://9takes.com/personality-analysis/Ronald-Reagan,2026-02,2,815,0.25,7.3
https://9takes.com/personality-analysis/Sam-Altman,2026-02,2,1225,0.16,6.8
https://9takes.com/personality-analysis/Shawn-Ryan,2026-02,2,148,1.35,5.8
https://9takes.com/personality-analysis/Shia-LaBeouf,2026-02,2,232,0.86,8.4
https://9takes.com/personality-analysis/Tina-Fey,2026-02,2,359,0.56,7.1
https://9takes.com/personality-analysis/Zoe-Kravitz,2026-02,2,75,2.67,7.9
https://9takes.com/personality-analysis/type/1,2026-02,2,601,0.33,48.9
https://9takes.com/personality-analysis/type/2,2026-02,2,855,0.23,14.2
https://9takes.com/personality-analysis/type/8,2026-02,2,805,0.25,37.3
https://9takes.com/pop-culture/epstein-psychology-part-2,2026-02,2,300,0.67,6.7
http://9takes.com/,2026-02,1,1,100.00,1.0
https://9takes.com/about,2026-02,1,35,2.86,2.5
https://9takes.com/enneagram-corner/90-day-personality-maxing-blueprint,2026-02,1,69,1.45,8.4
https://9takes.com/enneagram-corner/enneagram-parenting-mental-health,2026-02,1,76,1.32,9.3
https://9takes.com/enneagram-corner/enneagram-tldr,2026-02,1,856,0.12,56.8
https://9takes.com/enneagram-corner/enneagram-trauma-response-guide,2026-02,1,143,0.70,9.1
https://9takes.com/enneagram-corner/enneagram-type-4,2026-02,1,523,0.19,48.1
https://9takes.com/enneagram-corner/enneagram-types-in-relationships,2026-02,1,777,0.13,33.6
https://9takes.com/enneagram-corner/enneagram-vs-meyers-briggs,2026-02,1,308,0.32,21.7
https://9takes.com/enneagram-corner/red-flags-dating-each-enneagram-type,2026-02,1,122,0.82,7.9
https://9takes.com/enneagram-corner/subtopic/situational,2026-02,1,37,2.70,8.3
https://9takes.com/how-to-guides/dating-dynamics-by-enneagram-type,2026-02,1,362,0.28,11.6
https://9takes.com/how-to-guides/definitive-guide-to-relationship-conflict-part-1,2026-02,1,62,1.61,10.5
https://9takes.com/personality-analysis/Agatha-Christie,2026-02,1,1105,0.09,7.9
https://9takes.com/personality-analysis/Alex-Hormozi,2026-02,1,149,0.67,7.5
https://9takes.com/personality-analysis/Alexis-Bledel,2026-02,1,52,1.92,7.7
https://9takes.com/personality-analysis/Anya-Taylor-Joy,2026-02,1,1050,0.10,5.9
https://9takes.com/personality-analysis/Ariana-Grande,2026-02,1,323,0.31,10.1
https://9takes.com/personality-analysis/Arnold-Schwarzenegger,2026-02,1,216,0.46,6.3
https://9takes.com/personality-analysis/Ashby,2026-02,1,23,4.35,10.4
https://9takes.com/personality-analysis/Blake-Lively,2026-02,1,359,0.28,8.4
https://9takes.com/personality-analysis/Brad-Pitt,2026-02,1,1053,0.09,7.2
https://9takes.com/personality-analysis/Cillian-Murphy,2026-02,1,897,0.11,9.7
https://9takes.com/personality-analysis/David-Dobrik,2026-02,1,94,1.06,9.4
https://9takes.com/personality-analysis/Denzel-Washington,2026-02,1,570,0.18,6.9
https://9takes.com/personality-analysis/Doechii,2026-02,1,166,0.60,9.2
https://9takes.com/personality-analysis/Doja-Cat,2026-02,1,19,5.26,9.0
https://9takes.com/personality-analysis/Elton-John,2026-02,1,96,1.04,7.9
https://9takes.com/personality-analysis/Eminem,2026-02,1,389,0.26,8.5
https://9takes.com/personality-analysis/Frida-Kahlo,2026-02,1,88,1.14,7.0
https://9takes.com/personality-analysis/Hasan-Piker,2026-02,1,480,0.21,8.3
https://9takes.com/personality-analysis/Jennifer-Lawrence,2026-02,1,423,0.24,8.5
https://9takes.com/personality-analysis/Johnny-Depp,2026-02,1,692,0.14,8.1
https://9takes.com/personality-analysis/Jon-Stewart,2026-02,1,172,0.58,7.2
https://9takes.com/personality-analysis/Kanye,2026-02,1,437,0.23,7.7
https://9takes.com/personality-analysis/Kylie-Jenner,2026-02,1,903,0.11,7.1
https://9takes.com/personality-analysis/Leonardo-DiCaprio,2026-02,1,326,0.31,10.3
https://9takes.com/personality-analysis/Lex-Fridman,2026-02,1,792,0.13,5.3
https://9takes.com/personality-analysis/Meghan-Markle,2026-02,1,791,0.13,6.8
https://9takes.com/personality-analysis/Mikey-Madison,2026-02,1,361,0.28,7.7
https://9takes.com/personality-analysis/Miley-Cyrus,2026-02,1,403,0.25,9.9
https://9takes.com/personality-analysis/Millie-Bobby-Brown,2026-02,1,331,0.30,8.1
https://9takes.com/personality-analysis/Mr-Beast,2026-02,1,1428,0.07,9.2
https://9takes.com/personality-analysis/Pete-Davidson,2026-02,1,197,0.51,8.7
https://9takes.com/personality-analysis/Peter-Thiel,2026-02,1,804,0.12,5.4
https://9takes.com/personality-analysis/Robert-Downey-Jr,2026-02,1,414,0.24,9.3
https://9takes.com/personality-analysis/Robert-Oppenheimer,2026-02,1,1705,0.06,6.9
https://9takes.com/personality-analysis/Robert-Pattinson,2026-02,1,376,0.27,6.8
https://9takes.com/personality-analysis/Rooney-Mara,2026-02,1,231,0.43,8.3
https://9takes.com/personality-analysis/Sundar-Pichai,2026-02,1,122,0.82,7.3
https://9takes.com/personality-analysis/Zendaya,2026-02,1,1387,0.07,9.7
https://9takes.com/personality-analysis/travis-scott,2026-02,1,47,2.13,6.3
https://9takes.com/personality-analysis/type/5,2026-02,1,323,0.31,44.8
https://9takes.com/pop-culture/parasocial-relationships-enneagram-type,2026-02,1,39,2.56,9.0
https://9takes.com/book-session,2026-02,0,6,0.00,5.7
https://9takes.com/community,2026-02,0,9,0.00,3.2
https://9takes.com/community/consensus-on-human-nature,2026-02,0,4,0.00,12.5
https://9takes.com/community/how-minds-change-on-9takes,2026-02,0,12,0.00,6.2
https://9takes.com/community/inspiration-for-9takes,2026-02,0,3,0.00,7.0
https://9takes.com/community/mbti-vs-enneagram,2026-02,0,6,0.00,10.3
https://9takes.com/community/reddit-deep-connections-limitations,2026-02,0,3,0.00,4.7
https://9takes.com/community/what-winning-online-arguments-looks-like,2026-02,0,5,0.00,9.0
https://9takes.com/community/why-im-selective-sharing-enneagram,2026-02,0,2,0.00,9.0
https://9takes.com/enneagram-corner/anxiety-and-enneagram-types-guide,2026-02,0,105,0.00,8.6
https://9takes.com/enneagram-corner/beginners-guide-to-determining-your-enneagram-type,2026-02,0,123,0.00,35.0
https://9takes.com/enneagram-corner/enneagram-and-religion,2026-02,0,430,0.00,25.0
https://9takes.com/enneagram-corner/enneagram-anxiety-management-guide,2026-02,0,148,0.00,11.4
https://9takes.com/enneagram-corner/enneagram-books-websites-podcasts,2026-02,0,29,0.00,14.1
https://9takes.com/enneagram-corner/enneagram-concepts,2026-02,0,35,0.00,7.9
https://9takes.com/enneagram-corner/enneagram-connecting-lines,2026-02,0,249,0.00,16.6
https://9takes.com/enneagram-corner/enneagram-criticisms,2026-02,0,1,0.00,10.0
https://9takes.com/enneagram-corner/enneagram-dating-guide-for-men,2026-02,0,243,0.00,9.1
https://9takes.com/enneagram-corner/enneagram-influences,2026-02,0,267,0.00,47.1
https://9takes.com/enneagram-corner/enneagram-leadership,2026-02,0,205,0.00,13.4
https://9takes.com/enneagram-corner/enneagram-party-planner,2026-02,0,18,0.00,9.1
https://9takes.com/enneagram-corner/enneagram-self-development,2026-02,0,94,0.00,16.9
https://9takes.com/enneagram-corner/enneagram-team-diversity,2026-02,0,6,0.00,15.5
https://9takes.com/enneagram-corner/enneagram-team-dynamics,2026-02,0,579,0.00,19.3
https://9takes.com/enneagram-corner/enneagram-therapy-guide,2026-02,0,1,0.00,37.0
https://9takes.com/enneagram-corner/enneagram-type-2,2026-02,0,522,0.00,24.7
https://9takes.com/enneagram-corner/enneagram-type-3,2026-02,0,516,0.00,31.1
https://9takes.com/enneagram-corner/enneagram-type-8,2026-02,0,704,0.00,11.3
https://9takes.com/enneagram-corner/enneagram-types-and-career-choices,2026-02,0,872,0.00,36.1
https://9takes.com/enneagram-corner/enneagram-types-at-party,2026-02,0,225,0.00,9.2
https://9takes.com/enneagram-corner/enneagram-types-working-in-teams,2026-02,0,283,0.00,46.8
https://9takes.com/enneagram-corner/enneagram-vs-personality-frameworks-comparison,2026-02,0,1081,0.00,7.1
https://9takes.com/enneagram-corner/enneagram-workplace-team-building,2026-02,0,9,0.00,19.1
https://9takes.com/enneagram-corner/first-impression-cheat-sheet,2026-02,0,88,0.00,8.5
https://9takes.com/enneagram-corner/first-impression-enneagram-playbook,2026-02,0,15,0.00,8.4
https://9takes.com/enneagram-corner/how-each-enneagram-type-self-sabotages-success,2026-02,0,243,0.00,8.8
https://9takes.com/enneagram-corner/how-each-enneagram-type-unwinds,2026-02,0,183,0.00,10.8
https://9takes.com/enneagram-corner/how-to-navigate-early-relationship-stages,2026-02,0,62,0.00,9.8
https://9takes.com/enneagram-corner/how-type-8-challengers-actually-succeed,2026-02,0,12,0.00,8.2
https://9takes.com/enneagram-corner/love-languages-and-enneagram-types,2026-02,0,86,0.00,9.2
https://9takes.com/enneagram-corner/oversharing-psychology-shame-boundaries,2026-02,0,60,0.00,10.8
https://9takes.com/enneagram-corner/philosophy-psychology-and-the-enneagram,2026-02,0,89,0.00,10.2
https://9takes.com/enneagram-corner/relationship-communication-guide,2026-02,0,343,0.00,14.1
https://9takes.com/enneagram-corner/situations-change-emotions-dont,2026-02,0,4,0.00,3.5
https://9takes.com/enneagram-corner/subtopic/development,2026-02,0,18,0.00,6.4
https://9takes.com/enneagram-corner/subtopic/nine-types,2026-02,0,7,0.00,7.0
https://9takes.com/enneagram-corner/subtopic/overview,2026-02,0,8,0.00,11.0
https://9takes.com/enneagram-corner/subtopic/relationships,2026-02,0,4,0.00,47.8
https://9takes.com/enneagram-corner/subtopic/resources,2026-02,0,2,0.00,10.5
https://9takes.com/enneagram-corner/subtopic/workplace,2026-02,0,1,0.00,20.0
https://9takes.com/enneagram-corner/why-dating-apps-are-harder-for-certain-personality-types,2026-02,0,65,0.00,8.4
https://9takes.com/enneagram-corner/why-the-next-thing-wont-fix-it-type-7,2026-02,0,11,0.00,7.5
https://9takes.com/enneagram-corner/why-therapy-doesnt-work-the-same-for-every-type,2026-02,0,48,0.00,17.3
https://9takes.com/enneagram-corner/why-you-cant-stop-overthinking-enneagram,2026-02,0,182,0.00,7.9
https://9takes.com/how-to-guides,2026-02,0,8,0.00,8.9
https://9takes.com/how-to-guides/5-tough-conversations-you-need-to-have-with-your-partner,2026-02,0,73,0.00,41.2
https://9takes.com/how-to-guides/definitive-guide-to-relationship-conflict-part-2,2026-02,0,33,0.00,11.2
https://9takes.com/how-to-guides/definitive-guide-to-self-efficacy,2026-02,0,1,0.00,2.0
https://9takes.com/how-to-guides/guide-to-fighting-depression,2026-02,0,10,0.00,9.4
https://9takes.com/how-to-guides/how-to-psychoanalyze-people,2026-02,0,30,0.00,8.6
https://9takes.com/how-to-guides/ultimate-guide-to-active-listening,2026-02,0,66,0.00,11.2
https://9takes.com/how-to-guides/using-the-enneagram-for-self-development,2026-02,0,25,0.00,17.7
https://9takes.com/personality-analysis/Abraham-Lincoln,2026-02,0,109,0.00,13.6
https://9takes.com/personality-analysis/Addison-Rae,2026-02,0,122,0.00,6.4
https://9takes.com/personality-analysis/Adin-Ross,2026-02,0,419,0.00,9.9
https://9takes.com/personality-analysis/Alexandria-Ocasio-Cortez,2026-02,0,317,0.00,7.2
https://9takes.com/personality-analysis/Ali-Abdaal,2026-02,0,80,0.00,7.9
https://9takes.com/personality-analysis/Amber-Heard,2026-02,0,131,0.00,9.5
https://9takes.com/personality-analysis/Amy-Poehler,2026-02,0,24,0.00,7.3
https://9takes.com/personality-analysis/Andrew-Callaghan,2026-02,0,88,0.00,9.4
https://9takes.com/personality-analysis/Andrew-Huberman,2026-02,0,17,0.00,9.1
https://9takes.com/personality-analysis/Andrew-Schulz,2026-02,0,8,0.00,7.3
https://9takes.com/personality-analysis/Andrew-Tate,2026-02,0,104,0.00,10.6
https://9takes.com/personality-analysis/Anne-Hathaway,2026-02,0,258,0.00,9.4
https://9takes.com/personality-analysis/Bad-Bunny,2026-02,0,287,0.00,8.3
https://9takes.com/personality-analysis/Barack-Obama,2026-02,0,136,0.00,10.4
https://9takes.com/personality-analysis/Bella-Hadid,2026-02,0,11,0.00,6.6
https://9takes.com/personality-analysis/Bella-Poarch,2026-02,0,70,0.00,7.5
https://9takes.com/personality-analysis/Benson-Boone,2026-02,0,36,0.00,11.4
https://9takes.com/personality-analysis/Bernie-Sanders,2026-02,0,47,0.00,9.1
https://9takes.com/personality-analysis/Bill-Gates,2026-02,0,491,0.00,9.7
https://9takes.com/personality-analysis/Bobbi-Althoff,2026-02,0,42,0.00,4.4
https://9takes.com/personality-analysis/Brittany-Broski,2026-02,0,37,0.00,8.1
https://9takes.com/personality-analysis/Casey-Neistat,2026-02,0,94,0.00,9.3
https://9takes.com/personality-analysis/Chamath-Palihapitiya,2026-02,0,6,0.00,7.8
https://9takes.com/personality-analysis/Chappell-Roan,2026-02,0,1869,0.00,6.8
https://9takes.com/personality-analysis/Charli-D'Amelio,2026-02,0,45,0.00,8.7
https://9takes.com/personality-analysis/Chelsea-Handler,2026-02,0,179,0.00,10.0
https://9takes.com/personality-analysis/Chris-Williamson,2026-02,0,70,0.00,7.6
https://9takes.com/personality-analysis/Cristiano-Ronaldo,2026-02,0,496,0.00,9.0
https://9takes.com/personality-analysis/Dave-Chappelle,2026-02,0,22,0.00,11.7
https://9takes.com/personality-analysis/David-Friedberg,2026-02,0,31,0.00,10.0
https://9takes.com/personality-analysis/David-Sacks,2026-02,0,81,0.00,5.9
https://9takes.com/personality-analysis/Dax-Shepard,2026-02,0,11,0.00,6.4
https://9takes.com/personality-analysis/Demi-Lovato,2026-02,0,68,0.00,8.2
https://9takes.com/personality-analysis/Dixie-D'Amelio,2026-02,0,19,0.00,10.7
https://9takes.com/personality-analysis/Dolly-Parton,2026-02,0,32,0.00,10.9
https://9takes.com/personality-analysis/Dwayne-Johnson,2026-02,0,465,0.00,9.5
https://9takes.com/personality-analysis/Ellen-Degeneres,2026-02,0,106,0.00,7.7
https://9takes.com/personality-analysis/Emily-Ratajkowski,2026-02,0,297,0.00,7.4
https://9takes.com/personality-analysis/Emma-Chamberlain,2026-02,0,178,0.00,10.4
https://9takes.com/personality-analysis/Emma-Watson/,2026-02,0,1,0.00,1.0
https://9takes.com/personality-analysis/Friedrich-Nietzsche,2026-02,0,793,0.00,9.0
https://9takes.com/personality-analysis/Gary-Vee,2026-02,0,36,0.00,8.1
https://9takes.com/personality-analysis/George-H-W-Bush,2026-02,0,156,0.00,11.3
https://9takes.com/personality-analysis/George-RR-Martin,2026-02,0,27,0.00,8.3
https://9takes.com/personality-analysis/George-W-Bush,2026-02,0,207,0.00,8.8
https://9takes.com/personality-analysis/Greta-Thunberg,2026-02,0,61,0.00,8.8
https://9takes.com/personality-analysis/Grimes,2026-02,0,533,0.00,8.7
https://9takes.com/personality-analysis/Hailey-Bieber,2026-02,0,96,0.00,7.9
https://9takes.com/personality-analysis/Halsey,2026-02,0,248,0.00,10.0
https://9takes.com/personality-analysis/Harry-Styles,2026-02,0,121,0.00,11.3
https://9takes.com/personality-analysis/Henry-Cavill,2026-02,0,619,0.00,7.9
https://9takes.com/personality-analysis/Hillary-Clinton,2026-02,0,67,0.00,11.1
https://9takes.com/personality-analysis/Hozier,2026-02,0,32,0.00,5.5
https://9takes.com/personality-analysis/Hugh-Jackman,2026-02,0,690,0.00,6.4
https://9takes.com/personality-analysis/J.K.-Rowling,2026-02,0,60,0.00,8.6
https://9takes.com/personality-analysis/Jack-Dorsey,2026-02,0,165,0.00,6.7
https://9takes.com/personality-analysis/Jake-Paul,2026-02,0,324,0.00,7.4
https://9takes.com/personality-analysis/James-Charles,2026-02,0,17,0.00,6.1
https://9takes.com/personality-analysis/Jared-Leto,2026-02,0,33,0.00,8.0
https://9takes.com/personality-analysis/Jason-Calacanis,2026-02,0,202,0.00,6.8
https://9takes.com/personality-analysis/Jenna-Ortega,2026-02,0,1703,0.00,7.8
https://9takes.com/personality-analysis/Jimmy-Carter,2026-02,0,59,0.00,10.1
https://9takes.com/personality-analysis/Jocko-Willink,2026-02,0,13,0.00,7.5
https://9takes.com/personality-analysis/Joe-Biden,2026-02,0,367,0.00,6.6
https://9takes.com/personality-analysis/John-Coogan,2026-02,0,254,0.00,6.5
https://9takes.com/personality-analysis/Jordan-Peterson,2026-02,0,59,0.00,10.4
https://9takes.com/personality-analysis/Justin-Bieber,2026-02,0,638,0.00,9.0
https://9takes.com/personality-analysis/Justin-Trudeau,2026-02,0,48,0.00,8.7
https://9takes.com/personality-analysis/Kamala-Harris,2026-02,0,316,0.00,8.5
https://9takes.com/personality-analysis/Katy-Perry,2026-02,0,123,0.00,8.0
https://9takes.com/personality-analysis/Keke-Palmer,2026-02,0,16,0.00,6.6
https://9takes.com/personality-analysis/Kendrick-Lamar,2026-02,0,323,0.00,9.8
https://9takes.com/personality-analysis/Khloe-Kardashian,2026-02,0,1103,0.00,6.2
https://9takes.com/personality-analysis/Kristen-Bell,2026-02,0,383,0.00,6.7
https://9takes.com/personality-analysis/Krystal-Ball,2026-02,0,130,0.00,7.5
https://9takes.com/personality-analysis/Leila-Hormozi,2026-02,0,39,0.00,8.7
https://9takes.com/personality-analysis/Logan-Paul,2026-02,0,489,0.00,6.7
https://9takes.com/personality-analysis/Malcolm-Gladwell,2026-02,0,9,0.00,8.9
https://9takes.com/personality-analysis/Malcolm-X,2026-02,0,34,0.00,8.6
https://9takes.com/personality-analysis/Martin-Luther-King-Jr,2026-02,0,243,0.00,9.8
https://9takes.com/personality-analysis/Matthew-McConaughey,2026-02,0,18,0.00,9.1
https://9takes.com/personality-analysis/Michael-B-Jordan,2026-02,0,55,0.00,8.6
https://9takes.com/personality-analysis/Miles-Teller,2026-02,0,175,0.00,10.2
https://9takes.com/personality-analysis/Mr-Rogers,2026-02,0,85,0.00,9.9
https://9takes.com/personality-analysis/Nancy-Pelosi,2026-02,0,111,0.00,6.5
https://9takes.com/personality-analysis/Nancy-Reagan,2026-02,0,8,0.00,6.3
https://9takes.com/personality-analysis/Natalie-Portman,2026-02,0,135,0.00,9.5
https://9takes.com/personality-analysis/Nikola-Tesla,2026-02,0,498,0.00,9.2
https://9takes.com/personality-analysis/Olivia-Rodrigo,2026-02,0,991,0.00,7.2
https://9takes.com/personality-analysis/Oprah-Winfrey,2026-02,0,438,0.00,9.1
https://9takes.com/personality-analysis/Paul-Graham,2026-02,0,55,0.00,9.2
https://9takes.com/personality-analysis/Paul-Rudd,2026-02,0,63,0.00,9.8
https://9takes.com/personality-analysis/Pedro-Pascal,2026-02,0,134,0.00,8.8
https://9takes.com/personality-analysis/PewDiePie,2026-02,0,49,0.00,11.0
https://9takes.com/personality-analysis/Pokimane,2026-02,0,36,0.00,5.4
https://9takes.com/personality-analysis/Post-Malone,2026-02,0,31,0.00,9.2
https://9takes.com/personality-analysis/Princess-Diana,2026-02,0,53,0.00,7.1
https://9takes.com/personality-analysis/Reed-Hastings,2026-02,0,25,0.00,10.4
https://9takes.com/personality-analysis/Ruth-Bader-Ginsburg,2026-02,0,52,0.00,10.0
https://9takes.com/personality-analysis/Ryan-Reynolds,2026-02,0,418,0.00,6.5
https://9takes.com/personality-analysis/Saagar-Enjeti,2026-02,0,29,0.00,9.9
https://9takes.com/personality-analysis/Sam-Parr,2026-02,0,12,0.00,17.6
https://9takes.com/personality-analysis/Saoirse-Ronan,2026-02,0,193,0.00,6.7
https://9takes.com/personality-analysis/Satya-Nadella,2026-02,0,39,0.00,5.5
https://9takes.com/personality-analysis/Scarlett-Johansson,2026-02,0,312,0.00,9.9
https://9takes.com/personality-analysis/Selena-Gomez,2026-02,0,420,0.00,9.2
https://9takes.com/personality-analysis/Shane-Gillis,2026-02,0,40,0.00,7.8
https://9takes.com/personality-analysis/Steve-Jobs,2026-02,0,368,0.00,10.3
https://9takes.com/personality-analysis/Steven-Bartlett,2026-02,0,59,0.00,8.5
https://9takes.com/personality-analysis/Tara-Yummy,2026-02,0,16,0.00,9.9
https://9takes.com/personality-analysis/Taylor-Lorenz,2026-02,0,12,0.00,8.8
https://9takes.com/personality-analysis/Taylor-Swift,2026-02,0,246,0.00,10.4
https://9takes.com/personality-analysis/Theo-Von,2026-02,0,45,0.00,7.8
https://9takes.com/personality-analysis/Tim-Cook,2026-02,0,34,0.00,7.5
https://9takes.com/personality-analysis/Tim-Dillon,2026-02,0,246,0.00,7.5
https://9takes.com/personality-analysis/Tim-Ferriss,2026-02,0,92,0.00,7.0
https://9takes.com/personality-analysis/Tim-Robinson,2026-02,0,28,0.00,10.0
https://9takes.com/personality-analysis/Tom-Holland,2026-02,0,619,0.00,8.6
https://9takes.com/personality-analysis/Tony-Robbins,2026-02,0,19,0.00,9.5
https://9takes.com/personality-analysis/Travis-Scott,2026-02,0,487,0.00,8.2
https://9takes.com/personality-analysis/Trevor-Noah,2026-02,0,199,0.00,9.3
https://9takes.com/personality-analysis/Tucker-Carlson,2026-02,0,50,0.00,7.1
https://9takes.com/personality-analysis/Vladimir-Putin,2026-02,0,48,0.00,7.4
https://9takes.com/personality-analysis/Will-Smith,2026-02,0,594,0.00,11.1
https://9takes.com/personality-analysis/Winston-Churchill,2026-02,0,173,0.00,10.7
https://9takes.com/personality-analysis/Xi-Jinping,2026-02,0,156,0.00,8.4
https://9takes.com/personality-analysis/ariana-grande,2026-02,0,29,0.00,8.2
https://9takes.com/personality-analysis/elon-musk-why-elon-musk-cant-stop-inside-the-psychology-driving-his-chaos,2026-02,0,5,0.00,1.0
https://9takes.com/personality-analysis/gwyneth-paltrow,2026-02,0,11,0.00,8.9
https://9takes.com/personality-analysis/sam-altman,2026-02,0,33,0.00,5.9
https://9takes.com/personality-analysis/type/3,2026-02,0,192,0.00,14.6
https://9takes.com/personality-analysis/type/6,2026-02,0,418,0.00,47.0
https://9takes.com/personality-analysis/type/7,2026-02,0,179,0.00,21.2
https://9takes.com/personality-analysis/xQc,2026-02,0,266,0.00,7.1
https://9takes.com/pop-culture,2026-02,0,34,0.00,15.1
https://9takes.com/pop-culture/dark-triad-meets-enneagram,2026-02,0,142,0.00,6.1
https://9takes.com/pop-culture/incel-blackpill-radicalization-enneagram,2026-02,0,519,0.00,6.4
https://9takes.com/pop-culture/reddit-moderators-type-1-internet,2026-02,0,20,0.00,7.8
https://9takes.com/questions,2026-02,0,20,0.00,2.9
https://9takes.com/types/1s/Jeff-Bezos.webp,2026-02,0,1,0.00,16.0
https://9takes.com/types/2s/Jennifer-Garner.webp,2026-02,0,1,0.00,26.0
https://9takes.com/types/2s/s-Tom-Hiddleston.webp,2026-02,0,1,0.00,27.0
https://9takes.com/types/3s/Sydney-Sweeney.webp,2026-02,0,1,0.00,19.0
https://9takes.com/types/4s/Johnny-Depp.webp,2026-02,0,4,0.00,13.3
https://9takes.com/types/4s/s-Lana-Del-Rey.webp,2026-02,0,1,0.00,9.0
https://9takes.com/types/5s/Cillian-Murphy.webp,2026-02,0,3,0.00,17.7
https://9takes.com/types/5s/Elon-Musk.webp,2026-02,0,1,0.00,25.0
https://9takes.com/types/5s/Lex-Fridman.webp,2026-02,0,1,0.00,17.0
https://9takes.com/types/6s/Aubrey-Plaza.webp,2026-02,0,1,0.00,28.0
https://9takes.com/types/6s/Peter-Thiel.webp,2026-02,0,1,0.00,20.0
https://9takes.com/types/7s/Palmer-Luckey.webp,2026-02,0,1,0.00,29.0
https://9takes.com/types/7s/s-Hugh-Jackman.webp,2026-02,0,1,0.00,23.0
https://9takes.com/types/8s/IShowSpeed.webp,2026-02,0,6,0.00,16.8
https://9takes.com/types/8s/Rihanna.webp,2026-02,0,1,0.00,6.0
https://9takes.com/types/8s/Tom-Hardy.webp,2026-02,0,1,0.00,11.0
https://www.9takes.com/enneagram-corner/enneagram-and-mental-illness,2026-02,0,1,0.00,1.0
https://www.9takes.com/personality-analysis/Dave-Portnoy,2026-02,0,1,0.00,1.0
https://9takes.com/enneagram-corner/enneagram-and-mental-illness,2026-03,97,7702,1.26,6.8
https://9takes.com/enneagram-corner/enneagram-and-adhd-which-types-struggle-most,2026-03,44,1761,2.50,6.3
https://9takes.com/enneagram-corner/mental-health/enneagram-neurodivergence-guide,2026-03,43,2930,1.47,7.7
https://9takes.com/enneagram-corner/enneagram-compatibility-matrix,2026-03,39,9377,0.42,9.2
https://9takes.com/enneagram-corner/astrology-and-the-enneagram,2026-03,28,7388,0.38,7.1
https://9takes.com/,2026-03,21,136,15.44,3.8
https://9takes.com/enneagram-corner/enneagram-instinctual-subtypes,2026-03,22,5414,0.41,12.0
https://9takes.com/enneagram-corner/depression-patterns-by-enneagram-type,2026-03,20,2709,0.74,7.0
https://9takes.com/enneagram-corner/toxic-traits-relationships-warning-signs,2026-03,20,2599,0.77,6.8
https://9takes.com/enneagram-corner/how-each-enneagram-type-manipulates,2026-03,19,2240,0.85,6.3
https://9takes.com/enneagram-corner/attachment-styles-and-enneagram-types,2026-03,15,3652,0.41,7.6
https://9takes.com/enneagram-corner/enneagram-addiction-recovery-guide,2026-03,15,1681,0.89,7.2
https://9takes.com/enneagram-corner/enneagram-wings-complete-guide,2026-03,13,3614,0.36,8.3
https://9takes.com/enneagram-corner/enneagram-strengths-and-weaknesses,2026-03,11,2200,0.50,8.6
https://9takes.com/pop-culture/epstein-psychology-part-1,2026-03,10,1863,0.54,8.5
https://9takes.com/pop-culture/ghislaine-maxwell-psychology,2026-03,10,481,2.08,6.8
https://9takes.com/enneagram-corner/enneagram-test-comparison-2025,2026-03,9,6555,0.14,12.4
https://9takes.com/personality-analysis/Dua-Lipa,2026-03,8,1198,0.67,5.2
https://9takes.com/personality-analysis/Jack-Black,2026-03,8,1017,0.79,7.5
https://9takes.com/enneagram-corner/enneagram-type-5,2026-03,7,761,0.92,10.5
https://9takes.com/personality-analysis/Druski,2026-03,7,3423,0.20,7.1
https://9takes.com/personality-analysis/Ryan-Gosling,2026-03,7,1541,0.45,7.6
https://9takes.com/personality-analysis/Timothee-Chalamet,2026-03,7,1146,0.61,6.6
https://9takes.com/enneagram-corner/enneagram-anxiety-complete-guide,2026-03,6,1000,0.60,8.3
https://9takes.com/enneagram-corner/toxic-traits-of-each-enneagram-type,2026-03,6,1582,0.38,8.9
https://9takes.com/personality-analysis/Kourtney-Kardashian,2026-03,6,1040,0.58,6.7
https://9takes.com/personality-analysis/Madison-Beer,2026-03,6,1527,0.39,6.8
https://9takes.com/personality-analysis/Tom-Hiddleston,2026-03,6,978,0.61,4.8
https://9takes.com/enneagram-corner,2026-03,5,191,2.62,30.7
https://9takes.com/enneagram-corner/enneagram-mental-health-flags,2026-03,5,545,0.92,6.9
https://9takes.com/enneagram-corner/how-to-apologize-like-a-pro,2026-03,5,692,0.72,4.9
https://9takes.com/personality-analysis,2026-03,5,251,1.99,28.5
https://9takes.com/personality-analysis/Hasan-Piker,2026-03,5,969,0.52,7.4
https://9takes.com/personality-analysis/Jackie-Kennedy,2026-03,5,427,1.17,4.8
https://9takes.com/personality-analysis/Robert-Greene,2026-03,5,462,1.08,8.2
https://9takes.com/personality-analysis/Saagar-Enjeti,2026-03,5,513,0.97,16.1
https://9takes.com/personality-analysis/ryan-gosling,2026-03,5,835,0.60,7.6
https://9takes.com/personality-analysis/type/9,2026-03,5,1225,0.41,18.6
https://9takes.com/enneagram-corner/enneagram-tldr,2026-03,4,474,0.84,30.2
https://9takes.com/enneagram-corner/enneagram-type-7,2026-03,4,221,1.81,34.0
https://9takes.com/enneagram-corner/enneagram-types-and-career-choices,2026-03,4,950,0.42,30.3
https://9takes.com/enneagram-corner/enneagram-types-at-party,2026-03,4,208,1.92,7.1
https://9takes.com/enneagram-corner/enneagram-types-being-ghosted,2026-03,4,617,0.65,6.6
https://9takes.com/enneagram-corner/enneagram-types-in-stress,2026-03,4,855,0.47,11.5
https://9takes.com/personality-analysis/Agatha-Christie,2026-03,4,1163,0.34,7.5
https://9takes.com/personality-analysis/Alexis-Bledel,2026-03,4,679,0.59,17.2
https://9takes.com/personality-analysis/Friedrich-Nietzsche,2026-03,4,1391,0.29,8.2
https://9takes.com/personality-analysis/IShowSpeed,2026-03,4,1980,0.20,7.8
https://9takes.com/personality-analysis/John-F-Kennedy,2026-03,4,1224,0.33,6.9
https://9takes.com/personality-analysis/Keanu-Reeves,2026-03,4,1609,0.25,10.0
https://9takes.com/personality-analysis/Nicole-Kidman,2026-03,4,995,0.40,5.2
https://9takes.com/personality-analysis/Tina-Fey,2026-03,4,499,0.80,5.5
https://9takes.com/enneagram-corner/biggest-compliments-to-give-each-enneagram-type,2026-03,3,549,0.55,7.5
https://9takes.com/enneagram-corner/enneagram-childhood-stereotypes,2026-03,3,273,1.10,13.9
https://9takes.com/enneagram-corner/enneagram-medication-mental-health,2026-03,3,344,0.87,5.9
https://9takes.com/enneagram-corner/enneagram-type-2,2026-03,3,201,1.49,12.2
https://9takes.com/enneagram-corner/enneagram-types-in-relationships,2026-03,3,1379,0.22,31.8
https://9takes.com/enneagram-corner/mental-health/enneagram-science-mental-health,2026-03,3,2916,0.10,8.5
https://9takes.com/personality-analysis/Alex-Karp,2026-03,3,188,1.60,13.3
https://9takes.com/personality-analysis/Aubrey-Plaza,2026-03,3,583,0.51,8.4
https://9takes.com/personality-analysis/Caleb-Hearon,2026-03,3,75,4.00,8.8
https://9takes.com/personality-analysis/Charlie-Puth,2026-03,3,220,1.36,4.9
https://9takes.com/personality-analysis/Dwayne-Johnson,2026-03,3,484,0.62,8.8
https://9takes.com/personality-analysis/Elon-Musk,2026-03,3,5803,0.05,5.9
https://9takes.com/personality-analysis/George-H-W-Bush,2026-03,3,140,2.14,9.2
https://9takes.com/personality-analysis/Gwyneth-Paltrow,2026-03,3,1438,0.21,5.6
https://9takes.com/personality-analysis/Jenna-Ortega,2026-03,3,2138,0.14,6.7
https://9takes.com/personality-analysis/Marilyn-Monroe,2026-03,3,702,0.43,9.4
https://9takes.com/personality-analysis/Shia-LaBeouf,2026-03,3,304,0.99,7.8
https://9takes.com/personality-analysis/Tom-Cruise,2026-03,3,837,0.36,11.4
https://9takes.com/personality-analysis/type/4,2026-03,3,367,0.82,14.4
https://9takes.com/enneagram-corner/beginners-guide-to-determining-your-enneagram-type,2026-03,2,232,0.86,48.1
https://9takes.com/enneagram-corner/enneagram-and-religion,2026-03,2,437,0.46,40.6
https://9takes.com/enneagram-corner/enneagram-communication-tips,2026-03,2,290,0.69,8.1
https://9takes.com/enneagram-corner/enneagram-compatibility-guide,2026-03,2,169,1.18,7.6
https://9takes.com/enneagram-corner/enneagram-type-4,2026-03,2,627,0.32,44.2
https://9takes.com/enneagram-corner/enneagram-type-8,2026-03,2,803,0.25,8.1
https://9takes.com/enneagram-corner/enneagram-type-9,2026-03,2,950,0.21,48.2
https://9takes.com/enneagram-corner/first-impression-cheat-sheet,2026-03,2,92,2.17,7.8
https://9takes.com/enneagram-corner/mental-health/enneagram-therapy-guide,2026-03,2,131,1.53,10.5
https://9takes.com/enneagram-corner/why-dating-apps-are-harder-for-certain-personality-types,2026-03,2,160,1.25,7.0
https://9takes.com/how-to-guides/dating-dynamics-by-enneagram-type,2026-03,2,450,0.44,7.6
https://9takes.com/personality-analysis/Beyonce-Knowles,2026-03,2,314,0.64,11.0
https://9takes.com/personality-analysis/Bobbi-Althoff,2026-03,2,227,0.88,8.0
https://9takes.com/personality-analysis/Chappell-Roan,2026-03,2,1483,0.13,6.4
https://9takes.com/personality-analysis/Emma-Watson,2026-03,2,1956,0.10,7.2
https://9takes.com/personality-analysis/Jeff-Bezos,2026-03,2,2033,0.10,9.1
https://9takes.com/personality-analysis/Jennifer-Lawrence,2026-03,2,487,0.41,8.6
https://9takes.com/personality-analysis/Jennifer-Lopez,2026-03,2,411,0.49,7.8
https://9takes.com/personality-analysis/Jon-Stewart,2026-03,2,217,0.92,8.9
https://9takes.com/personality-analysis/Jordi-Hays,2026-03,2,111,1.80,7.1
https://9takes.com/personality-analysis/Khloe-Kardashian,2026-03,2,910,0.22,6.8
https://9takes.com/personality-analysis/Kylie-Jenner,2026-03,2,676,0.30,7.3
https://9takes.com/personality-analysis/Lana-Del-Rey,2026-03,2,938,0.21,3.9
https://9takes.com/personality-analysis/Matthew-McConaughey,2026-03,2,97,2.06,8.6
https://9takes.com/personality-analysis/Meryl-Streep,2026-03,2,194,1.03,7.9
https://9takes.com/personality-analysis/Miley-Cyrus,2026-03,2,1312,0.15,9.1
https://9takes.com/personality-analysis/Nancy-Pelosi,2026-03,2,106,1.89,5.3
https://9takes.com/personality-analysis/Palmer-Luckey,2026-03,2,4575,0.04,5.7
https://9takes.com/personality-analysis/Pete-Davidson,2026-03,2,159,1.26,6.8
https://9takes.com/personality-analysis/Peter-Thiel,2026-03,2,989,0.20,6.9
https://9takes.com/personality-analysis/Prince-Harry,2026-03,2,234,0.85,8.5
https://9takes.com/personality-analysis/Rihanna,2026-03,2,295,0.68,9.5
https://9takes.com/personality-analysis/Rooney-Mara,2026-03,2,133,1.50,7.0
https://9takes.com/personality-analysis/Sam-Altman,2026-03,2,2123,0.09,6.7
https://9takes.com/personality-analysis/Tom-Hanks,2026-03,2,343,0.58,7.1
https://9takes.com/personality-analysis/Tom-Hardy,2026-03,2,499,0.40,7.2
https://9takes.com/personality-analysis/Tom-Holland,2026-03,2,501,0.40,9.1
https://9takes.com/personality-analysis/gavin-newsom,2026-03,2,19,10.53,6.0
https://9takes.com/personality-analysis/type/1,2026-03,2,998,0.20,45.7
https://9takes.com/personality-analysis/type/2,2026-03,2,455,0.44,14.7
https://9takes.com/personality-analysis/type/5,2026-03,2,598,0.33,45.9
https://9takes.com/pop-culture/incel-blackpill-radicalization-enneagram,2026-03,2,1628,0.12,6.3
https://9takes.com/about,2026-03,1,59,1.69,2.5
https://9takes.com/enneagram-corner/enneagram-communication-styles,2026-03,1,182,0.55,9.6
https://9takes.com/enneagram-corner/enneagram-concepts,2026-03,1,32,3.13,15.3
https://9takes.com/enneagram-corner/enneagram-dating-guide-for-men,2026-03,1,260,0.38,9.2
https://9takes.com/enneagram-corner/enneagram-team-dynamics,2026-03,1,450,0.22,35.8
https://9takes.com/enneagram-corner/enneagram-type-3,2026-03,1,705,0.14,35.5
https://9takes.com/enneagram-corner/enneagram-types-on-a-first-date,2026-03,1,271,0.37,7.8
https://9takes.com/enneagram-corner/enneagram-vs-personality-frameworks-comparison,2026-03,1,583,0.17,7.4
https://9takes.com/enneagram-corner/how-each-enneagram-flexes,2026-03,1,47,2.13,6.7
https://9takes.com/enneagram-corner/how-each-enneagram-type-self-sabotages-success,2026-03,1,182,0.55,6.7
https://9takes.com/enneagram-corner/neurodiversity-vs-personality,2026-03,1,194,0.52,8.1
https://9takes.com/enneagram-corner/subtopic/situational,2026-03,1,53,1.89,9.2
https://9takes.com/enneagram-corner/why-the-next-thing-wont-fix-it-type-7,2026-03,1,39,2.56,7.6
https://9takes.com/enneagram-corner/why-you-cant-stop-overthinking-enneagram,2026-03,1,237,0.42,7.3
https://9takes.com/how-to-guides,2026-03,1,19,5.26,5.6
https://9takes.com/personality-analysis/Alexandria-Ocasio-Cortez,2026-03,1,347,0.29,6.1
https://9takes.com/personality-analysis/Anya-Taylor-Joy,2026-03,1,1294,0.08,6.9
https://9takes.com/personality-analysis/Arnold-Schwarzenegger,2026-03,1,103,0.97,7.4
https://9takes.com/personality-analysis/Benson-Boone,2026-03,1,39,2.56,8.2
https://9takes.com/personality-analysis/Billie-Eilish,2026-03,1,661,0.15,9.3
https://9takes.com/personality-analysis/Bob-Dylan,2026-03,1,1270,0.08,9.6
https://9takes.com/personality-analysis/Chamath-Palihapitiya,2026-03,1,528,0.19,7.3
https://9takes.com/personality-analysis/Cillian-Murphy,2026-03,1,432,0.23,9.5
https://9takes.com/personality-analysis/Cristiano-Ronaldo,2026-03,1,115,0.87,7.8
https://9takes.com/personality-analysis/Denzel-Washington,2026-03,1,275,0.36,6.6
https://9takes.com/personality-analysis/Drake,2026-03,1,565,0.18,9.0
https://9takes.com/personality-analysis/Emily-Ratajkowski,2026-03,1,238,0.42,7.2
https://9takes.com/personality-analysis/Emma-Chamberlain,2026-03,1,146,0.68,8.5
https://9takes.com/personality-analysis/Halsey,2026-03,1,208,0.48,7.3
https://9takes.com/personality-analysis/Hozier,2026-03,1,35,2.86,6.6
https://9takes.com/personality-analysis/Hugh-Jackman,2026-03,1,722,0.14,7.0
https://9takes.com/personality-analysis/Jake-Paul,2026-03,1,203,0.49,6.3
https://9takes.com/personality-analysis/Jennifer-Garner,2026-03,1,287,0.35,8.1
https://9takes.com/personality-analysis/Jimmy-Fallon,2026-03,1,228,0.44,7.4
https://9takes.com/personality-analysis/Joaquin-Phoenix,2026-03,1,585,0.17,5.2
https://9takes.com/personality-analysis/Joe-Rogan,2026-03,1,375,0.27,8.0
https://9takes.com/personality-analysis/Johnny-Depp,2026-03,1,138,0.72,16.1
https://9takes.com/personality-analysis/Kanye,2026-03,1,234,0.43,7.5
https://9takes.com/personality-analysis/Kara-Swisher,2026-03,1,46,2.17,11.1
https://9takes.com/personality-analysis/Keke-Palmer,2026-03,1,33,3.03,6.5
https://9takes.com/personality-analysis/Kevin-Hart,2026-03,1,111,0.90,5.9
https://9takes.com/personality-analysis/Kim-Kardashian,2026-03,1,372,0.27,9.3
https://9takes.com/personality-analysis/Krystal-Ball,2026-03,1,57,1.75,9.3
https://9takes.com/personality-analysis/Lex-Fridman,2026-03,1,717,0.14,7.2
https://9takes.com/personality-analysis/Logan-Paul,2026-03,1,858,0.12,6.5
https://9takes.com/personality-analysis/Malcolm-X,2026-03,1,33,3.03,6.5
https://9takes.com/personality-analysis/Marcello-Hernandez,2026-03,1,29,3.45,7.6
https://9takes.com/personality-analysis/Margot-Robbie,2026-03,1,2358,0.04,5.8
https://9takes.com/personality-analysis/Mark-Zuckerberg,2026-03,1,867,0.12,8.7
https://9takes.com/personality-analysis/Meghan-Markle,2026-03,1,393,0.25,9.8
https://9takes.com/personality-analysis/Miles-Teller,2026-03,1,142,0.70,9.2
https://9takes.com/personality-analysis/Millie-Bobby-Brown,2026-03,1,369,0.27,7.4
https://9takes.com/personality-analysis/Napoleon-Bonaparte,2026-03,1,77,1.30,5.9
https://9takes.com/personality-analysis/Olivia-Rodrigo,2026-03,1,967,0.10,8.7
https://9takes.com/personality-analysis/Paul-Rudd,2026-03,1,33,3.03,5.8
https://9takes.com/personality-analysis/Robert-Pattinson,2026-03,1,529,0.19,8.4
https://9takes.com/personality-analysis/Ronald-Reagan,2026-03,1,300,0.33,9.0
https://9takes.com/personality-analysis/Ryan-Reynolds,2026-03,1,500,0.20,6.0
https://9takes.com/personality-analysis/Sabrina-Carpenter,2026-03,1,20320,0.00,6.3
https://9takes.com/personality-analysis/Sarah-J-Maas,2026-03,1,47,2.13,7.6
https://9takes.com/personality-analysis/Stephen-Colbert,2026-03,1,17,5.88,8.6
https://9takes.com/personality-analysis/Steven-Bartlett,2026-03,1,124,0.81,7.4
https://9takes.com/personality-analysis/Sydney-Sweeney,2026-03,1,962,0.10,8.8
https://9takes.com/personality-analysis/Tara-Yummy,2026-03,1,131,0.76,6.9
https://9takes.com/personality-analysis/Tony-Robbins,2026-03,1,31,3.23,8.4
https://9takes.com/personality-analysis/Travis-Scott,2026-03,1,904,0.11,8.2
https://9takes.com/personality-analysis/Trevor-Noah,2026-03,1,155,0.65,9.6
https://9takes.com/personality-analysis/Zayn-Malik,2026-03,1,1440,0.07,6.3
https://9takes.com/personality-analysis/clavicular,2026-03,1,152,0.66,7.0
https://9takes.com/personality-analysis/dario-amodei,2026-03,1,99,1.01,7.6
https://9takes.com/personality-analysis/tara-yummy,2026-03,1,23,4.35,8.7
https://9takes.com/personality-analysis/type/3,2026-03,1,306,0.33,11.2
https://9takes.com/personality-analysis/type/7,2026-03,1,269,0.37,22.0
https://9takes.com/personality-analysis/xQc,2026-03,1,429,0.23,5.8
https://9takes.com/pop-culture/parasocial-relationships-enneagram-type,2026-03,1,68,1.47,7.2
https://9takes.com/blog,2026-03,0,89,0.00,4.3
https://9takes.com/blogs/5-8.png,2026-03,0,1,0.00,24.0
https://9takes.com/blogs/structural-iceberg.svg,2026-03,0,1,0.00,17.0
https://9takes.com/community,2026-03,0,26,0.00,3.3
https://9takes.com/community/how-minds-change-on-9takes,2026-03,0,21,0.00,7.7
https://9takes.com/community/introducing-9takes,2026-03,0,4,0.00,4.5
https://9takes.com/community/mbti-vs-enneagram,2026-03,0,12,0.00,8.9
https://9takes.com/community/what-winning-online-arguments-looks-like,2026-03,0,20,0.00,6.5
https://9takes.com/community/why-im-selective-sharing-enneagram,2026-03,0,1,0.00,8.0
https://9takes.com/enneagram-corner/90-day-personality-maxing-blueprint,2026-03,0,16,0.00,8.3
https://9takes.com/enneagram-corner/anxiety-and-enneagram-types-guide,2026-03,0,73,0.00,7.7
https://9takes.com/enneagram-corner/enneagram-anxiety-management-guide,2026-03,0,33,0.00,6.6
https://9takes.com/enneagram-corner/enneagram-books-websites-podcasts,2026-03,0,61,0.00,24.2
https://9takes.com/enneagram-corner/enneagram-connecting-lines,2026-03,0,204,0.00,14.3
https://9takes.com/enneagram-corner/enneagram-crisis-management-guide,2026-03,0,509,0.00,7.2
https://9takes.com/enneagram-corner/enneagram-criticisms,2026-03,0,1,0.00,5.0
https://9takes.com/enneagram-corner/enneagram-influences,2026-03,0,345,0.00,44.3
https://9takes.com/enneagram-corner/enneagram-leadership,2026-03,0,57,0.00,7.6
https://9takes.com/enneagram-corner/enneagram-parenting-mental-health,2026-03,0,63,0.00,6.9
https://9takes.com/enneagram-corner/enneagram-parenting-styles,2026-03,0,56,0.00,13.6
https://9takes.com/enneagram-corner/enneagram-party-planner,2026-03,0,50,0.00,7.6
https://9takes.com/enneagram-corner/enneagram-personal-growth,2026-03,0,379,0.00,29.2
https://9takes.com/enneagram-corner/enneagram-science-mental-health,2026-03,0,271,0.00,8.7
https://9takes.com/enneagram-corner/enneagram-self-development,2026-03,0,16,0.00,11.8
https://9takes.com/enneagram-corner/enneagram-stress-number,2026-03,0,149,0.00,15.1
https://9takes.com/enneagram-corner/enneagram-therapy-guide,2026-03,0,4,0.00,25.3
https://9takes.com/enneagram-corner/enneagram-therapy-resistance-guide,2026-03,0,12,0.00,9.2
https://9takes.com/enneagram-corner/enneagram-trauma-response-guide,2026-03,0,2,0.00,5.5
https://9takes.com/enneagram-corner/enneagram-type-1,2026-03,0,183,0.00,12.9
https://9takes.com/enneagram-corner/enneagram-type-6,2026-03,0,446,0.00,19.3
https://9takes.com/enneagram-corner/enneagram-types-working-in-teams,2026-03,0,474,0.00,54.2
https://9takes.com/enneagram-corner/enneagram-vs-meyers-briggs,2026-03,0,232,0.00,22.3
https://9takes.com/enneagram-corner/first-impression-enneagram-playbook,2026-03,0,7,0.00,6.4
https://9takes.com/enneagram-corner/how-each-enneagram-type-unwinds,2026-03,0,111,0.00,8.2
https://9takes.com/enneagram-corner/how-to-navigate-early-relationship-stages,2026-03,0,202,0.00,7.7
https://9takes.com/enneagram-corner/how-type-8-challengers-actually-succeed,2026-03,0,13,0.00,7.9
https://9takes.com/enneagram-corner/love-languages-and-enneagram-types,2026-03,0,4,0.00,34.0
https://9takes.com/enneagram-corner/mental-health/enneagram-workplace-mental-health,2026-03,0,117,0.00,14.1
https://9takes.com/enneagram-corner/oversharing-psychology-shame-boundaries,2026-03,0,19,0.00,10.2
https://9takes.com/enneagram-corner/philosophy-psychology-and-the-enneagram,2026-03,0,59,0.00,8.6
https://9takes.com/enneagram-corner/red-flags-dating-each-enneagram-type,2026-03,0,327,0.00,7.2
https://9takes.com/enneagram-corner/relationship-communication-guide,2026-03,0,741,0.00,21.9
https://9takes.com/enneagram-corner/subtopic/development,2026-03,0,11,0.00,49.5
https://9takes.com/enneagram-corner/subtopic/overview,2026-03,0,2,0.00,5.0
https://9takes.com/enneagram-corner/subtopic/relationships,2026-03,0,2,0.00,7.5
https://9takes.com/enneagram-corner/subtopic/resources,2026-03,0,10,0.00,23.4
https://9takes.com/enneagram-corner/subtopic/workplace,2026-03,0,3,0.00,8.7
https://9takes.com/enneagram-corner/why-therapy-doesnt-work-the-same-for-every-type,2026-03,0,34,0.00,7.3
https://9takes.com/how-to-guides/5-tough-conversations-you-need-to-have-with-your-partner,2026-03,0,67,0.00,49.9
https://9takes.com/how-to-guides/definitive-guide-to-relationship-conflict-part-1,2026-03,0,34,0.00,7.2
https://9takes.com/how-to-guides/definitive-guide-to-relationship-conflict-part-2,2026-03,0,38,0.00,7.7
https://9takes.com/how-to-guides/definitive-guide-to-self-efficacy,2026-03,0,19,0.00,5.3
https://9takes.com/how-to-guides/guide-to-fighting-depression,2026-03,0,12,0.00,5.6
https://9takes.com/how-to-guides/how-to-psychoanalyze-people,2026-03,0,32,0.00,7.5
https://9takes.com/how-to-guides/the-crash-course-on-emotions-that-we-missed-in-kindergarten,2026-03,0,9,0.00,8.2
https://9takes.com/how-to-guides/ultimate-guide-to-active-listening,2026-03,0,16,0.00,8.4
https://9takes.com/personality-analysis/Abraham-Lincoln,2026-03,0,96,0.00,8.6
https://9takes.com/personality-analysis/Addison-Rae,2026-03,0,95,0.00,6.4
https://9takes.com/personality-analysis/Adin-Ross,2026-03,0,540,0.00,8.2
https://9takes.com/personality-analysis/Alex-Cooper,2026-03,0,240,0.00,10.6
https://9takes.com/personality-analysis/Alex-Hormozi,2026-03,0,209,0.00,6.6
https://9takes.com/personality-analysis/Ali-Abdaal,2026-03,0,152,0.00,7.9
https://9takes.com/personality-analysis/Alix-Earle,2026-03,0,130,0.00,7.1
https://9takes.com/personality-analysis/Amber-Heard,2026-03,0,108,0.00,11.7
https://9takes.com/personality-analysis/Andrew-Callaghan,2026-03,0,188,0.00,6.6
https://9takes.com/personality-analysis/Andrew-Huberman,2026-03,0,47,0.00,8.2
https://9takes.com/personality-analysis/Andrew-Schulz,2026-03,0,57,0.00,6.9
https://9takes.com/personality-analysis/Andrew-Tate,2026-03,0,155,0.00,7.0
https://9takes.com/personality-analysis/Anne-Hathaway,2026-03,0,234,0.00,7.4
https://9takes.com/personality-analysis/Ariana-Grande,2026-03,0,195,0.00,8.7
https://9takes.com/personality-analysis/Ashby,2026-03,0,11,0.00,6.5
https://9takes.com/personality-analysis/Bad-Bunny,2026-03,0,89,0.00,7.4
https://9takes.com/personality-analysis/Barack-Obama,2026-03,0,149,0.00,8.1
https://9takes.com/personality-analysis/Bella-Hadid,2026-03,0,18,0.00,7.2
https://9takes.com/personality-analysis/Bella-Poarch,2026-03,0,106,0.00,6.5
https://9takes.com/personality-analysis/Ben-Shapiro,2026-03,0,1,0.00,13.0
https://9takes.com/personality-analysis/Bernie-Sanders,2026-03,0,50,0.00,10.4
https://9takes.com/personality-analysis/Bill-Gates,2026-03,0,429,0.00,8.6
https://9takes.com/personality-analysis/Blake-Lively,2026-03,0,241,0.00,9.3
https://9takes.com/personality-analysis/Brad-Pitt,2026-03,0,1306,0.00,7.1
https://9takes.com/personality-analysis/Brittany-Broski,2026-03,0,162,0.00,7.9
https://9takes.com/personality-analysis/Casey-Neistat,2026-03,0,104,0.00,9.0
https://9takes.com/personality-analysis/Charli-D'Amelio,2026-03,0,54,0.00,7.0
https://9takes.com/personality-analysis/Charli-xcx,2026-03,0,67,0.00,7.3
https://9takes.com/personality-analysis/Chelsea-Handler,2026-03,0,147,0.00,8.0
https://9takes.com/personality-analysis/Chris-Hemsworth,2026-03,0,26,0.00,6.4
https://9takes.com/personality-analysis/Chris-Williamson,2026-03,0,147,0.00,8.9
https://9takes.com/personality-analysis/Clavicular,2026-03,0,68,0.00,8.7
https://9takes.com/personality-analysis/Conor-McGregor,2026-03,0,29,0.00,7.9
https://9takes.com/personality-analysis/Dario-Amodei,2026-03,0,68,0.00,7.0
https://9takes.com/personality-analysis/Dave-Chappelle,2026-03,0,54,0.00,11.6
https://9takes.com/personality-analysis/Dave-Portnoy,2026-03,0,152,0.00,9.9
https://9takes.com/personality-analysis/David-Dobrik,2026-03,0,46,0.00,8.9
https://9takes.com/personality-analysis/David-Friedberg,2026-03,0,426,0.00,7.4
https://9takes.com/personality-analysis/David-Sacks,2026-03,0,293,0.00,5.1
https://9takes.com/personality-analysis/Dax-Shepard,2026-03,0,8,0.00,6.5
https://9takes.com/personality-analysis/Demi-Lovato,2026-03,0,83,0.00,8.8
https://9takes.com/personality-analysis/Dixie-D'Amelio,2026-03,0,31,0.00,7.0
https://9takes.com/personality-analysis/Doechii,2026-03,0,91,0.00,7.6
https://9takes.com/personality-analysis/Doja-Cat,2026-03,0,29,0.00,7.9
https://9takes.com/personality-analysis/Dolly-Parton,2026-03,0,13,0.00,7.8
https://9takes.com/personality-analysis/Donald-Trump,2026-03,0,101,0.00,12.3
https://9takes.com/personality-analysis/Ellen-Degeneres,2026-03,0,61,0.00,8.3
https://9takes.com/personality-analysis/Elton-John,2026-03,0,107,0.00,7.1
https://9takes.com/personality-analysis/Eminem,2026-03,0,364,0.00,8.4
https://9takes.com/personality-analysis/Emma-Stone,2026-03,0,96,0.00,8.4
https://9takes.com/personality-analysis/Frida-Kahlo,2026-03,0,135,0.00,7.0
https://9takes.com/personality-analysis/Gary-Vee,2026-03,0,76,0.00,6.8
https://9takes.com/personality-analysis/George-RR-Martin,2026-03,0,38,0.00,8.3
https://9takes.com/personality-analysis/George-W-Bush,2026-03,0,139,0.00,6.6
https://9takes.com/personality-analysis/Greta-Thunberg,2026-03,0,97,0.00,8.2
https://9takes.com/personality-analysis/Grimes,2026-03,0,480,0.00,9.0
https://9takes.com/personality-analysis/Hailey-Bieber,2026-03,0,83,0.00,7.9
https://9takes.com/personality-analysis/Harry-Styles,2026-03,0,151,0.00,9.5
https://9takes.com/personality-analysis/Henry-Cavill,2026-03,0,729,0.00,8.1
https://9takes.com/personality-analysis/Hillary-Clinton,2026-03,0,79,0.00,12.5
https://9takes.com/personality-analysis/Howard-Stern,2026-03,0,42,0.00,7.3
https://9takes.com/personality-analysis/J.K.-Rowling,2026-03,0,38,0.00,8.2
https://9takes.com/personality-analysis/Jack-Dorsey,2026-03,0,130,0.00,7.9
https://9takes.com/personality-analysis/Jacob-Elordi,2026-03,0,55,0.00,5.6
https://9takes.com/personality-analysis/Jake-Gyllenhaal,2026-03,0,29,0.00,8.7
https://9takes.com/personality-analysis/James-Charles,2026-03,0,29,0.00,7.9
https://9takes.com/personality-analysis/Jared-Leto,2026-03,0,2,0.00,4.0
https://9takes.com/personality-analysis/Jason-Calacanis,2026-03,0,11,0.00,5.4
https://9takes.com/personality-analysis/Jelly-Roll,2026-03,0,24,0.00,8.4
https://9takes.com/personality-analysis/Jimmy-Carter,2026-03,0,40,0.00,7.6
https://9takes.com/personality-analysis/Jocko-Willink,2026-03,0,12,0.00,6.9
https://9takes.com/personality-analysis/Joe-Biden,2026-03,0,219,0.00,7.0
https://9takes.com/personality-analysis/John-Coogan,2026-03,0,301,0.00,8.1
https://9takes.com/personality-analysis/Jordan-Peterson,2026-03,0,126,0.00,7.4
https://9takes.com/personality-analysis/Julius-Caesar,2026-03,0,34,0.00,8.3
https://9takes.com/personality-analysis/Justin-Bieber,2026-03,0,447,0.00,8.9
https://9takes.com/personality-analysis/Justin-Trudeau,2026-03,0,19,0.00,6.2
https://9takes.com/personality-analysis/Kai-Cenat,2026-03,0,1296,0.00,6.2
https://9takes.com/personality-analysis/Kamala-Harris,2026-03,0,89,0.00,9.4
https://9takes.com/personality-analysis/Katy-Perry,2026-03,0,119,0.00,9.6
https://9takes.com/personality-analysis/Kendrick-Lamar,2026-03,0,352,0.00,8.2
https://9takes.com/personality-analysis/Kristen-Bell,2026-03,0,135,0.00,8.2
https://9takes.com/personality-analysis/Lady-Gaga,2026-03,0,110,0.00,11.1
https://9takes.com/personality-analysis/Leila-Hormozi,2026-03,0,89,0.00,8.0
https://9takes.com/personality-analysis/Leonardo-DiCaprio,2026-03,0,631,0.00,10.1
https://9takes.com/personality-analysis/Lupita-Nyongo,2026-03,0,32,0.00,6.8
https://9takes.com/personality-analysis/Malcolm-Gladwell,2026-03,0,2,0.00,10.0
https://9takes.com/personality-analysis/Martin-Luther-King-Jr,2026-03,0,237,0.00,11.5
https://9takes.com/personality-analysis/Michael-B-Jordan,2026-03,0,36,0.00,8.8
https://9takes.com/personality-analysis/Michelle-Obama,2026-03,0,490,0.00,11.6
https://9takes.com/personality-analysis/Mikey-Madison,2026-03,0,391,0.00,7.2
https://9takes.com/personality-analysis/Mr-Beast,2026-03,0,415,0.00,9.8
https://9takes.com/personality-analysis/Mr-Rogers,2026-03,0,86,0.00,10.3
https://9takes.com/personality-analysis/Natalie-Portman,2026-03,0,226,0.00,10.4
https://9takes.com/personality-analysis/Nikola-Tesla,2026-03,0,642,0.00,9.2
https://9takes.com/personality-analysis/Oprah-Winfrey,2026-03,0,249,0.00,10.7
https://9takes.com/personality-analysis/Paris-Hilton,2026-03,0,256,0.00,7.5
https://9takes.com/personality-analysis/Paul-Graham,2026-03,0,131,0.00,8.2
https://9takes.com/personality-analysis/Pedro-Pascal,2026-03,0,192,0.00,8.6
https://9takes.com/personality-analysis/PewDiePie,2026-03,0,47,0.00,7.9
https://9takes.com/personality-analysis/Pokimane,2026-03,0,37,0.00,6.0
https://9takes.com/personality-analysis/Post-Malone,2026-03,0,17,0.00,5.9
https://9takes.com/personality-analysis/Prince,2026-03,0,343,0.00,8.7
https://9takes.com/personality-analysis/Princess-Diana,2026-03,0,111,0.00,7.6
https://9takes.com/personality-analysis/Reed-Hastings,2026-03,0,12,0.00,9.4
https://9takes.com/personality-analysis/Robert-Downey-Jr,2026-03,0,534,0.00,9.0
https://9takes.com/personality-analysis/Robert-Oppenheimer,2026-03,0,342,0.00,8.1
https://9takes.com/personality-analysis/Ruth-Bader-Ginsburg,2026-03,0,41,0.00,10.4
https://9takes.com/personality-analysis/Sam-Parr,2026-03,0,86,0.00,9.6
https://9takes.com/personality-analysis/Saoirse-Ronan,2026-03,0,141,0.00,8.3
https://9takes.com/personality-analysis/Satya-Nadella,2026-03,0,172,0.00,6.7
https://9takes.com/personality-analysis/Scarlett-Johansson,2026-03,0,329,0.00,7.8
https://9takes.com/personality-analysis/Selena-Gomez,2026-03,0,428,0.00,9.7
https://9takes.com/personality-analysis/Shaan-Puri,2026-03,0,54,0.00,8.4
https://9takes.com/personality-analysis/Shane-Gillis,2026-03,0,36,0.00,7.5
https://9takes.com/personality-analysis/Shawn-Ryan,2026-03,0,271,0.00,7.7
https://9takes.com/personality-analysis/Steve-Jobs,2026-03,0,339,0.00,13.1
https://9takes.com/personality-analysis/Sundar-Pichai,2026-03,0,221,0.00,7.8
https://9takes.com/personality-analysis/Taylor-Lorenz,2026-03,0,41,0.00,8.3
https://9takes.com/personality-analysis/Taylor-Swift,2026-03,0,142,0.00,9.3
https://9takes.com/personality-analysis/Theo-Von,2026-03,0,102,0.00,6.8
https://9takes.com/personality-analysis/Tim-Cook,2026-03,0,54,0.00,7.1
https://9takes.com/personality-analysis/Tim-Dillon,2026-03,0,160,0.00,6.5
https://9takes.com/personality-analysis/Tim-Ferriss,2026-03,0,92,0.00,7.2
https://9takes.com/personality-analysis/Tim-Robinson,2026-03,0,86,0.00,6.1
https://9takes.com/personality-analysis/Travis-Kalanick,2026-03,0,42,0.00,6.5
https://9takes.com/personality-analysis/Tucker-Carlson,2026-03,0,23,0.00,4.5
https://9takes.com/personality-analysis/Vladimir-Putin,2026-03,0,145,0.00,6.2
https://9takes.com/personality-analysis/Will-Smith,2026-03,0,285,0.00,9.7
https://9takes.com/personality-analysis/Winston-Churchill,2026-03,0,383,0.00,8.5
https://9takes.com/personality-analysis/Xi-Jinping,2026-03,0,185,0.00,10.1
https://9takes.com/personality-analysis/Zendaya,2026-03,0,1762,0.00,9.7
https://9takes.com/personality-analysis/Zoe-Kravitz,2026-03,0,103,0.00,9.3
https://9takes.com/personality-analysis/alex-hormozi,2026-03,0,44,0.00,8.1
https://9takes.com/personality-analysis/alex-karp,2026-03,0,68,0.00,8.3
https://9takes.com/personality-analysis/alexis-bledel,2026-03,0,78,0.00,24.5
https://9takes.com/personality-analysis/andrew-tate,2026-03,0,34,0.00,8.5
https://9takes.com/personality-analysis/ariana-grande,2026-03,0,56,0.00,7.1
https://9takes.com/personality-analysis/bad-bunny,2026-03,0,17,0.00,9.1
https://9takes.com/personality-analysis/benson-boone,2026-03,0,14,0.00,7.4
https://9takes.com/personality-analysis/bill-gates,2026-03,0,17,0.00,5.3
https://9takes.com/personality-analysis/caleb-hearon,2026-03,0,1,0.00,7.0
https://9takes.com/personality-analysis/categories,2026-03,0,1,0.00,8.0
https://9takes.com/personality-analysis/categories/creator-media,2026-03,0,2,0.00,10.0
https://9takes.com/personality-analysis/categories/film-tv,2026-03,0,6,0.00,3.7
https://9takes.com/personality-analysis/categories/music,2026-03,0,1,0.00,20.0
https://9takes.com/personality-analysis/categories/politics-public,2026-03,0,8,0.00,4.5
https://9takes.com/personality-analysis/categories/tech-business,2026-03,0,7,0.00,6.9
https://9takes.com/personality-analysis/chris-hemsworth,2026-03,0,24,0.00,9.8
https://9takes.com/personality-analysis/chris-williamson,2026-03,0,3,0.00,6.3
https://9takes.com/personality-analysis/cristiano-ronaldo,2026-03,0,26,0.00,10.1
https://9takes.com/personality-analysis/david-friedberg,2026-03,0,121,0.00,8.2
https://9takes.com/personality-analysis/dr-phil,2026-03,0,1,0.00,6.0
https://9takes.com/personality-analysis/drake,2026-03,0,17,0.00,6.5
https://9takes.com/personality-analysis/druski,2026-03,0,40,0.00,9.0
https://9takes.com/personality-analysis/elon-musk,2026-03,0,113,0.00,10.3
https://9takes.com/personality-analysis/emma-stone,2026-03,0,18,0.00,8.0
https://9takes.com/personality-analysis/emma-watson,2026-03,0,4,0.00,7.5
https://9takes.com/personality-analysis/george-rr-martin,2026-03,0,1,0.00,7.0
https://9takes.com/personality-analysis/gigi-hadid,2026-03,0,8,0.00,7.8
https://9takes.com/personality-analysis/gwyneth-paltrow,2026-03,0,11,0.00,8.3
https://9takes.com/personality-analysis/j.k.-rowling,2026-03,0,5,0.00,11.2
https://9takes.com/personality-analysis/jack-dorsey,2026-03,0,28,0.00,6.9
https://9takes.com/personality-analysis/jacob-elordi,2026-03,0,14,0.00,8.1
https://9takes.com/personality-analysis/jake-shane,2026-03,0,15,0.00,8.2
https://9takes.com/personality-analysis/jason-calacanis,2026-03,0,27,0.00,7.6
https://9takes.com/personality-analysis/jd-vance,2026-03,0,1,0.00,20.0
https://9takes.com/personality-analysis/jelly-roll,2026-03,0,6,0.00,5.5
https://9takes.com/personality-analysis/jenna-ortega,2026-03,0,35,0.00,8.0
https://9takes.com/personality-analysis/jennifer-lawrence,2026-03,0,51,0.00,8.3
https://9takes.com/personality-analysis/john-coogan,2026-03,0,32,0.00,10.5
https://9takes.com/personality-analysis/john-mayer,2026-03,0,4,0.00,8.0
https://9takes.com/personality-analysis/joseph-stalin,2026-03,0,18,0.00,5.2
https://9takes.com/personality-analysis/julius-caesar,2026-03,0,17,0.00,7.3
https://9takes.com/personality-analysis/kanye,2026-03,0,46,0.00,7.6
https://9takes.com/personality-analysis/kristen-bell,2026-03,0,7,0.00,9.6
https://9takes.com/personality-analysis/krystal-ball,2026-03,0,20,0.00,10.6
https://9takes.com/personality-analysis/kylie-jenner,2026-03,0,17,0.00,9.7
https://9takes.com/personality-analysis/lupita-nyongo,2026-03,0,6,0.00,9.5
https://9takes.com/personality-analysis/marc-andreessen,2026-03,0,26,0.00,9.2
https://9takes.com/personality-analysis/marilyn-monroe,2026-03,0,12,0.00,7.8
https://9takes.com/personality-analysis/mikey-madison,2026-03,0,1,0.00,10.0
https://9takes.com/personality-analysis/millie-bobby-brown,2026-03,0,5,0.00,11.8
https://9takes.com/personality-analysis/nancy-pelosi,2026-03,0,4,0.00,6.3
https://9takes.com/personality-analysis/nicole-kidman,2026-03,0,31,0.00,8.6
https://9takes.com/personality-analysis/olivia-rodrigo,2026-03,0,12,0.00,9.9
https://9takes.com/personality-analysis/oprah-winfrey,2026-03,0,4,0.00,10.0
https://9takes.com/personality-analysis/pedro-pascal,2026-03,0,6,0.00,7.3
https://9takes.com/personality-analysis/post-malone,2026-03,0,3,0.00,6.0
https://9takes.com/personality-analysis/reid-hoffman,2026-03,0,9,0.00,5.0
https://9takes.com/personality-analysis/rihanna,2026-03,0,20,0.00,9.4
https://9takes.com/personality-analysis/robert-pattinson,2026-03,0,205,0.00,8.1
https://9takes.com/personality-analysis/sam-altman,2026-03,0,218,0.00,5.8
https://9takes.com/personality-analysis/sam-parr,2026-03,0,13,0.00,7.5
https://9takes.com/personality-analysis/sarah-j-maas,2026-03,0,4,0.00,12.5
https://9takes.com/personality-analysis/scarlett-johansson,2026-03,0,5,0.00,6.2
https://9takes.com/personality-analysis/shaan-puri,2026-03,0,10,0.00,8.8
https://9takes.com/personality-analysis/taylor-swift,2026-03,0,17,0.00,8.3
https://9takes.com/personality-analysis/tom-hiddleston,2026-03,0,111,0.00,4.3
https://9takes.com/personality-analysis/tony-robbins,2026-03,0,5,0.00,6.2
https://9takes.com/personality-analysis/travis-kalanick,2026-03,0,24,0.00,5.9
https://9takes.com/personality-analysis/travis-scott,2026-03,0,45,0.00,9.0
https://9takes.com/personality-analysis/trisha-paytas,2026-03,0,12,0.00,7.8
https://9takes.com/personality-analysis/troye-sivan,2026-03,0,5,0.00,7.6
https://9takes.com/personality-analysis/tucker-carlson,2026-03,0,17,0.00,8.1
https://9takes.com/personality-analysis/tyler-perry,2026-03,0,8,0.00,6.8
https://9takes.com/personality-analysis/tyler-the-creator,2026-03,0,3,0.00,6.0
https://9takes.com/personality-analysis/type/6,2026-03,0,475,0.00,51.1
https://9takes.com/personality-analysis/type/8,2026-03,0,626,0.00,23.8
https://9takes.com/personality-analysis/zoe-kravitz,2026-03,0,17,0.00,10.6
https://9takes.com/pop-culture,2026-03,0,55,0.00,10.1
https://9takes.com/pop-culture/dark-triad-meets-enneagram,2026-03,0,93,0.00,5.7
https://9takes.com/pop-culture/epstein-psychology-part-2,2026-03,0,77,0.00,6.3
https://9takes.com/pop-culture/reddit-moderators-type-1-internet,2026-03,0,81,0.00,6.9
https://9takes.com/questions,2026-03,0,24,0.00,4.2
https://9takes.com/questions/why-people-2-phones-trying-find-answer-without-assuming-bf-anything-negative-people,2026-03,0,1,0.00,9.0
https://9takes.com/types/1s/Krystal-Ball.webp,2026-03,0,1,0.00,23.0
https://9takes.com/types/1s/Michelle-Obama.webp,2026-03,0,1,0.00,62.0
https://9takes.com/types/2s/s-Tom-Hiddleston.webp,2026-03,0,1,0.00,25.0
https://9takes.com/types/3s/Adin-Ross.webp,2026-03,0,2,0.00,16.0
https://9takes.com/types/3s/Tom-Cruise.webp,2026-03,0,2,0.00,24.5
https://9takes.com/types/4s/Alex-Karp.webp,2026-03,0,1,0.00,20.0
https://9takes.com/types/4s/Kendrick-Lamar.webp,2026-03,0,1,0.00,19.0
https://9takes.com/types/4s/s-Robert-Pattinson.webp,2026-03,0,1,0.00,12.0
https://9takes.com/types/5s/Agatha-Christie.webp,2026-03,0,1,0.00,14.0
https://9takes.com/types/5s/Elon-Musk.webp,2026-03,0,2,0.00,6.0
https://9takes.com/types/5s/Mark-Zuckerberg.webp,2026-03,0,1,0.00,23.0
https://9takes.com/types/6s/Alexandria-Ocasio-Cortez.webp,2026-03,0,1,0.00,18.0
https://9takes.com/types/6s/Aubrey-Plaza.webp,2026-03,0,4,0.00,39.0
https://9takes.com/types/6s/George-W-Bush.webp,2026-03,0,1,0.00,11.0
https://9takes.com/types/7s/Jack-Black.webp,2026-03,0,1,0.00,9.0
https://9takes.com/types/7s/Kai-Cenat.webp,2026-03,0,1,0.00,28.0
https://9takes.com/types/7s/Palmer-Luckey.webp,2026-03,0,1,0.00,54.0
https://9takes.com/types/7s/s-Kai-Cenat.webp,2026-03,0,2,0.00,17.5
https://9takes.com/types/7s/s-Leonardo-DiCaprio.webp,2026-03,0,1,0.00,14.0
https://9takes.com/types/8s/Druski.webp,2026-03,0,8,0.00,13.9
https://9takes.com/types/8s/IShowSpeed.webp,2026-03,0,6,0.00,12.0
https://9takes.com/types/8s/Kara-Swisher.webp,2026-03,0,1,0.00,22.0
https://9takes.com/types/8s/Mr-Beast.webp,2026-03,0,1,0.00,25.0
https://9takes.com/types/9s/Brad-Pitt.webp,2026-03,0,1,0.00,45.0
https://9takes.com/types/9s/Keanu-Reeves.webp,2026-03,0,1,0.00,23.0
https://9takes.com/types/9s/Mikey-Madison.webp,2026-03,0,1,0.00,30.0
https://9takes.com/types/9s/Ryan-Gosling.webp,2026-03,0,2,0.00,15.5
https://9takes.com/types/9s/s-Keanu-Reeves.webp,2026-03,0,1,0.00,13.0
https://9takes.com/enneagram-corner/enneagram-and-adhd-which-types-struggle-most,2026-04,86,4098,2.10,6.1
https://9takes.com/enneagram-corner/enneagram-and-mental-illness,2026-04,86,5003,1.72,7.6
https://9takes.com/enneagram-corner/mental-health/enneagram-neurodivergence-guide,2026-04,58,2498,2.32,7.7
https://9takes.com/enneagram-corner/astrology-and-the-enneagram,2026-04,28,7251,0.39,7.0
https://9takes.com/,2026-04,25,142,17.61,8.3
https://9takes.com/enneagram-corner/depression-patterns-by-enneagram-type,2026-04,23,2953,0.78,7.1
https://9takes.com/enneagram-corner/toxic-traits-of-each-enneagram-type,2026-04,22,2850,0.77,9.0
https://9takes.com/enneagram-corner/enneagram-compatibility-matrix,2026-04,20,4678,0.43,10.8
https://9takes.com/enneagram-corner/toxic-traits-relationships-warning-signs,2026-04,18,1747,1.03,7.9
https://9takes.com/enneagram-corner/enneagram-addiction-recovery-guide,2026-04,16,1416,1.13,7.5
https://9takes.com/personality-analysis/Jordi-Hays,2026-04,16,787,2.03,8.0
https://9takes.com/enneagram-corner/how-each-enneagram-type-manipulates,2026-04,15,1087,1.38,7.1
https://9takes.com/enneagram-corner/how-to-apologize-like-a-pro,2026-04,15,397,3.78,5.7
https://9takes.com/enneagram-corner/enneagram-wings-complete-guide,2026-04,14,3023,0.46,8.8
https://9takes.com/personality-analysis/ryan-gosling,2026-04,12,1788,0.67,8.0
https://9takes.com/enneagram-corner/enneagram-instinctual-subtypes,2026-04,11,3647,0.30,14.3
https://9takes.com/enneagram-corner/biggest-compliments-to-give-each-enneagram-type,2026-04,9,712,1.26,5.7
https://9takes.com/enneagram-corner/attachment-styles-and-enneagram-types,2026-04,8,2460,0.33,7.7
https://9takes.com/enneagram-corner/enneagram-type-7,2026-04,7,150,4.67,19.8
https://9takes.com/enneagram-corner/enneagram-types-in-stress,2026-04,7,910,0.77,11.6
https://9takes.com/enneagram-corner/enneagram-mental-health-flags,2026-04,6,444,1.35,7.6
https://9takes.com/enneagram-corner/enneagram-strengths-and-weaknesses,2026-04,6,1586,0.38,8.7
https://9takes.com/enneagram-corner/enneagram-test-comparison-2025,2026-04,6,2646,0.23,13.3
https://9takes.com/personality-analysis/Jack-Black,2026-04,6,1022,0.59,7.9
https://9takes.com/personality-analysis/tom-hiddleston,2026-04,6,573,1.05,4.8
https://9takes.com/personality-analysis/type/8,2026-04,6,826,0.73,48.6
https://9takes.com/pop-culture/epstein-psychology-part-1,2026-04,6,2256,0.27,8.0
https://9takes.com/enneagram-corner/enneagram-types-on-a-first-date,2026-04,5,226,2.21,10.0
https://9takes.com/personality-analysis,2026-04,5,194,2.58,14.7
https://9takes.com/personality-analysis/Kara-Swisher,2026-04,5,330,1.52,10.4
https://9takes.com/personality-analysis/hasan-piker,2026-04,5,1180,0.42,8.3
https://9takes.com/enneagram-corner/enneagram-anxiety-complete-guide,2026-04,4,500,0.80,10.5
https://9takes.com/enneagram-corner/enneagram-medication-mental-health,2026-04,4,274,1.46,6.4
https://9takes.com/enneagram-corner/neurodiversity-vs-personality,2026-04,4,263,1.52,9.3
https://9takes.com/personality-analysis/Alex-Karp,2026-04,4,598,0.67,8.1
https://9takes.com/personality-analysis/Jackie-Kennedy,2026-04,4,100,4.00,3.4
https://9takes.com/personality-analysis/jackie-kennedy,2026-04,4,148,2.70,9.2
https://9takes.com/personality-analysis/john-coogan,2026-04,4,389,1.03,9.4
https://9takes.com/personality-analysis/margot-robbie,2026-04,4,573,0.70,6.7
https://9takes.com/personality-analysis/sabrina-carpenter,2026-04,4,6431,0.06,7.7
https://9takes.com/personality-analysis/type/9,2026-04,4,983,0.41,54.4
https://9takes.com/enneagram-corner/enneagram-communication-styles,2026-04,3,156,1.92,10.7
https://9takes.com/enneagram-corner/enneagram-communication-tips,2026-04,3,136,2.21,9.0
https://9takes.com/enneagram-corner/enneagram-tldr,2026-04,3,1505,0.20,44.2
https://9takes.com/enneagram-corner/enneagram-type-1,2026-04,3,82,3.66,10.8
https://9takes.com/enneagram-corner/enneagram-type-4,2026-04,3,573,0.52,36.6
https://9takes.com/enneagram-corner/enneagram-type-6,2026-04,3,844,0.36,21.5
https://9takes.com/enneagram-corner/enneagram-type-8,2026-04,3,819,0.37,9.4
https://9takes.com/enneagram-corner/enneagram-types-and-career-choices,2026-04,3,1063,0.28,24.3
https://9takes.com/enneagram-corner/enneagram-types-in-relationships,2026-04,3,1891,0.16,30.1
https://9takes.com/enneagram-corner/how-each-enneagram-type-self-sabotages-success,2026-04,3,274,1.09,7.7
https://9takes.com/personality-analysis/Agatha-Christie,2026-04,3,297,1.01,7.4
https://9takes.com/personality-analysis/Caleb-Hearon,2026-04,3,105,2.86,8.4
https://9takes.com/personality-analysis/Hasan-Piker,2026-04,3,708,0.42,8.5
https://9takes.com/personality-analysis/Jenna-Ortega,2026-04,3,191,1.57,4.1
https://9takes.com/personality-analysis/Kevin-Hart,2026-04,3,26,11.54,10.7
https://9takes.com/personality-analysis/Madison-Beer,2026-04,3,309,0.97,7.6
https://9takes.com/personality-analysis/aubrey-plaza,2026-04,3,280,1.07,8.6
https://9takes.com/personality-analysis/justin-bieber,2026-04,3,535,0.56,11.4
https://9takes.com/personality-analysis/meryl-streep,2026-04,3,138,2.17,8.3
https://9takes.com/personality-analysis/natalie-portman,2026-04,3,317,0.95,8.2
https://9takes.com/personality-analysis/robert-pattinson,2026-04,3,1057,0.28,9.0
https://9takes.com/enneagram-corner/enneagram-and-religion,2026-04,2,487,0.41,30.9
https://9takes.com/enneagram-corner/enneagram-crisis-management-guide,2026-04,2,360,0.56,7.5
https://9takes.com/enneagram-corner/enneagram-type-3,2026-04,2,1033,0.19,50.3
https://9takes.com/enneagram-corner/enneagram-type-5,2026-04,2,635,0.31,10.6
https://9takes.com/enneagram-corner/enneagram-types-at-party,2026-04,2,164,1.22,7.7
https://9takes.com/personality-analysis/Benson-Boone,2026-04,2,46,4.35,8.6
https://9takes.com/personality-analysis/Dario-Amodei,2026-04,2,152,1.32,7.1
https://9takes.com/personality-analysis/Denzel-Washington,2026-04,2,162,1.23,7.4
https://9takes.com/personality-analysis/Druski,2026-04,2,255,0.78,8.5
https://9takes.com/personality-analysis/Lana-Del-Rey,2026-04,2,166,1.20,5.0
https://9takes.com/personality-analysis/Tina-Fey,2026-04,2,175,1.14,5.6
https://9takes.com/personality-analysis/agatha-christie,2026-04,2,681,0.29,7.4
https://9takes.com/personality-analysis/alexis-bledel,2026-04,2,310,0.65,23.4
https://9takes.com/personality-analysis/bob-dylan,2026-04,2,745,0.27,8.9
https://9takes.com/personality-analysis/gavin-newsom,2026-04,2,199,1.01,6.2
https://9takes.com/personality-analysis/joe-rogan,2026-04,2,608,0.33,8.7
https://9takes.com/personality-analysis/john-f-kennedy,2026-04,2,444,0.45,10.3
https://9takes.com/personality-analysis/joseph-stalin,2026-04,2,120,1.67,8.3
https://9takes.com/personality-analysis/marilyn-monroe,2026-04,2,331,0.60,10.3
https://9takes.com/personality-analysis/sam-altman,2026-04,2,1359,0.15,7.9
https://9takes.com/personality-analysis/shia-labeouf,2026-04,2,49,4.08,7.7
https://9takes.com/personality-analysis/sky-bri,2026-04,2,175,1.14,9.7
https://9takes.com/personality-analysis/taylor-swift,2026-04,2,77,2.60,10.2
https://9takes.com/personality-analysis/timothee-chalamet,2026-04,2,653,0.31,7.2
https://9takes.com/personality-analysis/type/3,2026-04,2,248,0.81,11.4
https://9takes.com/personality-analysis/zayn-malik,2026-04,2,1196,0.17,6.6
https://9takes.com/personality-analysis/zendaya,2026-04,2,723,0.28,9.1
https://9takes.com/pop-culture/ghislaine-maxwell-psychology,2026-04,2,490,0.41,8.0
https://9takes.com/enneagram-corner/enneagram-dating-guide-for-men,2026-04,1,235,0.43,9.9
https://9takes.com/enneagram-corner/enneagram-stress-number,2026-04,1,78,1.28,26.2
https://9takes.com/enneagram-corner/enneagram-type-9,2026-04,1,831,0.12,51.8
https://9takes.com/enneagram-corner/enneagram-types-being-ghosted,2026-04,1,233,0.43,6.0
https://9takes.com/enneagram-corner/enneagram-vs-meyers-briggs,2026-04,1,205,0.49,26.7
https://9takes.com/enneagram-corner/mental-health/enneagram-science-mental-health,2026-04,1,1291,0.08,9.8
https://9takes.com/enneagram-corner/subtopic/situational,2026-04,1,42,2.38,11.1
https://9takes.com/enneagram-corner/why-dating-apps-are-harder-for-certain-personality-types,2026-04,1,83,1.20,8.3
https://9takes.com/enneagram-corner/why-the-next-thing-wont-fix-it-type-7,2026-04,1,74,1.35,6.8
https://9takes.com/personality-analysis/Andrew-Schulz,2026-04,1,29,3.45,7.5
https://9takes.com/personality-analysis/Anne-Hathaway,2026-04,1,24,4.17,11.2
https://9takes.com/personality-analysis/Aubrey-Plaza,2026-04,1,210,0.48,8.0
https://9takes.com/personality-analysis/Beyonce-Knowles,2026-04,1,184,0.54,11.0
https://9takes.com/personality-analysis/Blake-Lively,2026-04,1,141,0.71,12.9
https://9takes.com/personality-analysis/Casey-Neistat,2026-04,1,59,1.69,8.5
https://9takes.com/personality-analysis/Chamath-Palihapitiya,2026-04,1,147,0.68,7.2
https://9takes.com/personality-analysis/Charlie-Puth,2026-04,1,15,6.67,7.2
https://9takes.com/personality-analysis/Chris-Williamson,2026-04,1,84,1.19,8.4
https://9takes.com/personality-analysis/Clavicular,2026-04,1,129,0.78,7.2
https://9takes.com/personality-analysis/Donald-Trump,2026-04,1,38,2.63,9.7
https://9takes.com/personality-analysis/Dua-Lipa,2026-04,1,535,0.19,4.7
https://9takes.com/personality-analysis/Emma-Chamberlain,2026-04,1,110,0.91,9.3
https://9takes.com/personality-analysis/Grimes,2026-04,1,237,0.42,14.2
https://9takes.com/personality-analysis/Hailey-Bieber,2026-04,1,62,1.61,8.6
https://9takes.com/personality-analysis/Henry-Cavill,2026-04,1,289,0.35,8.9
https://9takes.com/personality-analysis/IShowSpeed,2026-04,1,555,0.18,8.6
https://9takes.com/personality-analysis/Jacob-Elordi,2026-04,1,21,4.76,7.8
https://9takes.com/personality-analysis/Joe-Biden,2026-04,1,56,1.79,11.5
https://9takes.com/personality-analysis/John-Coogan,2026-04,1,395,0.25,7.6
https://9takes.com/personality-analysis/John-F-Kennedy,2026-04,1,271,0.37,7.4
https://9takes.com/personality-analysis/Johnny-Depp,2026-04,1,1,100.00,1.0
https://9takes.com/personality-analysis/Jon-Stewart,2026-04,1,80,1.25,9.0
https://9takes.com/personality-analysis/Julius-Caesar,2026-04,1,89,1.12,12.3
https://9takes.com/personality-analysis/Kourtney-Kardashian,2026-04,1,387,0.26,8.1
https://9takes.com/personality-analysis/Krystal-Ball,2026-04,1,12,8.33,9.9
https://9takes.com/personality-analysis/Logan-Paul,2026-04,1,433,0.23,9.5
https://9takes.com/personality-analysis/Marcello-Hernandez,2026-04,1,26,3.85,5.6
https://9takes.com/personality-analysis/Matthew-McConaughey,2026-04,1,82,1.22,9.0
https://9takes.com/personality-analysis/Meghan-Markle,2026-04,1,128,0.78,9.4
https://9takes.com/personality-analysis/Mikey-Madison,2026-04,1,51,1.96,7.9
https://9takes.com/personality-analysis/Peter-Thiel,2026-04,1,217,0.46,6.2
https://9takes.com/personality-analysis/Prince,2026-04,1,152,0.66,8.7
https://9takes.com/personality-analysis/Ryan-Reynolds,2026-04,1,173,0.58,6.1
https://9takes.com/personality-analysis/Sam-Altman,2026-04,1,305,0.33,7.3
https://9takes.com/personality-analysis/Shawn-Ryan,2026-04,1,305,0.33,7.4
https://9takes.com/personality-analysis/Tara-Yummy,2026-04,1,133,0.75,7.3
https://9takes.com/personality-analysis/Theo-Von,2026-04,1,66,1.52,4.4
https://9takes.com/personality-analysis/Trevor-Noah,2026-04,1,97,1.03,9.9
https://9takes.com/personality-analysis/alexandria-ocasio-cortez,2026-04,1,93,1.08,7.5
https://9takes.com/personality-analysis/ariana-grande,2026-04,1,281,0.36,8.8
https://9takes.com/personality-analysis/arnold-schwarzenegger,2026-04,1,52,1.92,15.3
https://9takes.com/personality-analysis/benson-boone,2026-04,1,94,1.06,7.4
https://9takes.com/personality-analysis/beyonce-knowles,2026-04,1,63,1.59,9.0
https://9takes.com/personality-analysis/caleb-hearon,2026-04,1,30,3.33,8.4
https://9takes.com/personality-analysis/chappell-roan,2026-04,1,472,0.21,6.7
https://9takes.com/personality-analysis/charlie-puth,2026-04,1,52,1.92,7.4
https://9takes.com/personality-analysis/dario-amodei,2026-04,1,476,0.21,6.7
https://9takes.com/personality-analysis/dolly-parton,2026-04,1,35,2.86,19.7
https://9takes.com/personality-analysis/druski,2026-04,1,492,0.20,6.5
https://9takes.com/personality-analysis/elon-musk,2026-04,1,452,0.22,12.3
https://9takes.com/personality-analysis/eminem,2026-04,1,250,0.40,11.4
https://9takes.com/personality-analysis/garry-tan,2026-04,1,64,1.56,6.8
https://9takes.com/personality-analysis/hailey-bieber,2026-04,1,153,0.65,7.0
https://9takes.com/personality-analysis/hilary-duff,2026-04,1,46,2.17,9.1
https://9takes.com/personality-analysis/hillary-clinton,2026-04,1,10,10.00,8.9
https://9takes.com/personality-analysis/jennifer-lopez,2026-04,1,174,0.57,10.9
https://9takes.com/personality-analysis/john-travolta,2026-04,1,21,4.76,10.3
https://9takes.com/personality-analysis/johnny-depp,2026-04,1,69,1.45,14.0
https://9takes.com/personality-analysis/kai-cenat,2026-04,1,858,0.12,6.9
https://9takes.com/personality-analysis/kamala-harris,2026-04,1,46,2.17,9.3
https://9takes.com/personality-analysis/kanye,2026-04,1,180,0.56,7.1
https://9takes.com/personality-analysis/keanu-reeves,2026-04,1,187,0.53,10.0
https://9takes.com/personality-analysis/khloe-kardashian,2026-04,1,217,0.46,7.7
https://9takes.com/personality-analysis/kourtney-kardashian,2026-04,1,349,0.29,9.1
https://9takes.com/personality-analysis/kyle-forgeard,2026-04,1,96,1.04,7.4
https://9takes.com/personality-analysis/lana-del-rey,2026-04,1,334,0.30,4.4
https://9takes.com/personality-analysis/lex-fridman,2026-04,1,246,0.41,8.9
https://9takes.com/personality-analysis/madison-beer,2026-04,1,860,0.12,7.7
https://9takes.com/personality-analysis/marc-andreessen,2026-04,1,70,1.43,8.8
https://9takes.com/personality-analysis/michael-b-jordan,2026-04,1,43,2.33,9.7
https://9takes.com/personality-analysis/mikey-madison,2026-04,1,40,2.50,9.9
https://9takes.com/personality-analysis/nancy-pelosi,2026-04,1,66,1.52,8.0
https://9takes.com/personality-analysis/neil-strauss,2026-04,1,80,1.25,8.5
https://9takes.com/personality-analysis/olivia-rodrigo,2026-04,1,319,0.31,10.6
https://9takes.com/personality-analysis/peter-thiel,2026-04,1,393,0.25,8.9
https://9takes.com/personality-analysis/prince-harry,2026-04,1,159,0.63,10.9
https://9takes.com/personality-analysis/reed-hastings,2026-04,1,30,3.33,7.3
https://9takes.com/personality-analysis/rihanna,2026-04,1,194,0.52,10.6
https://9takes.com/personality-analysis/robert-greene,2026-04,1,432,0.23,8.2
https://9takes.com/personality-analysis/ronald-reagan,2026-04,1,154,0.65,13.6
https://9takes.com/personality-analysis/ryan-grim,2026-04,1,138,0.72,9.3
https://9takes.com/personality-analysis/selena-gomez,2026-04,1,283,0.35,10.4
https://9takes.com/personality-analysis/steve-carell,2026-04,1,110,0.91,11.8
https://9takes.com/personality-analysis/steve-jobs,2026-04,1,233,0.43,15.5
https://9takes.com/personality-analysis/sydney-sweeney,2026-04,1,798,0.13,7.5
https://9takes.com/personality-analysis/tina-fey,2026-04,1,101,0.99,10.0
https://9takes.com/personality-analysis/troye-sivan,2026-04,1,39,2.56,8.1
https://9takes.com/personality-analysis/tucker-carlson,2026-04,1,171,0.58,8.0
https://9takes.com/personality-analysis/type/1,2026-04,1,694,0.14,51.2
https://9takes.com/personality-analysis/type/2,2026-04,1,339,0.29,19.1
https://9takes.com/personality-analysis/type/4,2026-04,1,401,0.25,14.0
https://9takes.com/personality-analysis/type/6,2026-04,1,629,0.16,61.3
https://9takes.com/personality-analysis/winston-churchill,2026-04,1,268,0.37,11.4
https://9takes.com/personality-analysis/xQc,2026-04,1,355,0.28,6.5
https://9takes.com/pop-culture/masculinity-strength-and-the-enneagram,2026-04,1,22,4.55,8.3
https://9takes.com/pop-culture/tech-titans-ai-wars,2026-04,1,310,0.32,7.0
https://9takes.com/pop-culture/tech-titans-enneagram-analysis,2026-04,1,34,2.94,9.1
https://9takes.com/pop-culture/twitter-x-personality-types-toxic,2026-04,1,77,1.30,7.6
http://9takes.com/,2026-04,0,1,0.00,1.0
https://9takes.com/about,2026-04,0,50,0.00,2.3
https://9takes.com/blog,2026-04,0,55,0.00,2.9
https://9takes.com/community,2026-04,0,24,0.00,4.3
https://9takes.com/community/consensus-on-human-nature,2026-04,0,13,0.00,9.7
https://9takes.com/community/how-minds-change-on-9takes,2026-04,0,7,0.00,6.3
https://9takes.com/community/introducing-9takes,2026-04,0,6,0.00,9.7
https://9takes.com/community/software-and-hardware-of-the-mind,2026-04,0,7,0.00,14.9
https://9takes.com/community/why-im-selective-sharing-enneagram,2026-04,0,29,0.00,6.4
https://9takes.com/corpus-stats,2026-04,0,14,0.00,6.5
https://9takes.com/enneagram-corner,2026-04,0,396,0.00,39.4
https://9takes.com/enneagram-corner/anxiety-and-enneagram-types-guide,2026-04,0,77,0.00,8.8
https://9takes.com/enneagram-corner/beginners-guide-to-determining-your-enneagram-type,2026-04,0,112,0.00,48.1
https://9takes.com/enneagram-corner/enneagram-books-websites-podcasts,2026-04,0,69,0.00,16.8
https://9takes.com/enneagram-corner/enneagram-childhood-stereotypes,2026-04,0,108,0.00,19.9
https://9takes.com/enneagram-corner/enneagram-compatibility-guide,2026-04,0,52,0.00,7.2
https://9takes.com/enneagram-corner/enneagram-concepts,2026-04,0,52,0.00,12.8
https://9takes.com/enneagram-corner/enneagram-connecting-lines,2026-04,0,279,0.00,12.5
https://9takes.com/enneagram-corner/enneagram-criticisms,2026-04,0,6,0.00,4.2
https://9takes.com/enneagram-corner/enneagram-influences,2026-04,0,530,0.00,51.5
https://9takes.com/enneagram-corner/enneagram-leadership,2026-04,0,71,0.00,41.0
https://9takes.com/enneagram-corner/enneagram-parenting-styles,2026-04,0,374,0.00,29.2
https://9takes.com/enneagram-corner/enneagram-party-planner,2026-04,0,29,0.00,16.1
https://9takes.com/enneagram-corner/enneagram-personal-growth,2026-04,0,309,0.00,36.4
https://9takes.com/enneagram-corner/enneagram-science-mental-health,2026-04,0,578,0.00,9.8
https://9takes.com/enneagram-corner/enneagram-self-development,2026-04,0,66,0.00,31.2
https://9takes.com/enneagram-corner/enneagram-team-dynamics,2026-04,0,346,0.00,40.3
https://9takes.com/enneagram-corner/enneagram-therapy-resistance-guide,2026-04,0,17,0.00,7.4
https://9takes.com/enneagram-corner/enneagram-type-2,2026-04,0,376,0.00,36.8
https://9takes.com/enneagram-corner/enneagram-types-working-in-teams,2026-04,0,454,0.00,55.7
https://9takes.com/enneagram-corner/enneagram-vs-personality-frameworks-comparison,2026-04,0,602,0.00,8.5
https://9takes.com/enneagram-corner/first-impression-cheat-sheet,2026-04,0,52,0.00,8.4
https://9takes.com/enneagram-corner/how-each-enneagram-flexes,2026-04,0,95,0.00,10.7
https://9takes.com/enneagram-corner/how-each-enneagram-type-unwinds,2026-04,0,77,0.00,9.1
https://9takes.com/enneagram-corner/how-to-navigate-early-relationship-stages,2026-04,0,91,0.00,9.9
https://9takes.com/enneagram-corner/how-type-8-challengers-actually-succeed,2026-04,0,14,0.00,12.4
https://9takes.com/enneagram-corner/love-languages-and-enneagram-types,2026-04,0,370,0.00,11.8
https://9takes.com/enneagram-corner/mental-health/enneagram-therapy-guide,2026-04,0,65,0.00,8.9
https://9takes.com/enneagram-corner/mental-health/enneagram-therapy-resistance-guide,2026-04,0,16,0.00,6.8
https://9takes.com/enneagram-corner/mental-health/enneagram-workplace-mental-health,2026-04,0,43,0.00,9.5
https://9takes.com/enneagram-corner/philosophy-psychology-and-the-enneagram,2026-04,0,33,0.00,9.6
https://9takes.com/enneagram-corner/relationship-communication-guide,2026-04,0,780,0.00,32.1
https://9takes.com/enneagram-corner/subtopic/development,2026-04,0,25,0.00,31.1
https://9takes.com/enneagram-corner/subtopic/resources,2026-04,0,15,0.00,23.4
https://9takes.com/enneagram-corner/why-you-cant-stop-overthinking-enneagram,2026-04,0,90,0.00,7.8
https://9takes.com/how-to-guides,2026-04,0,26,0.00,3.8
https://9takes.com/how-to-guides/5-tough-conversations-you-need-to-have-with-your-partner,2026-04,0,25,0.00,25.4
https://9takes.com/how-to-guides/dating-dynamics-by-enneagram-type,2026-04,0,275,0.00,8.4
https://9takes.com/how-to-guides/guide-to-fighting-depression,2026-04,0,3,0.00,7.3
https://9takes.com/how-to-guides/the-crash-course-on-emotions-that-we-missed-in-kindergarten,2026-04,0,19,0.00,10.1
https://9takes.com/how-to-guides/using-the-enneagram-for-self-development,2026-04,0,18,0.00,8.3
https://9takes.com/personality-analysis/Abraham-Lincoln,2026-04,0,49,0.00,10.0
https://9takes.com/personality-analysis/Addison-Rae,2026-04,0,60,0.00,7.6
https://9takes.com/personality-analysis/Adin-Ross,2026-04,0,55,0.00,8.3
https://9takes.com/personality-analysis/Alex-Cooper,2026-04,0,59,0.00,7.3
https://9takes.com/personality-analysis/Alex-Hormozi,2026-04,0,131,0.00,6.8
https://9takes.com/personality-analysis/Alexandria-Ocasio-Cortez,2026-04,0,22,0.00,6.2
https://9takes.com/personality-analysis/Alexis-Bledel,2026-04,0,28,0.00,4.8
https://9takes.com/personality-analysis/Ali-Abdaal,2026-04,0,89,0.00,8.0
https://9takes.com/personality-analysis/Alix-Earle,2026-04,0,201,0.00,8.5
https://9takes.com/personality-analysis/Amber-Heard,2026-04,0,33,0.00,9.5
https://9takes.com/personality-analysis/Andrew-Callaghan,2026-04,0,93,0.00,6.8
https://9takes.com/personality-analysis/Andrew-Huberman,2026-04,0,12,0.00,7.3
https://9takes.com/personality-analysis/Andrew-Tate,2026-04,0,34,0.00,7.2
https://9takes.com/personality-analysis/Anya-Taylor-Joy,2026-04,0,515,0.00,8.7
https://9takes.com/personality-analysis/Ariana-Grande,2026-04,0,1,0.00,8.0
https://9takes.com/personality-analysis/Arnold-Schwarzenegger,2026-04,0,150,0.00,6.2
https://9takes.com/personality-analysis/Ashby,2026-04,0,9,0.00,5.9
https://9takes.com/personality-analysis/Bad-Bunny,2026-04,0,93,0.00,8.2
https://9takes.com/personality-analysis/Barack-Obama,2026-04,0,24,0.00,9.8
https://9takes.com/personality-analysis/Bella-Hadid,2026-04,0,7,0.00,7.9
https://9takes.com/personality-analysis/Bella-Poarch,2026-04,0,56,0.00,8.1
https://9takes.com/personality-analysis/Ben-Shapiro,2026-04,0,1,0.00,10.0
https://9takes.com/personality-analysis/Bernie-Sanders,2026-04,0,8,0.00,8.3
https://9takes.com/personality-analysis/Bill-Gates,2026-04,0,3,0.00,11.7
https://9takes.com/personality-analysis/Billie-Eilish,2026-04,0,160,0.00,11.5
https://9takes.com/personality-analysis/Bob-Dylan,2026-04,0,175,0.00,8.9
https://9takes.com/personality-analysis/Bobbi-Althoff,2026-04,0,58,0.00,7.3
https://9takes.com/personality-analysis/Brad-Pitt,2026-04,0,211,0.00,7.4
https://9takes.com/personality-analysis/Brittany-Broski,2026-04,0,68,0.00,8.0
https://9takes.com/personality-analysis/Chappell-Roan,2026-04,0,106,0.00,4.6
https://9takes.com/personality-analysis/Charli-D'Amelio,2026-04,0,25,0.00,9.1
https://9takes.com/personality-analysis/Charli-xcx,2026-04,0,66,0.00,8.2
https://9takes.com/personality-analysis/Chelsea-Handler,2026-04,0,63,0.00,9.4
https://9takes.com/personality-analysis/Chris-Hemsworth,2026-04,0,23,0.00,5.9
https://9takes.com/personality-analysis/Cillian-Murphy,2026-04,0,25,0.00,10.2
https://9takes.com/personality-analysis/Conor-McGregor,2026-04,0,19,0.00,7.2
https://9takes.com/personality-analysis/Cristiano-Ronaldo,2026-04,0,101,0.00,8.7
https://9takes.com/personality-analysis/Dave-Chappelle,2026-04,0,23,0.00,9.6
https://9takes.com/personality-analysis/Dave-Portnoy,2026-04,0,24,0.00,9.4
https://9takes.com/personality-analysis/David-Dobrik,2026-04,0,26,0.00,11.1
https://9takes.com/personality-analysis/David-Friedberg,2026-04,0,271,0.00,7.7
https://9takes.com/personality-analysis/David-Sacks,2026-04,0,36,0.00,5.3
https://9takes.com/personality-analysis/Dax-Shepard,2026-04,0,26,0.00,7.0
https://9takes.com/personality-analysis/Demi-Lovato,2026-04,0,14,0.00,10.6
https://9takes.com/personality-analysis/Dixie-D'Amelio,2026-04,0,6,0.00,7.0
https://9takes.com/personality-analysis/Doechii,2026-04,0,84,0.00,9.1
https://9takes.com/personality-analysis/Doja-Cat,2026-04,0,10,0.00,6.8
https://9takes.com/personality-analysis/Dolly-Parton,2026-04,0,10,0.00,10.0
https://9takes.com/personality-analysis/Drake,2026-04,0,46,0.00,6.0
https://9takes.com/personality-analysis/Dwayne-Johnson,2026-04,0,125,0.00,8.8
https://9takes.com/personality-analysis/Ellen-Degeneres,2026-04,0,32,0.00,7.8
https://9takes.com/personality-analysis/Elon-Musk,2026-04,0,21,0.00,12.1
https://9takes.com/personality-analysis/Elton-John,2026-04,0,57,0.00,5.3
https://9takes.com/personality-analysis/Emily-Ratajkowski,2026-04,0,28,0.00,6.9
https://9takes.com/personality-analysis/Eminem,2026-04,0,114,0.00,11.9
https://9takes.com/personality-analysis/Emma-Stone,2026-04,0,133,0.00,10.1
https://9takes.com/personality-analysis/Emma-Watson,2026-04,0,319,0.00,5.7
https://9takes.com/personality-analysis/Frida-Kahlo,2026-04,0,68,0.00,6.8
https://9takes.com/personality-analysis/Friedrich-Nietzsche,2026-04,0,256,0.00,7.7
https://9takes.com/personality-analysis/Gary-Vee,2026-04,0,49,0.00,9.6
https://9takes.com/personality-analysis/George-H-W-Bush,2026-04,0,85,0.00,9.2
https://9takes.com/personality-analysis/George-RR-Martin,2026-04,0,15,0.00,8.9
https://9takes.com/personality-analysis/George-W-Bush,2026-04,0,19,0.00,4.8
https://9takes.com/personality-analysis/Greta-Thunberg,2026-04,0,41,0.00,7.3
https://9takes.com/personality-analysis/Gwyneth-Paltrow,2026-04,0,165,0.00,7.3
https://9takes.com/personality-analysis/Halsey,2026-04,0,116,0.00,6.7
https://9takes.com/personality-analysis/Harry-Styles,2026-04,0,34,0.00,12.3
https://9takes.com/personality-analysis/Hillary-Clinton,2026-04,0,16,0.00,17.9
https://9takes.com/personality-analysis/Howard-Stern,2026-04,0,19,0.00,7.7
https://9takes.com/personality-analysis/Hozier,2026-04,0,25,0.00,7.8
https://9takes.com/personality-analysis/Hugh-Jackman,2026-04,0,333,0.00,7.7
https://9takes.com/personality-analysis/J.K.-Rowling,2026-04,0,23,0.00,10.7
https://9takes.com/personality-analysis/Jack-Dorsey,2026-04,0,40,0.00,5.8
https://9takes.com/personality-analysis/Jake-Gyllenhaal,2026-04,0,20,0.00,8.9
https://9takes.com/personality-analysis/Jake-Paul,2026-04,0,10,0.00,7.1
https://9takes.com/personality-analysis/James-Charles,2026-04,0,23,0.00,5.5
https://9takes.com/personality-analysis/Jason-Calacanis,2026-04,0,6,0.00,6.3
https://9takes.com/personality-analysis/Jeff-Bezos,2026-04,0,133,0.00,11.3
https://9takes.com/personality-analysis/Jelly-Roll,2026-04,0,13,0.00,7.2
https://9takes.com/personality-analysis/Jennifer-Garner,2026-04,0,121,0.00,9.5
https://9takes.com/personality-analysis/Jennifer-Lawrence,2026-04,0,17,0.00,2.4
https://9takes.com/personality-analysis/Jennifer-Lopez,2026-04,0,47,0.00,8.7
https://9takes.com/personality-analysis/Jimmy-Carter,2026-04,0,39,0.00,8.5
https://9takes.com/personality-analysis/Jimmy-Fallon,2026-04,0,64,0.00,7.0
https://9takes.com/personality-analysis/Joaquin-Phoenix,2026-04,0,154,0.00,5.4
https://9takes.com/personality-analysis/Joe-Rogan,2026-04,0,23,0.00,6.5
https://9takes.com/personality-analysis/Jordan-Peterson,2026-04,0,138,0.00,8.8
https://9takes.com/personality-analysis/Justin-Bieber,2026-04,0,177,0.00,6.7
https://9takes.com/personality-analysis/Kai-Cenat,2026-04,0,214,0.00,6.4
https://9takes.com/personality-analysis/Kamala-Harris,2026-04,0,5,0.00,11.8
https://9takes.com/personality-analysis/Katy-Perry,2026-04,0,79,0.00,8.2
https://9takes.com/personality-analysis/Keanu-Reeves,2026-04,0,164,0.00,9.4
https://9takes.com/personality-analysis/Keke-Palmer,2026-04,0,23,0.00,7.3
https://9takes.com/personality-analysis/Kendrick-Lamar,2026-04,0,51,0.00,11.6
https://9takes.com/personality-analysis/Khloe-Kardashian,2026-04,0,577,0.00,6.6
https://9takes.com/personality-analysis/Kim-Kardashian,2026-04,0,40,0.00,11.2
https://9takes.com/personality-analysis/Kristen-Bell,2026-04,0,14,0.00,1.8
https://9takes.com/personality-analysis/Kylie-Jenner,2026-04,0,14,0.00,7.8
https://9takes.com/personality-analysis/Lady-Gaga,2026-04,0,48,0.00,13.0
https://9takes.com/personality-analysis/Leila-Hormozi,2026-04,0,61,0.00,8.7
https://9takes.com/personality-analysis/Leonardo-DiCaprio,2026-04,0,46,0.00,12.6
https://9takes.com/personality-analysis/Lex-Fridman,2026-04,0,294,0.00,8.2
https://9takes.com/personality-analysis/Lupita-Nyongo,2026-04,0,27,0.00,14.3
https://9takes.com/personality-analysis/Malcolm-X,2026-04,0,25,0.00,11.8
https://9takes.com/personality-analysis/Margot-Robbie,2026-04,0,83,0.00,6.3
https://9takes.com/personality-analysis/Marilyn-Monroe,2026-04,0,92,0.00,9.6
https://9takes.com/personality-analysis/Mark-Zuckerberg,2026-04,0,30,0.00,13.0
https://9takes.com/personality-analysis/Martin-Luther-King-Jr,2026-04,0,29,0.00,13.2
https://9takes.com/personality-analysis/Meryl-Streep,2026-04,0,91,0.00,6.9
https://9takes.com/personality-analysis/Michael-B-Jordan,2026-04,0,34,0.00,12.8
https://9takes.com/personality-analysis/Michelle-Obama,2026-04,0,90,0.00,15.3
https://9takes.com/personality-analysis/Miles-Teller,2026-04,0,48,0.00,12.7
https://9takes.com/personality-analysis/Miley-Cyrus,2026-04,0,360,0.00,9.8
https://9takes.com/personality-analysis/Millie-Bobby-Brown,2026-04,0,117,0.00,9.7
https://9takes.com/personality-analysis/Mr-Beast,2026-04,0,74,0.00,9.0
https://9takes.com/personality-analysis/Mr-Rogers,2026-04,0,8,0.00,10.4
https://9takes.com/personality-analysis/Nancy-Pelosi,2026-04,0,15,0.00,7.3
https://9takes.com/personality-analysis/Napoleon-Bonaparte,2026-04,0,89,0.00,6.4
https://9takes.com/personality-analysis/Natalie-Portman,2026-04,0,112,0.00,5.5
https://9takes.com/personality-analysis/Nicole-Kidman,2026-04,0,1,0.00,3.0
https://9takes.com/personality-analysis/Nikola-Tesla,2026-04,0,233,0.00,8.7
https://9takes.com/personality-analysis/Olivia-Rodrigo,2026-04,0,19,0.00,4.8
https://9takes.com/personality-analysis/Oprah-Winfrey,2026-04,0,63,0.00,9.7
https://9takes.com/personality-analysis/Palmer-Luckey,2026-04,0,142,0.00,6.5
https://9takes.com/personality-analysis/Paris-Hilton,2026-04,0,51,0.00,11.7
https://9takes.com/personality-analysis/Paul-Graham,2026-04,0,38,0.00,11.3
https://9takes.com/personality-analysis/Paul-Rudd,2026-04,0,43,0.00,11.8
https://9takes.com/personality-analysis/Pedro-Pascal,2026-04,0,26,0.00,9.5
https://9takes.com/personality-analysis/Pete-Davidson,2026-04,0,65,0.00,9.3
https://9takes.com/personality-analysis/PewDiePie,2026-04,0,15,0.00,6.2
https://9takes.com/personality-analysis/Pokimane,2026-04,0,34,0.00,7.8
https://9takes.com/personality-analysis/Post-Malone,2026-04,0,3,0.00,6.0
https://9takes.com/personality-analysis/Prince-Harry,2026-04,0,30,0.00,8.8
https://9takes.com/personality-analysis/Princess-Diana,2026-04,0,36,0.00,7.0
https://9takes.com/personality-analysis/Reed-Hastings,2026-04,0,75,0.00,7.9
https://9takes.com/personality-analysis/Rihanna,2026-04,0,11,0.00,10.0
https://9takes.com/personality-analysis/Robert-Downey-Jr,2026-04,0,65,0.00,12.3
https://9takes.com/personality-analysis/Robert-Greene,2026-04,0,158,0.00,10.5
https://9takes.com/personality-analysis/Robert-Oppenheimer,2026-04,0,8,0.00,11.8
https://9takes.com/personality-analysis/Ronald-Reagan,2026-04,0,6,0.00,20.2
https://9takes.com/personality-analysis/Rooney-Mara,2026-04,0,140,0.00,7.0
https://9takes.com/personality-analysis/Ruth-Bader-Ginsburg,2026-04,0,37,0.00,12.9
https://9takes.com/personality-analysis/Ryan-Gosling,2026-04,0,101,0.00,3.4
https://9takes.com/personality-analysis/Saagar-Enjeti,2026-04,0,78,0.00,6.9
https://9takes.com/personality-analysis/Sabrina-Carpenter,2026-04,0,1646,0.00,7.7
https://9takes.com/personality-analysis/Sam-Parr,2026-04,0,36,0.00,8.1
https://9takes.com/personality-analysis/Saoirse-Ronan,2026-04,0,105,0.00,6.9
https://9takes.com/personality-analysis/Sarah-J-Maas,2026-04,0,4,0.00,16.0
https://9takes.com/personality-analysis/Satya-Nadella,2026-04,0,125,0.00,7.0
https://9takes.com/personality-analysis/Scarlett-Johansson,2026-04,0,118,0.00,10.1
https://9takes.com/personality-analysis/Selena-Gomez,2026-04,0,75,0.00,9.3
https://9takes.com/personality-analysis/Shaan-Puri,2026-04,0,44,0.00,7.2
https://9takes.com/personality-analysis/Shia-LaBeouf,2026-04,0,129,0.00,6.8
https://9takes.com/personality-analysis/Stephen-Colbert,2026-04,0,19,0.00,8.8
https://9takes.com/personality-analysis/Steve-Jobs,2026-04,0,37,0.00,14.6
https://9takes.com/personality-analysis/Steven-Bartlett,2026-04,0,69,0.00,7.4
https://9takes.com/personality-analysis/Sundar-Pichai,2026-04,0,19,0.00,5.5
https://9takes.com/personality-analysis/Sydney-Sweeney,2026-04,0,61,0.00,8.7
https://9takes.com/personality-analysis/Taylor-Lorenz,2026-04,0,33,0.00,6.8
https://9takes.com/personality-analysis/Tim-Cook,2026-04,0,18,0.00,6.3
https://9takes.com/personality-analysis/Tim-Dillon,2026-04,0,70,0.00,7.0
https://9takes.com/personality-analysis/Tim-Ferriss,2026-04,0,72,0.00,8.3
https://9takes.com/personality-analysis/Tim-Robinson,2026-04,0,97,0.00,5.6
https://9takes.com/personality-analysis/Timothee-Chalamet,2026-04,0,188,0.00,7.6
https://9takes.com/personality-analysis/Tom-Cruise,2026-04,0,203,0.00,7.7
https://9takes.com/personality-analysis/Tom-Hanks,2026-04,0,45,0.00,9.5
https://9takes.com/personality-analysis/Tom-Hardy,2026-04,0,69,0.00,5.8
https://9takes.com/personality-analysis/Tom-Hiddleston,2026-04,0,62,0.00,6.4
https://9takes.com/personality-analysis/Tom-Holland,2026-04,0,246,0.00,9.3
https://9takes.com/personality-analysis/Tony-Robbins,2026-04,0,10,0.00,6.0
https://9takes.com/personality-analysis/Travis-Kalanick,2026-04,0,67,0.00,7.2
https://9takes.com/personality-analysis/Travis-Scott,2026-04,0,3,0.00,1.0
https://9takes.com/personality-analysis/Tucker-Carlson,2026-04,0,2,0.00,3.0
https://9takes.com/personality-analysis/Will-Smith,2026-04,0,16,0.00,11.1
https://9takes.com/personality-analysis/Winston-Churchill,2026-04,0,49,0.00,8.0
https://9takes.com/personality-analysis/Zayn-Malik,2026-04,0,218,0.00,4.2
https://9takes.com/personality-analysis/Zendaya,2026-04,0,568,0.00,9.3
https://9takes.com/personality-analysis/Zoe-Kravitz,2026-04,0,75,0.00,8.5
https://9takes.com/personality-analysis/abraham-lincoln,2026-04,0,3,0.00,19.0
https://9takes.com/personality-analysis/addison-rae,2026-04,0,13,0.00,16.8
https://9takes.com/personality-analysis/adele,2026-04,0,29,0.00,9.2
https://9takes.com/personality-analysis/adin-ross,2026-04,0,165,0.00,10.4
https://9takes.com/personality-analysis/alex-cooper,2026-04,0,212,0.00,6.7
https://9takes.com/personality-analysis/alex-hormozi,2026-04,0,597,0.00,7.7
https://9takes.com/personality-analysis/alex-karp,2026-04,0,284,0.00,9.3
https://9takes.com/personality-analysis/ali-abdaal,2026-04,0,49,0.00,9.8
https://9takes.com/personality-analysis/amber-heard,2026-04,0,109,0.00,10.8
https://9takes.com/personality-analysis/amy-poehler,2026-04,0,18,0.00,8.4
https://9takes.com/personality-analysis/andrew-callaghan,2026-04,0,19,0.00,9.3
https://9takes.com/personality-analysis/andrew-huberman,2026-04,0,42,0.00,11.4
https://9takes.com/personality-analysis/andrew-tate,2026-04,0,144,0.00,8.7
https://9takes.com/personality-analysis/anne-hathaway,2026-04,0,81,0.00,8.6
https://9takes.com/personality-analysis/anya-taylor-joy,2026-04,0,301,0.00,8.9
https://9takes.com/personality-analysis/ashby,2026-04,0,6,0.00,7.3
https://9takes.com/personality-analysis/bad-bunny,2026-04,0,212,0.00,8.6
https://9takes.com/personality-analysis/barack-obama,2026-04,0,78,0.00,8.8
https://9takes.com/personality-analysis/bella-hadid,2026-04,0,74,0.00,10.3
https://9takes.com/personality-analysis/bella-poarch,2026-04,0,19,0.00,8.4
https://9takes.com/personality-analysis/ben-affleck,2026-04,0,13,0.00,9.3
https://9takes.com/personality-analysis/ben-horowitz,2026-04,0,15,0.00,6.3
https://9takes.com/personality-analysis/bernie-sanders,2026-04,0,100,0.00,7.3
https://9takes.com/personality-analysis/bill-clinton,2026-04,0,6,0.00,8.8
https://9takes.com/personality-analysis/bill-gates,2026-04,0,176,0.00,14.3
https://9takes.com/personality-analysis/billie-eilish,2026-04,0,226,0.00,10.9
https://9takes.com/personality-analysis/blake-lively,2026-04,0,68,0.00,7.8
https://9takes.com/personality-analysis/bobbi-althoff,2026-04,0,53,0.00,7.5
https://9takes.com/personality-analysis/brad-pitt,2026-04,0,374,0.00,7.8
https://9takes.com/personality-analysis/bradley-martyn,2026-04,0,18,0.00,8.0
https://9takes.com/personality-analysis/brittany-broski,2026-04,0,13,0.00,14.8
https://9takes.com/personality-analysis/cardi-b,2026-04,0,15,0.00,10.2
https://9takes.com/personality-analysis/casey-neistat,2026-04,0,211,0.00,9.4
https://9takes.com/personality-analysis/categories/authors-thinkers,2026-04,0,1,0.00,45.0
https://9takes.com/personality-analysis/categories/creator-media,2026-04,0,6,0.00,9.0
https://9takes.com/personality-analysis/categories/politics-public,2026-04,0,3,0.00,7.3
https://9takes.com/personality-analysis/categories/tech-business,2026-04,0,6,0.00,11.2
https://9takes.com/personality-analysis/chamath-palihapitiya,2026-04,0,89,0.00,9.3
https://9takes.com/personality-analysis/charli-d'amelio,2026-04,0,9,0.00,8.9
https://9takes.com/personality-analysis/chelsea-handler,2026-04,0,13,0.00,8.5
https://9takes.com/personality-analysis/chris-hemsworth,2026-04,0,128,0.00,9.1
https://9takes.com/personality-analysis/chris-williamson,2026-04,0,94,0.00,7.7
https://9takes.com/personality-analysis/christian-bale,2026-04,0,6,0.00,12.7
https://9takes.com/personality-analysis/cillian-murphy,2026-04,0,392,0.00,10.7
https://9takes.com/personality-analysis/clavicular,2026-04,0,355,0.00,8.9
https://9takes.com/personality-analysis/conor-mcgregor,2026-04,0,8,0.00,8.4
https://9takes.com/personality-analysis/cristiano-ronaldo,2026-04,0,160,0.00,10.5
https://9takes.com/personality-analysis/dalton-caldwell,2026-04,0,40,0.00,7.3
https://9takes.com/personality-analysis/dave-portnoy,2026-04,0,60,0.00,11.1
https://9takes.com/personality-analysis/david-dobrik,2026-04,0,6,0.00,7.5
https://9takes.com/personality-analysis/david-friedberg,2026-04,0,164,0.00,6.3
https://9takes.com/personality-analysis/david-sacks,2026-04,0,571,0.00,7.3
https://9takes.com/personality-analysis/demi-lovato,2026-04,0,16,0.00,11.4
https://9takes.com/personality-analysis/denzel-washington,2026-04,0,22,0.00,13.8
https://9takes.com/personality-analysis/dixie-d'amelio,2026-04,0,70,0.00,8.0
https://9takes.com/personality-analysis/doechii,2026-04,0,46,0.00,9.4
https://9takes.com/personality-analysis/donald-trump,2026-04,0,25,0.00,10.8
https://9takes.com/personality-analysis/dr-phil,2026-04,0,22,0.00,8.4
https://9takes.com/personality-analysis/drake,2026-04,0,264,0.00,10.2
https://9takes.com/personality-analysis/dua-lipa,2026-04,0,452,0.00,7.5
https://9takes.com/personality-analysis/dwayne-johnson,2026-04,0,246,0.00,10.6
https://9takes.com/personality-analysis/ed-sheeran,2026-04,0,3,0.00,17.3
https://9takes.com/personality-analysis/eddie-murphy,2026-04,0,52,0.00,9.0
https://9takes.com/personality-analysis/ellen-degeneres,2026-04,0,58,0.00,9.5
https://9takes.com/personality-analysis/elton-john,2026-04,0,48,0.00,8.8
https://9takes.com/personality-analysis/emily-ratajkowski,2026-04,0,139,0.00,8.6
https://9takes.com/personality-analysis/emma-stone,2026-04,0,7,0.00,4.3
https://9takes.com/personality-analysis/emma-watson,2026-04,0,808,0.00,8.9
https://9takes.com/personality-analysis/frida-kahlo,2026-04,0,59,0.00,13.2
https://9takes.com/personality-analysis/friedrich-nietzsche,2026-04,0,499,0.00,8.6
https://9takes.com/personality-analysis/gary-vee,2026-04,0,14,0.00,20.7
https://9takes.com/personality-analysis/george-h-w-bush,2026-04,0,47,0.00,7.0
https://9takes.com/personality-analysis/george-rr-martin,2026-04,0,17,0.00,11.4
https://9takes.com/personality-analysis/george-w-bush,2026-04,0,125,0.00,8.3
https://9takes.com/personality-analysis/gigi-hadid,2026-04,0,43,0.00,10.4
https://9takes.com/personality-analysis/greta-thunberg,2026-04,0,17,0.00,8.6
https://9takes.com/personality-analysis/grimes,2026-04,0,122,0.00,16.9
https://9takes.com/personality-analysis/gwyneth-paltrow,2026-04,0,178,0.00,8.2
https://9takes.com/personality-analysis/halsey,2026-04,0,18,0.00,6.5
https://9takes.com/personality-analysis/harry-styles,2026-04,0,49,0.00,14.7
https://9takes.com/personality-analysis/henry-cavill,2026-04,0,154,0.00,10.4
https://9takes.com/personality-analysis/howard-stern,2026-04,0,18,0.00,7.6
https://9takes.com/personality-analysis/hugh-jackman,2026-04,0,275,0.00,9.8
https://9takes.com/personality-analysis/ice-spice,2026-04,0,1,0.00,6.0
https://9takes.com/personality-analysis/ishowspeed,2026-04,0,2009,0.00,7.6
https://9takes.com/personality-analysis/j.k.-rowling,2026-04,0,15,0.00,9.8
https://9takes.com/personality-analysis/jack-black,2026-04,0,312,0.00,7.2
https://9takes.com/personality-analysis/jack-dorsey,2026-04,0,98,0.00,9.2
https://9takes.com/personality-analysis/jacob-elordi,2026-04,0,39,0.00,8.8
https://9takes.com/personality-analysis/jake-paul,2026-04,0,43,0.00,12.0
https://9takes.com/personality-analysis/jake-shane,2026-04,0,35,0.00,10.5
https://9takes.com/personality-analysis/james-charles,2026-04,0,10,0.00,8.4
https://9takes.com/personality-analysis/james-dyson,2026-04,0,15,0.00,12.4
https://9takes.com/personality-analysis/jason-calacanis,2026-04,0,254,0.00,7.5
https://9takes.com/personality-analysis/jd-vance,2026-04,0,122,0.00,8.6
https://9takes.com/personality-analysis/jeff-bezos,2026-04,0,273,0.00,10.8
https://9takes.com/personality-analysis/jelly-roll,2026-04,0,14,0.00,8.0
https://9takes.com/personality-analysis/jenna-ortega,2026-04,0,219,0.00,12.1
https://9takes.com/personality-analysis/jennifer-garner,2026-04,0,92,0.00,6.7
https://9takes.com/personality-analysis/jennifer-lawrence,2026-04,0,566,0.00,11.3
https://9takes.com/personality-analysis/jimmy-carter,2026-04,0,2,0.00,9.0
https://9takes.com/personality-analysis/jimmy-fallon,2026-04,0,185,0.00,6.9
https://9takes.com/personality-analysis/joaquin-phoenix,2026-04,0,194,0.00,7.8
https://9takes.com/personality-analysis/joe-biden,2026-04,0,16,0.00,6.7
https://9takes.com/personality-analysis/john-lennon,2026-04,0,10,0.00,10.4
https://9takes.com/personality-analysis/john-mayer,2026-04,0,6,0.00,13.3
https://9takes.com/personality-analysis/jon-bernthal,2026-04,0,32,0.00,9.3
https://9takes.com/personality-analysis/jon-stewart,2026-04,0,81,0.00,8.7
https://9takes.com/personality-analysis/julius-caesar,2026-04,0,28,0.00,9.5
https://9takes.com/personality-analysis/kate-hudson,2026-04,0,12,0.00,11.3
https://9takes.com/personality-analysis/katy-perry,2026-04,0,15,0.00,7.2
https://9takes.com/personality-analysis/keke-palmer,2026-04,0,3,0.00,14.3
https://9takes.com/personality-analysis/kendall-jenner,2026-04,0,33,0.00,7.1
https://9takes.com/personality-analysis/kendrick-lamar,2026-04,0,25,0.00,9.7
https://9takes.com/personality-analysis/kevin-hart,2026-04,0,15,0.00,13.0
https://9takes.com/personality-analysis/kim-kardashian,2026-04,0,103,0.00,11.3
https://9takes.com/personality-analysis/kris-jenner,2026-04,0,29,0.00,8.7
https://9takes.com/personality-analysis/kristen-bell,2026-04,0,170,0.00,7.3
https://9takes.com/personality-analysis/krystal-ball,2026-04,0,15,0.00,10.3
https://9takes.com/personality-analysis/kylie-jenner,2026-04,0,64,0.00,13.0
https://9takes.com/personality-analysis/lady-gaga,2026-04,0,96,0.00,8.5
https://9takes.com/personality-analysis/lana-rhoades,2026-04,0,17,0.00,6.4
https://9takes.com/personality-analysis/leila-hormozi,2026-04,0,33,0.00,8.6
https://9takes.com/personality-analysis/leonardo-dicaprio,2026-04,0,150,0.00,12.3
https://9takes.com/personality-analysis/lionel-messi,2026-04,0,39,0.00,9.1
https://9takes.com/personality-analysis/logan-paul,2026-04,0,148,0.00,9.8
https://9takes.com/personality-analysis/lupita-nyongo,2026-04,0,9,0.00,8.8
https://9takes.com/personality-analysis/malcolm-gladwell,2026-04,0,85,0.00,9.0
https://9takes.com/personality-analysis/malcolm-x,2026-04,0,39,0.00,4.5
https://9takes.com/personality-analysis/marcello-hernandez,2026-04,0,51,0.00,8.2
https://9takes.com/personality-analysis/mark-zuckerberg,2026-04,0,114,0.00,17.0
https://9takes.com/personality-analysis/martin-luther-king-jr,2026-04,0,121,0.00,13.8
https://9takes.com/personality-analysis/matt-damon,2026-04,0,61,0.00,7.7
https://9takes.com/personality-analysis/matt-rife,2026-04,0,1,0.00,16.0
https://9takes.com/personality-analysis/matthew-mcconaughey,2026-04,0,99,0.00,8.9
https://9takes.com/personality-analysis/meghan-markle,2026-04,0,268,0.00,11.8
https://9takes.com/personality-analysis/michael-seibel,2026-04,0,143,0.00,7.5
https://9takes.com/personality-analysis/michelle-obama,2026-04,0,20,0.00,6.2
https://9takes.com/personality-analysis/mike-majlak,2026-04,0,21,0.00,7.4
https://9takes.com/personality-analysis/miles-teller,2026-04,0,210,0.00,10.1
https://9takes.com/personality-analysis/miley-cyrus,2026-04,0,31,0.00,19.9
https://9takes.com/personality-analysis/millie-bobby-brown,2026-04,0,52,0.00,13.1
https://9takes.com/personality-analysis/mindy-kaling,2026-04,0,45,0.00,10.1
https://9takes.com/personality-analysis/morgan-freeman,2026-04,0,5,0.00,6.6
https://9takes.com/personality-analysis/mr-beast,2026-04,0,295,0.00,8.8
https://9takes.com/personality-analysis/mr-rogers,2026-04,0,43,0.00,13.7
https://9takes.com/personality-analysis/nancy-reagan,2026-04,0,2,0.00,1.5
https://9takes.com/personality-analysis/napoleon-bonaparte,2026-04,0,23,0.00,9.3
https://9takes.com/personality-analysis/nicole-kidman,2026-04,0,385,0.00,6.9
https://9takes.com/personality-analysis/nikola-tesla,2026-04,0,382,0.00,7.2
https://9takes.com/personality-analysis/olivia-munn,2026-04,0,5,0.00,5.4
https://9takes.com/personality-analysis/oprah-winfrey,2026-04,0,193,0.00,12.2
https://9takes.com/personality-analysis/palmer-luckey,2026-04,0,166,0.00,7.4
https://9takes.com/personality-analysis/paris-hilton,2026-04,0,46,0.00,8.5
https://9takes.com/personality-analysis/patrick-bet-david,2026-04,0,101,0.00,8.0
https://9takes.com/personality-analysis/paul-graham,2026-04,0,36,0.00,10.7
https://9takes.com/personality-analysis/pedro-pascal,2026-04,0,24,0.00,8.7
https://9takes.com/personality-analysis/pete-davidson,2026-04,0,35,0.00,12.6
https://9takes.com/personality-analysis/pokimane,2026-04,0,82,0.00,12.4
https://9takes.com/personality-analysis/post-malone,2026-04,0,5,0.00,10.6
https://9takes.com/personality-analysis/prince,2026-04,0,40,0.00,8.4
https://9takes.com/personality-analysis/rachel-mcadams,2026-04,0,15,0.00,33.5
https://9takes.com/personality-analysis/reid-hoffman,2026-04,0,78,0.00,9.6
https://9takes.com/personality-analysis/rick-rubin,2026-04,0,12,0.00,7.2
https://9takes.com/personality-analysis/robert-downey-jr,2026-04,0,41,0.00,11.2
https://9takes.com/personality-analysis/robert-oppenheimer,2026-04,0,35,0.00,14.1
https://9takes.com/personality-analysis/rooney-mara,2026-04,0,54,0.00,5.6
https://9takes.com/personality-analysis/ryan-reynolds,2026-04,0,92,0.00,11.1
https://9takes.com/personality-analysis/saagar-enjeti,2026-04,0,6,0.00,7.7
https://9takes.com/personality-analysis/sam-parr,2026-04,0,82,0.00,9.5
https://9takes.com/personality-analysis/samuel-l-jackson,2026-04,0,16,0.00,15.9
https://9takes.com/personality-analysis/saoirse-ronan,2026-04,0,46,0.00,9.2
https://9takes.com/personality-analysis/sarah-j-maas,2026-04,0,14,0.00,7.1
https://9takes.com/personality-analysis/sarah-safari,2026-04,0,1,0.00,10.0
https://9takes.com/personality-analysis/satya-nadella,2026-04,0,14,0.00,9.6
https://9takes.com/personality-analysis/scarlett-johansson,2026-04,0,110,0.00,10.3
https://9takes.com/personality-analysis/scott-galloway,2026-04,0,12,0.00,5.7
https://9takes.com/personality-analysis/shaan-puri,2026-04,0,64,0.00,6.8
https://9takes.com/personality-analysis/shailene-woodley,2026-04,0,23,0.00,12.0
https://9takes.com/personality-analysis/shane-gillis,2026-04,0,18,0.00,11.1
https://9takes.com/personality-analysis/shawn-ryan,2026-04,0,126,0.00,8.0
https://9takes.com/personality-analysis/sofia-vergara,2026-04,0,6,0.00,7.7
https://9takes.com/personality-analysis/stephen-a-smith,2026-04,0,13,0.00,7.9
https://9takes.com/personality-analysis/stephen-colbert,2026-04,0,16,0.00,16.7
https://9takes.com/personality-analysis/tara-yummy,2026-04,0,52,0.00,7.5
https://9takes.com/personality-analysis/taylor-lorenz,2026-04,0,8,0.00,7.3
https://9takes.com/personality-analysis/tfue,2026-04,0,15,0.00,9.7
https://9takes.com/personality-analysis/tim-cook,2026-04,0,173,0.00,8.8
https://9takes.com/personality-analysis/tim-dillon,2026-04,0,109,0.00,7.2
https://9takes.com/personality-analysis/tim-robinson,2026-04,0,89,0.00,5.9
https://9takes.com/personality-analysis/tom-cruise,2026-04,0,202,0.00,14.3
https://9takes.com/personality-analysis/tom-hanks,2026-04,0,188,0.00,10.7
https://9takes.com/personality-analysis/tom-hardy,2026-04,0,515,0.00,9.0
https://9takes.com/personality-analysis/tom-holland,2026-04,0,121,0.00,10.1
https://9takes.com/personality-analysis/tony-robbins,2026-04,0,21,0.00,8.4
https://9takes.com/personality-analysis/travis-kalanick,2026-04,0,80,0.00,6.5
https://9takes.com/personality-analysis/travis-scott,2026-04,0,251,0.00,8.4
https://9takes.com/personality-analysis/trevor-noah,2026-04,0,93,0.00,8.2
https://9takes.com/personality-analysis/trisha-paytas,2026-04,0,56,0.00,8.4
https://9takes.com/personality-analysis/tyler-cowen,2026-04,0,50,0.00,7.2
https://9takes.com/personality-analysis/tyler-perry,2026-04,0,46,0.00,7.5
https://9takes.com/personality-analysis/tyler-the-creator,2026-04,0,171,0.00,8.5
https://9takes.com/personality-analysis/type/5,2026-04,0,570,0.00,56.2
https://9takes.com/personality-analysis/type/7,2026-04,0,256,0.00,19.7
https://9takes.com/personality-analysis/vincent-van-gogh,2026-04,0,6,0.00,21.0
https://9takes.com/personality-analysis/will-smith,2026-04,0,118,0.00,8.7
https://9takes.com/personality-analysis/xqc,2026-04,0,86,0.00,7.5
https://9takes.com/personality-analysis/zoe-kravitz,2026-04,0,36,0.00,10.1
https://9takes.com/personality-analysis/zohran-mamdani,2026-04,0,44,0.00,7.2
https://9takes.com/pop-culture,2026-04,0,18,0.00,12.4
https://9takes.com/pop-culture/dark-triad-meets-enneagram,2026-04,0,29,0.00,7.1
https://9takes.com/pop-culture/epstein-psychology-part-2,2026-04,0,34,0.00,6.6
https://9takes.com/pop-culture/hollywood-heartthrobs-enneagram-analysis,2026-04,0,82,0.00,9.9
https://9takes.com/pop-culture/incel-blackpill-radicalization-enneagram,2026-04,0,260,0.00,7.5
https://9takes.com/pop-culture/parasocial-relationships-enneagram-type,2026-04,0,69,0.00,6.6
https://9takes.com/pop-culture/podcast-bros-enneagram-analysis,2026-04,0,121,0.00,8.5
https://9takes.com/pop-culture/podcaster-personality-map,2026-04,0,149,0.00,7.0
https://9takes.com/pop-culture/reddit-moderators-type-1-internet,2026-04,0,21,0.00,7.0
https://9takes.com/pop-culture/tech-titans-platform-emperors,2026-04,0,192,0.00,8.5
https://9takes.com/pop-culture/trump-type-8-vs-biden-type-2,2026-04,0,5,0.00,7.2
https://9takes.com/questions,2026-04,0,43,0.00,3.0
https://9takes.com/types/3s/Jason-Calacanis.webp,2026-04,0,1,0.00,24.0
https://9takes.com/types/4s/Zayn-Malik.webp,2026-04,0,1,0.00,26.0
https://9takes.com/types/4s/s-Jacob-Elordi.webp,2026-04,0,1,0.00,49.0
https://9takes.com/types/5s/Cillian-Murphy.webp,2026-04,0,1,0.00,18.0
https://9takes.com/types/7s/John-F-Kennedy.webp,2026-04,0,1,0.00,20.0
https://9takes.com/types/8s/Chappell-Roan.webp,2026-04,0,1,0.00,20.0
https://9takes.com/types/9s/s-Alexis-Bledel.webp,2026-04,0,1,0.00,21.0
https://9takes.com/enneagram-corner/enneagram-and-mental-illness,2026-05,79,9562,0.83,8.2
https://9takes.com/enneagram-corner/enneagram-and-adhd-which-types-struggle-most,2026-05,78,4266,1.83,5.0
https://9takes.com/enneagram-corner/mental-health/enneagram-neurodivergence-guide,2026-05,37,3149,1.17,7.4
https://9takes.com/enneagram-corner/depression-patterns-by-enneagram-type,2026-05,35,3351,1.04,8.7
https://9takes.com/enneagram-corner/astrology-and-the-enneagram,2026-05,25,5970,0.42,8.5
https://9takes.com/enneagram-corner/enneagram-compatibility-matrix,2026-05,22,4770,0.46,11.3
https://9takes.com/personality-analysis/jordi-hays,2026-05,18,794,2.27,8.2
https://9takes.com/,2026-05,17,126,13.49,5.3
https://9takes.com/enneagram-corner/toxic-traits-of-each-enneagram-type,2026-05,16,2337,0.68,9.6
https://9takes.com/enneagram-corner/mental-health/enneagram-addiction-recovery-guide,2026-05,15,1017,1.47,8.7
https://9takes.com/enneagram-corner/attachment-styles-and-enneagram-types,2026-05,13,3627,0.36,7.6
https://9takes.com/personality-analysis/blake-lively,2026-05,13,660,1.97,5.4
https://9takes.com/enneagram-corner/enneagram-types-and-career-choices,2026-05,12,1453,0.83,21.8
https://9takes.com/enneagram-corner/biggest-compliments-to-give-each-enneagram-type,2026-05,11,598,1.84,5.6
https://9takes.com/enneagram-corner/enneagram-instinctual-subtypes,2026-05,11,3711,0.30,14.0
https://9takes.com/enneagram-corner/toxic-traits-relationships-warning-signs,2026-05,12,1479,0.81,8.8
https://9takes.com/pop-culture/kardashian-family-enneagram-analysis,2026-05,10,633,1.58,10.4
https://9takes.com/personality-analysis/bob-dylan,2026-05,9,912,0.99,7.8
https://9takes.com/personality-analysis/marilyn-monroe,2026-05,8,663,1.21,12.1
https://9takes.com/enneagram-corner/enneagram-type-1,2026-05,7,216,3.24,15.8
https://9takes.com/enneagram-corner/enneagram-wings-complete-guide,2026-05,7,4095,0.17,15.1
https://9takes.com/enneagram-corner/how-each-enneagram-type-manipulates,2026-05,7,858,0.82,7.6
https://9takes.com/enneagram-corner/how-to-apologize-like-a-pro,2026-05,7,339,2.06,7.2
https://9takes.com/enneagram-corner/enneagram-type-5,2026-05,6,668,0.90,14.9
https://9takes.com/personality-analysis/kara-swisher,2026-05,6,766,0.78,10.6
https://9takes.com/personality-analysis/type/9,2026-05,6,1193,0.50,51.6
https://9takes.com/enneagram-corner/enneagram-crisis-management-guide,2026-05,5,214,2.34,10.0
https://9takes.com/enneagram-corner/enneagram-strengths-and-weaknesses,2026-05,5,1252,0.40,8.7
https://9takes.com/enneagram-corner/enneagram-test-comparison-2025,2026-05,5,2591,0.19,15.5
https://9takes.com/enneagram-corner/enneagram-type-7,2026-05,5,194,2.58,15.2
https://9takes.com/enneagram-corner/enneagram-type-9,2026-05,5,845,0.59,39.5
https://9takes.com/enneagram-corner/enneagram-types-being-ghosted,2026-05,5,234,2.14,8.6
https://9takes.com/enneagram-corner/enneagram-types-on-a-first-date,2026-05,5,190,2.63,10.6
https://9takes.com/personality-analysis/emma-watson,2026-05,5,1274,0.39,10.1
https://9takes.com/personality-analysis/ishowspeed,2026-05,5,3460,0.14,7.4
https://9takes.com/personality-analysis/ryan-gosling,2026-05,5,3413,0.15,8.4
https://9takes.com/personality-analysis/sabrina-carpenter,2026-05,5,4295,0.12,5.2
https://9takes.com/enneagram-corner/enneagram-addiction-recovery-guide,2026-05,4,298,1.34,8.2
https://9takes.com/enneagram-corner/how-each-enneagram-type-self-sabotages-success,2026-05,4,380,1.05,7.8
https://9takes.com/personality-analysis,2026-05,4,253,1.58,12.4
https://9takes.com/personality-analysis/clavicular,2026-05,4,602,0.66,9.2
https://9takes.com/personality-analysis/emma-myers,2026-05,4,214,1.87,5.8
https://9takes.com/personality-analysis/jack-black,2026-05,4,950,0.42,8.8
https://9takes.com/personality-analysis/shawn-ryan,2026-05,4,501,0.80,8.7
https://9takes.com/personality-analysis/tina-fey,2026-05,4,434,0.92,9.4
https://9takes.com/personality-analysis/type/6,2026-05,4,893,0.45,65.4
https://9takes.com/enneagram-corner/enneagram-and-religion,2026-05,3,701,0.43,26.6
https://9takes.com/enneagram-corner/enneagram-parenting-styles,2026-05,3,241,1.24,34.5
https://9takes.com/enneagram-corner/enneagram-type-2,2026-05,3,232,1.29,26.7
https://9takes.com/enneagram-corner/enneagram-type-3,2026-05,3,529,0.57,33.5
https://9takes.com/enneagram-corner/enneagram-types-in-stress,2026-05,3,1144,0.26,12.1
https://9takes.com/enneagram-corner/first-impression-cheat-sheet,2026-05,3,84,3.57,8.0
https://9takes.com/enneagram-corner/mental-health/enneagram-medication-mental-health,2026-05,3,223,1.35,10.9
https://9takes.com/personality-analysis/agatha-christie,2026-05,3,759,0.40,8.9
https://9takes.com/personality-analysis/benson-boone,2026-05,3,283,1.06,10.7
https://9takes.com/personality-analysis/callum-turner,2026-05,3,326,0.92,8.1
https://9takes.com/personality-analysis/lex-fridman,2026-05,3,741,0.40,7.8
https://9takes.com/personality-analysis/type/1,2026-05,3,852,0.35,56.4
https://9takes.com/personality-analysis/type/3,2026-05,3,313,0.96,22.5
https://9takes.com/personality-analysis/zayn-malik,2026-05,3,438,0.68,7.2
https://9takes.com/personality-analysis/zoe-kravitz,2026-05,3,125,2.40,9.8
https://9takes.com/pop-culture/tech-titans-ai-wars,2026-05,3,1162,0.26,8.1
https://9takes.com/enneagram-corner/beginners-guide-to-determining-your-enneagram-type,2026-05,2,93,2.15,26.9
https://9takes.com/enneagram-corner/enneagram-childhood-stereotypes,2026-05,2,74,2.70,28.9
https://9takes.com/enneagram-corner/enneagram-mental-health-flags,2026-05,2,311,0.64,8.7
https://9takes.com/enneagram-corner/enneagram-personal-growth,2026-05,2,330,0.61,32.3
https://9takes.com/enneagram-corner/enneagram-therapy-resistance-guide,2026-05,2,69,2.90,11.3
https://9takes.com/enneagram-corner/enneagram-type-4,2026-05,2,533,0.38,41.9
https://9takes.com/enneagram-corner/why-you-cant-stop-overthinking-enneagram,2026-05,2,158,1.27,14.3
https://9takes.com/how-to-guides/dating-dynamics-by-enneagram-type,2026-05,2,279,0.72,21.4
https://9takes.com/personality-analysis/anna-wintour,2026-05,2,122,1.64,10.1
https://9takes.com/personality-analysis/aubrey-plaza,2026-05,2,399,0.50,10.2
https://9takes.com/personality-analysis/brad-pitt,2026-05,2,440,0.45,9.1
https://9takes.com/personality-analysis/casey-neistat,2026-05,2,526,0.38,10.8
https://9takes.com/personality-analysis/dario-amodei,2026-05,2,786,0.25,6.9
https://9takes.com/personality-analysis/druski,2026-05,2,361,0.55,7.5
https://9takes.com/personality-analysis/friedrich-nietzsche,2026-05,2,399,0.50,8.9
https://9takes.com/personality-analysis/halsey,2026-05,2,102,1.96,7.2
https://9takes.com/personality-analysis/jason-calacanis,2026-05,2,221,0.90,10.6
https://9takes.com/personality-analysis/john-f-kennedy,2026-05,2,850,0.24,10.8
https://9takes.com/personality-analysis/john-mcafee,2026-05,2,145,1.38,10.4
https://9takes.com/personality-analysis/kylie-jenner,2026-05,2,189,1.06,12.9
https://9takes.com/personality-analysis/lana-del-rey,2026-05,2,193,1.04,14.5
https://9takes.com/personality-analysis/larry-page,2026-05,2,164,1.22,15.9
https://9takes.com/personality-analysis/leila-hormozi,2026-05,2,95,2.11,8.6
https://9takes.com/personality-analysis/margot-robbie,2026-05,2,641,0.31,8.5
https://9takes.com/personality-analysis/meghan-markle,2026-05,2,693,0.29,8.4
https://9takes.com/personality-analysis/michael-b-jordan,2026-05,2,77,2.60,13.7
https://9takes.com/personality-analysis/mindy-kaling,2026-05,2,41,4.88,9.3
https://9takes.com/personality-analysis/sam-bankman-fried,2026-05,2,106,1.89,9.8
https://9takes.com/personality-analysis/sara-saffari,2026-05,2,14,14.29,6.4
https://9takes.com/personality-analysis/steve-carell,2026-05,2,246,0.81,10.2
https://9takes.com/personality-analysis/tara-yummy,2026-05,2,234,0.85,8.2
https://9takes.com/personality-analysis/timothee-chalamet,2026-05,2,1337,0.15,7.5
https://9takes.com/personality-analysis/type/7,2026-05,2,281,0.71,14.0
https://9takes.com/personality-analysis/zendaya,2026-05,2,1175,0.17,9.8
https://9takes.com/pop-culture/ghislaine-maxwell-psychology,2026-05,2,202,0.99,10.5
https://9takes.com/about,2026-05,1,60,1.67,4.1
https://9takes.com/blog,2026-05,1,59,1.69,4.5
https://9takes.com/community/why-im-selective-sharing-enneagram,2026-05,1,26,3.85,6.1
https://9takes.com/enneagram-corner,2026-05,1,389,0.26,32.8
https://9takes.com/enneagram-corner/enneagram-communication-styles,2026-05,1,211,0.47,11.5
https://9takes.com/enneagram-corner/enneagram-dating-guide-for-men,2026-05,1,131,0.76,10.8
https://9takes.com/enneagram-corner/enneagram-influences,2026-05,1,418,0.24,49.2
https://9takes.com/enneagram-corner/enneagram-leadership,2026-05,1,341,0.29,40.5
https://9takes.com/enneagram-corner/enneagram-object-relations,2026-05,1,157,0.64,10.7
https://9takes.com/enneagram-corner/enneagram-tldr,2026-05,1,678,0.15,42.4
https://9takes.com/enneagram-corner/enneagram-type-6,2026-05,1,588,0.17,16.3
https://9takes.com/enneagram-corner/enneagram-type-8,2026-05,1,375,0.27,13.2
https://9takes.com/enneagram-corner/enneagram-types-at-party,2026-05,1,197,0.51,7.5
https://9takes.com/enneagram-corner/enneagram-types-in-relationships,2026-05,1,1732,0.06,35.6
https://9takes.com/enneagram-corner/how-each-enneagram-type-unwinds,2026-05,1,77,1.30,17.1
https://9takes.com/enneagram-corner/mental-health/enneagram-anxiety-complete-guide,2026-05,1,284,0.35,13.6
https://9takes.com/enneagram-corner/mental-health/enneagram-science-mental-health,2026-05,1,1709,0.06,11.3
https://9takes.com/enneagram-corner/neurodiversity-vs-personality,2026-05,1,130,0.77,11.5
https://9takes.com/enneagram-corner/philosophy-psychology-and-the-enneagram,2026-05,1,48,2.08,9.5
https://9takes.com/enneagram-corner/relationship-communication-guide,2026-05,1,847,0.12,35.8
https://9takes.com/enneagram-corner/why-dating-apps-are-harder-for-certain-personality-types,2026-05,1,183,0.55,18.8
https://9takes.com/personality-analysis/David-Friedberg,2026-05,1,274,0.36,5.9
https://9takes.com/personality-analysis/Howard-Stern,2026-05,1,41,2.44,8.6
https://9takes.com/personality-analysis/Taylor-Lorenz,2026-05,1,21,4.76,9.3
https://9takes.com/personality-analysis/adam-neumann,2026-05,1,116,0.86,12.8
https://9takes.com/personality-analysis/alex-karp,2026-05,1,315,0.32,8.8
https://9takes.com/personality-analysis/ashby,2026-05,1,27,3.70,10.3
https://9takes.com/personality-analysis/asmongold,2026-05,1,227,0.44,8.2
https://9takes.com/personality-analysis/ben-horowitz,2026-05,1,126,0.79,8.7
https://9takes.com/personality-analysis/bernard-arnault,2026-05,1,67,1.49,8.7
https://9takes.com/personality-analysis/bill-gates,2026-05,1,263,0.38,12.5
https://9takes.com/personality-analysis/brian-chesky,2026-05,1,67,1.49,6.8
https://9takes.com/personality-analysis/categories/creator-media,2026-05,1,14,7.14,6.8
https://9takes.com/personality-analysis/chappell-roan,2026-05,1,332,0.30,8.5
https://9takes.com/personality-analysis/cillian-murphy,2026-05,1,373,0.27,11.4
https://9takes.com/personality-analysis/dalton-caldwell,2026-05,1,177,0.56,8.2
https://9takes.com/personality-analysis/dave-portnoy,2026-05,1,27,3.70,8.3
https://9takes.com/personality-analysis/david-goggins,2026-05,1,23,4.35,6.4
https://9takes.com/personality-analysis/doechii,2026-05,1,67,1.49,8.0
https://9takes.com/personality-analysis/dr-phil,2026-05,1,20,5.00,8.6
https://9takes.com/personality-analysis/drake,2026-05,1,724,0.14,9.2
https://9takes.com/personality-analysis/emma-chamberlain,2026-05,1,235,0.43,25.2
https://9takes.com/personality-analysis/garry-tan,2026-05,1,207,0.48,7.3
https://9takes.com/personality-analysis/george-w-bush,2026-05,1,109,0.92,7.5
https://9takes.com/personality-analysis/grimes,2026-05,1,443,0.23,11.2
https://9takes.com/personality-analysis/hailey-bieber,2026-05,1,282,0.35,9.8
https://9takes.com/personality-analysis/hasan-piker,2026-05,1,672,0.15,9.1
https://9takes.com/personality-analysis/henry-cavill,2026-05,1,506,0.20,10.8
https://9takes.com/personality-analysis/jack-dorsey,2026-05,1,153,0.65,9.4
https://9takes.com/personality-analysis/jackie-kennedy,2026-05,1,144,0.69,13.2
https://9takes.com/personality-analysis/john-travolta,2026-05,1,54,1.85,9.1
https://9takes.com/personality-analysis/jon-bernthal,2026-05,1,88,1.14,7.1
https://9takes.com/personality-analysis/kai-cenat,2026-05,1,917,0.11,7.4
https://9takes.com/personality-analysis/kamala-harris,2026-05,1,45,2.22,11.4
https://9takes.com/personality-analysis/keanu-reeves,2026-05,1,606,0.17,11.0
https://9takes.com/personality-analysis/kim-kardashian,2026-05,1,99,1.01,10.9
https://9takes.com/personality-analysis/kourtney-kardashian,2026-05,1,515,0.19,8.8
https://9takes.com/personality-analysis/lady-gaga,2026-05,1,18,5.56,10.8
https://9takes.com/personality-analysis/leonardo-dicaprio,2026-05,1,168,0.60,11.3
https://9takes.com/personality-analysis/lionel-messi,2026-05,1,63,1.59,9.0
https://9takes.com/personality-analysis/madison-beer,2026-05,1,1039,0.10,8.4
https://9takes.com/personality-analysis/marc-andreessen,2026-05,1,60,1.67,7.7
https://9takes.com/personality-analysis/marcello-hernandez,2026-05,1,48,2.08,9.5
https://9takes.com/personality-analysis/meryl-streep,2026-05,1,212,0.47,6.6
https://9takes.com/personality-analysis/michael-seibel,2026-05,1,282,0.35,7.3
https://9takes.com/personality-analysis/mike-majlak,2026-05,1,49,2.04,7.1
https://9takes.com/personality-analysis/miles-teller,2026-05,1,76,1.32,8.9
https://9takes.com/personality-analysis/naomi-osaka,2026-05,1,52,1.92,11.9
https://9takes.com/personality-analysis/nikola-tesla,2026-05,1,453,0.22,9.4
https://9takes.com/personality-analysis/peter-thiel,2026-05,1,368,0.27,8.6
https://9takes.com/personality-analysis/ray-dalio,2026-05,1,54,1.85,12.3
https://9takes.com/personality-analysis/rihanna,2026-05,1,48,2.08,10.4
https://9takes.com/personality-analysis/robert-de-niro,2026-05,1,58,1.72,9.6
https://9takes.com/personality-analysis/rooney-mara,2026-05,1,193,0.52,8.1
https://9takes.com/personality-analysis/ryan-grim,2026-05,1,121,0.83,11.7
https://9takes.com/personality-analysis/saagar-enjeti,2026-05,1,9,11.11,16.9
https://9takes.com/personality-analysis/sam-altman,2026-05,1,2234,0.04,7.0
https://9takes.com/personality-analysis/sam-parr,2026-05,1,70,1.43,7.9
https://9takes.com/personality-analysis/selena-gomez,2026-05,1,328,0.30,10.5
https://9takes.com/personality-analysis/sergey-brin,2026-05,1,54,1.85,12.6
https://9takes.com/personality-analysis/sky-bri,2026-05,1,154,0.65,7.5
https://9takes.com/personality-analysis/stephen-colbert,2026-05,1,59,1.69,8.2
https://9takes.com/personality-analysis/theo-von,2026-05,1,142,0.70,9.9
https://9takes.com/personality-analysis/tom-holland,2026-05,1,52,1.92,12.6
https://9takes.com/personality-analysis/trevor-noah,2026-05,1,293,0.34,9.5
https://9takes.com/personality-analysis/trisha-paytas,2026-05,1,87,1.15,8.6
https://9takes.com/personality-analysis/tyler-cowen,2026-05,1,114,0.88,6.7
https://9takes.com/personality-analysis/type/2,2026-05,1,867,0.12,44.2
https://9takes.com/personality-analysis/type/4,2026-05,1,409,0.24,14.4
https://9takes.com/personality-analysis/type/8,2026-05,1,420,0.24,26.2
https://9takes.com/personality-analysis/winston-churchill,2026-05,1,443,0.23,11.4
https://9takes.com/personality-analysis/zara-larsson,2026-05,1,109,0.92,8.2
https://9takes.com/personality-analysis/zohran-mamdani,2026-05,1,72,1.39,7.9
https://9takes.com/pop-culture,2026-05,1,85,1.18,14.5
https://9takes.com/pop-culture/cancel-culture-enneagram-type,2026-05,1,51,1.96,9.9
https://9takes.com/pop-culture/epstein-psychology-part-1,2026-05,1,308,0.32,11.7
https://9takes.com/pop-culture/google-leadership-evolution,2026-05,1,510,0.20,8.8
https://9takes.com/pop-culture/hollywood-heartthrobs-enneagram-analysis,2026-05,1,159,0.63,9.5
https://9takes.com/pop-culture/podcaster-personality-map,2026-05,1,89,1.12,13.2
https://9takes.com/pop-culture/tech-titans-enneagram-analysis,2026-05,1,317,0.32,7.9
https://9takes.com/pop-culture/tech-titans-leadership-styles,2026-05,1,324,0.31,7.5
https://9takes.com/pop-culture/twitter-x-personality-types-toxic,2026-05,1,189,0.53,7.8
https://9takes.com/community,2026-05,0,19,0.00,6.3
https://9takes.com/community/consensus-on-human-nature,2026-05,0,27,0.00,6.9
https://9takes.com/community/how-minds-change-on-9takes,2026-05,0,5,0.00,12.0
https://9takes.com/community/kantian-filters-and-nine-perspectives,2026-05,0,1,0.00,6.0
https://9takes.com/community/personality-frameworks-map-not-territory,2026-05,0,2,0.00,13.5
https://9takes.com/community/societal-ticking-time-bombs,2026-05,0,18,0.00,10.7
https://9takes.com/community/software-and-hardware-of-the-mind,2026-05,0,22,0.00,17.3
https://9takes.com/corpus-stats,2026-05,0,211,0.00,9.2
https://9takes.com/enneagram-corner/anxiety-and-enneagram-types-guide,2026-05,0,47,0.00,25.4
https://9takes.com/enneagram-corner/enneagram-anxiety-complete-guide,2026-05,0,426,0.00,11.7
https://9takes.com/enneagram-corner/enneagram-books-websites-podcasts,2026-05,0,72,0.00,48.9
https://9takes.com/enneagram-corner/enneagram-communication-guide,2026-05,0,194,0.00,15.8
https://9takes.com/enneagram-corner/enneagram-communication-tips,2026-05,0,78,0.00,12.5
https://9takes.com/enneagram-corner/enneagram-compatibility-guide,2026-05,0,98,0.00,11.2
https://9takes.com/enneagram-corner/enneagram-concepts,2026-05,0,75,0.00,22.6
https://9takes.com/enneagram-corner/enneagram-connecting-lines,2026-05,0,231,0.00,16.1
https://9takes.com/enneagram-corner/enneagram-criticisms,2026-05,0,3,0.00,36.7
https://9takes.com/enneagram-corner/enneagram-medication-mental-health,2026-05,0,40,0.00,10.8
https://9takes.com/enneagram-corner/enneagram-party-planner,2026-05,0,38,0.00,24.4
https://9takes.com/enneagram-corner/enneagram-science-mental-health,2026-05,0,394,0.00,10.6
https://9takes.com/enneagram-corner/enneagram-self-development,2026-05,0,102,0.00,29.7
https://9takes.com/enneagram-corner/enneagram-stress-number,2026-05,0,49,0.00,58.1
https://9takes.com/enneagram-corner/enneagram-team-dynamics,2026-05,0,390,0.00,29.7
https://9takes.com/enneagram-corner/enneagram-types-working-in-teams,2026-05,0,515,0.00,52.1
https://9takes.com/enneagram-corner/enneagram-vs-meyers-briggs,2026-05,0,227,0.00,31.6
https://9takes.com/enneagram-corner/enneagram-vs-personality-frameworks-comparison,2026-05,0,826,0.00,9.8
https://9takes.com/enneagram-corner/enneagram-workplace-team-building,2026-05,0,51,0.00,27.4
https://9takes.com/enneagram-corner/how-each-enneagram-flexes,2026-05,0,92,0.00,10.3
https://9takes.com/enneagram-corner/how-to-navigate-early-relationship-stages,2026-05,0,109,0.00,14.2
https://9takes.com/enneagram-corner/love-languages-and-enneagram-types,2026-05,0,655,0.00,11.1
https://9takes.com/enneagram-corner/mental-health/enneagram-crisis-management-guide,2026-05,0,38,0.00,8.2
https://9takes.com/enneagram-corner/mental-health/enneagram-therapy-guide,2026-05,0,85,0.00,12.0
https://9takes.com/enneagram-corner/mental-health/enneagram-therapy-resistance-guide,2026-05,0,50,0.00,13.0
https://9takes.com/enneagram-corner/mental-health/enneagram-workplace-mental-health,2026-05,0,32,0.00,16.8
https://9takes.com/enneagram-corner/red-flags-dating-each-enneagram-type,2026-05,0,115,0.00,12.1
https://9takes.com/enneagram-corner/subtopic/development,2026-05,0,4,0.00,7.0
https://9takes.com/enneagram-corner/subtopic/resources,2026-05,0,7,0.00,19.6
https://9takes.com/enneagram-corner/subtopic/situational,2026-05,0,37,0.00,17.1
https://9takes.com/enneagram-corner/why-the-next-thing-wont-fix-it-type-7,2026-05,0,28,0.00,7.3
https://9takes.com/how-to-guides,2026-05,0,20,0.00,3.1
https://9takes.com/how-to-guides/5-tough-conversations-you-need-to-have-with-your-partner,2026-05,0,64,0.00,40.7
https://9takes.com/how-to-guides/definitive-guide-to-relationship-conflict-part-2,2026-05,0,17,0.00,21.7
https://9takes.com/how-to-guides/definitive-guide-to-self-efficacy,2026-05,0,39,0.00,27.9
https://9takes.com/how-to-guides/the-crash-course-on-emotions-that-we-missed-in-kindergarten,2026-05,0,18,0.00,25.8
https://9takes.com/how-to-guides/using-the-enneagram-for-self-development,2026-05,0,97,0.00,23.1
https://9takes.com/personality-analysis/Abraham-Lincoln,2026-05,0,10,0.00,18.5
https://9takes.com/personality-analysis/Addison-Rae,2026-05,0,1,0.00,7.0
https://9takes.com/personality-analysis/Alex-Karp,2026-05,0,79,0.00,9.2
https://9takes.com/personality-analysis/Alix-Earle,2026-05,0,37,0.00,8.6
https://9takes.com/personality-analysis/Andrew-Schulz,2026-05,0,16,0.00,6.7
https://9takes.com/personality-analysis/Benson-Boone,2026-05,0,15,0.00,7.5
https://9takes.com/personality-analysis/Brittany-Broski,2026-05,0,12,0.00,20.6
https://9takes.com/personality-analysis/Charli-xcx,2026-05,0,28,0.00,8.8
https://9takes.com/personality-analysis/Chris-Hemsworth,2026-05,0,6,0.00,13.7
https://9takes.com/personality-analysis/Chris-Williamson,2026-05,0,14,0.00,6.2
https://9takes.com/personality-analysis/Conor-McGregor,2026-05,0,13,0.00,7.6
https://9takes.com/personality-analysis/Dave-Chappelle,2026-05,0,18,0.00,8.5
https://9takes.com/personality-analysis/Dax-Shepard,2026-05,0,6,0.00,9.0
https://9takes.com/personality-analysis/Dolly-Parton,2026-05,0,2,0.00,5.5
https://9takes.com/personality-analysis/Emma-Chamberlain,2026-05,0,10,0.00,7.5
https://9takes.com/personality-analysis/Emma-Stone,2026-05,0,23,0.00,9.5
https://9takes.com/personality-analysis/Emma-Watson,2026-05,0,66,0.00,9.0
https://9takes.com/personality-analysis/Gary-Vee,2026-05,0,13,0.00,13.2
https://9takes.com/personality-analysis/Greta-Thunberg,2026-05,0,5,0.00,15.0
https://9takes.com/personality-analysis/Hailey-Bieber,2026-05,0,2,0.00,7.0
https://9takes.com/personality-analysis/Jacob-Elordi,2026-05,0,8,0.00,7.5
https://9takes.com/personality-analysis/Jake-Gyllenhaal,2026-05,0,5,0.00,5.8
https://9takes.com/personality-analysis/Jennifer-Garner,2026-05,0,8,0.00,4.5
https://9takes.com/personality-analysis/Joaquin-Phoenix,2026-05,0,11,0.00,4.9
https://9takes.com/personality-analysis/Joe-Biden,2026-05,0,2,0.00,8.5
https://9takes.com/personality-analysis/Jordan-Peterson,2026-05,0,63,0.00,8.2
https://9takes.com/personality-analysis/Jordi-Hays,2026-05,0,10,0.00,9.4
https://9takes.com/personality-analysis/Julius-Caesar,2026-05,0,70,0.00,10.7
https://9takes.com/personality-analysis/Kara-Swisher,2026-05,0,4,0.00,8.5
https://9takes.com/personality-analysis/Keke-Palmer,2026-05,0,10,0.00,6.6
https://9takes.com/personality-analysis/Krystal-Ball,2026-05,0,2,0.00,4.5
https://9takes.com/personality-analysis/Leila-Hormozi,2026-05,0,7,0.00,14.6
https://9takes.com/personality-analysis/Lupita-Nyongo,2026-05,0,20,0.00,11.5
https://9takes.com/personality-analysis/Nancy-Reagan,2026-05,0,2,0.00,10.0
https://9takes.com/personality-analysis/Napoleon-Bonaparte,2026-05,0,54,0.00,8.5
https://9takes.com/personality-analysis/Nikola-Tesla,2026-05,0,2,0.00,1.5
https://9takes.com/personality-analysis/Pedro-Pascal,2026-05,0,2,0.00,17.5
https://9takes.com/personality-analysis/Pokimane,2026-05,0,86,0.00,8.3
https://9takes.com/personality-analysis/Ruth-Bader-Ginsburg,2026-05,0,2,0.00,8.0
https://9takes.com/personality-analysis/Saagar-Enjeti,2026-05,0,29,0.00,7.0
https://9takes.com/personality-analysis/Sam-Parr,2026-05,0,8,0.00,7.8
https://9takes.com/personality-analysis/Sarah-J-Maas,2026-05,0,5,0.00,16.6
https://9takes.com/personality-analysis/Shawn-Ryan,2026-05,0,38,0.00,8.6
https://9takes.com/personality-analysis/Tara-Yummy,2026-05,0,36,0.00,7.3
https://9takes.com/personality-analysis/Tim-Cook,2026-05,0,4,0.00,7.8
https://9takes.com/personality-analysis/Tim-Ferriss,2026-05,0,14,0.00,8.9
https://9takes.com/personality-analysis/Travis-Kalanick,2026-05,0,49,0.00,7.1
https://9takes.com/personality-analysis/Zoe-Kravitz,2026-05,0,3,0.00,1.7
https://9takes.com/personality-analysis/abraham-lincoln,2026-05,0,10,0.00,10.8
https://9takes.com/personality-analysis/addison-rae,2026-05,0,22,0.00,7.1
https://9takes.com/personality-analysis/adele,2026-05,0,11,0.00,9.5
https://9takes.com/personality-analysis/adin-ross,2026-05,0,45,0.00,8.3
https://9takes.com/personality-analysis/albert-einstein,2026-05,0,25,0.00,9.0
https://9takes.com/personality-analysis/alex-cooper,2026-05,0,131,0.00,11.0
https://9takes.com/personality-analysis/alex-hormozi,2026-05,0,179,0.00,8.9
https://9takes.com/personality-analysis/alexandria-ocasio-cortez,2026-05,0,119,0.00,8.8
https://9takes.com/personality-analysis/alexis-bledel,2026-05,0,32,0.00,7.5
https://9takes.com/personality-analysis/ali-abdaal,2026-05,0,112,0.00,8.2
https://9takes.com/personality-analysis/amber-heard,2026-05,0,64,0.00,8.4
https://9takes.com/personality-analysis/amy-poehler,2026-05,0,44,0.00,10.1
https://9takes.com/personality-analysis/andrew-callaghan,2026-05,0,58,0.00,10.0
https://9takes.com/personality-analysis/andrew-tate,2026-05,0,243,0.00,10.5
https://9takes.com/personality-analysis/anna-kendrick,2026-05,0,17,0.00,6.9
https://9takes.com/personality-analysis/anne-hathaway,2026-05,0,36,0.00,11.6
https://9takes.com/personality-analysis/anthony-bourdain,2026-05,0,108,0.00,8.6
https://9takes.com/personality-analysis/anya-taylor-joy,2026-05,0,133,0.00,9.8
https://9takes.com/personality-analysis/ariana-grande,2026-05,0,194,0.00,11.8
https://9takes.com/personality-analysis/arnold-schwarzenegger,2026-05,0,78,0.00,9.9
https://9takes.com/personality-analysis/bad-bunny,2026-05,0,54,0.00,5.7
https://9takes.com/personality-analysis/barack-obama,2026-05,0,115,0.00,11.7
https://9takes.com/personality-analysis/bella-hadid,2026-05,0,126,0.00,8.8
https://9takes.com/personality-analysis/bella-poarch,2026-05,0,89,0.00,7.9
https://9takes.com/personality-analysis/ben-affleck,2026-05,0,17,0.00,10.5
https://9takes.com/personality-analysis/bernie-sanders,2026-05,0,36,0.00,13.1
https://9takes.com/personality-analysis/beyonce-knowles,2026-05,0,56,0.00,15.1
https://9takes.com/personality-analysis/bill-clinton,2026-05,0,96,0.00,12.8
https://9takes.com/personality-analysis/billie-eilish,2026-05,0,116,0.00,10.6
https://9takes.com/personality-analysis/bobby-lee,2026-05,0,82,0.00,7.2
https://9takes.com/personality-analysis/bradley-martyn,2026-05,0,42,0.00,7.5
https://9takes.com/personality-analysis/brittany-broski,2026-05,0,42,0.00,14.8
https://9takes.com/personality-analysis/caleb-hearon,2026-05,0,46,0.00,7.9
https://9takes.com/personality-analysis/cardi-b,2026-05,0,108,0.00,9.3
https://9takes.com/personality-analysis/categories/authors-thinkers,2026-05,0,2,0.00,9.5
https://9takes.com/personality-analysis/categories/film-tv,2026-05,0,2,0.00,9.0
https://9takes.com/personality-analysis/categories/politics-public,2026-05,0,5,0.00,8.2
https://9takes.com/personality-analysis/categories/tech-business,2026-05,0,2,0.00,4.5
https://9takes.com/personality-analysis/chamath-palihapitiya,2026-05,0,138,0.00,7.9
https://9takes.com/personality-analysis/charli-d'amelio,2026-05,0,20,0.00,13.8
https://9takes.com/personality-analysis/charlie-puth,2026-05,0,16,0.00,8.9
https://9takes.com/personality-analysis/chelsea-handler,2026-05,0,34,0.00,9.1
https://9takes.com/personality-analysis/chris-hemsworth,2026-05,0,59,0.00,14.3
https://9takes.com/personality-analysis/chris-williamson,2026-05,0,109,0.00,9.1
https://9takes.com/personality-analysis/christian-bale,2026-05,0,138,0.00,9.4
https://9takes.com/personality-analysis/conor-mcgregor,2026-05,0,27,0.00,9.9
https://9takes.com/personality-analysis/cristiano-ronaldo,2026-05,0,249,0.00,12.8
https://9takes.com/personality-analysis/david-corenswet,2026-05,0,18,0.00,9.7
https://9takes.com/personality-analysis/david-dobrik,2026-05,0,10,0.00,7.2
https://9takes.com/personality-analysis/david-friedberg,2026-05,0,77,0.00,7.9
https://9takes.com/personality-analysis/david-sacks,2026-05,0,260,0.00,8.7
https://9takes.com/personality-analysis/demi-lovato,2026-05,0,2,0.00,8.0
https://9takes.com/personality-analysis/denzel-washington,2026-05,0,278,0.00,9.3
https://9takes.com/personality-analysis/dixie-d'amelio,2026-05,0,1,0.00,5.0
https://9takes.com/personality-analysis/dolly-parton,2026-05,0,13,0.00,10.8
https://9takes.com/personality-analysis/donald-trump,2026-05,0,60,0.00,15.4
https://9takes.com/personality-analysis/dua-lipa,2026-05,0,767,0.00,8.8
https://9takes.com/personality-analysis/dwayne-johnson,2026-05,0,109,0.00,10.7
https://9takes.com/personality-analysis/ed-sheeran,2026-05,0,97,0.00,9.3
https://9takes.com/personality-analysis/eddie-murphy,2026-05,0,103,0.00,7.0
https://9takes.com/personality-analysis/elizabeth-holmes,2026-05,0,52,0.00,11.7
https://9takes.com/personality-analysis/ellen-degeneres,2026-05,0,65,0.00,12.3
https://9takes.com/personality-analysis/elon-musk,2026-05,0,1232,0.00,9.9
https://9takes.com/personality-analysis/elton-john,2026-05,0,95,0.00,8.8
https://9takes.com/personality-analysis/emily-ratajkowski,2026-05,0,99,0.00,11.7
https://9takes.com/personality-analysis/eminem,2026-05,0,158,0.00,10.7
https://9takes.com/personality-analysis/emma-stone,2026-05,0,19,0.00,9.1
https://9takes.com/personality-analysis/ernest-hemingway,2026-05,0,9,0.00,7.8
https://9takes.com/personality-analysis/frida-kahlo,2026-05,0,65,0.00,9.4
https://9takes.com/personality-analysis/gary-vee,2026-05,0,34,0.00,16.8
https://9takes.com/personality-analysis/gavin-newsom,2026-05,0,183,0.00,7.8
https://9takes.com/personality-analysis/george-h-w-bush,2026-05,0,159,0.00,8.9
https://9takes.com/personality-analysis/george-rr-martin,2026-05,0,53,0.00,9.7
https://9takes.com/personality-analysis/gigi-hadid,2026-05,0,33,0.00,11.6
https://9takes.com/personality-analysis/gracie-abrams,2026-05,0,34,0.00,7.4
https://9takes.com/personality-analysis/greta-thunberg,2026-05,0,62,0.00,17.9
https://9takes.com/personality-analysis/gwyneth-paltrow,2026-05,0,248,0.00,8.6
https://9takes.com/personality-analysis/harrison-ford,2026-05,0,22,0.00,12.4
https://9takes.com/personality-analysis/harry-styles,2026-05,0,24,0.00,15.3
https://9takes.com/personality-analysis/hayao-miyazaki,2026-05,0,1,0.00,1.0
https://9takes.com/personality-analysis/hilary-duff,2026-05,0,309,0.00,7.4
https://9takes.com/personality-analysis/hillary-clinton,2026-05,0,11,0.00,23.9
https://9takes.com/personality-analysis/howard-stern,2026-05,0,17,0.00,8.1
https://9takes.com/personality-analysis/hugh-jackman,2026-05,0,145,0.00,10.2
https://9takes.com/personality-analysis/ice-spice,2026-05,0,16,0.00,6.9
https://9takes.com/personality-analysis/ilona-maher,2026-05,0,77,0.00,11.3
https://9takes.com/personality-analysis/j.k.-rowling,2026-05,0,16,0.00,9.9
https://9takes.com/personality-analysis/jacob-elordi,2026-05,0,65,0.00,8.5
https://9takes.com/personality-analysis/jake-paul,2026-05,0,65,0.00,10.7
https://9takes.com/personality-analysis/jake-shane,2026-05,0,50,0.00,8.5
https://9takes.com/personality-analysis/james-charles,2026-05,0,12,0.00,7.2
https://9takes.com/personality-analysis/james-dyson,2026-05,0,63,0.00,8.3
https://9takes.com/personality-analysis/jd-vance,2026-05,0,108,0.00,12.3
https://9takes.com/personality-analysis/jeff-bezos,2026-05,0,266,0.00,10.2
https://9takes.com/personality-analysis/jelly-roll,2026-05,0,9,0.00,8.7
https://9takes.com/personality-analysis/jenna-ortega,2026-05,0,31,0.00,7.4
https://9takes.com/personality-analysis/jennifer-garner,2026-05,0,157,0.00,8.1
https://9takes.com/personality-analysis/jennifer-lawrence,2026-05,0,140,0.00,11.1
https://9takes.com/personality-analysis/jennifer-lopez,2026-05,0,211,0.00,10.8
https://9takes.com/personality-analysis/jimmy-carter,2026-05,0,3,0.00,8.3
https://9takes.com/personality-analysis/jimmy-fallon,2026-05,0,188,0.00,5.0
https://9takes.com/personality-analysis/joaquin-phoenix,2026-05,0,274,0.00,8.4
https://9takes.com/personality-analysis/joe-biden,2026-05,0,103,0.00,9.5
https://9takes.com/personality-analysis/joe-rogan,2026-05,0,699,0.00,8.6
https://9takes.com/personality-analysis/john-coogan,2026-05,0,115,0.00,7.9
https://9takes.com/personality-analysis/john-lennon,2026-05,0,37,0.00,11.3
https://9takes.com/personality-analysis/john-mayer,2026-05,0,18,0.00,11.2
https://9takes.com/personality-analysis/johnny-depp,2026-05,0,204,0.00,13.9
https://9takes.com/personality-analysis/jon-stewart,2026-05,0,174,0.00,8.6
https://9takes.com/personality-analysis/joseph-stalin,2026-05,0,233,0.00,10.4
https://9takes.com/personality-analysis/julius-caesar,2026-05,0,18,0.00,13.2
https://9takes.com/personality-analysis/justin-bieber,2026-05,0,609,0.00,10.4
https://9takes.com/personality-analysis/kanye,2026-05,0,173,0.00,10.7
https://9takes.com/personality-analysis/kate-hudson,2026-05,0,30,0.00,7.7
https://9takes.com/personality-analysis/katy-perry,2026-05,0,34,0.00,18.3
https://9takes.com/personality-analysis/keke-palmer,2026-05,0,30,0.00,6.9
https://9takes.com/personality-analysis/kendall-jenner,2026-05,0,32,0.00,6.1
https://9takes.com/personality-analysis/kendrick-lamar,2026-05,0,38,0.00,12.9
https://9takes.com/personality-analysis/kevin-hart,2026-05,0,2,0.00,2.0
https://9takes.com/personality-analysis/khloe-kardashian,2026-05,0,378,0.00,8.6
https://9takes.com/personality-analysis/kris-jenner,2026-05,0,111,0.00,8.8
https://9takes.com/personality-analysis/kristen-bell,2026-05,0,83,0.00,11.1
https://9takes.com/personality-analysis/krystal-ball,2026-05,0,29,0.00,11.0
https://9takes.com/personality-analysis/kyle-forgeard,2026-05,0,92,0.00,7.6
https://9takes.com/personality-analysis/lana-rhoades,2026-05,0,90,0.00,8.2
https://9takes.com/personality-analysis/lili-reinhart,2026-05,0,4,0.00,19.3
https://9takes.com/personality-analysis/logan-paul,2026-05,0,805,0.00,9.0
https://9takes.com/personality-analysis/lupita-nyongo,2026-05,0,11,0.00,8.8
https://9takes.com/personality-analysis/malcolm-gladwell,2026-05,0,53,0.00,7.1
https://9takes.com/personality-analysis/malcolm-x,2026-05,0,118,0.00,5.6
https://9takes.com/personality-analysis/mark-zuckerberg,2026-05,0,93,0.00,13.8
https://9takes.com/personality-analysis/martin-luther-king-jr,2026-05,0,79,0.00,23.5
https://9takes.com/personality-analysis/matt-damon,2026-05,0,35,0.00,8.7
https://9takes.com/personality-analysis/matt-rife,2026-05,0,68,0.00,8.6
https://9takes.com/personality-analysis/matthew-mcconaughey,2026-05,0,44,0.00,7.0
https://9takes.com/personality-analysis/meghan-trainor,2026-05,0,42,0.00,8.0
https://9takes.com/personality-analysis/michelle-obama,2026-05,0,24,0.00,24.1
https://9takes.com/personality-analysis/mikey-madison,2026-05,0,63,0.00,8.3
https://9takes.com/personality-analysis/miley-cyrus,2026-05,0,65,0.00,10.3
https://9takes.com/personality-analysis/millie-bobby-brown,2026-05,0,63,0.00,12.2
https://9takes.com/personality-analysis/morgan-freeman,2026-05,0,5,0.00,54.8
https://9takes.com/personality-analysis/mr-beast,2026-05,0,412,0.00,8.3
https://9takes.com/personality-analysis/mr-rogers,2026-05,0,34,0.00,8.6
https://9takes.com/personality-analysis/nancy-pelosi,2026-05,0,22,0.00,28.1
https://9takes.com/personality-analysis/nancy-reagan,2026-05,0,6,0.00,9.2
https://9takes.com/personality-analysis/napoleon-bonaparte,2026-05,0,42,0.00,9.8
https://9takes.com/personality-analysis/natalie-portman,2026-05,0,180,0.00,13.2
https://9takes.com/personality-analysis/neil-strauss,2026-05,0,194,0.00,7.7
https://9takes.com/personality-analysis/nicole-kidman,2026-05,0,259,0.00,8.4
https://9takes.com/personality-analysis/olivia-munn,2026-05,0,19,0.00,7.5
https://9takes.com/personality-analysis/olivia-rodrigo,2026-05,0,24,0.00,8.9
https://9takes.com/personality-analysis/oprah-winfrey,2026-05,0,99,0.00,22.4
https://9takes.com/personality-analysis/palmer-luckey,2026-05,0,107,0.00,6.7
https://9takes.com/personality-analysis/pamela-anderson,2026-05,0,3,0.00,19.0
https://9takes.com/personality-analysis/paris-hilton,2026-05,0,59,0.00,13.3
https://9takes.com/personality-analysis/patrick-bet-david,2026-05,0,133,0.00,7.7
https://9takes.com/personality-analysis/paul-graham,2026-05,0,113,0.00,12.3
https://9takes.com/personality-analysis/paul-mescal,2026-05,0,49,0.00,8.7
https://9takes.com/personality-analysis/pedro-pascal,2026-05,0,124,0.00,7.9
https://9takes.com/personality-analysis/pete-davidson,2026-05,0,227,0.00,9.2
https://9takes.com/personality-analysis/piers-morgan,2026-05,0,63,0.00,9.5
https://9takes.com/personality-analysis/pokimane,2026-05,0,62,0.00,9.9
https://9takes.com/personality-analysis/post-malone,2026-05,0,13,0.00,9.0
https://9takes.com/personality-analysis/prince,2026-05,0,155,0.00,10.2
https://9takes.com/personality-analysis/prince-harry,2026-05,0,109,0.00,8.8
https://9takes.com/personality-analysis/rachel-mcadams,2026-05,0,37,0.00,8.9
https://9takes.com/personality-analysis/reed-hastings,2026-05,0,40,0.00,6.7
https://9takes.com/personality-analysis/reid-hoffman,2026-05,0,63,0.00,8.6
https://9takes.com/personality-analysis/rick-rubin,2026-05,0,67,0.00,6.9
https://9takes.com/personality-analysis/riz-ahmed,2026-05,0,1,0.00,9.0
https://9takes.com/personality-analysis/robert-downey-jr,2026-05,0,14,0.00,12.6
https://9takes.com/personality-analysis/robert-greene,2026-05,0,297,0.00,8.8
https://9takes.com/personality-analysis/robert-oppenheimer,2026-05,0,117,0.00,10.5
https://9takes.com/personality-analysis/robert-pattinson,2026-05,0,153,0.00,14.6
https://9takes.com/personality-analysis/robin-williams,2026-05,0,12,0.00,8.3
https://9takes.com/personality-analysis/ronald-reagan,2026-05,0,169,0.00,14.5
https://9takes.com/personality-analysis/rupert-murdoch,2026-05,0,3,0.00,8.0
https://9takes.com/personality-analysis/ruth-bader-ginsburg,2026-05,0,28,0.00,19.3
https://9takes.com/personality-analysis/ryan-reynolds,2026-05,0,709,0.00,9.0
https://9takes.com/personality-analysis/samuel-l-jackson,2026-05,0,115,0.00,6.9
https://9takes.com/personality-analysis/saoirse-ronan,2026-05,0,79,0.00,11.7
https://9takes.com/personality-analysis/sarah-j-maas,2026-05,0,22,0.00,8.8
https://9takes.com/personality-analysis/satya-nadella,2026-05,0,21,0.00,13.2
https://9takes.com/personality-analysis/scarlett-johansson,2026-05,0,103,0.00,11.0
https://9takes.com/personality-analysis/scott-galloway,2026-05,0,34,0.00,8.6
https://9takes.com/personality-analysis/shaan-puri,2026-05,0,61,0.00,7.4
https://9takes.com/personality-analysis/shailene-woodley,2026-05,0,11,0.00,6.8
https://9takes.com/personality-analysis/shane-gillis,2026-05,0,67,0.00,7.4
https://9takes.com/personality-analysis/shia-labeouf,2026-05,0,98,0.00,7.4
https://9takes.com/personality-analysis/snoop-dogg,2026-05,0,378,0.00,8.1
https://9takes.com/personality-analysis/sofia-vergara,2026-05,0,90,0.00,9.9
https://9takes.com/personality-analysis/stephen-a-smith,2026-05,0,17,0.00,5.4
https://9takes.com/personality-analysis/stephen-hawking,2026-05,0,92,0.00,11.8
https://9takes.com/personality-analysis/steve-jobs,2026-05,0,99,0.00,18.2
https://9takes.com/personality-analysis/steven-bartlett,2026-05,0,83,0.00,10.5
https://9takes.com/personality-analysis/sydney-sweeney,2026-05,0,1048,0.00,7.3
https://9takes.com/personality-analysis/taylor-frankie-paul,2026-05,0,13,0.00,8.5
https://9takes.com/personality-analysis/taylor-lorenz,2026-05,0,17,0.00,10.8
https://9takes.com/personality-analysis/taylor-swift,2026-05,0,122,0.00,15.6
https://9takes.com/personality-analysis/tfue,2026-05,0,87,0.00,6.8
https://9takes.com/personality-analysis/tim-cook,2026-05,0,27,0.00,10.5
https://9takes.com/personality-analysis/tim-dillon,2026-05,0,187,0.00,7.6
https://9takes.com/personality-analysis/tim-robinson,2026-05,0,228,0.00,6.1
https://9takes.com/personality-analysis/tom-cruise,2026-05,0,286,0.00,12.6
https://9takes.com/personality-analysis/tom-hanks,2026-05,0,185,0.00,9.9
https://9takes.com/personality-analysis/tom-hardy,2026-05,0,489,0.00,10.3
https://9takes.com/personality-analysis/tom-hiddleston,2026-05,0,313,0.00,9.7
https://9takes.com/personality-analysis/travis-kalanick,2026-05,0,45,0.00,7.4
https://9takes.com/personality-analysis/travis-scott,2026-05,0,716,0.00,7.1
https://9takes.com/personality-analysis/troye-sivan,2026-05,0,17,0.00,11.9
https://9takes.com/personality-analysis/tucker-carlson,2026-05,0,136,0.00,9.2
https://9takes.com/personality-analysis/tyler-perry,2026-05,0,20,0.00,8.0
https://9takes.com/personality-analysis/tyler-the-creator,2026-05,0,217,0.00,9.1
https://9takes.com/personality-analysis/type/5,2026-05,0,844,0.00,60.0
https://9takes.com/personality-analysis/vincent-van-gogh,2026-05,0,62,0.00,19.1
https://9takes.com/personality-analysis/vivek-ramaswamy,2026-05,0,25,0.00,8.1
https://9takes.com/personality-analysis/will-smith,2026-05,0,22,0.00,9.5
https://9takes.com/personality-analysis/xqc,2026-05,0,223,0.00,7.2
https://9takes.com/pop-culture/alex-cooper-alix-earle-beef-enneagram-analysis,2026-05,0,355,0.00,8.5
https://9takes.com/pop-culture/dark-triad-meets-enneagram,2026-05,0,127,0.00,9.3
https://9takes.com/pop-culture/epstein-psychology-part-2,2026-05,0,18,0.00,19.2
https://9takes.com/pop-culture/fallen-founders-enneagram-analysis,2026-05,0,111,0.00,9.7
https://9takes.com/pop-culture/masculinity-strength-and-the-enneagram,2026-05,0,25,0.00,11.8
https://9takes.com/pop-culture/musk-vs-altman-trial-personality-dynamics,2026-05,0,236,0.00,6.8
https://9takes.com/pop-culture/parasocial-relationships-enneagram-type,2026-05,0,195,0.00,17.0
https://9takes.com/pop-culture/podcast-bros-enneagram-analysis,2026-05,0,173,0.00,9.2
https://9takes.com/pop-culture/psychology-of-public-shame,2026-05,0,16,0.00,7.2
https://9takes.com/pop-culture/tech-titans-disruptors,2026-05,0,72,0.00,5.6
https://9takes.com/pop-culture/tech-titans-platform-emperors,2026-05,0,55,0.00,7.7
https://9takes.com/pop-culture/trump-type-8-vs-biden-type-2,2026-05,0,91,0.00,10.3
https://9takes.com/questions,2026-05,0,19,0.00,3.3
https://9takes.com/questions/categories/education-and-development,2026-05,0,1,0.00,186.0
https://9takes.com/questions/categories/health-and-wellness,2026-05,0,1,0.00,184.0
https://9takes.com/questions/categories/marriage-and-partnerships,2026-05,0,1,0.00,185.0
https://9takes.com/questions/tell-parents-knew-wouldnt-angry-upset,2026-05,0,1,0.00,26.0
https://9takes.com/enneagram-corner/enneagram-and-mental-illness,2026-06,129,10935,1.18,7.8
https://9takes.com/enneagram-corner/enneagram-and-adhd-which-types-struggle-most,2026-06,83,4243,1.96,4.9
https://9takes.com/enneagram-corner/mental-health/enneagram-neurodivergence-guide,2026-06,50,3245,1.54,7.1
https://9takes.com/,2026-06,39,188,20.74,7.9
https://9takes.com/enneagram-corner/enneagram-compatibility-matrix,2026-06,39,3927,0.99,11.6
https://9takes.com/enneagram-corner/astrology-and-the-enneagram,2026-06,32,5701,0.56,7.4
https://9takes.com/personality-analysis/jordi-hays,2026-06,24,1539,1.56,8.2
https://9takes.com/enneagram-corner/depression-patterns-by-enneagram-type,2026-06,23,3283,0.70,7.6
https://9takes.com/enneagram-corner/attachment-styles-and-enneagram-types,2026-06,21,4383,0.48,8.1
https://9takes.com/enneagram-corner/toxic-traits-of-each-enneagram-type,2026-06,17,1986,0.86,9.8
https://9takes.com/enneagram-corner/how-each-enneagram-type-manipulates,2026-06,16,1380,1.16,7.4
https://9takes.com/enneagram-corner/toxic-traits-relationships-warning-signs,2026-06,15,1264,1.19,8.8
https://9takes.com/personality-analysis/type/9,2026-06,15,1238,1.21,41.2
https://9takes.com/personality-analysis/tina-fey,2026-06,13,1165,1.12,6.7
https://9takes.com/enneagram-corner/biggest-compliments-to-give-each-enneagram-type,2026-06,12,796,1.51,5.8
https://9takes.com/enneagram-corner/enneagram-instinctual-subtypes,2026-06,12,3517,0.34,14.4
https://9takes.com/enneagram-corner/enneagram-wings-complete-guide,2026-06,12,2582,0.46,12.3
https://9takes.com/personality-analysis/ryan-gosling,2026-06,12,2283,0.53,7.5
https://9takes.com/personality-analysis/sky-bri,2026-06,11,1609,0.68,8.7
https://9takes.com/personality-analysis/type/4,2026-06,11,414,2.66,13.2
https://9takes.com/enneagram-corner/enneagram-mental-health-flags,2026-06,10,412,2.43,7.0
https://9takes.com/personality-analysis/kara-swisher,2026-06,10,3220,0.31,8.2
https://9takes.com/enneagram-corner/enneagram-strengths-and-weaknesses,2026-06,9,1353,0.67,8.5
https://9takes.com/personality-analysis/zendaya,2026-06,9,1926,0.47,9.1
https://9takes.com/enneagram-corner/enneagram-types-and-career-choices,2026-06,8,1051,0.76,15.6
https://9takes.com/personality-analysis/sam-altman,2026-06,8,1270,0.63,8.7
https://9takes.com/personality-analysis/type/2,2026-06,8,717,1.12,22.3
https://9takes.com/enneagram-corner/enneagram-type-8,2026-06,7,886,0.79,13.2
https://9takes.com/enneagram-corner/enneagram-type-9,2026-06,7,964,0.73,28.8
https://9takes.com/personality-analysis/jack-black,2026-06,7,1398,0.50,7.8
https://9takes.com/enneagram-corner/enneagram-test-comparison-2025,2026-06,6,3338,0.18,12.8
https://9takes.com/enneagram-corner/enneagram-type-5,2026-06,6,667,0.90,13.2
https://9takes.com/enneagram-corner/enneagram-type-7,2026-06,6,449,1.34,10.5
https://9takes.com/personality-analysis/prince-harry,2026-06,6,351,1.71,8.9
https://9takes.com/personality-analysis/type/3,2026-06,6,400,1.50,11.0
https://9takes.com/personality-analysis/type/6,2026-06,6,575,1.04,49.8
https://9takes.com/personality-analysis/type/8,2026-06,6,382,1.57,13.9
https://9takes.com/pop-culture/ghislaine-maxwell-psychology,2026-06,6,259,2.32,10.8
https://9takes.com/pop-culture/kardashian-family-enneagram-analysis,2026-06,6,954,0.63,10.1
https://9takes.com/enneagram-corner/enneagram-types-in-stress,2026-06,5,936,0.53,12.6
https://9takes.com/personality-analysis,2026-06,5,285,1.75,12.2
https://9takes.com/personality-analysis/ariana-grande,2026-06,5,642,0.78,11.9
https://9takes.com/personality-analysis/druski,2026-06,5,1075,0.47,8.2
https://9takes.com/personality-analysis/dua-lipa,2026-06,5,1308,0.38,8.3
https://9takes.com/personality-analysis/emma-watson,2026-06,5,1344,0.37,10.2
https://9takes.com/personality-analysis/ishowspeed,2026-06,5,5207,0.10,8.8
https://9takes.com/personality-analysis/type/5,2026-06,5,1051,0.48,44.0
https://9takes.com/enneagram-corner,2026-06,4,764,0.52,26.8
https://9takes.com/enneagram-corner/how-each-enneagram-flexes,2026-06,4,77,5.19,10.8
https://9takes.com/personality-analysis/alex-karp,2026-06,4,484,0.83,15.6
https://9takes.com/personality-analysis/blake-lively,2026-06,4,208,1.92,8.8
https://9takes.com/personality-analysis/clavicular,2026-06,4,1205,0.33,11.8
https://9takes.com/personality-analysis/hasan-piker,2026-06,4,1416,0.28,9.9
https://9takes.com/personality-analysis/lionel-messi,2026-06,4,617,0.65,9.6
https://9takes.com/personality-analysis/timothee-chalamet,2026-06,4,1141,0.35,9.0
https://9takes.com/personality-analysis/type/1,2026-06,4,958,0.42,42.1
https://9takes.com/enneagram-corner/enneagram-and-religion,2026-06,3,540,0.56,24.9
https://9takes.com/enneagram-corner/enneagram-party-planner,2026-06,3,24,12.50,14.8
https://9takes.com/enneagram-corner/enneagram-types-in-relationships,2026-06,3,1971,0.15,30.3
https://9takes.com/enneagram-corner/how-each-enneagram-type-self-sabotages-success,2026-06,3,217,1.38,8.5
https://9takes.com/enneagram-corner/mental-health/enneagram-addiction-recovery-guide,2026-06,3,830,0.36,7.9
https://9takes.com/enneagram-corner/mental-health/enneagram-anxiety-complete-guide,2026-06,3,539,0.56,10.7
https://9takes.com/enneagram-corner/mental-health/enneagram-crisis-management-guide,2026-06,3,356,0.84,10.2
https://9takes.com/enneagram-corner/mental-health/enneagram-medication-mental-health,2026-06,3,275,1.09,7.1
https://9takes.com/enneagram-corner/mental-health/enneagram-therapy-guide,2026-06,3,75,4.00,20.5
https://9takes.com/enneagram-corner/neurodiversity-vs-personality,2026-06,3,145,2.07,8.9
https://9takes.com/how-to-guides/dating-dynamics-by-enneagram-type,2026-06,3,380,0.79,31.6
https://9takes.com/personality-analysis/brad-pitt,2026-06,3,741,0.40,8.4
https://9takes.com/personality-analysis/cillian-murphy,2026-06,3,1038,0.29,11.6
https://9takes.com/personality-analysis/george-h-w-bush,2026-06,3,167,1.80,9.7
https://9takes.com/personality-analysis/gracie-abrams,2026-06,3,524,0.57,7.8
https://9takes.com/personality-analysis/hilary-duff,2026-06,3,227,1.32,8.3
https://9takes.com/personality-analysis/jimmy-fallon,2026-06,3,374,0.80,6.2
https://9takes.com/personality-analysis/john-f-kennedy,2026-06,3,610,0.49,12.7
https://9takes.com/personality-analysis/lex-fridman,2026-06,3,479,0.63,14.2
https://9takes.com/personality-analysis/margot-robbie,2026-06,3,428,0.70,7.3
https://9takes.com/personality-analysis/mark-zuckerberg,2026-06,3,305,0.98,14.0
https://9takes.com/personality-analysis/meghan-markle,2026-06,3,863,0.35,8.1
https://9takes.com/personality-analysis/ronald-reagan,2026-06,3,161,1.86,11.4
https://9takes.com/personality-analysis/sean-evans,2026-06,3,197,1.52,7.0
https://9takes.com/personality-analysis/selena-gomez,2026-06,3,873,0.34,8.7
https://9takes.com/personality-analysis/type/7,2026-06,3,416,0.72,11.3
https://9takes.com/enneagram-corner/enneagram-childhood-stereotypes,2026-06,2,159,1.26,14.9
https://9takes.com/enneagram-corner/enneagram-type-4,2026-06,2,449,0.45,30.1
https://9takes.com/enneagram-corner/enneagram-type-6,2026-06,2,287,0.70,20.0
https://9takes.com/enneagram-corner/enneagram-types-at-party,2026-06,2,201,1.00,7.1
https://9takes.com/enneagram-corner/enneagram-types-being-ghosted,2026-06,2,195,1.03,8.3
https://9takes.com/enneagram-corner/enneagram-types-working-in-teams,2026-06,2,478,0.42,54.6
https://9takes.com/enneagram-corner/first-impression-cheat-sheet,2026-06,2,80,2.50,7.5
https://9takes.com/enneagram-corner/how-to-apologize-like-a-pro,2026-06,2,312,0.64,7.6
https://9takes.com/enneagram-corner/love-languages-and-enneagram-types,2026-06,2,777,0.26,11.3
https://9takes.com/enneagram-corner/mental-health/enneagram-science-mental-health,2026-06,2,3094,0.06,10.1
https://9takes.com/enneagram-corner/why-the-next-thing-wont-fix-it-type-7,2026-06,2,95,2.11,7.4
https://9takes.com/personality-analysis/alexandria-ocasio-cortez,2026-06,2,140,1.43,7.3
https://9takes.com/personality-analysis/anna-kendrick,2026-06,2,96,2.08,9.9
https://9takes.com/personality-analysis/barack-obama,2026-06,2,148,1.35,8.7
https://9takes.com/personality-analysis/benson-boone,2026-06,2,585,0.34,9.4
https://9takes.com/personality-analysis/bob-dylan,2026-06,2,1216,0.16,8.6
https://9takes.com/personality-analysis/callum-turner,2026-06,2,60,3.33,7.0
https://9takes.com/personality-analysis/casey-neistat,2026-06,2,500,0.40,11.3
https://9takes.com/personality-analysis/chappell-roan,2026-06,2,463,0.43,10.4
https://9takes.com/personality-analysis/elon-musk,2026-06,2,1504,0.13,15.7
https://9takes.com/personality-analysis/halsey,2026-06,2,179,1.12,8.9
https://9takes.com/personality-analysis/jack-dorsey,2026-06,2,266,0.75,13.1
https://9takes.com/personality-analysis/jackie-kennedy,2026-06,2,411,0.49,8.9
https://9takes.com/personality-analysis/jennifer-garner,2026-06,2,171,1.17,6.2
https://9takes.com/personality-analysis/marilyn-monroe,2026-06,2,789,0.25,11.9
https://9takes.com/personality-analysis/mike-majlak,2026-06,2,65,3.08,6.5
https://9takes.com/personality-analysis/natalie-portman,2026-06,2,341,0.59,10.1
https://9takes.com/personality-analysis/nicole-kidman,2026-06,2,315,0.63,8.2
https://9takes.com/personality-analysis/robert-pattinson,2026-06,2,284,0.70,10.0
https://9takes.com/personality-analysis/rooney-mara,2026-06,2,212,0.94,5.7
https://9takes.com/personality-analysis/sabrina-carpenter,2026-06,2,5172,0.04,6.0
https://9takes.com/personality-analysis/shia-labeouf,2026-06,2,350,0.57,8.4
https://9takes.com/personality-analysis/sydney-sweeney,2026-06,2,1521,0.13,7.7
https://9takes.com/personality-analysis/tom-cruise,2026-06,2,352,0.57,13.0
https://9takes.com/personality-analysis/tom-hanks,2026-06,2,481,0.42,8.8
https://9takes.com/personality-analysis/tom-hardy,2026-06,2,300,0.67,10.2
https://9takes.com/personality-analysis/zayn-malik,2026-06,2,1315,0.15,6.8
https://9takes.com/pop-culture/epstein-psychology-part-1,2026-06,2,626,0.32,11.5
https://9takes.com/pop-culture/incel-blackpill-radicalization-enneagram,2026-06,2,398,0.50,11.5
https://9takes.com/enneagram-corner/enneagram-communication-tips,2026-06,1,122,0.82,11.6
https://9takes.com/enneagram-corner/enneagram-dating-guide-for-men,2026-06,1,200,0.50,10.0
https://9takes.com/enneagram-corner/enneagram-leadership,2026-06,1,198,0.51,47.6
https://9takes.com/enneagram-corner/enneagram-tldr,2026-06,1,628,0.16,39.3
https://9takes.com/enneagram-corner/enneagram-type-1,2026-06,1,112,0.89,16.0
https://9takes.com/enneagram-corner/enneagram-type-3,2026-06,1,1109,0.09,24.2
https://9takes.com/enneagram-corner/enneagram-types-on-a-first-date,2026-06,1,246,0.41,9.9
https://9takes.com/enneagram-corner/enneagram-vs-personality-frameworks-comparison,2026-06,1,2158,0.05,9.3
https://9takes.com/enneagram-corner/how-to-navigate-early-relationship-stages,2026-06,1,33,3.03,12.7
https://9takes.com/enneagram-corner/mental-health/enneagram-workplace-mental-health,2026-06,1,39,2.56,10.8
https://9takes.com/personality-analysis/adin-ross,2026-06,1,322,0.31,14.5
https://9takes.com/personality-analysis/alex-cooper,2026-06,1,195,0.51,8.9
https://9takes.com/personality-analysis/alex-hormozi,2026-06,1,645,0.16,14.9
https://9takes.com/personality-analysis/amber-heard,2026-06,1,247,0.40,13.4
https://9takes.com/personality-analysis/andrew-tate,2026-06,1,73,1.37,8.5
https://9takes.com/personality-analysis/arnold-schwarzenegger,2026-06,1,285,0.35,9.0
https://9takes.com/personality-analysis/austin-butler,2026-06,1,55,1.82,11.0
https://9takes.com/personality-analysis/bernard-arnault,2026-06,1,133,0.75,9.6
https://9takes.com/personality-analysis/beyonce-knowles,2026-06,1,560,0.18,9.5
https://9takes.com/personality-analysis/bill-gates,2026-06,1,284,0.35,18.0
https://9takes.com/personality-analysis/christian-bale,2026-06,1,35,2.86,10.9
https://9takes.com/personality-analysis/conan-obrien,2026-06,1,10,10.00,12.9
https://9takes.com/personality-analysis/dario-amodei,2026-06,1,213,0.47,9.4
https://9takes.com/personality-analysis/david-goggins,2026-06,1,455,0.22,12.0
https://9takes.com/personality-analysis/eminem,2026-06,1,151,0.66,13.5
https://9takes.com/personality-analysis/emma-myers,2026-06,1,51,1.96,6.2
https://9takes.com/personality-analysis/george-rr-martin,2026-06,1,106,0.94,12.5
https://9takes.com/personality-analysis/grimes,2026-06,1,366,0.27,15.4
https://9takes.com/personality-analysis/hailey-bieber,2026-06,1,512,0.20,9.9
https://9takes.com/personality-analysis/harrison-ford,2026-06,1,202,0.50,10.7
https://9takes.com/personality-analysis/henry-cavill,2026-06,1,438,0.23,11.4
https://9takes.com/personality-analysis/howard-stern,2026-06,1,43,2.33,8.9
https://9takes.com/personality-analysis/hugh-jackman,2026-06,1,135,0.74,8.8
https://9takes.com/personality-analysis/ilona-maher,2026-06,1,182,0.55,11.4
https://9takes.com/personality-analysis/jennifer-lawrence,2026-06,1,125,0.80,11.5
https://9takes.com/personality-analysis/jennifer-lopez,2026-06,1,867,0.12,9.5
https://9takes.com/personality-analysis/joaquin-phoenix,2026-06,1,295,0.34,8.9
https://9takes.com/personality-analysis/john-coogan,2026-06,1,301,0.33,11.9
https://9takes.com/personality-analysis/johnny-depp,2026-06,1,366,0.27,10.8
https://9takes.com/personality-analysis/jon-stewart,2026-06,1,57,1.75,7.2
https://9takes.com/personality-analysis/joseph-stalin,2026-06,1,247,0.40,10.9
https://9takes.com/personality-analysis/justin-bieber,2026-06,1,444,0.23,12.2
https://9takes.com/personality-analysis/kai-cenat,2026-06,1,1866,0.05,7.3
https://9takes.com/personality-analysis/kate-hudson,2026-06,1,23,4.35,7.4
https://9takes.com/personality-analysis/keke-palmer,2026-06,1,28,3.57,6.3
https://9takes.com/personality-analysis/kendrick-lamar,2026-06,1,4,25.00,9.3
https://9takes.com/personality-analysis/khloe-kardashian,2026-06,1,425,0.24,8.1
https://9takes.com/personality-analysis/kylie-jenner,2026-06,1,344,0.29,10.6
https://9takes.com/personality-analysis/lana-del-rey,2026-06,1,548,0.18,12.5
https://9takes.com/personality-analysis/larry-page,2026-06,1,72,1.39,10.0
https://9takes.com/personality-analysis/leila-hormozi,2026-06,1,160,0.63,11.4
https://9takes.com/personality-analysis/lili-reinhart,2026-06,1,37,2.70,10.5
https://9takes.com/personality-analysis/meryl-streep,2026-06,1,82,1.22,8.3
https://9takes.com/personality-analysis/michael-seibel,2026-06,1,170,0.59,6.2
https://9takes.com/personality-analysis/michelle-obama,2026-06,1,327,0.31,10.9
https://9takes.com/personality-analysis/miles-teller,2026-06,1,157,0.64,10.4
https://9takes.com/personality-analysis/mr-beast,2026-06,1,795,0.13,11.7
https://9takes.com/personality-analysis/naomi-osaka,2026-06,1,71,1.41,11.0
https://9takes.com/personality-analysis/neil-strauss,2026-06,1,135,0.74,5.8
https://9takes.com/personality-analysis/paul-mescal,2026-06,1,38,2.63,9.9
https://9takes.com/personality-analysis/reed-hastings,2026-06,1,27,3.70,9.7
https://9takes.com/personality-analysis/robert-greene,2026-06,1,710,0.14,8.5
https://9takes.com/personality-analysis/ryan-grim,2026-06,1,9,11.11,6.6
https://9takes.com/personality-analysis/sam-bankman-fried,2026-06,1,134,0.75,9.2
https://9takes.com/personality-analysis/shaan-puri,2026-06,1,82,1.22,7.0
https://9takes.com/personality-analysis/shawn-ryan,2026-06,1,348,0.29,9.0
https://9takes.com/personality-analysis/steve-carell,2026-06,1,280,0.36,8.7
https://9takes.com/personality-analysis/sundar-pichai,2026-06,1,182,0.55,9.1
https://9takes.com/personality-analysis/taylor-frankie-paul,2026-06,1,5,20.00,9.4
https://9takes.com/personality-analysis/taylor-swift,2026-06,1,105,0.95,13.4
https://9takes.com/personality-analysis/tom-hiddleston,2026-06,1,256,0.39,9.7
https://9takes.com/personality-analysis/tom-holland,2026-06,1,131,0.76,10.0
https://9takes.com/personality-analysis/trevor-noah,2026-06,1,251,0.40,8.4
https://9takes.com/personality-analysis/tyler-cowen,2026-06,1,74,1.35,7.2
https://9takes.com/personality-analysis/will-smith,2026-06,1,23,4.35,6.6
https://9takes.com/personality-analysis/xqc,2026-06,1,140,0.71,8.1
https://9takes.com/personality-analysis/zoe-kravitz,2026-06,1,83,1.20,12.7
https://9takes.com/pop-culture,2026-06,1,159,0.63,14.7
https://9takes.com/pop-culture/tech-titans-ai-wars,2026-06,1,697,0.14,13.6
https://9takes.com/about,2026-06,0,76,0.00,3.6
https://9takes.com/blog,2026-06,0,61,0.00,3.0
https://9takes.com/community,2026-06,0,42,0.00,8.1
https://9takes.com/community/consensus-on-human-nature,2026-06,0,3,0.00,7.0
https://9takes.com/community/how-minds-change-on-9takes,2026-06,0,1,0.00,8.0
https://9takes.com/community/kantian-filters-and-nine-perspectives,2026-06,0,58,0.00,24.8
https://9takes.com/community/personality-frameworks-map-not-territory,2026-06,0,10,0.00,7.0
https://9takes.com/community/societal-ticking-time-bombs,2026-06,0,26,0.00,10.1
https://9takes.com/community/software-and-hardware-of-the-mind,2026-06,0,1,0.00,9.0
https://9takes.com/community/why-im-selective-sharing-enneagram,2026-06,0,24,0.00,6.4
https://9takes.com/corpus-stats,2026-06,0,781,0.00,7.8
https://9takes.com/enneagram-corner/anxiety-and-enneagram-types-guide,2026-06,0,2,0.00,7.0
https://9takes.com/enneagram-corner/beginners-guide-to-determining-your-enneagram-type,2026-06,0,117,0.00,39.8
https://9takes.com/enneagram-corner/enneagram-books-websites-podcasts,2026-06,0,54,0.00,53.5
https://9takes.com/enneagram-corner/enneagram-communication-guide,2026-06,0,47,0.00,11.1
https://9takes.com/enneagram-corner/enneagram-communication-styles,2026-06,0,125,0.00,15.1
https://9takes.com/enneagram-corner/enneagram-compatibility-guide,2026-06,0,120,0.00,9.8
https://9takes.com/enneagram-corner/enneagram-concepts,2026-06,0,85,0.00,26.7
https://9takes.com/enneagram-corner/enneagram-connecting-lines,2026-06,0,150,0.00,17.6
https://9takes.com/enneagram-corner/enneagram-influences,2026-06,0,72,0.00,48.9
https://9takes.com/enneagram-corner/enneagram-object-relations,2026-06,0,132,0.00,9.8
https://9takes.com/enneagram-corner/enneagram-parenting-styles,2026-06,0,226,0.00,31.8
https://9takes.com/enneagram-corner/enneagram-personal-growth,2026-06,0,335,0.00,20.2
https://9takes.com/enneagram-corner/enneagram-self-development,2026-06,0,18,0.00,32.9
https://9takes.com/enneagram-corner/enneagram-stress-number,2026-06,0,103,0.00,28.6
https://9takes.com/enneagram-corner/enneagram-team-dynamics,2026-06,0,266,0.00,24.4
https://9takes.com/enneagram-corner/enneagram-therapy-resistance-guide,2026-06,0,2,0.00,8.0
https://9takes.com/enneagram-corner/enneagram-type-2,2026-06,0,146,0.00,20.2
https://9takes.com/enneagram-corner/enneagram-vs-meyers-briggs,2026-06,0,307,0.00,25.5
https://9takes.com/enneagram-corner/enneagram-workplace-team-building,2026-06,0,9,0.00,14.3
https://9takes.com/enneagram-corner/how-each-enneagram-type-unwinds,2026-06,0,34,0.00,11.6
https://9takes.com/enneagram-corner/mental-health/enneagram-therapy-resistance-guide,2026-06,0,43,0.00,17.1
https://9takes.com/enneagram-corner/philosophy-psychology-and-the-enneagram,2026-06,0,24,0.00,8.2
https://9takes.com/enneagram-corner/red-flags-dating-each-enneagram-type,2026-06,0,19,0.00,6.8
https://9takes.com/enneagram-corner/relationship-communication-guide,2026-06,0,576,0.00,31.9
https://9takes.com/enneagram-corner/subtopic/development,2026-06,0,9,0.00,6.1
https://9takes.com/enneagram-corner/subtopic/situational,2026-06,0,14,0.00,18.8
https://9takes.com/enneagram-corner/why-dating-apps-are-harder-for-certain-personality-types,2026-06,0,104,0.00,13.7
https://9takes.com/enneagram-corner/why-you-cant-stop-overthinking-enneagram,2026-06,0,219,0.00,10.2
https://9takes.com/how-to-guides,2026-06,0,7,0.00,3.3
https://9takes.com/how-to-guides/5-tough-conversations-you-need-to-have-with-your-partner,2026-06,0,48,0.00,32.2
https://9takes.com/how-to-guides/definitive-guide-to-relationship-conflict-part-2,2026-06,0,1,0.00,11.0
https://9takes.com/how-to-guides/definitive-guide-to-self-efficacy,2026-06,0,3,0.00,7.0
https://9takes.com/how-to-guides/the-crash-course-on-emotions-that-we-missed-in-kindergarten,2026-06,0,17,0.00,14.3
https://9takes.com/how-to-guides/using-the-enneagram-for-self-development,2026-06,0,24,0.00,13.9
https://9takes.com/personality-analysis/Charli-xcx,2026-06,0,345,0.00,9.5
https://9takes.com/personality-analysis/Dave-Chappelle,2026-06,0,3,0.00,10.0
https://9takes.com/personality-analysis/Emma-Stone,2026-06,0,2,0.00,6.0
https://9takes.com/personality-analysis/Howard-Stern,2026-06,0,1,0.00,46.0
https://9takes.com/personality-analysis/Julius-Caesar,2026-06,0,22,0.00,3.8
https://9takes.com/personality-analysis/Keke-Palmer,2026-06,0,2,0.00,10.5
https://9takes.com/personality-analysis/Napoleon-Bonaparte,2026-06,0,3,0.00,5.7
https://9takes.com/personality-analysis/Pete-Davidson,2026-06,0,19,0.00,9.2
https://9takes.com/personality-analysis/Pokimane,2026-06,0,2,0.00,7.0
https://9takes.com/personality-analysis/Ryan-Reynolds,2026-06,0,1,0.00,1.0
https://9takes.com/personality-analysis/Sundar-Pichai,2026-06,0,5,0.00,10.6
https://9takes.com/personality-analysis/Taylor-Lorenz,2026-06,0,1,0.00,10.0
https://9takes.com/personality-analysis/Tim-Cook,2026-06,0,6,0.00,6.8
https://9takes.com/personality-analysis/Travis-Kalanick,2026-06,0,3,0.00,9.0
https://9takes.com/personality-analysis/adam-neumann,2026-06,0,40,0.00,11.4
https://9takes.com/personality-analysis/adam-sandler,2026-06,0,37,0.00,16.5
https://9takes.com/personality-analysis/addison-rae,2026-06,0,27,0.00,10.3
https://9takes.com/personality-analysis/adele,2026-06,0,6,0.00,10.2
https://9takes.com/personality-analysis/agatha-christie,2026-06,0,983,0.00,8.6
https://9takes.com/personality-analysis/albert-einstein,2026-06,0,61,0.00,10.2
https://9takes.com/personality-analysis/alex-lieberman,2026-06,0,11,0.00,7.0
https://9takes.com/personality-analysis/alexis-bledel,2026-06,0,13,0.00,7.0
https://9takes.com/personality-analysis/ali-abdaal,2026-06,0,1,0.00,11.0
https://9takes.com/personality-analysis/alix-earle,2026-06,0,44,0.00,9.3
https://9takes.com/personality-analysis/alysa-liu,2026-06,0,197,0.00,16.8
https://9takes.com/personality-analysis/amelia-dimoldenberg,2026-06,0,11,0.00,7.9
https://9takes.com/personality-analysis/amy-poehler,2026-06,0,8,0.00,7.3
https://9takes.com/personality-analysis/ana-de-armas,2026-06,0,34,0.00,14.8
https://9takes.com/personality-analysis/andrew-callaghan,2026-06,0,33,0.00,9.4
https://9takes.com/personality-analysis/anna-wintour,2026-06,0,79,0.00,14.1
https://9takes.com/personality-analysis/anne-hathaway,2026-06,0,21,0.00,8.6
https://9takes.com/personality-analysis/anthony-bourdain,2026-06,0,20,0.00,14.1
https://9takes.com/personality-analysis/anya-taylor-joy,2026-06,0,433,0.00,10.2
https://9takes.com/personality-analysis/ashby,2026-06,0,59,0.00,7.6
https://9takes.com/personality-analysis/asmongold,2026-06,0,472,0.00,8.4
https://9takes.com/personality-analysis/aubrey-plaza,2026-06,0,529,0.00,8.5
https://9takes.com/personality-analysis/bad-bunny,2026-06,0,9,0.00,5.7
https://9takes.com/personality-analysis/bella-hadid,2026-06,0,21,0.00,14.0
https://9takes.com/personality-analysis/bella-poarch,2026-06,0,71,0.00,8.2
https://9takes.com/personality-analysis/ben-affleck,2026-06,0,9,0.00,5.8
https://9takes.com/personality-analysis/ben-horowitz,2026-06,0,210,0.00,9.5
https://9takes.com/personality-analysis/bernie-sanders,2026-06,0,42,0.00,15.4
https://9takes.com/personality-analysis/bill-clinton,2026-06,0,21,0.00,11.6
https://9takes.com/personality-analysis/billie-eilish,2026-06,0,727,0.00,9.8
https://9takes.com/personality-analysis/bobby-lee,2026-06,0,18,0.00,7.5
https://9takes.com/personality-analysis/bradley-martyn,2026-06,0,12,0.00,5.8
https://9takes.com/personality-analysis/brian-chesky,2026-06,0,25,0.00,9.3
https://9takes.com/personality-analysis/brittany-broski,2026-06,0,21,0.00,13.8
https://9takes.com/personality-analysis/caleb-hearon,2026-06,0,169,0.00,9.1
https://9takes.com/personality-analysis/cardi-b,2026-06,0,105,0.00,13.9
https://9takes.com/personality-analysis/categories/creator-media,2026-06,0,24,0.00,8.6
https://9takes.com/personality-analysis/categories/film-tv,2026-06,0,6,0.00,5.8
https://9takes.com/personality-analysis/categories/politics-public,2026-06,0,15,0.00,10.5
https://9takes.com/personality-analysis/chamath-palihapitiya,2026-06,0,4,0.00,10.5
https://9takes.com/personality-analysis/charli-xcx,2026-06,0,60,0.00,7.6
https://9takes.com/personality-analysis/charlie-puth,2026-06,0,7,0.00,5.6
https://9takes.com/personality-analysis/chris-hemsworth,2026-06,0,86,0.00,11.2
https://9takes.com/personality-analysis/chris-williamson,2026-06,0,10,0.00,7.6
https://9takes.com/personality-analysis/conor-mcgregor,2026-06,0,7,0.00,17.3
https://9takes.com/personality-analysis/corinna-kopf,2026-06,0,5,0.00,6.8
https://9takes.com/personality-analysis/cristiano-ronaldo,2026-06,0,60,0.00,9.7
https://9takes.com/personality-analysis/dalton-caldwell,2026-06,0,13,0.00,9.8
https://9takes.com/personality-analysis/dave-portnoy,2026-06,0,142,0.00,9.7
https://9takes.com/personality-analysis/david-corenswet,2026-06,0,13,0.00,5.0
https://9takes.com/personality-analysis/david-dobrik,2026-06,0,2,0.00,7.5
https://9takes.com/personality-analysis/david-friedberg,2026-06,0,92,0.00,7.4
https://9takes.com/personality-analysis/david-sacks,2026-06,0,209,0.00,12.1
https://9takes.com/personality-analysis/dax-shepard,2026-06,0,5,0.00,7.8
https://9takes.com/personality-analysis/demi-lovato,2026-06,0,2,0.00,3.0
https://9takes.com/personality-analysis/denzel-washington,2026-06,0,260,0.00,8.1
https://9takes.com/personality-analysis/dixie-d'amelio,2026-06,0,14,0.00,7.2
https://9takes.com/personality-analysis/doechii,2026-06,0,15,0.00,14.7
https://9takes.com/personality-analysis/dolly-parton,2026-06,0,2,0.00,7.0
https://9takes.com/personality-analysis/donald-trump,2026-06,0,140,0.00,10.5
https://9takes.com/personality-analysis/dr-phil,2026-06,0,8,0.00,8.1
https://9takes.com/personality-analysis/drake,2026-06,0,17,0.00,10.1
https://9takes.com/personality-analysis/dwayne-johnson,2026-06,0,211,0.00,10.5
https://9takes.com/personality-analysis/ed-sheeran,2026-06,0,20,0.00,9.1
https://9takes.com/personality-analysis/eddie-murphy,2026-06,0,1077,0.00,8.1
https://9takes.com/personality-analysis/elizabeth-holmes,2026-06,0,34,0.00,12.2
https://9takes.com/personality-analysis/ella-langley,2026-06,0,102,0.00,7.0
https://9takes.com/personality-analysis/ellen-degeneres,2026-06,0,4,0.00,9.3
https://9takes.com/personality-analysis/elton-john,2026-06,0,92,0.00,9.6
https://9takes.com/personality-analysis/emily-ratajkowski,2026-06,0,35,0.00,8.5
https://9takes.com/personality-analysis/emma-chamberlain,2026-06,0,45,0.00,13.0
https://9takes.com/personality-analysis/emma-stone,2026-06,0,6,0.00,9.0
https://9takes.com/personality-analysis/ernest-hemingway,2026-06,0,33,0.00,15.8
https://9takes.com/personality-analysis/frida-kahlo,2026-06,0,201,0.00,11.5
https://9takes.com/personality-analysis/friedrich-nietzsche,2026-06,0,521,0.00,8.6
https://9takes.com/personality-analysis/garry-tan,2026-06,0,152,0.00,13.1
https://9takes.com/personality-analysis/gavin-newsom,2026-06,0,154,0.00,9.9
https://9takes.com/personality-analysis/george-w-bush,2026-06,0,49,0.00,8.7
https://9takes.com/personality-analysis/gigi-hadid,2026-06,0,6,0.00,8.0
https://9takes.com/personality-analysis/greta-thunberg,2026-06,0,3,0.00,6.0
https://9takes.com/personality-analysis/gwyneth-paltrow,2026-06,0,235,0.00,8.7
https://9takes.com/personality-analysis/harry-styles,2026-06,0,8,0.00,12.3
https://9takes.com/personality-analysis/hayao-miyazaki,2026-06,0,52,0.00,11.9
https://9takes.com/personality-analysis/hillary-clinton,2026-06,0,18,0.00,18.5
https://9takes.com/personality-analysis/ice-spice,2026-06,0,12,0.00,13.2
https://9takes.com/personality-analysis/j.k.-rowling,2026-06,0,60,0.00,9.0
https://9takes.com/personality-analysis/jacob-elordi,2026-06,0,1,0.00,9.0
https://9takes.com/personality-analysis/jake-paul,2026-06,0,101,0.00,11.4
https://9takes.com/personality-analysis/jake-shane,2026-06,0,39,0.00,6.0
https://9takes.com/personality-analysis/james-charles,2026-06,0,18,0.00,7.4
https://9takes.com/personality-analysis/james-dyson,2026-06,0,14,0.00,8.2
https://9takes.com/personality-analysis/jamie-dimon,2026-06,0,19,0.00,10.3
https://9takes.com/personality-analysis/jason-calacanis,2026-06,0,76,0.00,8.2
https://9takes.com/personality-analysis/jd-vance,2026-06,0,2,0.00,6.5
https://9takes.com/personality-analysis/jeff-bezos,2026-06,0,282,0.00,17.5
https://9takes.com/personality-analysis/jenna-ortega,2026-06,0,6,0.00,9.2
https://9takes.com/personality-analysis/jimmy-carter,2026-06,0,9,0.00,6.2
https://9takes.com/personality-analysis/joe-biden,2026-06,0,26,0.00,14.8
https://9takes.com/personality-analysis/joe-rogan,2026-06,0,668,0.00,7.6
https://9takes.com/personality-analysis/john-d-rockefeller,2026-06,0,38,0.00,11.3
https://9takes.com/personality-analysis/john-lennon,2026-06,0,10,0.00,7.9
https://9takes.com/personality-analysis/john-mayer,2026-06,0,8,0.00,5.3
https://9takes.com/personality-analysis/john-mcafee,2026-06,0,30,0.00,8.0
https://9takes.com/personality-analysis/john-ternus,2026-06,0,45,0.00,10.3
https://9takes.com/personality-analysis/john-travolta,2026-06,0,45,0.00,9.9
https://9takes.com/personality-analysis/jon-bernthal,2026-06,0,15,0.00,5.5
https://9takes.com/personality-analysis/julius-caesar,2026-06,0,55,0.00,8.4
https://9takes.com/personality-analysis/kamala-harris,2026-06,0,108,0.00,12.2
https://9takes.com/personality-analysis/kanye,2026-06,0,292,0.00,13.3
https://9takes.com/personality-analysis/katy-perry,2026-06,0,15,0.00,20.7
https://9takes.com/personality-analysis/keanu-reeves,2026-06,0,747,0.00,11.2
https://9takes.com/personality-analysis/keith-lee,2026-06,0,14,0.00,6.4
https://9takes.com/personality-analysis/kendall-jenner,2026-06,0,6,0.00,3.7
https://9takes.com/personality-analysis/kevin-hart,2026-06,0,6,0.00,4.7
https://9takes.com/personality-analysis/kim-kardashian,2026-06,0,269,0.00,10.6
https://9takes.com/personality-analysis/kourtney-kardashian,2026-06,0,909,0.00,6.8
https://9takes.com/personality-analysis/kris-jenner,2026-06,0,8,0.00,17.0
https://9takes.com/personality-analysis/kristen-bell,2026-06,0,76,0.00,9.8
https://9takes.com/personality-analysis/krystal-ball,2026-06,0,11,0.00,10.5
https://9takes.com/personality-analysis/kyle-forgeard,2026-06,0,52,0.00,7.4
https://9takes.com/personality-analysis/lady-gaga,2026-06,0,10,0.00,9.1
https://9takes.com/personality-analysis/lana-rhoades,2026-06,0,152,0.00,6.9
https://9takes.com/personality-analysis/leonardo-dicaprio,2026-06,0,226,0.00,14.3
https://9takes.com/personality-analysis/lily-allen,2026-06,0,13,0.00,7.1
https://9takes.com/personality-analysis/logan-paul,2026-06,0,839,0.00,9.9
https://9takes.com/personality-analysis/lupita-nyongo,2026-06,0,3,0.00,7.7
https://9takes.com/personality-analysis/madison-beer,2026-06,0,999,0.00,8.1
https://9takes.com/personality-analysis/malcolm-x,2026-06,0,66,0.00,6.6
https://9takes.com/personality-analysis/marc-andreessen,2026-06,0,43,0.00,9.1
https://9takes.com/personality-analysis/marcello-hernandez,2026-06,0,25,0.00,10.3
https://9takes.com/personality-analysis/markiplier,2026-06,0,56,0.00,8.9
https://9takes.com/personality-analysis/martin-luther-king-jr,2026-06,0,198,0.00,13.2
https://9takes.com/personality-analysis/matt-damon,2026-06,0,68,0.00,7.7
https://9takes.com/personality-analysis/matt-rife,2026-06,0,28,0.00,8.1
https://9takes.com/personality-analysis/matthew-mcconaughey,2026-06,0,81,0.00,8.6
https://9takes.com/personality-analysis/megan-fox,2026-06,0,26,0.00,6.5
https://9takes.com/personality-analysis/meghan-trainor,2026-06,0,22,0.00,7.9
https://9takes.com/personality-analysis/michael-b-jordan,2026-06,0,132,0.00,12.1
https://9takes.com/personality-analysis/mikey-madison,2026-06,0,23,0.00,8.8
https://9takes.com/personality-analysis/miley-cyrus,2026-06,0,157,0.00,11.0
https://9takes.com/personality-analysis/millie-bobby-brown,2026-06,0,209,0.00,10.9
https://9takes.com/personality-analysis/mindy-kaling,2026-06,0,46,0.00,9.0
https://9takes.com/personality-analysis/morgan-freeman,2026-06,0,1,0.00,28.0
https://9takes.com/personality-analysis/mother-teresa,2026-06,0,6,0.00,23.8
https://9takes.com/personality-analysis/mr-rogers,2026-06,0,17,0.00,9.1
https://9takes.com/personality-analysis/nancy-pelosi,2026-06,0,34,0.00,18.7
https://9takes.com/personality-analysis/nancy-reagan,2026-06,0,9,0.00,8.2
https://9takes.com/personality-analysis/napoleon-bonaparte,2026-06,0,18,0.00,7.8
https://9takes.com/personality-analysis/nikola-tesla,2026-06,0,429,0.00,9.3
https://9takes.com/personality-analysis/noah-kahan,2026-06,0,52,0.00,9.4
https://9takes.com/personality-analysis/olivia-munn,2026-06,0,27,0.00,7.9
https://9takes.com/personality-analysis/olivia-rodrigo,2026-06,0,3,0.00,12.7
https://9takes.com/personality-analysis/oprah-winfrey,2026-06,0,182,0.00,16.6
https://9takes.com/personality-analysis/palmer-luckey,2026-06,0,42,0.00,9.6
https://9takes.com/personality-analysis/pamela-anderson,2026-06,0,8,0.00,7.0
https://9takes.com/personality-analysis/paris-hilton,2026-06,0,169,0.00,8.7
https://9takes.com/personality-analysis/patrick-bet-david,2026-06,0,57,0.00,7.9
https://9takes.com/personality-analysis/paul-graham,2026-06,0,90,0.00,7.0
https://9takes.com/personality-analysis/pedro-pascal,2026-06,0,447,0.00,7.4
https://9takes.com/personality-analysis/penelope-cruz,2026-06,0,103,0.00,8.5
https://9takes.com/personality-analysis/pete-davidson,2026-06,0,15,0.00,12.3
https://9takes.com/personality-analysis/peter-thiel,2026-06,0,236,0.00,10.8
https://9takes.com/personality-analysis/piers-morgan,2026-06,0,76,0.00,8.6
https://9takes.com/personality-analysis/pokimane,2026-06,0,24,0.00,6.5
https://9takes.com/personality-analysis/post-malone,2026-06,0,7,0.00,8.1
https://9takes.com/personality-analysis/prince,2026-06,0,101,0.00,12.1
https://9takes.com/personality-analysis/rachel-mcadams,2026-06,0,8,0.00,6.0
https://9takes.com/personality-analysis/ray-dalio,2026-06,0,139,0.00,12.6
https://9takes.com/personality-analysis/reid-hoffman,2026-06,0,7,0.00,4.7
https://9takes.com/personality-analysis/rick-rubin,2026-06,0,14,0.00,8.7
https://9takes.com/personality-analysis/rihanna,2026-06,0,24,0.00,9.7
https://9takes.com/personality-analysis/riz-ahmed,2026-06,0,198,0.00,7.7
https://9takes.com/personality-analysis/robert-de-niro,2026-06,0,21,0.00,8.6
https://9takes.com/personality-analysis/robert-downey-jr,2026-06,0,2,0.00,11.0
https://9takes.com/personality-analysis/robert-oppenheimer,2026-06,0,114,0.00,9.5
https://9takes.com/personality-analysis/robin-williams,2026-06,0,30,0.00,8.2
https://9takes.com/personality-analysis/rupert-murdoch,2026-06,0,13,0.00,7.2
https://9takes.com/personality-analysis/ruth-bader-ginsburg,2026-06,0,30,0.00,11.3
https://9takes.com/personality-analysis/ryan-reynolds,2026-06,0,46,0.00,8.3
https://9takes.com/personality-analysis/saagar-enjeti,2026-06,0,13,0.00,9.8
https://9takes.com/personality-analysis/sam-parr,2026-06,0,2,0.00,11.0
https://9takes.com/personality-analysis/samuel-l-jackson,2026-06,0,15,0.00,6.9
https://9takes.com/personality-analysis/saoirse-ronan,2026-06,0,64,0.00,11.4
https://9takes.com/personality-analysis/sara-saffari,2026-06,0,71,0.00,7.3
https://9takes.com/personality-analysis/satya-nadella,2026-06,0,19,0.00,10.1
https://9takes.com/personality-analysis/scarlett-johansson,2026-06,0,137,0.00,8.9
https://9takes.com/personality-analysis/scott-galloway,2026-06,0,2,0.00,9.0
https://9takes.com/personality-analysis/sergey-brin,2026-06,0,226,0.00,9.5
https://9takes.com/personality-analysis/shailene-woodley,2026-06,0,3,0.00,3.0
https://9takes.com/personality-analysis/shane-gillis,2026-06,0,6,0.00,5.5
https://9takes.com/personality-analysis/snoop-dogg,2026-06,0,162,0.00,9.5
https://9takes.com/personality-analysis/sofia-vergara,2026-06,0,31,0.00,9.1
https://9takes.com/personality-analysis/stephen-a-smith,2026-06,0,5,0.00,9.4
https://9takes.com/personality-analysis/stephen-hawking,2026-06,0,1028,0.00,12.1
https://9takes.com/personality-analysis/steve-jobs,2026-06,0,145,0.00,16.0
https://9takes.com/personality-analysis/steven-bartlett,2026-06,0,34,0.00,9.5
https://9takes.com/personality-analysis/tara-yummy,2026-06,0,25,0.00,7.9
https://9takes.com/personality-analysis/taylor-lorenz,2026-06,0,12,0.00,7.7
https://9takes.com/personality-analysis/teyana-taylor,2026-06,0,8,0.00,8.5
https://9takes.com/personality-analysis/tfue,2026-06,0,99,0.00,7.0
https://9takes.com/personality-analysis/tim-cook,2026-06,0,21,0.00,12.2
https://9takes.com/personality-analysis/tim-dillon,2026-06,0,2,0.00,5.0
https://9takes.com/personality-analysis/tim-robinson,2026-06,0,36,0.00,6.4
https://9takes.com/personality-analysis/travis-scott,2026-06,0,3,0.00,8.7
https://9takes.com/personality-analysis/trisha-paytas,2026-06,0,19,0.00,7.5
https://9takes.com/personality-analysis/troye-sivan,2026-06,0,1,0.00,8.0
https://9takes.com/personality-analysis/tyler-perry,2026-06,0,7,0.00,10.9
https://9takes.com/personality-analysis/tyler-the-creator,2026-06,0,10,0.00,5.9
https://9takes.com/personality-analysis/vincent-van-gogh,2026-06,0,33,0.00,9.1
https://9takes.com/personality-analysis/vivek-ramaswamy,2026-06,0,105,0.00,7.9
https://9takes.com/personality-analysis/winston-churchill,2026-06,0,571,0.00,11.5
https://9takes.com/personality-analysis/zara-larsson,2026-06,0,70,0.00,7.9
https://9takes.com/personality-analysis/zohran-mamdani,2026-06,0,14,0.00,6.2
https://9takes.com/pop-culture/alex-cooper-alix-earle-beef-enneagram-analysis,2026-06,0,317,0.00,9.2
https://9takes.com/pop-culture/cancel-culture-enneagram-type,2026-06,0,39,0.00,9.0
https://9takes.com/pop-culture/comedy-kings-enneagram-analysis,2026-06,0,13,0.00,6.6
https://9takes.com/pop-culture/dark-triad-meets-enneagram,2026-06,0,7,0.00,5.1
https://9takes.com/pop-culture/epstein-psychology-part-2,2026-06,0,36,0.00,22.3
https://9takes.com/pop-culture/fallen-founders-enneagram-analysis,2026-06,0,15,0.00,7.1
https://9takes.com/pop-culture/google-leadership-evolution,2026-06,0,16,0.00,7.1
https://9takes.com/pop-culture/hollywood-heartthrobs-enneagram-analysis,2026-06,0,42,0.00,10.2
https://9takes.com/pop-culture/masculinity-strength-and-the-enneagram,2026-06,0,5,0.00,5.6
https://9takes.com/pop-culture/musk-vs-altman-trial-personality-dynamics,2026-06,0,3,0.00,9.3
https://9takes.com/pop-culture/parasocial-relationships-enneagram-type,2026-06,0,3,0.00,8.0
https://9takes.com/pop-culture/podcast-bros-enneagram-analysis,2026-06,0,74,0.00,14.1
https://9takes.com/pop-culture/podcaster-personality-map,2026-06,0,4,0.00,12.8
https://9takes.com/pop-culture/psychology-of-public-shame,2026-06,0,19,0.00,9.5
https://9takes.com/pop-culture/tech-titans-disruptors,2026-06,0,43,0.00,4.3
https://9takes.com/pop-culture/tech-titans-enneagram-analysis,2026-06,0,161,0.00,9.2
https://9takes.com/pop-culture/tech-titans-leadership-styles,2026-06,0,48,0.00,13.6
https://9takes.com/pop-culture/tech-titans-platform-emperors,2026-06,0,25,0.00,12.7
https://9takes.com/pop-culture/trump-type-8-vs-biden-type-2,2026-06,0,4,0.00,2.0
https://9takes.com/pop-culture/twitter-x-personality-types-toxic,2026-06,0,381,0.00,8.0
https://9takes.com/questions,2026-06,0,20,0.00,2.4
https://9takes.com/questions/categories/workplace-relationships-and-boundaries,2026-06,0,1,0.00,4.0
https://9takes.com/questions/longest-stayed-awake-working-project-passionate-9,2026-06,0,1,0.00,8.0
https://9takes.com/questions/parents-encourage-toddler-boys-poo-grass-garden,2026-06,0,15,0.00,3.2
https://9takes.com/questions/why-people-2-phones-trying-find-answer-without-assuming-bf-anything-negative-people,2026-06,0,6,0.00,9.5
https://9takes.com/enneagram-corner/enneagram-and-mental-illness,2026-07,98,9046,1.08,8.0
https://9takes.com/enneagram-corner/enneagram-and-adhd-which-types-struggle-most,2026-07,96,4773,2.01,4.5
https://9takes.com/personality-analysis/jordi-hays,2026-07,80,4674,1.71,7.1
https://9takes.com/enneagram-corner/depression-patterns-by-enneagram-type,2026-07,53,3865,1.37,6.7
https://9takes.com/enneagram-corner/enneagram-compatibility-matrix,2026-07,41,3479,1.18,11.7
https://9takes.com/enneagram-corner/astrology-and-the-enneagram,2026-07,36,6404,0.56,7.7
https://9takes.com/enneagram-corner/mental-health/enneagram-neurodivergence-guide,2026-07,31,2706,1.15,7.5
https://9takes.com/enneagram-corner/toxic-traits-of-each-enneagram-type,2026-07,30,4296,0.70,9.3
https://9takes.com/personality-analysis/shawn-ryan,2026-07,25,3535,0.71,8.3
https://9takes.com/personality-analysis/lionel-messi,2026-07,22,9806,0.22,7.4
https://9takes.com/,2026-07,19,186,10.22,10.1
https://9takes.com/personality-analysis/ryan-gosling,2026-07,17,5578,0.30,6.8
https://9takes.com/personality-analysis/sky-bri,2026-07,17,3053,0.56,8.5
https://9takes.com/enneagram-corner/attachment-styles-and-enneagram-types,2026-07,16,3567,0.45,8.2
https://9takes.com/pop-culture/kardashian-family-enneagram-analysis,2026-07,16,1684,0.95,8.2
https://9takes.com/enneagram-corner/enneagram-wings-complete-guide,2026-07,14,2573,0.54,8.5
https://9takes.com/personality-analysis/kara-swisher,2026-07,14,3546,0.39,7.9
https://9takes.com/enneagram-corner/toxic-traits-relationships-warning-signs,2026-07,13,1194,1.09,8.6
https://9takes.com/enneagram-corner/enneagram-instinctual-subtypes,2026-07,12,2732,0.44,13.8
https://9takes.com/enneagram-corner/enneagram-strengths-and-weaknesses,2026-07,12,1282,0.94,8.2
https://9takes.com/enneagram-corner/mental-health/enneagram-addiction-recovery-guide,2026-07,12,818,1.47,8.5
https://9takes.com/personality-analysis/blake-lively,2026-07,12,847,1.42,8.3
https://9takes.com/personality-analysis/ishowspeed,2026-07,12,7535,0.16,7.5
https://9takes.com/personality-analysis/zendaya,2026-07,12,2130,0.56,8.5
https://9takes.com/personality-analysis/dario-amodei,2026-07,11,780,1.41,8.5
https://9takes.com/enneagram-corner/biggest-compliments-to-give-each-enneagram-type,2026-07,10,541,1.85,5.8
https://9takes.com/enneagram-corner/enneagram-test-comparison-2025,2026-07,10,3666,0.27,11.9
https://9takes.com/personality-analysis,2026-07,10,333,3.00,12.3
https://9takes.com/personality-analysis/benson-boone,2026-07,10,1677,0.60,8.6
https://9takes.com/personality-analysis/jack-black,2026-07,10,1441,0.69,7.3
https://9takes.com/personality-analysis/meghan-markle,2026-07,10,1525,0.66,7.8
https://9takes.com/enneagram-corner/how-each-enneagram-type-manipulates,2026-07,9,1773,0.51,6.9
https://9takes.com/enneagram-corner/how-to-apologize-like-a-pro,2026-07,9,441,2.04,7.8
https://9takes.com/enneagram-corner/enneagram-types-being-ghosted,2026-07,8,312,2.56,7.7
https://9takes.com/personality-analysis/type/2,2026-07,8,905,0.88,12.4
https://9takes.com/pop-culture/ghislaine-maxwell-psychology,2026-07,8,415,1.93,7.9
https://9takes.com/enneagram-corner/enneagram-mental-health-flags,2026-07,7,243,2.88,10.5
https://9takes.com/personality-analysis/bob-dylan,2026-07,7,945,0.74,8.9
https://9takes.com/personality-analysis/gracie-abrams,2026-07,7,1925,0.36,7.0
https://9takes.com/personality-analysis/john-coogan,2026-07,7,723,0.97,7.6
https://9takes.com/personality-analysis/robert-pattinson,2026-07,7,2043,0.34,8.0
https://9takes.com/personality-analysis/type/8,2026-07,7,491,1.43,14.6
https://9takes.com/personality-analysis/type/9,2026-07,7,1450,0.48,32.1
https://9takes.com/enneagram-corner/enneagram-types-and-career-choices,2026-07,6,679,0.88,16.8
https://9takes.com/personality-analysis/brad-pitt,2026-07,6,871,0.69,7.7
https://9takes.com/personality-analysis/charli-xcx,2026-07,6,441,1.36,10.4
https://9takes.com/personality-analysis/ella-langley,2026-07,6,393,1.53,8.2
https://9takes.com/personality-analysis/hasan-piker,2026-07,6,1716,0.35,8.3
https://9takes.com/personality-analysis/jon-stewart,2026-07,6,210,2.86,7.3
https://9takes.com/personality-analysis/marilyn-monroe,2026-07,6,572,1.05,10.4
https://9takes.com/personality-analysis/sabrina-carpenter,2026-07,6,3399,0.18,6.0
https://9takes.com/personality-analysis/type/1,2026-07,6,1306,0.46,33.3
https://9takes.com/enneagram-corner/enneagram-types-in-relationships,2026-07,5,1882,0.27,32.3
https://9takes.com/personality-analysis/ariana-grande,2026-07,5,1087,0.46,9.4
https://9takes.com/personality-analysis/ashby,2026-07,5,640,0.78,9.3
https://9takes.com/personality-analysis/cillian-murphy,2026-07,5,782,0.64,11.7
https://9takes.com/personality-analysis/david-friedberg,2026-07,5,1647,0.30,10.4
https://9takes.com/personality-analysis/emma-chamberlain,2026-07,5,487,1.03,16.5
https://9takes.com/personality-analysis/lana-del-rey,2026-07,5,1196,0.42,9.4
https://9takes.com/personality-analysis/oliver-tree,2026-07,5,495,1.01,7.3
https://9takes.com/personality-analysis/sergey-brin,2026-07,5,218,2.29,8.4
https://9takes.com/personality-analysis/tina-fey,2026-07,5,1100,0.45,6.6
https://9takes.com/personality-analysis/type/4,2026-07,5,676,0.74,13.8
https://9takes.com/enneagram-corner/enneagram-childhood-stereotypes,2026-07,4,179,2.23,19.5
https://9takes.com/enneagram-corner/enneagram-communication-styles,2026-07,4,242,1.65,13.3
https://9takes.com/enneagram-corner/enneagram-type-8,2026-07,4,516,0.78,10.5
https://9takes.com/personality-analysis/asmongold,2026-07,4,680,0.59,8.9
https://9takes.com/personality-analysis/aubrey-plaza,2026-07,4,585,0.68,8.9
https://9takes.com/personality-analysis/bill-gates,2026-07,4,186,2.15,8.9
https://9takes.com/personality-analysis/billie-eilish,2026-07,4,655,0.61,9.2
https://9takes.com/personality-analysis/clavicular,2026-07,4,978,0.41,10.8
https://9takes.com/personality-analysis/jackie-kennedy,2026-07,4,327,1.22,8.1
https://9takes.com/personality-analysis/john-f-kennedy,2026-07,4,348,1.15,13.4
https://9takes.com/personality-analysis/leila-hormozi,2026-07,4,302,1.32,9.8
https://9takes.com/personality-analysis/meryl-streep,2026-07,4,186,2.15,8.2
https://9takes.com/personality-analysis/neil-strauss,2026-07,4,306,1.31,8.1
https://9takes.com/personality-analysis/peter-thiel,2026-07,4,547,0.73,8.5
https://9takes.com/personality-analysis/sam-parr,2026-07,4,91,4.40,12.3
https://9takes.com/personality-analysis/tom-holland,2026-07,4,622,0.64,9.9
https://9takes.com/personality-analysis/type/3,2026-07,4,826,0.48,11.1
https://9takes.com/pop-culture,2026-07,4,167,2.40,11.7
https://9takes.com/pop-culture/epstein-psychology-part-1,2026-07,4,181,2.21,12.7
https://9takes.com/enneagram-corner,2026-07,3,422,0.71,25.1
https://9takes.com/enneagram-corner/enneagram-and-religion,2026-07,3,488,0.61,26.5
https://9takes.com/enneagram-corner/enneagram-communication-tips,2026-07,3,136,2.21,14.5
https://9takes.com/enneagram-corner/enneagram-parenting-styles,2026-07,3,292,1.03,28.8
https://9takes.com/enneagram-corner/enneagram-type-2,2026-07,3,188,1.60,35.1
https://9takes.com/enneagram-corner/enneagram-type-3,2026-07,3,1538,0.20,24.7
https://9takes.com/enneagram-corner/enneagram-type-4,2026-07,3,674,0.45,31.6
https://9takes.com/enneagram-corner/enneagram-type-6,2026-07,3,300,1.00,45.9
https://9takes.com/enneagram-corner/enneagram-types-in-stress,2026-07,3,677,0.44,14.6
https://9takes.com/enneagram-corner/enneagram-types-on-a-first-date,2026-07,3,263,1.14,9.4
https://9takes.com/enneagram-corner/enneagram-types-working-in-teams,2026-07,3,513,0.58,51.1
https://9takes.com/enneagram-corner/mental-health/enneagram-science-mental-health,2026-07,3,2244,0.13,9.7
https://9takes.com/personality-analysis/alex-hormozi,2026-07,3,609,0.49,9.2
https://9takes.com/personality-analysis/alex-karp,2026-07,3,530,0.57,8.2
https://9takes.com/personality-analysis/amber-heard,2026-07,3,145,2.07,10.3
https://9takes.com/personality-analysis/anna-kendrick,2026-07,3,102,2.94,7.2
https://9takes.com/personality-analysis/ben-horowitz,2026-07,3,155,1.94,9.4
https://9takes.com/personality-analysis/emma-watson,2026-07,3,1462,0.21,8.8
https://9takes.com/personality-analysis/friedrich-nietzsche,2026-07,3,287,1.05,9.5
https://9takes.com/personality-analysis/justin-bieber,2026-07,3,405,0.74,9.7
https://9takes.com/personality-analysis/kai-cenat,2026-07,3,2741,0.11,7.3
https://9takes.com/personality-analysis/kourtney-kardashian,2026-07,3,810,0.37,6.3
https://9takes.com/personality-analysis/lex-fridman,2026-07,3,533,0.56,11.5
https://9takes.com/personality-analysis/michael-seibel,2026-07,3,318,0.94,7.2
https://9takes.com/personality-analysis/ronald-reagan,2026-07,3,227,1.32,18.7
https://9takes.com/personality-analysis/sydney-sweeney,2026-07,3,958,0.31,7.6
https://9takes.com/personality-analysis/tom-cruise,2026-07,3,599,0.50,9.1
https://9takes.com/personality-analysis/trevor-noah,2026-07,3,232,1.29,8.7
https://9takes.com/personality-analysis/type/5,2026-07,3,1452,0.21,39.0
https://9takes.com/enneagram-corner/enneagram-dating-guide-for-men,2026-07,2,122,1.64,11.4
https://9takes.com/enneagram-corner/enneagram-tldr,2026-07,2,353,0.57,43.1
https://9takes.com/enneagram-corner/enneagram-type-5,2026-07,2,526,0.38,15.2
https://9takes.com/enneagram-corner/enneagram-type-7,2026-07,2,284,0.70,10.9
https://9takes.com/enneagram-corner/enneagram-types-at-party,2026-07,2,190,1.05,8.6
https://9takes.com/enneagram-corner/first-impression-cheat-sheet,2026-07,2,113,1.77,7.7
https://9takes.com/enneagram-corner/how-each-enneagram-type-self-sabotages-success,2026-07,2,245,0.82,7.9
https://9takes.com/enneagram-corner/love-languages-and-enneagram-types,2026-07,2,912,0.22,9.1
https://9takes.com/enneagram-corner/mental-health/enneagram-anxiety-complete-guide,2026-07,2,636,0.31,11.6
https://9takes.com/enneagram-corner/mental-health/enneagram-medication-mental-health,2026-07,2,146,1.37,6.9
https://9takes.com/enneagram-corner/mental-health/enneagram-therapy-resistance-guide,2026-07,2,101,1.98,25.4
https://9takes.com/enneagram-corner/why-dating-apps-are-harder-for-certain-personality-types,2026-07,2,262,0.76,11.1
https://9takes.com/enneagram-corner/why-you-cant-stop-overthinking-enneagram,2026-07,2,217,0.92,8.9
https://9takes.com/how-to-guides/dating-dynamics-by-enneagram-type,2026-07,2,256,0.78,29.7
https://9takes.com/personality-analysis/adam-sandler,2026-07,2,115,1.74,9.2
https://9takes.com/personality-analysis/arnold-schwarzenegger,2026-07,2,232,0.86,8.5
https://9takes.com/personality-analysis/bernard-arnault,2026-07,2,556,0.36,8.0
https://9takes.com/personality-analysis/beyonce-knowles,2026-07,2,562,0.36,9.3
https://9takes.com/personality-analysis/caleb-hearon,2026-07,2,230,0.87,8.9
https://9takes.com/personality-analysis/conan-obrien,2026-07,2,240,0.83,9.3
https://9takes.com/personality-analysis/dave-portnoy,2026-07,2,91,2.20,12.3
https://9takes.com/personality-analysis/dua-lipa,2026-07,2,480,0.42,8.4
https://9takes.com/personality-analysis/dwayne-johnson,2026-07,2,352,0.57,9.5
https://9takes.com/personality-analysis/george-h-w-bush,2026-07,2,201,1.00,11.9
https://9takes.com/personality-analysis/gigi-hadid,2026-07,2,26,7.69,7.0
https://9takes.com/personality-analysis/gordon-ramsay,2026-07,2,50,4.00,9.1
https://9takes.com/personality-analysis/hailey-bieber,2026-07,2,673,0.30,10.4
https://9takes.com/personality-analysis/halsey,2026-07,2,140,1.43,9.5
https://9takes.com/personality-analysis/henry-cavill,2026-07,2,524,0.38,10.1
https://9takes.com/personality-analysis/jack-dorsey,2026-07,2,236,0.85,11.3
https://9takes.com/personality-analysis/john-d-rockefeller,2026-07,2,71,2.82,7.4
https://9takes.com/personality-analysis/margot-robbie,2026-07,2,358,0.56,7.6
https://9takes.com/personality-analysis/matt-damon,2026-07,2,80,2.50,7.8
https://9takes.com/personality-analysis/millie-bobby-brown,2026-07,2,750,0.27,9.5
https://9takes.com/personality-analysis/morgan-wallen,2026-07,2,152,1.32,9.0
https://9takes.com/personality-analysis/oprah-winfrey,2026-07,2,187,1.07,15.4
https://9takes.com/personality-analysis/prince-harry,2026-07,2,363,0.55,9.8
https://9takes.com/personality-analysis/robert-greene,2026-07,2,1246,0.16,8.5
https://9takes.com/personality-analysis/rooney-mara,2026-07,2,194,1.03,5.9
https://9takes.com/personality-analysis/selena-gomez,2026-07,2,1523,0.13,7.1
https://9takes.com/personality-analysis/timothee-chalamet,2026-07,2,833,0.24,9.3
https://9takes.com/personality-analysis/tom-hiddleston,2026-07,2,309,0.65,9.1
https://9takes.com/personality-analysis/type/6,2026-07,2,941,0.21,49.4
https://9takes.com/personality-analysis/zayn-malik,2026-07,2,1077,0.19,6.4
https://9takes.com/pop-culture/tech-titans-ai-wars,2026-07,2,453,0.44,8.9
https://9takes.com/pop-culture/what-enneagram-type-are-most-musicians,2026-07,2,130,1.54,7.9
https://9takes.com/about,2026-07,1,70,1.43,3.0
https://9takes.com/enneagram-corner/enneagram-books-websites-podcasts,2026-07,1,36,2.78,48.6
https://9takes.com/enneagram-corner/enneagram-party-planner,2026-07,1,15,6.67,10.8
https://9takes.com/enneagram-corner/enneagram-stress-number,2026-07,1,229,0.44,26.4
https://9takes.com/enneagram-corner/enneagram-type-9,2026-07,1,883,0.11,32.2
https://9takes.com/enneagram-corner/enneagram-vs-meyers-briggs,2026-07,1,165,0.61,27.4
https://9takes.com/enneagram-corner/enneagram-vs-personality-frameworks-comparison,2026-07,1,1355,0.07,8.2
https://9takes.com/enneagram-corner/how-each-enneagram-flexes,2026-07,1,67,1.49,11.4
https://9takes.com/enneagram-corner/how-to-navigate-early-relationship-stages,2026-07,1,40,2.50,11.3
https://9takes.com/enneagram-corner/mental-health/enneagram-crisis-management-guide,2026-07,1,392,0.26,8.4
https://9takes.com/enneagram-corner/mental-health/enneagram-workplace-mental-health,2026-07,1,44,2.27,9.0
https://9takes.com/enneagram-corner/philosophy-psychology-and-the-enneagram,2026-07,1,33,3.03,9.0
https://9takes.com/enneagram-corner/why-the-next-thing-wont-fix-it-type-7,2026-07,1,41,2.44,9.1
https://9takes.com/how-to-guides/definitive-guide-to-self-efficacy,2026-07,1,8,12.50,9.3
https://9takes.com/personality-analysis/Charli-xcx,2026-07,1,23,4.35,3.1
https://9takes.com/personality-analysis/alex-lieberman,2026-07,1,9,11.11,7.2
https://9takes.com/personality-analysis/anya-taylor-joy,2026-07,1,217,0.46,13.5
https://9takes.com/personality-analysis/benny-blanco,2026-07,1,28,3.57,10.0
https://9takes.com/personality-analysis/brittany-broski,2026-07,1,140,0.71,8.5
https://9takes.com/personality-analysis/callum-turner,2026-07,1,19,5.26,5.4
https://9takes.com/personality-analysis/cardi-b,2026-07,1,125,0.80,7.8
https://9takes.com/personality-analysis/casey-neistat,2026-07,1,528,0.19,10.5
https://9takes.com/personality-analysis/david-dobrik,2026-07,1,33,3.03,11.5
https://9takes.com/personality-analysis/david-goggins,2026-07,1,266,0.38,8.1
https://9takes.com/personality-analysis/david-sacks,2026-07,1,94,1.06,9.1
https://9takes.com/personality-analysis/denzel-washington,2026-07,1,260,0.38,6.9
https://9takes.com/personality-analysis/doechii,2026-07,1,65,1.54,10.9
https://9takes.com/personality-analysis/donald-trump,2026-07,1,63,1.59,20.3
https://9takes.com/personality-analysis/druski,2026-07,1,1275,0.08,7.9
https://9takes.com/personality-analysis/elon-musk,2026-07,1,1000,0.10,11.4
https://9takes.com/personality-analysis/garry-tan,2026-07,1,73,1.37,8.0
https://9takes.com/personality-analysis/gavin-newsom,2026-07,1,103,0.97,9.6
https://9takes.com/personality-analysis/hayao-miyazaki,2026-07,1,303,0.33,9.4
https://9takes.com/personality-analysis/hilary-duff,2026-07,1,429,0.23,7.3
https://9takes.com/personality-analysis/jennifer-lawrence,2026-07,1,337,0.30,10.1
https://9takes.com/personality-analysis/joaquin-phoenix,2026-07,1,278,0.36,14.5
https://9takes.com/personality-analysis/joe-lonsdale,2026-07,1,112,0.89,10.7
https://9takes.com/personality-analysis/joe-rogan,2026-07,1,525,0.19,7.4
https://9takes.com/personality-analysis/john-ternus,2026-07,1,89,1.12,9.6
https://9takes.com/personality-analysis/john-travolta,2026-07,1,244,0.41,8.4
https://9takes.com/personality-analysis/johnny-depp,2026-07,1,487,0.21,9.1
https://9takes.com/personality-analysis/joseph-stalin,2026-07,1,208,0.48,9.5
https://9takes.com/personality-analysis/kacey-musgraves,2026-07,1,30,3.33,9.2
https://9takes.com/personality-analysis/keanu-reeves,2026-07,1,361,0.28,10.0
https://9takes.com/personality-analysis/keke-palmer,2026-07,1,199,0.50,7.9
https://9takes.com/personality-analysis/kim-kardashian,2026-07,1,145,0.69,12.1
https://9takes.com/personality-analysis/kyle-forgeard,2026-07,1,87,1.15,6.8
https://9takes.com/personality-analysis/leonardo-da-vinci,2026-07,1,150,0.67,9.0
https://9takes.com/personality-analysis/lili-reinhart,2026-07,1,106,0.94,10.9
https://9takes.com/personality-analysis/madison-beer,2026-07,1,1059,0.09,8.0
https://9takes.com/personality-analysis/marc-andreessen,2026-07,1,125,0.80,10.0
https://9takes.com/personality-analysis/mark-zuckerberg,2026-07,1,675,0.15,8.7
https://9takes.com/personality-analysis/matt-smith,2026-07,1,62,1.61,7.2
https://9takes.com/personality-analysis/michael-b-jordan,2026-07,1,283,0.35,10.0
https://9takes.com/personality-analysis/mike-majlak,2026-07,1,191,0.52,9.6
https://9takes.com/personality-analysis/miles-teller,2026-07,1,266,0.38,12.0
https://9takes.com/personality-analysis/natalie-portman,2026-07,1,394,0.25,9.7
https://9takes.com/personality-analysis/nikola-tesla,2026-07,1,446,0.22,9.5
https://9takes.com/personality-analysis/ray-dalio,2026-07,1,208,0.48,11.4
https://9takes.com/personality-analysis/reed-hastings,2026-07,1,33,3.03,8.6
https://9takes.com/personality-analysis/robert-oppenheimer,2026-07,1,189,0.53,9.8
https://9takes.com/personality-analysis/ryan-grim,2026-07,1,198,0.51,8.9
https://9takes.com/personality-analysis/sam-altman,2026-07,1,1028,0.10,8.1
https://9takes.com/personality-analysis/saoirse-ronan,2026-07,1,134,0.75,8.7
https://9takes.com/personality-analysis/sean-evans,2026-07,1,216,0.46,8.0
https://9takes.com/personality-analysis/steve-carell,2026-07,1,474,0.21,8.3
https://9takes.com/personality-analysis/steve-jobs,2026-07,1,395,0.25,15.1
https://9takes.com/personality-analysis/tom-hardy,2026-07,1,591,0.17,8.6
https://9takes.com/personality-analysis/type/7,2026-07,1,502,0.20,13.4
https://9takes.com/personality-analysis/winston-churchill,2026-07,1,351,0.28,11.2
https://9takes.com/personality-analysis/zoe-kravitz,2026-07,1,135,0.74,11.0
https://9takes.com/blog,2026-07,0,46,0.00,2.3
https://9takes.com/blogs/greek_statues_in_a_circle_holding_hands.webp,2026-07,0,1,0.00,5.0
https://9takes.com/community,2026-07,0,55,0.00,10.7
https://9takes.com/community/kantian-filters-and-nine-perspectives,2026-07,0,10,0.00,8.5
https://9takes.com/community/personality-frameworks-map-not-territory,2026-07,0,3,0.00,6.0
https://9takes.com/community/societal-ticking-time-bombs,2026-07,0,7,0.00,10.7
https://9takes.com/community/why-im-selective-sharing-enneagram,2026-07,0,18,0.00,8.0
https://9takes.com/corpus-stats,2026-07,0,473,0.00,9.0
https://9takes.com/enneagram-corner/beginners-guide-to-determining-your-enneagram-type,2026-07,0,128,0.00,28.1
https://9takes.com/enneagram-corner/enneagram-communication-guide,2026-07,0,37,0.00,10.4
https://9takes.com/enneagram-corner/enneagram-concepts,2026-07,0,93,0.00,27.8
https://9takes.com/enneagram-corner/enneagram-connecting-lines,2026-07,0,131,0.00,15.5
https://9takes.com/enneagram-corner/enneagram-influences,2026-07,0,10,0.00,16.7
https://9takes.com/enneagram-corner/enneagram-leadership,2026-07,0,68,0.00,24.6
https://9takes.com/enneagram-corner/enneagram-personal-growth,2026-07,0,372,0.00,22.5
https://9takes.com/enneagram-corner/enneagram-self-development,2026-07,0,7,0.00,19.1
https://9takes.com/enneagram-corner/enneagram-team-dynamics,2026-07,0,237,0.00,28.3
https://9takes.com/enneagram-corner/enneagram-type-1,2026-07,0,195,0.00,13.9
https://9takes.com/enneagram-corner/first-impression-enneagram-playbook,2026-07,0,2,0.00,9.0
https://9takes.com/enneagram-corner/how-each-enneagram-type-unwinds,2026-07,0,70,0.00,11.1
https://9takes.com/enneagram-corner/mental-health/enneagram-therapy-guide,2026-07,0,178,0.00,30.0
https://9takes.com/enneagram-corner/neurodiversity-vs-personality,2026-07,0,28,0.00,10.1
https://9takes.com/enneagram-corner/relationship-communication-guide,2026-07,0,532,0.00,35.8
https://9takes.com/enneagram-corner/subtopic/development,2026-07,0,9,0.00,6.4
https://9takes.com/enneagram-corner/subtopic/situational,2026-07,0,22,0.00,21.3
https://9takes.com/how-to-guides,2026-07,0,2,0.00,12.0
https://9takes.com/how-to-guides/5-tough-conversations-you-need-to-have-with-your-partner,2026-07,0,54,0.00,26.7
https://9takes.com/how-to-guides/using-the-enneagram-for-self-development,2026-07,0,4,0.00,7.3
https://9takes.com/personality-analysis/Brittany-Broski,2026-07,0,2,0.00,7.5
https://9takes.com/personality-analysis/Charli-D'Amelio,2026-07,0,8,0.00,7.9
https://9takes.com/personality-analysis/Pete-Davidson,2026-07,0,14,0.00,7.3
https://9takes.com/personality-analysis/abraham-lincoln,2026-07,0,5,0.00,6.6
https://9takes.com/personality-analysis/adam-neumann,2026-07,0,15,0.00,8.3
https://9takes.com/personality-analysis/adin-ross,2026-07,0,393,0.00,11.4
https://9takes.com/personality-analysis/agatha-christie,2026-07,0,204,0.00,9.9
https://9takes.com/personality-analysis/albert-einstein,2026-07,0,124,0.00,12.4
https://9takes.com/personality-analysis/alex-cooper,2026-07,0,257,0.00,10.2
https://9takes.com/personality-analysis/alex-warren,2026-07,0,20,0.00,23.1
https://9takes.com/personality-analysis/alexandria-ocasio-cortez,2026-07,0,128,0.00,8.1
https://9takes.com/personality-analysis/alix-earle,2026-07,0,9,0.00,8.6
https://9takes.com/personality-analysis/alysa-liu,2026-07,0,67,0.00,11.9
https://9takes.com/personality-analysis/amelia-dimoldenberg,2026-07,0,31,0.00,7.5
https://9takes.com/personality-analysis/ana-de-armas,2026-07,0,14,0.00,8.3
https://9takes.com/personality-analysis/andrew-callaghan,2026-07,0,113,0.00,8.3
https://9takes.com/personality-analysis/andrew-ross-sorkin,2026-07,0,26,0.00,10.2
https://9takes.com/personality-analysis/andrew-tate,2026-07,0,58,0.00,8.5
https://9takes.com/personality-analysis/anna-wintour,2026-07,0,170,0.00,8.6
https://9takes.com/personality-analysis/anthony-bourdain,2026-07,0,12,0.00,8.1
https://9takes.com/personality-analysis/austin-butler,2026-07,0,20,0.00,8.3
https://9takes.com/personality-analysis/barack-obama,2026-07,0,51,0.00,12.1
https://9takes.com/personality-analysis/bella-hadid,2026-07,0,1,0.00,12.0
https://9takes.com/personality-analysis/bella-poarch,2026-07,0,33,0.00,8.8
https://9takes.com/personality-analysis/bernie-sanders,2026-07,0,15,0.00,5.4
https://9takes.com/personality-analysis/bert-kreischer,2026-07,0,6,0.00,7.5
https://9takes.com/personality-analysis/bill-clinton,2026-07,0,42,0.00,11.4
https://9takes.com/personality-analysis/bobby-lee,2026-07,0,16,0.00,7.3
https://9takes.com/personality-analysis/bradley-martyn,2026-07,0,5,0.00,5.4
https://9takes.com/personality-analysis/brian-chesky,2026-07,0,12,0.00,7.9
https://9takes.com/personality-analysis/britney-spears,2026-07,0,2,0.00,4.5
https://9takes.com/personality-analysis/categories/authors-thinkers,2026-07,0,1,0.00,22.0
https://9takes.com/personality-analysis/categories/creator-media,2026-07,0,17,0.00,6.0
https://9takes.com/personality-analysis/categories/film-tv,2026-07,0,14,0.00,5.9
https://9takes.com/personality-analysis/categories/politics-public,2026-07,0,11,0.00,13.7
https://9takes.com/personality-analysis/cathie-wood,2026-07,0,33,0.00,6.6
https://9takes.com/personality-analysis/chappell-roan,2026-07,0,301,0.00,8.7
https://9takes.com/personality-analysis/charli-d'amelio,2026-07,0,1,0.00,9.0
https://9takes.com/personality-analysis/charli-damelio,2026-07,0,60,0.00,8.9
https://9takes.com/personality-analysis/charlie-puth,2026-07,0,265,0.00,8.2
https://9takes.com/personality-analysis/chris-hemsworth,2026-07,0,92,0.00,7.8
https://9takes.com/personality-analysis/christian-bale,2026-07,0,9,0.00,8.2
https://9takes.com/personality-analysis/corinna-kopf,2026-07,0,35,0.00,5.0
https://9takes.com/personality-analysis/cristiano-ronaldo,2026-07,0,20,0.00,8.7
https://9takes.com/personality-analysis/dalton-caldwell,2026-07,0,161,0.00,8.2
https://9takes.com/personality-analysis/david-corenswet,2026-07,0,62,0.00,6.2
https://9takes.com/personality-analysis/dax-shepard,2026-07,0,25,0.00,7.8
https://9takes.com/personality-analysis/dixie-d'amelio,2026-07,0,54,0.00,6.9
https://9takes.com/personality-analysis/dixie-damelio,2026-07,0,12,0.00,8.5
https://9takes.com/personality-analysis/dolly-parton,2026-07,0,8,0.00,6.5
https://9takes.com/personality-analysis/dr-phil,2026-07,0,90,0.00,10.7
https://9takes.com/personality-analysis/ed-sheeran,2026-07,0,1,0.00,11.0
https://9takes.com/personality-analysis/eddie-murphy,2026-07,0,254,0.00,7.8
https://9takes.com/personality-analysis/elizabeth-holmes,2026-07,0,10,0.00,9.7
https://9takes.com/personality-analysis/ellen-degeneres,2026-07,0,3,0.00,10.3
https://9takes.com/personality-analysis/elton-john,2026-07,0,81,0.00,8.5
https://9takes.com/personality-analysis/emily-ratajkowski,2026-07,0,4,0.00,7.5
https://9takes.com/personality-analysis/eminem,2026-07,0,429,0.00,11.5
https://9takes.com/personality-analysis/emma-myers,2026-07,0,30,0.00,7.6
https://9takes.com/personality-analysis/ernest-hemingway,2026-07,0,43,0.00,8.5
https://9takes.com/personality-analysis/frida-kahlo,2026-07,0,236,0.00,9.3
https://9takes.com/personality-analysis/george-rr-martin,2026-07,0,98,0.00,10.2
https://9takes.com/personality-analysis/george-w-bush,2026-07,0,120,0.00,11.4
https://9takes.com/personality-analysis/greta-thunberg,2026-07,0,9,0.00,6.8
https://9takes.com/personality-analysis/grimes,2026-07,0,344,0.00,12.3
https://9takes.com/personality-analysis/gwyneth-paltrow,2026-07,0,171,0.00,8.1
https://9takes.com/personality-analysis/harrison-ford,2026-07,0,43,0.00,9.4
https://9takes.com/personality-analysis/hillary-clinton,2026-07,0,8,0.00,17.1
https://9takes.com/personality-analysis/howard-stern,2026-07,0,132,0.00,10.5
https://9takes.com/personality-analysis/hugh-jackman,2026-07,0,487,0.00,9.4
https://9takes.com/personality-analysis/ice-spice,2026-07,0,12,0.00,8.9
https://9takes.com/personality-analysis/ilona-maher,2026-07,0,376,0.00,9.8
https://9takes.com/personality-analysis/j.k.-rowling,2026-07,0,26,0.00,8.5
https://9takes.com/personality-analysis/jake-gyllenhaal,2026-07,0,153,0.00,9.3
https://9takes.com/personality-analysis/jake-paul,2026-07,0,115,0.00,9.2
https://9takes.com/personality-analysis/jake-shane,2026-07,0,3,0.00,7.7
https://9takes.com/personality-analysis/james-charles,2026-07,0,14,0.00,6.6
https://9takes.com/personality-analysis/jamie-dimon,2026-07,0,40,0.00,6.3
https://9takes.com/personality-analysis/jason-calacanis,2026-07,0,52,0.00,7.0
https://9takes.com/personality-analysis/jeff-bezos,2026-07,0,232,0.00,16.2
https://9takes.com/personality-analysis/jennifer-garner,2026-07,0,180,0.00,7.0
https://9takes.com/personality-analysis/jennifer-lopez,2026-07,0,424,0.00,9.1
https://9takes.com/personality-analysis/jimmy-fallon,2026-07,0,438,0.00,6.6
https://9takes.com/personality-analysis/jk-rowling,2026-07,0,5,0.00,6.6
https://9takes.com/personality-analysis/joe-biden,2026-07,0,64,0.00,12.2
https://9takes.com/personality-analysis/john-lennon,2026-07,0,11,0.00,8.9
https://9takes.com/personality-analysis/julia-fox,2026-07,0,341,0.00,9.1
https://9takes.com/personality-analysis/kaia-gerber,2026-07,0,31,0.00,9.1
https://9takes.com/personality-analysis/kamala-harris,2026-07,0,60,0.00,14.8
https://9takes.com/personality-analysis/kanye,2026-07,0,276,0.00,10.3
https://9takes.com/personality-analysis/kate-hudson,2026-07,0,21,0.00,7.4
https://9takes.com/personality-analysis/katy-perry,2026-07,0,59,0.00,8.9
https://9takes.com/personality-analysis/keith-lee,2026-07,0,44,0.00,9.7
https://9takes.com/personality-analysis/kendrick-lamar,2026-07,0,234,0.00,10.6
https://9takes.com/personality-analysis/khloe-kardashian,2026-07,0,380,0.00,8.1
https://9takes.com/personality-analysis/kris-jenner,2026-07,0,44,0.00,7.5
https://9takes.com/personality-analysis/kristen-bell,2026-07,0,148,0.00,7.6
https://9takes.com/personality-analysis/krystal-ball,2026-07,0,17,0.00,9.4
https://9takes.com/personality-analysis/kylie-jenner,2026-07,0,513,0.00,8.6
https://9takes.com/personality-analysis/lady-gaga,2026-07,0,130,0.00,9.7
https://9takes.com/personality-analysis/lamine-yamal,2026-07,0,5,0.00,8.0
https://9takes.com/personality-analysis/lana-rhoades,2026-07,0,64,0.00,7.6
https://9takes.com/personality-analysis/larry-page,2026-07,0,29,0.00,7.7
https://9takes.com/personality-analysis/leonardo-dicaprio,2026-07,0,255,0.00,10.7
https://9takes.com/personality-analysis/lily-allen,2026-07,0,50,0.00,9.7
https://9takes.com/personality-analysis/logan-paul,2026-07,0,934,0.00,9.3
https://9takes.com/personality-analysis/markiplier,2026-07,0,111,0.00,8.9
https://9takes.com/personality-analysis/martin-luther-king-jr,2026-07,0,40,0.00,35.7
https://9takes.com/personality-analysis/matt-rife,2026-07,0,4,0.00,9.0
https://9takes.com/personality-analysis/matthew-mcconaughey,2026-07,0,341,0.00,8.4
https://9takes.com/personality-analysis/megan-fox,2026-07,0,64,0.00,7.8
https://9takes.com/personality-analysis/meghan-trainor,2026-07,0,25,0.00,9.1
https://9takes.com/personality-analysis/michelle-obama,2026-07,0,393,0.00,10.7
https://9takes.com/personality-analysis/mikey-madison,2026-07,0,236,0.00,10.5
https://9takes.com/personality-analysis/miley-cyrus,2026-07,0,195,0.00,8.5
https://9takes.com/personality-analysis/milly-alcock,2026-07,0,14,0.00,7.4
https://9takes.com/personality-analysis/mindy-kaling,2026-07,0,35,0.00,8.4
https://9takes.com/personality-analysis/mira-murati,2026-07,0,10,0.00,7.7
https://9takes.com/personality-analysis/morgan-freeman,2026-07,0,2,0.00,7.0
https://9takes.com/personality-analysis/mother-teresa,2026-07,0,53,0.00,9.9
https://9takes.com/personality-analysis/mr-beast,2026-07,0,503,0.00,8.3
https://9takes.com/personality-analysis/mr-rogers,2026-07,0,13,0.00,10.2
https://9takes.com/personality-analysis/nancy-pelosi,2026-07,0,64,0.00,17.7
https://9takes.com/personality-analysis/nancy-reagan,2026-07,0,3,0.00,7.0
https://9takes.com/personality-analysis/naomi-osaka,2026-07,0,4,0.00,8.3
https://9takes.com/personality-analysis/nicki-minaj,2026-07,0,17,0.00,9.2
https://9takes.com/personality-analysis/nicole-kidman,2026-07,0,322,0.00,9.3
https://9takes.com/personality-analysis/noah-kahan,2026-07,0,44,0.00,7.8
https://9takes.com/personality-analysis/odessa-azion,2026-07,0,53,0.00,7.8
https://9takes.com/personality-analysis/olivia-munn,2026-07,0,116,0.00,9.3
https://9takes.com/personality-analysis/palmer-luckey,2026-07,0,14,0.00,6.9
https://9takes.com/personality-analysis/pamela-anderson,2026-07,0,3,0.00,5.0
https://9takes.com/personality-analysis/paris-hilton,2026-07,0,100,0.00,9.3
https://9takes.com/personality-analysis/patrick-bet-david,2026-07,0,19,0.00,7.5
https://9takes.com/personality-analysis/paul-graham,2026-07,0,39,0.00,10.2
https://9takes.com/personality-analysis/paul-mescal,2026-07,0,44,0.00,8.5
https://9takes.com/personality-analysis/pedro-pascal,2026-07,0,272,0.00,8.5
https://9takes.com/personality-analysis/penelope-cruz,2026-07,0,43,0.00,7.9
https://9takes.com/personality-analysis/pete-davidson,2026-07,0,125,0.00,7.6
https://9takes.com/personality-analysis/pete-hegseth,2026-07,0,12,0.00,7.4
https://9takes.com/personality-analysis/pinkpantheress,2026-07,0,101,0.00,7.7
https://9takes.com/personality-analysis/pokimane,2026-07,0,5,0.00,5.4
https://9takes.com/personality-analysis/post-malone,2026-07,0,14,0.00,8.9
https://9takes.com/personality-analysis/prince,2026-07,0,162,0.00,8.9
https://9takes.com/personality-analysis/rick-rubin,2026-07,0,6,0.00,6.2
https://9takes.com/personality-analysis/rihanna,2026-07,0,373,0.00,12.3
https://9takes.com/personality-analysis/riz-ahmed,2026-07,0,107,0.00,9.4
https://9takes.com/personality-analysis/robert-de-niro,2026-07,0,39,0.00,7.1
https://9takes.com/personality-analysis/robin-williams,2026-07,0,41,0.00,7.6
https://9takes.com/personality-analysis/rupert-murdoch,2026-07,0,12,0.00,8.8
https://9takes.com/personality-analysis/ruth-bader-ginsburg,2026-07,0,77,0.00,13.6
https://9takes.com/personality-analysis/ryan-reynolds,2026-07,0,8,0.00,6.6
https://9takes.com/personality-analysis/sam-bankman-fried,2026-07,0,112,0.00,11.2
https://9takes.com/personality-analysis/samuel-l-jackson,2026-07,0,9,0.00,9.2
https://9takes.com/personality-analysis/satya-nadella,2026-07,0,7,0.00,7.0
https://9takes.com/personality-analysis/scarlett-johansson,2026-07,0,285,0.00,8.8
https://9takes.com/personality-analysis/seth-rogen,2026-07,0,60,0.00,8.2
https://9takes.com/personality-analysis/shaan-puri,2026-07,0,24,0.00,7.9
https://9takes.com/personality-analysis/shailene-woodley,2026-07,0,3,0.00,9.0
https://9takes.com/personality-analysis/shia-labeouf,2026-07,0,322,0.00,7.8
https://9takes.com/personality-analysis/snoop-dogg,2026-07,0,110,0.00,9.2
https://9takes.com/personality-analysis/sofia-vergara,2026-07,0,15,0.00,6.8
https://9takes.com/personality-analysis/stephen-a-smith,2026-07,0,5,0.00,7.4
https://9takes.com/personality-analysis/stephen-hawking,2026-07,0,573,0.00,11.0
https://9takes.com/personality-analysis/steven-bartlett,2026-07,0,9,0.00,7.3
https://9takes.com/personality-analysis/sundar-pichai,2026-07,0,165,0.00,13.5
https://9takes.com/personality-analysis/sza,2026-07,0,174,0.00,7.6
https://9takes.com/personality-analysis/taylor-frankie-paul,2026-07,0,7,0.00,13.1
https://9takes.com/personality-analysis/taylor-lorenz,2026-07,0,6,0.00,12.0
https://9takes.com/personality-analysis/taylor-swift,2026-07,0,84,0.00,9.9
https://9takes.com/personality-analysis/teyana-taylor,2026-07,0,94,0.00,8.1
https://9takes.com/personality-analysis/tim-cook,2026-07,0,7,0.00,8.1
https://9takes.com/personality-analysis/tim-robinson,2026-07,0,2,0.00,9.5
https://9takes.com/personality-analysis/tom-hanks,2026-07,0,404,0.00,9.2
https://9takes.com/personality-analysis/travis-kalanick,2026-07,0,21,0.00,8.8
https://9takes.com/personality-analysis/tucker-carlson,2026-07,0,35,0.00,17.7
https://9takes.com/personality-analysis/tyler-cowen,2026-07,0,23,0.00,7.3
https://9takes.com/personality-analysis/tyler-perry,2026-07,0,5,0.00,9.2
https://9takes.com/personality-analysis/vincent-van-gogh,2026-07,0,11,0.00,6.7
https://9takes.com/personality-analysis/vivek-ramaswamy,2026-07,0,35,0.00,8.0
https://9takes.com/personality-analysis/warren-buffett,2026-07,0,117,0.00,11.8
https://9takes.com/personality-analysis/will-smith,2026-07,0,4,0.00,4.8
https://9takes.com/personality-analysis/xqc,2026-07,0,4,0.00,7.5
https://9takes.com/personality-analysis/zara-larsson,2026-07,0,193,0.00,8.5
https://9takes.com/personality-analysis/zohran-mamdani,2026-07,0,56,0.00,6.1
https://9takes.com/pop-culture/alex-cooper-alix-earle-beef-enneagram-analysis,2026-07,0,10,0.00,8.4
https://9takes.com/pop-culture/cancel-culture-enneagram-type,2026-07,0,43,0.00,10.8
https://9takes.com/pop-culture/comedy-kings-enneagram-analysis,2026-07,0,17,0.00,8.8
https://9takes.com/pop-culture/epstein-psychology-part-2,2026-07,0,47,0.00,8.8
https://9takes.com/pop-culture/fallen-founders-enneagram-analysis,2026-07,0,11,0.00,10.6
https://9takes.com/pop-culture/google-leadership-evolution,2026-07,0,229,0.00,10.0
https://9takes.com/pop-culture/hollywood-heartthrobs-enneagram-analysis,2026-07,0,39,0.00,8.1
https://9takes.com/pop-culture/incel-blackpill-radicalization-enneagram,2026-07,0,273,0.00,15.3
https://9takes.com/pop-culture/musk-vs-altman-trial-personality-dynamics,2026-07,0,4,0.00,11.5
https://9takes.com/pop-culture/podcast-bros-enneagram-analysis,2026-07,0,8,0.00,7.9
https://9takes.com/pop-culture/podcaster-personality-map,2026-07,0,13,0.00,9.9
https://9takes.com/pop-culture/psychology-of-public-shame,2026-07,0,1,0.00,9.0
https://9takes.com/pop-culture/tbpn-john-coogan-jordi-hays-enneagram-dynamic,2026-07,0,74,0.00,10.0
https://9takes.com/pop-culture/tech-titans-disruptors,2026-07,0,2,0.00,4.5
https://9takes.com/pop-culture/tech-titans-enneagram-analysis,2026-07,0,94,0.00,8.6
https://9takes.com/pop-culture/tech-titans-leadership-styles,2026-07,0,1,0.00,8.0
https://9takes.com/pop-culture/trump-type-8-vs-biden-type-2,2026-07,0,5,0.00,5.8
https://9takes.com/pop-culture/us-presidents-enneagram-analysis,2026-07,0,8,0.00,8.1
https://9takes.com/questions,2026-07,0,40,0.00,5.3
https://9takes.com/questions/categories/relationships,2026-07,0,2,0.00,10.5
https://9takes.com/questions/if-you-had-to-be-trapped-somewhere-where-would-you-choose,2026-07,0,2,0.00,28.0
https://9takes.com/questions/parents-encourage-toddler-boys-poo-grass-garden,2026-07,0,6,0.00,5.2
https://9takes.com/questions/technical-skills-worth-knowing-programming,2026-07,0,2,0.00,43.5
https://9takes.com/questions/tell-parents-knew-wouldnt-angry-upset,2026-07,0,1,0.00,3.0
https://9takes.com/questions/whats-something-overresearched-no-one-asked,2026-07,0,1,0.00,4.0
https://9takes.com/questions/why-people-2-phones-trying-find-answer-without-assuming-bf-anything-negative-people,2026-07,0,4,0.00,6.0
https://9takes.com/social-image.png?path=%2Ftypes%2F7s%2FJimmy-Fallon.webp,2026-07,0,1,0.00,3.0
https://9takes.com/types/2s/Hilary-Duff.webp,2026-07,0,1,0.00,5.0
https://9takes.com/types/2s/Sky-Bri.webp,2026-07,0,1,0.00,3.0
https://9takes.com/types/4s/Bob-Dylan.webp,2026-07,0,1,0.00,3.0
https://9takes.com/types/4s/Oliver-Tree.webp,2026-07,0,1,0.00,8.0
https://9takes.com/types/4s/Sam-Altman.webp,2026-07,0,1,0.00,8.0
https://9takes.com/types/5s/Asmongold.webp,2026-07,0,1,0.00,3.0
https://9takes.com/types/8s/IShowSpeed.webp,2026-07,0,2,0.00,5.0
https://9takes.com/types/9s/Lionel-Messi.webp,2026-07,0,12,0.00,3.0
https://www.9takes.com/,2026-07,0,1,0.00,2.0
https://9takes.com/enneagram-corner/enneagram-and-mental-illness,2026-08,119,9650,1.23,9.0
https://9takes.com/personality-analysis/jordi-hays,2026-08,115,17683,0.65,6.4
https://9takes.com/enneagram-corner/enneagram-and-adhd-which-types-struggle-most,2026-08,87,4777,1.82,4.6
https://9takes.com/enneagram-corner/astrology-and-the-enneagram,2026-08,52,6151,0.85,8.7
https://9takes.com/enneagram-corner/depression-patterns-by-enneagram-type,2026-08,45,4170,1.08,6.9
https://9takes.com/enneagram-corner/mental-health/enneagram-neurodivergence-guide,2026-08,39,3486,1.12,6.8
https://9takes.com/personality-analysis/sky-bri,2026-08,38,7835,0.49,8.2
https://9takes.com/enneagram-corner/toxic-traits-of-each-enneagram-type,2026-08,25,4149,0.60,9.8
https://9takes.com/enneagram-corner/enneagram-compatibility-matrix,2026-08,24,4517,0.53,11.7
https://9takes.com/enneagram-corner/mental-health/enneagram-addiction-recovery-guide,2026-08,20,826,2.42,8.8
https://9takes.com/personality-analysis/shawn-ryan,2026-08,20,3694,0.54,8.0
https://9takes.com/personality-analysis/type/9,2026-08,20,2435,0.82,17.3
https://9takes.com/personality-analysis/meghan-markle,2026-08,18,2121,0.85,6.9
https://9takes.com/enneagram-corner/enneagram-wings-complete-guide,2026-08,16,2855,0.56,9.9
https://9takes.com/personality-analysis/type/2,2026-08,16,2256,0.71,9.2
https://9takes.com/enneagram-corner/how-each-enneagram-type-manipulates,2026-08,15,2138,0.70,7.0
https://9takes.com/personality-analysis/zendaya,2026-08,15,4513,0.33,9.1
https://9takes.com/enneagram-corner/attachment-styles-and-enneagram-types,2026-08,14,3152,0.44,9.0
https://9takes.com/enneagram-corner/toxic-traits-relationships-warning-signs,2026-08,14,1175,1.19,10.9
https://9takes.com/personality-analysis/kara-swisher,2026-08,13,6164,0.21,6.7
https://9takes.com/,2026-08,12,251,4.78,16.7
https://9takes.com/personality-analysis/john-coogan,2026-08,12,1489,0.81,6.7
https://9takes.com/personality-analysis/type/1,2026-08,12,2322,0.52,24.0
https://9takes.com/enneagram-corner/enneagram-test-comparison-2026,2026-08,11,1342,0.82,10.0
https://9takes.com/personality-analysis/ashby,2026-08,11,1695,0.65,9.3
https://9takes.com/personality-analysis/ishowspeed,2026-08,11,6019,0.18,7.3
https://9takes.com/personality-analysis/jack-black,2026-08,11,1687,0.65,7.5
https://9takes.com/personality-analysis/leila-hormozi,2026-08,11,542,2.03,9.8
https://9takes.com/pop-culture/kardashian-family-enneagram-analysis,2026-08,11,2027,0.54,8.2
https://9takes.com/enneagram-corner/biggest-compliments-to-give-each-enneagram-type,2026-08,10,452,2.21,7.3
https://9takes.com/enneagram-corner/enneagram-types-being-ghosted,2026-08,10,362,2.76,7.6
https://9takes.com/enneagram-corner/how-to-apologize-like-a-pro,2026-08,10,440,2.27,8.4
https://9takes.com/personality-analysis/dario-amodei,2026-08,10,1127,0.89,8.3
https://9takes.com/personality-analysis/david-friedberg,2026-08,10,1475,0.68,13.0
https://9takes.com/personality-analysis/kourtney-kardashian,2026-08,9,1276,0.71,6.2
https://9takes.com/enneagram-corner/enneagram-mental-health-flags,2026-08,8,341,2.35,14.0
https://9takes.com/enneagram-corner/enneagram-test-comparison-2025,2026-08,8,2386,0.34,12.4
https://9takes.com/personality-analysis/ariana-grande,2026-08,8,2396,0.33,9.4
https://9takes.com/personality-analysis/ryan-gosling,2026-08,8,3867,0.21,8.1
https://9takes.com/personality-analysis/type/3,2026-08,8,2172,0.37,9.2
https://9takes.com/personality-analysis/type/6,2026-08,8,1876,0.43,34.9
https://9takes.com/enneagram-corner/enneagram-instinctual-subtypes,2026-08,7,2694,0.26,15.7
https://9takes.com/personality-analysis/hasan-piker,2026-08,7,1974,0.35,9.4
https://9takes.com/personality-analysis/neil-strauss,2026-08,7,695,1.01,7.3
https://9takes.com/personality-analysis/tom-holland,2026-08,7,1778,0.39,9.2
https://9takes.com/personality-analysis/type/4,2026-08,7,1012,0.69,14.0
https://9takes.com/personality-analysis/type/5,2026-08,7,2216,0.32,29.3
https://9takes.com/enneagram-corner/enneagram-type-5,2026-08,6,635,0.94,16.3
https://9takes.com/enneagram-corner/enneagram-type-6,2026-08,6,627,0.96,63.0
https://9takes.com/enneagram-corner/enneagram-type-8,2026-08,6,408,1.47,12.0
https://9takes.com/enneagram-corner/why-dating-apps-are-harder-for-certain-personality-types,2026-08,6,466,1.29,11.9
https://9takes.com/personality-analysis,2026-08,6,432,1.39,13.4
https://9takes.com/personality-analysis/alex-karp,2026-08,6,434,1.38,11.1
https://9takes.com/personality-analysis/asmongold,2026-08,6,603,1.00,10.4
https://9takes.com/personality-analysis/bernard-arnault,2026-08,6,879,0.68,7.4
https://9takes.com/personality-analysis/callum-turner,2026-08,6,944,0.64,4.1
https://9takes.com/personality-analysis/charli-damelio,2026-08,6,422,1.42,8.8
https://9takes.com/personality-analysis/cillian-murphy,2026-08,6,1123,0.53,10.7
https://9takes.com/personality-analysis/ella-langley,2026-08,6,762,0.79,8.5
https://9takes.com/personality-analysis/madison-beer,2026-08,6,850,0.71,8.9
https://9takes.com/personality-analysis/prince-harry,2026-08,6,346,1.73,9.7
https://9takes.com/personality-analysis/rihanna,2026-08,6,786,0.76,10.8
https://9takes.com/personality-analysis/timothee-chalamet,2026-08,6,601,1.00,9.7
https://9takes.com/enneagram-corner/enneagram-type-7,2026-08,5,207,2.42,23.1
https://9takes.com/enneagram-corner/mental-health/enneagram-therapy-guide,2026-08,5,229,2.18,32.2
https://9takes.com/personality-analysis/clavicular,2026-08,5,1287,0.39,11.1
https://9takes.com/personality-analysis/gracie-abrams,2026-08,5,2066,0.24,8.3
https://9takes.com/personality-analysis/jake-gyllenhaal,2026-08,5,380,1.32,9.4
https://9takes.com/personality-analysis/jennifer-lawrence,2026-08,5,609,0.82,9.9
https://9takes.com/personality-analysis/lex-fridman,2026-08,5,701,0.71,12.6
https://9takes.com/personality-analysis/type/8,2026-08,5,1060,0.47,12.6
https://9takes.com/enneagram-corner/enneagram-types-in-relationships,2026-08,4,1792,0.22,38.7
https://9takes.com/enneagram-corner/love-languages-and-enneagram-types,2026-08,4,1065,0.38,8.9
https://9takes.com/enneagram-corner/relationship-communication-guide,2026-08,4,984,0.41,42.2
https://9takes.com/personality-analysis/alexis-bledel,2026-08,4,362,1.10,8.8
https://9takes.com/personality-analysis/benson-boone,2026-08,4,1704,0.23,8.5
https://9takes.com/personality-analysis/emma-watson,2026-08,4,1638,0.24,8.8
https://9takes.com/personality-analysis/friedrich-nietzsche,2026-08,4,532,0.75,11.6
https://9takes.com/personality-analysis/john-travolta,2026-08,4,632,0.63,5.8
https://9takes.com/personality-analysis/mike-majlak,2026-08,4,491,0.81,9.6
https://9takes.com/personality-analysis/robert-pattinson,2026-08,4,1804,0.22,8.0
https://9takes.com/personality-analysis/sabrina-carpenter,2026-08,4,2261,0.18,6.0
https://9takes.com/personality-analysis/selena-gomez,2026-08,4,1529,0.26,7.6
https://9takes.com/personality-analysis/tara-yummy,2026-08,4,1040,0.38,8.8
https://9takes.com/pop-culture/tech-titans-enneagram-analysis,2026-08,4,89,4.49,9.9
https://9takes.com/corpus-stats,2026-08,3,479,0.63,9.0
https://9takes.com/enneagram-corner,2026-08,3,403,0.74,25.1
https://9takes.com/enneagram-corner/enneagram-childhood-stereotypes,2026-08,3,183,1.64,18.0
https://9takes.com/enneagram-corner/enneagram-strengths-and-weaknesses,2026-08,3,1023,0.29,8.8
https://9takes.com/enneagram-corner/enneagram-tldr,2026-08,3,848,0.35,45.7
https://9takes.com/enneagram-corner/enneagram-types-and-career-choices,2026-08,3,851,0.35,14.0
https://9takes.com/enneagram-corner/enneagram-types-in-stress,2026-08,3,549,0.55,39.8
https://9takes.com/enneagram-corner/enneagram-types-working-in-teams,2026-08,3,658,0.46,55.6
https://9takes.com/enneagram-corner/mental-health/enneagram-workplace-mental-health,2026-08,3,98,3.06,11.5
https://9takes.com/personality-analysis/alex-hormozi,2026-08,3,379,0.79,12.8
https://9takes.com/personality-analysis/arnold-schwarzenegger,2026-08,3,265,1.13,10.0
https://9takes.com/personality-analysis/aubrey-plaza,2026-08,3,748,0.40,8.8
https://9takes.com/personality-analysis/beyonce-knowles,2026-08,3,571,0.53,9.7
https://9takes.com/personality-analysis/blake-lively,2026-08,3,596,0.50,9.1
https://9takes.com/personality-analysis/bob-dylan,2026-08,3,876,0.34,9.4
https://9takes.com/personality-analysis/brad-pitt,2026-08,3,871,0.34,9.2
https://9takes.com/personality-analysis/carina-zavline,2026-08,3,66,4.55,8.0
https://9takes.com/personality-analysis/emma-chamberlain,2026-08,3,654,0.46,14.9
https://9takes.com/personality-analysis/gwyneth-paltrow,2026-08,3,220,1.36,9.5
https://9takes.com/personality-analysis/hailey-bieber,2026-08,3,1026,0.29,9.2
https://9takes.com/personality-analysis/kylie-jenner,2026-08,3,1049,0.29,8.4
https://9takes.com/personality-analysis/lana-del-rey,2026-08,3,1261,0.24,9.6
https://9takes.com/personality-analysis/marilyn-monroe,2026-08,3,705,0.43,10.0
https://9takes.com/personality-analysis/mark-zuckerberg,2026-08,3,1926,0.16,10.4
https://9takes.com/personality-analysis/matthew-mcconaughey,2026-08,3,512,0.59,7.0
https://9takes.com/personality-analysis/natalie-portman,2026-08,3,905,0.33,8.7
https://9takes.com/personality-analysis/nicole-kidman,2026-08,3,349,0.86,10.5
https://9takes.com/personality-analysis/sam-altman,2026-08,3,594,0.51,15.4
https://9takes.com/personality-analysis/sean-evans,2026-08,3,324,0.93,9.3
https://9takes.com/personality-analysis/tom-cruise,2026-08,3,1481,0.20,8.1
https://9takes.com/personality-analysis/tom-hiddleston,2026-08,3,337,0.89,10.8
https://9takes.com/personality-analysis/type/7,2026-08,3,1224,0.25,20.7
https://9takes.com/personality-analysis/zara-larsson,2026-08,3,296,1.01,9.0
https://9takes.com/pop-culture/tech-titans-ai-wars,2026-08,3,334,0.90,9.6
https://9takes.com/enneagram-corner/enneagram-communication-tips,2026-08,2,177,1.13,20.1
https://9takes.com/enneagram-corner/enneagram-type-3,2026-08,2,1604,0.12,29.4
https://9takes.com/enneagram-corner/enneagram-type-4,2026-08,2,937,0.21,41.9
https://9takes.com/enneagram-corner/enneagram-type-9,2026-08,2,1038,0.19,38.5
https://9takes.com/enneagram-corner/enneagram-types-at-party,2026-08,2,231,0.87,10.4
https://9takes.com/enneagram-corner/enneagram-types-on-a-first-date,2026-08,2,193,1.04,10.5
https://9takes.com/enneagram-corner/first-impression-cheat-sheet,2026-08,2,113,1.77,13.2
https://9takes.com/enneagram-corner/mental-health/enneagram-anxiety-complete-guide,2026-08,2,937,0.21,13.1
https://9takes.com/enneagram-corner/mental-health/enneagram-crisis-management-guide,2026-08,2,328,0.61,9.6
https://9takes.com/enneagram-corner/mental-health/enneagram-medication-mental-health,2026-08,3,181,1.66,12.2
https://9takes.com/enneagram-corner/mental-health/enneagram-science-mental-health,2026-08,2,1510,0.13,9.9
https://9takes.com/enneagram-corner/why-you-cant-stop-overthinking-enneagram,2026-08,2,368,0.54,7.7
https://9takes.com/personality-analysis/adela,2026-08,2,269,0.74,8.4
https://9takes.com/personality-analysis/albert-einstein,2026-08,2,144,1.39,14.8
https://9takes.com/personality-analysis/andrew-ross-sorkin,2026-08,2,18,11.11,8.6
https://9takes.com/personality-analysis/anna-kendrick,2026-08,2,144,1.39,9.1
https://9takes.com/personality-analysis/charli-xcx,2026-08,2,1009,0.20,8.6
https://9takes.com/personality-analysis/drake,2026-08,2,538,0.37,8.7
https://9takes.com/personality-analysis/druski,2026-08,2,601,0.33,8.7
https://9takes.com/personality-analysis/dua-lipa,2026-08,2,431,0.46,8.5
https://9takes.com/personality-analysis/gordon-ramsay,2026-08,2,65,3.08,9.3
https://9takes.com/personality-analysis/grimes,2026-08,2,468,0.43,14.8
https://9takes.com/personality-analysis/henry-cavill,2026-08,2,416,0.48,10.9
https://9takes.com/personality-analysis/jack-dorsey,2026-08,2,294,0.68,12.2
https://9takes.com/personality-analysis/jason-sudeikis,2026-08,2,69,2.90,7.5
https://9takes.com/personality-analysis/jennifer-garner,2026-08,2,150,1.33,6.9
https://9takes.com/personality-analysis/jimmy-fallon,2026-08,2,397,0.50,7.0
https://9takes.com/personality-analysis/jon-stewart,2026-08,2,316,0.63,8.7
https://9takes.com/personality-analysis/keke-palmer,2026-08,2,618,0.32,6.6
https://9takes.com/personality-analysis/kendall-jenner,2026-08,2,88,2.27,10.0
https://9takes.com/personality-analysis/khloe-kardashian,2026-08,2,555,0.36,7.6
https://9takes.com/personality-analysis/kim-kardashian,2026-08,2,182,1.10,12.3
https://9takes.com/personality-analysis/larry-page,2026-08,2,450,0.44,12.9
https://9takes.com/personality-analysis/lionel-messi,2026-08,2,1129,0.18,9.0
https://9takes.com/personality-analysis/logan-paul,2026-08,2,651,0.31,10.9
https://9takes.com/personality-analysis/marc-andreessen,2026-08,2,139,1.44,23.0
https://9takes.com/personality-analysis/margaret-qualley,2026-08,2,44,4.55,7.6
https://9takes.com/personality-analysis/margot-robbie,2026-08,2,429,0.47,8.0
https://9takes.com/personality-analysis/matt-damon,2026-08,2,105,1.90,6.8
https://9takes.com/personality-analysis/meryl-streep,2026-08,2,264,0.76,12.3
https://9takes.com/personality-analysis/michael-seibel,2026-08,2,316,0.63,10.3
https://9takes.com/personality-analysis/mikey-madison,2026-08,2,378,0.53,9.6
https://9takes.com/personality-analysis/ray-dalio,2026-08,2,184,1.09,17.8
https://9takes.com/personality-analysis/saoirse-ronan,2026-08,2,117,1.71,8.6
https://9takes.com/personality-analysis/scarlett-johansson,2026-08,2,360,0.56,8.3
https://9takes.com/personality-analysis/sergey-brin,2026-08,2,768,0.26,26.0
https://9takes.com/personality-analysis/steve-carell,2026-08,2,251,0.80,11.2
https://9takes.com/personality-analysis/steve-jobs,2026-08,2,435,0.46,13.9
https://9takes.com/personality-analysis/tina-fey,2026-08,2,1139,0.18,7.5
https://9takes.com/personality-analysis/tom-hardy,2026-08,2,994,0.20,8.2
https://9takes.com/personality-analysis/trevor-noah,2026-08,2,426,0.47,9.6
https://9takes.com/personality-analysis/winston-churchill,2026-08,2,501,0.40,10.2
https://9takes.com/pop-culture/what-enneagram-type-are-most-musicians,2026-08,2,121,1.65,6.3
https://9takes.com/community/why-im-selective-sharing-enneagram,2026-08,1,20,5.00,4.3
https://9takes.com/enneagram-corner/beginners-guide-to-determining-your-enneagram-type,2026-08,1,175,0.57,36.1
https://9takes.com/enneagram-corner/enneagram-and-religion,2026-08,1,657,0.15,29.5
https://9takes.com/enneagram-corner/enneagram-connecting-lines,2026-08,1,47,2.13,17.3
https://9takes.com/enneagram-corner/enneagram-parenting-styles,2026-08,1,331,0.30,28.1
https://9takes.com/enneagram-corner/enneagram-stress-number,2026-08,1,459,0.22,43.1
https://9takes.com/enneagram-corner/enneagram-team-dynamics,2026-08,1,299,0.33,33.8
https://9takes.com/enneagram-corner/enneagram-type-1,2026-08,1,132,0.76,20.8
https://9takes.com/enneagram-corner/enneagram-type-2,2026-08,1,562,0.18,46.6
https://9takes.com/enneagram-corner/enneagram-vs-personality-frameworks-comparison,2026-08,1,1290,0.08,8.9
https://9takes.com/enneagram-corner/mental-health/enneagram-therapy-resistance-guide,2026-08,1,116,0.86,21.9
https://9takes.com/enneagram-corner/why-the-next-thing-wont-fix-it-type-7,2026-08,1,52,1.92,25.6
https://9takes.com/how-to-guides/5-tough-conversations-you-need-to-have-with-your-partner,2026-08,1,65,1.54,40.7
https://9takes.com/how-to-guides/dating-dynamics-by-enneagram-type,2026-08,1,225,0.44,37.5
https://9takes.com/personality-analysis/adin-ross,2026-08,1,276,0.36,12.0
https://9takes.com/personality-analysis/alex-cooper,2026-08,1,247,0.40,12.6
https://9takes.com/personality-analysis/alexandria-ocasio-cortez,2026-08,1,205,0.49,7.8
https://9takes.com/personality-analysis/andrew-callaghan,2026-08,1,64,1.56,9.5
https://9takes.com/personality-analysis/anya-taylor-joy,2026-08,1,160,0.63,16.3
https://9takes.com/personality-analysis/barack-obama,2026-08,1,232,0.43,10.4
https://9takes.com/personality-analysis/ben-horowitz,2026-08,1,141,0.71,20.7
https://9takes.com/personality-analysis/billie-eilish,2026-08,1,697,0.14,11.0
https://9takes.com/personality-analysis/brian-chesky,2026-08,1,13,7.69,21.2
https://9takes.com/personality-analysis/brittany-broski,2026-08,1,370,0.27,10.7
https://9takes.com/personality-analysis/casey-neistat,2026-08,1,576,0.17,11.7
https://9takes.com/personality-analysis/chamath-palihapitiya,2026-08,1,124,0.81,20.4
https://9takes.com/personality-analysis/christian-bale,2026-08,1,212,0.47,8.2
https://9takes.com/personality-analysis/christopher-nolan,2026-08,1,183,0.55,10.2
https://9takes.com/personality-analysis/corinna-kopf,2026-08,1,29,3.45,5.4
https://9takes.com/personality-analysis/dalton-caldwell,2026-08,1,177,0.56,8.9
https://9takes.com/personality-analysis/dave-portnoy,2026-08,1,205,0.49,22.7
https://9takes.com/personality-analysis/dax-shepard,2026-08,1,27,3.70,7.7
https://9takes.com/personality-analysis/denzel-washington,2026-08,1,374,0.27,7.9
https://9takes.com/personality-analysis/dr-phil,2026-08,1,100,1.00,12.1
https://9takes.com/personality-analysis/dwayne-johnson,2026-08,1,1476,0.07,8.5
https://9takes.com/personality-analysis/garry-tan,2026-08,1,69,1.45,14.1
https://9takes.com/personality-analysis/george-h-w-bush,2026-08,1,209,0.48,17.1
https://9takes.com/personality-analysis/hilary-duff,2026-08,1,264,0.38,8.9
https://9takes.com/personality-analysis/hugh-jackman,2026-08,1,683,0.15,8.8
https://9takes.com/personality-analysis/jackie-kennedy,2026-08,1,352,0.28,8.5
https://9takes.com/personality-analysis/jennifer-lopez,2026-08,1,316,0.32,9.6
https://9takes.com/personality-analysis/joe-biden,2026-08,1,82,1.22,14.9
https://9takes.com/personality-analysis/joe-lonsdale,2026-08,1,86,1.16,12.4
https://9takes.com/personality-analysis/joe-rogan,2026-08,1,700,0.14,8.6
https://9takes.com/personality-analysis/john-f-kennedy,2026-08,1,459,0.22,17.0
https://9takes.com/personality-analysis/johnny-depp,2026-08,1,622,0.16,10.6
https://9takes.com/personality-analysis/kai-cenat,2026-08,1,1513,0.07,7.5
https://9takes.com/personality-analysis/kamala-harris,2026-08,1,75,1.33,21.6
https://9takes.com/personality-analysis/keanu-reeves,2026-08,1,327,0.31,10.9
https://9takes.com/personality-analysis/kendrick-lamar,2026-08,1,312,0.32,13.0
https://9takes.com/personality-analysis/lady-gaga,2026-08,1,163,0.61,12.9
https://9takes.com/personality-analysis/michael-b-jordan,2026-08,1,270,0.37,10.0
https://9takes.com/personality-analysis/michelle-obama,2026-08,1,276,0.36,11.9
https://9takes.com/personality-analysis/morgan-wallen,2026-08,1,102,0.98,9.6
https://9takes.com/personality-analysis/mr-beast,2026-08,1,392,0.26,12.8
https://9takes.com/personality-analysis/nikola-tesla,2026-08,1,576,0.17,9.4
https://9takes.com/personality-analysis/oliver-tree,2026-08,1,1089,0.09,7.5
https://9takes.com/personality-analysis/olivia-munn,2026-08,1,108,0.93,11.0
https://9takes.com/personality-analysis/pete-davidson,2026-08,1,130,0.77,13.0
https://9takes.com/personality-analysis/pete-hegseth,2026-08,1,57,1.75,6.3
https://9takes.com/personality-analysis/peter-thiel,2026-08,1,395,0.25,13.7
https://9takes.com/personality-analysis/phoebe-bridgers,2026-08,1,183,0.55,8.0
https://9takes.com/personality-analysis/pinkpantheress,2026-08,1,38,2.63,7.8
https://9takes.com/personality-analysis/robert-greene,2026-08,1,607,0.16,12.4
https://9takes.com/personality-analysis/ronald-reagan,2026-08,1,306,0.33,24.1
https://9takes.com/personality-analysis/rooney-mara,2026-08,1,276,0.36,7.4
https://9takes.com/personality-analysis/ruth-bader-ginsburg,2026-08,1,79,1.27,16.3
https://9takes.com/personality-analysis/ryan-grim,2026-08,1,89,1.12,14.8
https://9takes.com/personality-analysis/shia-labeouf,2026-08,1,315,0.32,9.1
https://9takes.com/personality-analysis/sundar-pichai,2026-08,1,167,0.60,10.8
https://9takes.com/personality-analysis/sydney-sweeney,2026-08,1,696,0.14,8.3
https://9takes.com/personality-analysis/travis-kalanick,2026-08,1,73,1.37,6.7
https://9takes.com/personality-analysis/travis-kelce,2026-08,1,131,0.76,7.7
https://9takes.com/personality-analysis/tyler-cowen,2026-08,1,89,1.12,10.5
https://9takes.com/personality-analysis/zayn-malik,2026-08,1,1240,0.08,6.4
https://9takes.com/personality-analysis/zoe-kravitz,2026-08,1,168,0.60,11.5
https://9takes.com/personality-analysis/zohran-mamdani,2026-08,1,86,1.16,6.9
https://9takes.com/pop-culture/ghislaine-maxwell-psychology,2026-08,1,421,0.24,8.9
https://9takes.com/pop-culture/google-leadership-evolution,2026-08,1,364,0.27,14.8
https://9takes.com/pop-culture/incel-blackpill-radicalization-enneagram,2026-08,1,149,0.67,26.0
https://9takes.com/pop-culture/tbpn-john-coogan-jordi-hays-enneagram-dynamic,2026-08,1,106,0.94,9.6
https://9takes.com/pop-culture/tech-titans-leadership-styles,2026-08,1,163,0.61,13.0
https://9takes.com/pop-culture/us-presidents-enneagram-analysis,2026-08,1,17,5.88,8.1
https://9takes.com/about,2026-08,0,70,0.00,4.0
https://9takes.com/blog,2026-08,0,57,0.00,5.7
https://9takes.com/community,2026-08,0,57,0.00,6.5
https://9takes.com/community/introducing-9takes,2026-08,0,1,0.00,6.0
https://9takes.com/community/kantian-filters-and-nine-perspectives,2026-08,0,7,0.00,7.3
https://9takes.com/community/personality-frameworks-map-not-territory,2026-08,0,2,0.00,7.0
https://9takes.com/enneagram-corner/enneagram-books-websites-podcasts,2026-08,0,42,0.00,33.1
https://9takes.com/enneagram-corner/enneagram-communication-guide,2026-08,0,41,0.00,19.0
https://9takes.com/enneagram-corner/enneagram-communication-styles,2026-08,0,183,0.00,16.8
https://9takes.com/enneagram-corner/enneagram-concepts,2026-08,0,262,0.00,55.9
https://9takes.com/enneagram-corner/enneagram-dating-guide-for-men,2026-08,0,148,0.00,12.7
https://9takes.com/enneagram-corner/enneagram-influences,2026-08,0,44,0.00,34.7
https://9takes.com/enneagram-corner/enneagram-leadership,2026-08,0,172,0.00,47.7
https://9takes.com/enneagram-corner/enneagram-party-planner,2026-08,0,24,0.00,7.5
https://9takes.com/enneagram-corner/enneagram-personal-growth,2026-08,0,394,0.00,24.4
https://9takes.com/enneagram-corner/enneagram-self-development,2026-08,0,72,0.00,23.2
https://9takes.com/enneagram-corner/enneagram-vs-meyers-briggs,2026-08,0,163,0.00,32.5
https://9takes.com/enneagram-corner/first-impression-enneagram-playbook,2026-08,0,17,0.00,13.4
https://9takes.com/enneagram-corner/how-each-enneagram-flexes,2026-08,0,129,0.00,15.9
https://9takes.com/enneagram-corner/how-each-enneagram-type-self-sabotages-success,2026-08,0,272,0.00,10.2
https://9takes.com/enneagram-corner/how-each-enneagram-type-unwinds,2026-08,0,81,0.00,27.4
https://9takes.com/enneagram-corner/how-to-navigate-early-relationship-stages,2026-08,0,65,0.00,16.1
https://9takes.com/enneagram-corner/neurodiversity-vs-personality,2026-08,0,6,0.00,24.0
https://9takes.com/enneagram-corner/philosophy-psychology-and-the-enneagram,2026-08,0,51,0.00,11.4
https://9takes.com/enneagram-corner/subtopic/development,2026-08,0,14,0.00,14.1
https://9takes.com/enneagram-corner/subtopic/nine-types,2026-08,0,19,0.00,51.3
https://9takes.com/enneagram-corner/subtopic/situational,2026-08,0,48,0.00,43.9
https://9takes.com/enneagram-test,2026-08,0,1,0.00,20.0
https://9takes.com/how-to-guides,2026-08,0,21,0.00,9.7
https://9takes.com/how-to-guides/definitive-guide-to-self-efficacy,2026-08,0,11,0.00,11.8
https://9takes.com/how-to-guides/the-crash-course-on-emotions-that-we-missed-in-kindergarten,2026-08,0,1,0.00,15.0
https://9takes.com/how-to-guides/using-the-enneagram-for-self-development,2026-08,0,13,0.00,18.8
https://9takes.com/personality-analysis/Bad-Bunny,2026-08,0,10,0.00,5.7
https://9takes.com/personality-analysis/Bobbi-Althoff,2026-08,0,25,0.00,8.2
https://9takes.com/personality-analysis/Chamath-Palihapitiya,2026-08,0,1,0.00,9.0
https://9takes.com/personality-analysis/Charli-D'Amelio,2026-08,0,26,0.00,10.4
https://9takes.com/personality-analysis/Charli-xcx,2026-08,0,3,0.00,3.0
https://9takes.com/personality-analysis/David-Dobrik,2026-08,0,2,0.00,8.5
https://9takes.com/personality-analysis/Lupita-Nyongo,2026-08,0,11,0.00,25.0
https://9takes.com/personality-analysis/Marcello-Hernandez,2026-08,0,1,0.00,2.0
https://9takes.com/personality-analysis/abraham-lincoln,2026-08,0,19,0.00,6.8
https://9takes.com/personality-analysis/adam-neumann,2026-08,0,33,0.00,9.5
https://9takes.com/personality-analysis/adam-sandler,2026-08,0,39,0.00,7.0
https://9takes.com/personality-analysis/agatha-christie,2026-08,0,218,0.00,18.3
https://9takes.com/personality-analysis/alex-lieberman,2026-08,0,5,0.00,18.4
https://9takes.com/personality-analysis/alex-warren,2026-08,0,65,0.00,8.4
https://9takes.com/personality-analysis/alix-earle,2026-08,0,11,0.00,10.6
https://9takes.com/personality-analysis/alysa-liu,2026-08,0,141,0.00,13.6
https://9takes.com/personality-analysis/amber-heard,2026-08,0,227,0.00,10.9
https://9takes.com/personality-analysis/amelia-dimoldenberg,2026-08,0,16,0.00,9.9
https://9takes.com/personality-analysis/ana-de-armas,2026-08,0,31,0.00,6.7
https://9takes.com/personality-analysis/andrew-tate,2026-08,0,182,0.00,12.7
https://9takes.com/personality-analysis/anna-wintour,2026-08,0,182,0.00,10.7
https://9takes.com/personality-analysis/anthony-bourdain,2026-08,0,17,0.00,11.9
https://9takes.com/personality-analysis/austin-butler,2026-08,0,21,0.00,6.6
https://9takes.com/personality-analysis/bad-bunny,2026-08,0,94,0.00,9.4
https://9takes.com/personality-analysis/bella-hadid,2026-08,0,8,0.00,6.9
https://9takes.com/personality-analysis/bella-poarch,2026-08,0,41,0.00,7.8
https://9takes.com/personality-analysis/benny-blanco,2026-08,0,78,0.00,8.6
https://9takes.com/personality-analysis/bert-kreischer,2026-08,0,3,0.00,7.0
https://9takes.com/personality-analysis/bill-clinton,2026-08,0,10,0.00,7.0
https://9takes.com/personality-analysis/bill-gates,2026-08,0,295,0.00,11.8
https://9takes.com/personality-analysis/bobbi-althoff,2026-08,0,102,0.00,14.3
https://9takes.com/personality-analysis/bobby-lee,2026-08,0,9,0.00,8.0
https://9takes.com/personality-analysis/bradley-martyn,2026-08,0,6,0.00,7.2
https://9takes.com/personality-analysis/britney-spears,2026-08,0,33,0.00,7.5
https://9takes.com/personality-analysis/caleb-hearon,2026-08,0,533,0.00,7.3
https://9takes.com/personality-analysis/cardi-b,2026-08,0,105,0.00,12.3
https://9takes.com/personality-analysis/categories/authors-thinkers,2026-08,0,1,0.00,1.0
https://9takes.com/personality-analysis/categories/creator-media,2026-08,0,18,0.00,8.6
https://9takes.com/personality-analysis/categories/film-tv,2026-08,0,28,0.00,8.1
https://9takes.com/personality-analysis/categories/politics-public,2026-08,0,8,0.00,9.5
https://9takes.com/personality-analysis/cathie-wood,2026-08,0,13,0.00,6.8
https://9takes.com/personality-analysis/chappell-roan,2026-08,0,290,0.00,11.8
https://9takes.com/personality-analysis/charlie-puth,2026-08,0,315,0.00,8.1
https://9takes.com/personality-analysis/chelsea-handler,2026-08,0,11,0.00,12.7
https://9takes.com/personality-analysis/chris-hemsworth,2026-08,0,121,0.00,10.3
https://9takes.com/personality-analysis/chris-williamson,2026-08,0,53,0.00,13.5
https://9takes.com/personality-analysis/conan-obrien,2026-08,0,95,0.00,8.4
https://9takes.com/personality-analysis/cristiano-ronaldo,2026-08,0,41,0.00,8.4
https://9takes.com/personality-analysis/david-beckham,2026-08,0,440,0.00,8.1
https://9takes.com/personality-analysis/david-corenswet,2026-08,0,70,0.00,8.3
https://9takes.com/personality-analysis/david-dobrik,2026-08,0,93,0.00,15.6
https://9takes.com/personality-analysis/david-goggins,2026-08,0,305,0.00,10.4
https://9takes.com/personality-analysis/david-sacks,2026-08,0,38,0.00,8.3
https://9takes.com/personality-analysis/dixie-d'amelio,2026-08,0,1,0.00,27.0
https://9takes.com/personality-analysis/dixie-damelio,2026-08,0,19,0.00,7.2
https://9takes.com/personality-analysis/doechii,2026-08,0,190,0.00,11.0
https://9takes.com/personality-analysis/dolly-parton,2026-08,0,7,0.00,8.3
https://9takes.com/personality-analysis/donald-trump,2026-08,0,91,0.00,22.5
https://9takes.com/personality-analysis/elizabeth-holmes,2026-08,0,16,0.00,7.1
https://9takes.com/personality-analysis/ellen-degeneres,2026-08,0,14,0.00,7.1
https://9takes.com/personality-analysis/elon-musk,2026-08,0,536,0.00,24.0
https://9takes.com/personality-analysis/elton-john,2026-08,0,139,0.00,11.7
https://9takes.com/personality-analysis/eminem,2026-08,0,431,0.00,14.3
https://9takes.com/personality-analysis/emma-myers,2026-08,0,11,0.00,7.8
https://9takes.com/personality-analysis/ernest-hemingway,2026-08,0,20,0.00,15.2
https://9takes.com/personality-analysis/freddie-mercury,2026-08,0,1,0.00,8.0
https://9takes.com/personality-analysis/frida-kahlo,2026-08,0,90,0.00,14.4
https://9takes.com/personality-analysis/gavin-newsom,2026-08,0,47,0.00,25.1
https://9takes.com/personality-analysis/george-rr-martin,2026-08,0,101,0.00,9.9
https://9takes.com/personality-analysis/george-w-bush,2026-08,0,166,0.00,9.7
https://9takes.com/personality-analysis/gigi-hadid,2026-08,0,35,0.00,5.4
https://9takes.com/personality-analysis/greta-thunberg,2026-08,0,24,0.00,17.0
https://9takes.com/personality-analysis/halsey,2026-08,0,126,0.00,12.6
https://9takes.com/personality-analysis/harrison-ford,2026-08,0,46,0.00,9.5
https://9takes.com/personality-analysis/hayao-miyazaki,2026-08,0,32,0.00,12.0
https://9takes.com/personality-analysis/hillary-clinton,2026-08,0,15,0.00,12.1
https://9takes.com/personality-analysis/howard-stern,2026-08,0,130,0.00,15.7
https://9takes.com/personality-analysis/hunter-biden,2026-08,0,1,0.00,3.0
https://9takes.com/personality-analysis/ice-spice,2026-08,0,4,0.00,6.3
https://9takes.com/personality-analysis/ilona-maher,2026-08,0,205,0.00,9.2
https://9takes.com/personality-analysis/jack-antonoff,2026-08,0,29,0.00,10.8
https://9takes.com/personality-analysis/jake-paul,2026-08,0,156,0.00,14.3
https://9takes.com/personality-analysis/james-charles,2026-08,0,9,0.00,6.6
https://9takes.com/personality-analysis/jamie-dimon,2026-08,0,131,0.00,7.5
https://9takes.com/personality-analysis/jason-calacanis,2026-08,0,51,0.00,11.8
https://9takes.com/personality-analysis/jeff-bezos,2026-08,0,342,0.00,17.0
https://9takes.com/personality-analysis/jeremy-allen-white,2026-08,0,2,0.00,8.5
https://9takes.com/personality-analysis/jimmy-carter,2026-08,0,5,0.00,5.4
https://9takes.com/personality-analysis/jk-rowling,2026-08,0,28,0.00,9.4
https://9takes.com/personality-analysis/joaquin-phoenix,2026-08,0,288,0.00,18.6
https://9takes.com/personality-analysis/john-d-rockefeller,2026-08,0,61,0.00,8.2
https://9takes.com/personality-analysis/john-lennon,2026-08,0,6,0.00,7.2
https://9takes.com/personality-analysis/john-ternus,2026-08,0,95,0.00,8.8
https://9takes.com/personality-analysis/joseph-stalin,2026-08,0,64,0.00,9.2
https://9takes.com/personality-analysis/julia-fox,2026-08,0,94,0.00,8.4
https://9takes.com/personality-analysis/justin-bieber,2026-08,0,439,0.00,10.4
https://9takes.com/personality-analysis/jynxzi,2026-08,0,5,0.00,9.8
https://9takes.com/personality-analysis/kacey-musgraves,2026-08,0,19,0.00,7.3
https://9takes.com/personality-analysis/kaia-gerber,2026-08,0,372,0.00,8.5
https://9takes.com/personality-analysis/kanye,2026-08,0,487,0.00,10.3
https://9takes.com/personality-analysis/kate-hudson,2026-08,0,36,0.00,9.3
https://9takes.com/personality-analysis/katy-perry,2026-08,0,100,0.00,12.2
https://9takes.com/personality-analysis/keith-lee,2026-08,0,9,0.00,5.7
https://9takes.com/personality-analysis/kevin-hart,2026-08,0,72,0.00,12.1
https://9takes.com/personality-analysis/kris-jenner,2026-08,0,42,0.00,7.2
https://9takes.com/personality-analysis/kristen-bell,2026-08,0,152,0.00,10.4
https://9takes.com/personality-analysis/krystal-ball,2026-08,0,4,0.00,20.3
https://9takes.com/personality-analysis/kyle-forgeard,2026-08,0,108,0.00,7.4
https://9takes.com/personality-analysis/lamine-yamal,2026-08,0,151,0.00,7.2
https://9takes.com/personality-analysis/lana-rhoades,2026-08,0,89,0.00,8.5
https://9takes.com/personality-analysis/leonardo-da-vinci,2026-08,0,30,0.00,12.1
https://9takes.com/personality-analysis/leonardo-dicaprio,2026-08,0,256,0.00,13.6
https://9takes.com/personality-analysis/lili-reinhart,2026-08,0,111,0.00,11.0
https://9takes.com/personality-analysis/lily-allen,2026-08,0,9,0.00,13.0
https://9takes.com/personality-analysis/lupita-nyongo,2026-08,0,35,0.00,15.7
https://9takes.com/personality-analysis/marcello-hernandez,2026-08,0,56,0.00,9.4
https://9takes.com/personality-analysis/marcus-aurelius,2026-08,0,3,0.00,6.0
https://9takes.com/personality-analysis/markiplier,2026-08,0,100,0.00,9.2
https://9takes.com/personality-analysis/martin-luther-king-jr,2026-08,0,24,0.00,37.3
https://9takes.com/personality-analysis/matt-smith,2026-08,0,24,0.00,7.2
https://9takes.com/personality-analysis/megan-fox,2026-08,0,39,0.00,8.4
https://9takes.com/personality-analysis/meghan-trainor,2026-08,0,18,0.00,11.7
https://9takes.com/personality-analysis/mila-kunis,2026-08,0,25,0.00,15.6
https://9takes.com/personality-analysis/miles-teller,2026-08,0,326,0.00,13.2
https://9takes.com/personality-analysis/miley-cyrus,2026-08,0,177,0.00,12.2
https://9takes.com/personality-analysis/millie-bobby-brown,2026-08,0,222,0.00,11.4
https://9takes.com/personality-analysis/milly-alcock,2026-08,0,33,0.00,8.8
https://9takes.com/personality-analysis/mindy-kaling,2026-08,0,31,0.00,8.1
https://9takes.com/personality-analysis/mira-murati,2026-08,0,43,0.00,9.2
https://9takes.com/personality-analysis/mother-teresa,2026-08,0,37,0.00,10.9
https://9takes.com/personality-analysis/nancy-pelosi,2026-08,0,105,0.00,18.3
https://9takes.com/personality-analysis/nancy-reagan,2026-08,0,12,0.00,5.6
https://9takes.com/personality-analysis/naomi-osaka,2026-08,0,6,0.00,12.0
https://9takes.com/personality-analysis/nicki-minaj,2026-08,0,32,0.00,7.0
https://9takes.com/personality-analysis/noah-kahan,2026-08,0,49,0.00,8.8
https://9takes.com/personality-analysis/odessa-azion,2026-08,0,51,0.00,7.5
https://9takes.com/personality-analysis/olivia-cooke,2026-08,0,1,0.00,10.0
https://9takes.com/personality-analysis/oprah-winfrey,2026-08,0,291,0.00,15.6
https://9takes.com/personality-analysis/palmer-luckey,2026-08,0,204,0.00,14.4
https://9takes.com/personality-analysis/pamela-anderson,2026-08,0,5,0.00,11.0
https://9takes.com/personality-analysis/paris-hilton,2026-08,0,111,0.00,11.9
https://9takes.com/personality-analysis/patrick-bet-david,2026-08,0,7,0.00,8.3
https://9takes.com/personality-analysis/paul-graham,2026-08,0,102,0.00,8.6
https://9takes.com/personality-analysis/paul-mescal,2026-08,0,41,0.00,7.5
https://9takes.com/personality-analysis/pedro-pascal,2026-08,0,310,0.00,7.6
https://9takes.com/personality-analysis/post-malone,2026-08,0,10,0.00,7.5
https://9takes.com/personality-analysis/prince,2026-08,0,134,0.00,8.8
https://9takes.com/personality-analysis/reed-hastings,2026-08,0,130,0.00,22.0
https://9takes.com/personality-analysis/rick-rubin,2026-08,0,3,0.00,8.3
https://9takes.com/personality-analysis/riz-ahmed,2026-08,0,47,0.00,8.1
https://9takes.com/personality-analysis/robert-de-niro,2026-08,0,47,0.00,8.7
https://9takes.com/personality-analysis/robert-oppenheimer,2026-08,0,242,0.00,20.5
https://9takes.com/personality-analysis/robin-williams,2026-08,0,38,0.00,8.3
https://9takes.com/personality-analysis/rupert-murdoch,2026-08,0,13,0.00,8.4
https://9takes.com/personality-analysis/ryan-reynolds,2026-08,0,8,0.00,6.0
https://9takes.com/personality-analysis/sam-bankman-fried,2026-08,0,177,0.00,23.8
https://9takes.com/personality-analysis/sam-parr,2026-08,0,65,0.00,13.4
https://9takes.com/personality-analysis/samuel-l-jackson,2026-08,0,9,0.00,18.8
https://9takes.com/personality-analysis/sarah-safari,2026-08,0,1,0.00,9.0
https://9takes.com/personality-analysis/satya-nadella,2026-08,0,23,0.00,35.8
https://9takes.com/personality-analysis/seth-rogen,2026-08,0,21,0.00,8.5
https://9takes.com/personality-analysis/shaan-puri,2026-08,0,45,0.00,13.8
https://9takes.com/personality-analysis/shailene-woodley,2026-08,0,5,0.00,6.2
https://9takes.com/personality-analysis/simone-biles,2026-08,0,15,0.00,14.1
https://9takes.com/personality-analysis/snoop-dogg,2026-08,0,131,0.00,11.0
https://9takes.com/personality-analysis/sofia-vergara,2026-08,0,32,0.00,7.4
https://9takes.com/personality-analysis/stephen-a-smith,2026-08,0,5,0.00,4.2
https://9takes.com/personality-analysis/stephen-colbert,2026-08,0,22,0.00,8.0
https://9takes.com/personality-analysis/stephen-hawking,2026-08,0,638,0.00,10.6
https://9takes.com/personality-analysis/steven-bartlett,2026-08,0,25,0.00,12.3
https://9takes.com/personality-analysis/sza,2026-08,0,56,0.00,8.5
https://9takes.com/personality-analysis/tate-mcrae,2026-08,0,3,0.00,11.0
https://9takes.com/personality-analysis/taylor-frankie-paul,2026-08,0,17,0.00,8.4
https://9takes.com/personality-analysis/taylor-lorenz,2026-08,0,3,0.00,10.0
https://9takes.com/personality-analysis/taylor-swift,2026-08,0,65,0.00,12.0
https://9takes.com/personality-analysis/teyana-taylor,2026-08,0,99,0.00,8.6
https://9takes.com/personality-analysis/tim-cook,2026-08,0,10,0.00,9.5
https://9takes.com/personality-analysis/tim-dillon,2026-08,0,52,0.00,21.6
https://9takes.com/personality-analysis/tim-robinson,2026-08,0,9,0.00,8.1
https://9takes.com/personality-analysis/tom-hanks,2026-08,0,246,0.00,10.7
https://9takes.com/personality-analysis/tucker-carlson,2026-08,0,223,0.00,33.3
https://9takes.com/personality-analysis/tyler-perry,2026-08,0,1,0.00,9.0
https://9takes.com/personality-analysis/tyler1,2026-08,0,23,0.00,9.1
https://9takes.com/personality-analysis/victoria-justice,2026-08,0,45,0.00,8.7
https://9takes.com/personality-analysis/vincent-van-gogh,2026-08,0,17,0.00,9.1
https://9takes.com/personality-analysis/vivek-ramaswamy,2026-08,0,71,0.00,8.0
https://9takes.com/personality-analysis/warren-buffett,2026-08,0,21,0.00,6.1
https://9takes.com/personality-analysis/xqc,2026-08,0,112,0.00,16.2
https://9takes.com/personality-analysis/yang-zhilin,2026-08,0,10,0.00,8.9
https://9takes.com/pop-culture,2026-08,0,149,0.00,15.4
https://9takes.com/pop-culture/cancel-culture-enneagram-type,2026-08,0,63,0.00,9.3
https://9takes.com/pop-culture/comedy-kings-enneagram-analysis,2026-08,0,20,0.00,8.4
https://9takes.com/pop-culture/epstein-psychology-part-1,2026-08,0,222,0.00,19.0
https://9takes.com/pop-culture/epstein-psychology-part-2,2026-08,0,41,0.00,12.2
https://9takes.com/pop-culture/fallen-founders-enneagram-analysis,2026-08,0,27,0.00,9.1
https://9takes.com/pop-culture/hollywood-heartthrobs-enneagram-analysis,2026-08,0,69,0.00,7.9
https://9takes.com/pop-culture/musk-vs-altman-trial-personality-dynamics,2026-08,0,3,0.00,7.3
https://9takes.com/pop-culture/podcaster-personality-map,2026-08,0,19,0.00,9.4
https://9takes.com/pop-culture/tech-titans-disruptors,2026-08,0,18,0.00,9.2
https://9takes.com/pop-culture/trump-type-8-vs-biden-type-2,2026-08,0,15,0.00,6.5
https://9takes.com/questions,2026-08,0,47,0.00,6.7
https://9takes.com/questions/categories/intimacy-and-connection,2026-08,0,1,0.00,6.0
https://9takes.com/questions/categories/personal-challenges,2026-08,0,2,0.00,48.0
https://9takes.com/questions/categories/personal-growth,2026-08,0,1,0.00,9.0
https://9takes.com/questions/categories/relationship-challenges,2026-08,0,1,0.00,2.0
https://9takes.com/questions/categories/relationships,2026-08,0,1,0.00,5.0
https://9takes.com/questions/part-daily-routine-wish-started-sooner,2026-08,0,1,0.00,8.0
https://9takes.com/questions/technical-skills-worth-knowing-programming,2026-08,0,2,0.00,31.5
https://9takes.com/questions/what-are-you-thinking-about-these-days,2026-08,0,1,0.00,7.0
https://9takes.com/questions/whats-criteria-considering-someone-friend,2026-08,0,1,0.00,6.0
https://9takes.com/questions/whats-something-every-day-seem-fine-nobody-knows-costing-effort,2026-08,0,3,0.00,16.0
https://9takes.com/questions/why-people-2-phones-trying-find-answer-without-assuming-bf-anything-negative-people,2026-08,0,6,0.00,9.8
https://9takes.com/enneagram-corner/enneagram-and-mental-illness,2026-09,98,6931,1.41,6.8
https://9takes.com/personality-analysis/sky-bri,2026-09,95,27377,0.35,10.3
https://9takes.com/enneagram-corner/enneagram-and-adhd-which-types-struggle-most,2026-09,68,3799,1.79,4.6
https://9takes.com/enneagram-corner/astrology-and-the-enneagram,2026-09,62,6313,0.98,6.5
https://9takes.com/enneagram-corner/depression-patterns-by-enneagram-type,2026-09,33,4024,0.82,6.6
https://9takes.com/enneagram-corner/enneagram-compatibility-matrix,2026-09,27,4021,0.67,10.8
https://9takes.com/personality-analysis/dario-amodei,2026-09,24,3652,0.66,8.9
https://9takes.com/personality-analysis/type/2,2026-09,24,1577,1.52,9.3
https://9takes.com/personality-analysis/jordi-hays,2026-09,24,7849,0.31,6.6
https://9takes.com/enneagram-corner/toxic-traits-of-each-enneagram-type,2026-09,21,3888,0.54,8.7
https://9takes.com/personality-analysis/type/1,2026-09,20,1339,1.49,12.1
https://9takes.com/enneagram-corner/mental-health/enneagram-neurodivergence-guide,2026-09,18,3376,0.53,6.9
https://9takes.com/,2026-09,17,129,13.18,7.3
https://9takes.com/personality-analysis/ashby,2026-09,16,3668,0.44,9.6
https://9takes.com/pop-culture/kardashian-family-enneagram-analysis,2026-09,16,2072,0.77,7.5
https://9takes.com/enneagram-corner/mental-health/enneagram-addiction-recovery-guide,2026-09,15,1079,1.39,7.9
https://9takes.com/personality-analysis/selena-gomez,2026-09,15,2112,0.71,6.9
https://9takes.com/personality-analysis/shawn-ryan,2026-09,14,2659,0.53,9.5
https://9takes.com/personality-analysis/asmongold,2026-09,13,2338,0.56,8.6
https://9takes.com/enneagram-corner/enneagram-communication-tips,2026-09,12,1132,1.06,8.1
https://9takes.com/personality-analysis/ishowspeed,2026-09,12,5629,0.21,7.1
https://9takes.com/personality-analysis/jack-black,2026-09,12,1729,0.69,6.6
https://9takes.com/personality-analysis/sydney-sweeney,2026-09,12,1733,0.69,6.8
https://9takes.com/personality-analysis/type/3,2026-09,12,1743,0.69,7.7
https://9takes.com/enneagram-corner/attachment-styles-and-enneagram-types,2026-09,11,2874,0.38,8.3
https://9takes.com/enneagram-corner/enneagram-wings-complete-guide,2026-09,11,2392,0.46,8.5
https://9takes.com/personality-analysis/hailey-bieber,2026-09,11,1357,0.81,7.9
https://9takes.com/personality-analysis/leila-hormozi,2026-09,11,984,1.12,6.2
https://9takes.com/personality-analysis/meghan-markle,2026-09,11,1576,0.70,7.0
https://9takes.com/personality-analysis/tyler-cowen,2026-09,11,144,7.64,7.5
https://9takes.com/personality-analysis/type/5,2026-09,11,1180,0.93,9.0
https://9takes.com/personality-analysis/type/6,2026-09,11,1081,1.02,32.6
https://9takes.com/personality-analysis/ella-langley,2026-09,10,1393,0.72,7.9
https://9takes.com/personality-analysis/type/8,2026-09,10,754,1.33,10.0
https://9takes.com/enneagram-corner/enneagram-types-and-career-choices,2026-09,9,703,1.28,11.9
https://9takes.com/enneagram-corner/enneagram-types-being-ghosted,2026-09,9,404,2.23,6.7
https://9takes.com/personality-analysis/ariana-grande,2026-09,9,2587,0.35,9.0
https://9takes.com/personality-analysis/lex-fridman,2026-09,10,510,1.96,8.7
https://9takes.com/personality-analysis/madison-beer,2026-09,9,1263,0.71,8.6
https://9takes.com/personality-analysis/oliver-tree,2026-09,9,1565,0.58,7.3
https://9takes.com/personality-analysis/sabrina-carpenter,2026-09,9,1983,0.45,6.0
https://9takes.com/personality-analysis/tara-yummy,2026-09,9,1597,0.56,9.1
https://9takes.com/personality-analysis/tom-cruise,2026-09,9,1740,0.52,8.7
https://9takes.com/personality-analysis/type/9,2026-09,9,1539,0.58,12.2
https://9takes.com/enneagram-corner/biggest-compliments-to-give-each-enneagram-type,2026-09,8,538,1.49,6.4
https://9takes.com/enneagram-corner/enneagram-instinctual-subtypes,2026-09,8,2356,0.34,11.6
https://9takes.com/enneagram-corner/how-each-enneagram-type-manipulates,2026-09,8,1744,0.46,6.8
https://9takes.com/enneagram-corner/enneagram-strengths-and-weaknesses,2026-09,7,836,0.84,7.7
https://9takes.com/enneagram-corner/how-to-apologize-like-a-pro,2026-09,7,343,2.04,6.7
https://9takes.com/enneagram-corner/toxic-traits-relationships-warning-signs,2026-09,7,870,0.80,8.0
https://9takes.com/personality-analysis/benson-boone,2026-09,7,1477,0.47,8.3
https://9takes.com/personality-analysis/charli-damelio,2026-09,8,1340,0.60,8.4
https://9takes.com/personality-analysis/cillian-murphy,2026-09,7,3569,0.20,9.1
https://9takes.com/personality-analysis/jason-sudeikis,2026-09,7,307,2.28,6.3
https://9takes.com/personality-analysis/john-coogan,2026-09,7,1054,0.66,7.2
https://9takes.com/personality-analysis/marcello-hernandez,2026-09,7,507,1.38,7.9
https://9takes.com/personality-analysis/natalie-portman,2026-09,7,1360,0.51,7.0
https://9takes.com/personality-analysis/robert-pattinson,2026-09,7,1661,0.42,7.6
https://9takes.com/enneagram-corner/enneagram-and-religion,2026-09,6,364,1.65,17.9
https://9takes.com/enneagram-corner/enneagram-type-9,2026-09,6,832,0.72,32.1
https://9takes.com/enneagram-corner/mental-health/enneagram-crisis-management-guide,2026-09,6,261,2.30,8.4
https://9takes.com/personality-analysis/bernard-arnault,2026-09,6,924,0.65,7.9
https://9takes.com/personality-analysis/carina-zavline,2026-09,6,115,5.22,7.2
https://9takes.com/personality-analysis/lionel-messi,2026-09,6,1129,0.53,8.7
https://9takes.com/personality-analysis/rihanna,2026-09,6,929,0.65,8.2
https://9takes.com/personality-analysis/ryan-gosling,2026-09,6,3761,0.16,8.6
https://9takes.com/personality-analysis/type/4,2026-09,6,742,0.81,10.6
https://9takes.com/personality-analysis/zendaya,2026-09,6,3433,0.17,9.1
https://9takes.com/pop-culture/tech-titans-leadership-styles,2026-09,6,327,1.83,9.1
https://9takes.com/enneagram-corner,2026-09,5,133,3.76,21.5
https://9takes.com/enneagram-corner/enneagram-mental-health-flags,2026-09,5,203,2.46,7.9
https://9takes.com/enneagram-corner/enneagram-test-comparison-2025,2026-09,5,802,0.62,12.7
https://9takes.com/enneagram-corner/enneagram-types-in-relationships,2026-09,5,953,0.52,38.9
https://9takes.com/enneagram-corner/enneagram-types-working-in-teams,2026-09,5,370,1.35,49.7
https://9takes.com/personality-analysis/alexis-bledel,2026-09,5,619,0.81,8.7
https://9takes.com/personality-analysis/beyonce-knowles,2026-09,5,905,0.55,7.7
https://9takes.com/personality-analysis/bob-dylan,2026-09,5,562,0.89,8.3
https://9takes.com/personality-analysis/brad-pitt,2026-09,5,917,0.55,7.2
https://9takes.com/personality-analysis/david-friedberg,2026-09,5,1017,0.49,10.6
https://9takes.com/personality-analysis/jackie-kennedy,2026-09,5,371,1.35,6.4
https://9takes.com/personality-analysis/shane-gillis,2026-09,5,463,1.08,8.3
https://9takes.com/personality-analysis/stavros-halkias,2026-09,5,622,0.80,8.1
https://9takes.com/personality-analysis/zayn-malik,2026-09,5,990,0.51,6.9
https://9takes.com/enneagram-corner/enneagram-childhood-stereotypes,2026-09,4,240,1.67,11.0
https://9takes.com/enneagram-corner/mental-health/enneagram-therapy-guide,2026-09,4,145,2.76,24.2
https://9takes.com/personality-analysis/drake,2026-09,4,960,0.42,7.6
https://9takes.com/personality-analysis/druski,2026-09,4,824,0.49,8.4
https://9takes.com/personality-analysis/gracie-abrams,2026-09,4,1332,0.30,7.2
https://9takes.com/personality-analysis/jennifer-lawrence,2026-09,4,1636,0.24,8.1
https://9takes.com/personality-analysis/john-f-kennedy,2026-09,4,521,0.77,8.9
https://9takes.com/personality-analysis/kara-swisher,2026-09,4,4485,0.09,7.5
https://9takes.com/personality-analysis/lana-del-rey,2026-09,4,2194,0.18,7.9
https://9takes.com/personality-analysis/palmer-luckey,2026-09,4,330,1.21,8.3
https://9takes.com/personality-analysis/sean-evans,2026-09,4,347,1.15,7.4
https://9takes.com/personality-analysis/type/7,2026-09,4,867,0.46,18.9
https://9takes.com/personality-analysis/zoe-kravitz,2026-09,4,423,0.95,8.7
https://9takes.com/enneagram-corner/enneagram-test-comparison-2026,2026-09,3,770,0.39,9.6
https://9takes.com/enneagram-corner/enneagram-tldr,2026-09,3,479,0.63,37.9
https://9takes.com/enneagram-corner/enneagram-type-3,2026-09,3,678,0.44,28.3
https://9takes.com/enneagram-corner/enneagram-types-on-a-first-date,2026-09,3,117,2.56,8.1
https://9takes.com/enneagram-corner/first-impression-cheat-sheet,2026-09,3,85,3.53,6.8
https://9takes.com/enneagram-corner/mental-health/enneagram-anxiety-complete-guide,2026-09,3,727,0.41,9.6
https://9takes.com/enneagram-corner/why-dating-apps-are-harder-for-certain-personality-types,2026-09,3,158,1.90,8.3
https://9takes.com/how-to-guides/dating-dynamics-by-enneagram-type,2026-09,3,112,2.68,9.2
https://9takes.com/personality-analysis,2026-09,3,274,1.09,9.0
https://9takes.com/personality-analysis/aaron-pierre,2026-09,3,228,1.32,7.8
https://9takes.com/personality-analysis/alex-karp,2026-09,3,468,0.64,9.6
https://9takes.com/personality-analysis/bobbi-althoff,2026-09,3,335,0.90,8.3
https://9takes.com/personality-analysis/casey-neistat,2026-09,3,497,0.60,9.3
https://9takes.com/personality-analysis/chamath-palihapitiya,2026-09,3,188,1.60,9.7
https://9takes.com/personality-analysis/demis-hassabis,2026-09,3,182,1.65,6.9
https://9takes.com/personality-analysis/grimes,2026-09,3,500,0.60,7.8
https://9takes.com/personality-analysis/hasan-piker,2026-09,3,1153,0.26,9.4
https://9takes.com/personality-analysis/jacob-elordi,2026-09,3,580,0.52,7.8
https://9takes.com/personality-analysis/jared-kushner,2026-09,3,65,4.62,8.1
https://9takes.com/personality-analysis/kanye,2026-09,3,480,0.63,9.7
https://9takes.com/personality-analysis/keke-palmer,2026-09,3,372,0.81,6.8
https://9takes.com/personality-analysis/krystal-ball,2026-09,3,77,3.90,16.9
https://9takes.com/personality-analysis/margot-robbie,2026-09,3,460,0.65,6.3
https://9takes.com/personality-analysis/mike-majlak,2026-09,3,478,0.63,8.1
https://9takes.com/personality-analysis/neil-strauss,2026-09,3,584,0.51,7.1
https://9takes.com/personality-analysis/nikola-tesla,2026-09,3,379,0.79,9.4
https://9takes.com/personality-analysis/pete-davidson,2026-09,3,144,2.08,8.2
https://9takes.com/personality-analysis/prince-harry,2026-09,3,329,0.91,6.6
https://9takes.com/personality-analysis/rachel-mcadams,2026-09,3,144,2.08,8.1
https://9takes.com/personality-analysis/sam-altman,2026-09,3,780,0.38,9.0
https://9takes.com/personality-analysis/shia-labeouf,2026-09,3,286,1.05,9.3
https://9takes.com/personality-analysis/steve-jobs,2026-09,3,170,1.76,9.8
https://9takes.com/corpus-stats,2026-09,2,581,0.34,8.4
https://9takes.com/enneagram-corner/enneagram-harmonic-approaches,2026-09,2,55,3.64,9.4
https://9takes.com/enneagram-corner/enneagram-type-5,2026-09,2,720,0.28,10.8
https://9takes.com/enneagram-corner/love-languages-and-enneagram-types,2026-09,2,2262,0.09,8.2
https://9takes.com/enneagram-corner/mental-health/enneagram-workplace-mental-health,2026-09,2,76,2.63,9.9
https://9takes.com/personality-analysis/alex-hormozi,2026-09,2,283,0.71,8.2
https://9takes.com/personality-analysis/anna-wintour,2026-09,2,169,1.18,9.5
https://9takes.com/personality-analysis/anya-taylor-joy,2026-09,2,100,2.00,8.7
https://9takes.com/personality-analysis/aubrey-plaza,2026-09,2,442,0.45,8.2
https://9takes.com/personality-analysis/brittany-broski,2026-09,2,433,0.46,7.8
https://9takes.com/personality-analysis/caleb-hearon,2026-09,2,300,0.67,9.1
https://9takes.com/personality-analysis/callum-turner,2026-09,2,256,0.78,8.5
https://9takes.com/personality-analysis/charli-xcx,2026-09,2,855,0.23,7.1
https://9takes.com/personality-analysis/christian-bale,2026-09,2,825,0.24,8.6
https://9takes.com/personality-analysis/christopher-nolan,2026-09,2,249,0.80,8.0
https://9takes.com/personality-analysis/denzel-washington,2026-09,2,464,0.43,8.1
https://9takes.com/personality-analysis/emily-ratajkowski,2026-09,2,253,0.79,8.6
https://9takes.com/personality-analysis/emma-chamberlain,2026-09,2,806,0.25,8.9
https://9takes.com/personality-analysis/emma-watson,2026-09,2,1999,0.10,8.2
https://9takes.com/personality-analysis/jack-dorsey,2026-09,2,170,1.18,8.7
https://9takes.com/personality-analysis/jeff-bezos,2026-09,2,274,0.73,9.7
https://9takes.com/personality-analysis/jennifer-garner,2026-09,2,130,1.54,6.5
https://9takes.com/personality-analysis/jennifer-lopez,2026-09,2,823,0.24,9.1
https://9takes.com/personality-analysis/jocko-willink,2026-09,2,33,6.06,9.0
https://9takes.com/personality-analysis/kai-cenat,2026-09,2,931,0.21,7.2
https://9takes.com/personality-analysis/katy-perry,2026-09,2,136,1.47,9.6
https://9takes.com/personality-analysis/keanu-reeves,2026-09,2,218,0.92,8.5
https://9takes.com/personality-analysis/lili-reinhart,2026-09,2,309,0.65,8.4
https://9takes.com/personality-analysis/marilyn-monroe,2026-09,2,412,0.49,9.6
https://9takes.com/personality-analysis/michael-b-jordan,2026-09,2,304,0.66,9.5
https://9takes.com/personality-analysis/michael-seibel,2026-09,2,269,0.74,7.9
https://9takes.com/personality-analysis/mikey-madison,2026-09,2,660,0.30,7.3
https://9takes.com/personality-analysis/n3on,2026-09,2,99,2.02,6.7
https://9takes.com/personality-analysis/nate-bargatze,2026-09,2,83,2.41,9.8
https://9takes.com/personality-analysis/olivia-cooke,2026-09,2,54,3.70,7.1
https://9takes.com/personality-analysis/peter-thiel,2026-09,2,276,0.72,8.6
https://9takes.com/personality-analysis/sam-bankman-fried,2026-09,2,141,1.42,7.0
https://9takes.com/personality-analysis/scarlett-johansson,2026-09,2,1114,0.18,7.9
https://9takes.com/personality-analysis/steve-carell,2026-09,2,392,0.51,6.9
https://9takes.com/personality-analysis/timothee-chalamet,2026-09,2,462,0.43,8.8
https://9takes.com/personality-analysis/tom-hardy,2026-09,2,825,0.24,7.8
https://9takes.com/personality-analysis/tom-hiddleston,2026-09,2,337,0.59,8.4
https://9takes.com/personality-analysis/tom-holland,2026-09,2,681,0.29,9.2
https://9takes.com/personality-analysis/zara-larsson,2026-09,2,274,0.73,7.5
https://9takes.com/pop-culture,2026-09,2,79,2.53,10.4
https://9takes.com/pop-culture/google-leadership-evolution,2026-09,2,211,0.95,8.0
https://9takes.com/pop-culture/tech-titans-enneagram-analysis,2026-09,2,71,2.82,8.1
https://9takes.com/enneagram-corner/enneagram-dating-guide-for-men,2026-09,1,82,1.22,9.9
https://9takes.com/enneagram-corner/enneagram-parenting-styles,2026-09,1,205,0.49,23.9
https://9takes.com/enneagram-corner/enneagram-type-4,2026-09,1,533,0.19,46.4
https://9takes.com/enneagram-corner/enneagram-type-8,2026-09,1,230,0.43,9.5
https://9takes.com/enneagram-corner/enneagram-types-at-party,2026-09,1,153,0.65,9.7
https://9takes.com/enneagram-corner/enneagram-types-in-stress,2026-09,1,140,0.71,17.7
https://9takes.com/enneagram-corner/enneagram-vs-meyers-briggs,2026-09,1,63,1.59,26.8
https://9takes.com/enneagram-corner/enneagram-vs-personality-frameworks-comparison,2026-09,1,851,0.12,8.1
https://9takes.com/enneagram-corner/how-each-enneagram-flexes,2026-09,1,115,0.87,8.5
https://9takes.com/enneagram-corner/how-each-enneagram-type-self-sabotages-success,2026-09,1,226,0.44,7.8
https://9takes.com/enneagram-corner/mental-health/enneagram-medication-mental-health,2026-09,1,179,0.56,5.3
https://9takes.com/enneagram-corner/philosophy-psychology-and-the-enneagram,2026-09,1,25,4.00,8.2
https://9takes.com/enneagram-corner/relationship-communication-guide,2026-09,1,679,0.15,40.3
https://9takes.com/enneagram-corner/why-you-cant-stop-overthinking-enneagram,2026-09,1,349,0.29,7.0
https://9takes.com/personality-analysis/adela,2026-09,1,460,0.22,8.2
https://9takes.com/personality-analysis/albert-einstein,2026-09,1,173,0.58,9.7
https://9takes.com/personality-analysis/amelia-dimoldenberg,2026-09,1,27,3.70,7.3
https://9takes.com/personality-analysis/andrew-callaghan,2026-09,1,70,1.43,6.2
https://9takes.com/personality-analysis/anne-hathaway,2026-09,1,203,0.49,9.5
https://9takes.com/personality-analysis/arnold-schwarzenegger,2026-09,1,279,0.36,8.0
https://9takes.com/personality-analysis/bad-bunny,2026-09,1,369,0.27,8.1
https://9takes.com/personality-analysis/barack-obama,2026-09,1,112,0.89,9.6
https://9takes.com/personality-analysis/bill-burr,2026-09,1,613,0.16,7.6
https://9takes.com/personality-analysis/bill-clinton,2026-09,1,21,4.76,7.9
https://9takes.com/personality-analysis/bill-gates,2026-09,1,428,0.23,7.1
https://9takes.com/personality-analysis/billie-eilish,2026-09,1,553,0.18,10.1
https://9takes.com/personality-analysis/blake-lively,2026-09,1,459,0.22,7.8
https://9takes.com/personality-analysis/caitlin-clark,2026-09,1,97,1.03,10.6
https://9takes.com/personality-analysis/chappell-roan,2026-09,1,299,0.33,8.6
https://9takes.com/personality-analysis/chris-hemsworth,2026-09,1,116,0.86,8.4
https://9takes.com/personality-analysis/conan-obrien,2026-09,1,67,1.49,7.7
https://9takes.com/personality-analysis/dave-portnoy,2026-09,1,157,0.64,11.2
https://9takes.com/personality-analysis/david-beckham,2026-09,1,247,0.40,8.5
https://9takes.com/personality-analysis/david-goggins,2026-09,1,307,0.33,8.9
https://9takes.com/personality-analysis/doechii,2026-09,1,163,0.61,9.2
https://9takes.com/personality-analysis/dolly-parton,2026-09,1,273,0.37,9.2
https://9takes.com/personality-analysis/dua-lipa,2026-09,1,249,0.40,9.1
https://9takes.com/personality-analysis/dwayne-johnson,2026-09,1,1251,0.08,7.9
https://9takes.com/personality-analysis/elon-musk,2026-09,1,427,0.23,11.0
https://9takes.com/personality-analysis/freddie-mercury,2026-09,1,191,0.52,7.6
https://9takes.com/personality-analysis/frida-kahlo,2026-09,1,89,1.12,8.5
https://9takes.com/personality-analysis/garry-tan,2026-09,1,50,2.00,8.8
https://9takes.com/personality-analysis/george-rr-martin,2026-09,1,79,1.27,9.2
https://9takes.com/personality-analysis/harrison-ford,2026-09,1,71,1.41,8.7
https://9takes.com/personality-analysis/hilary-duff,2026-09,1,154,0.65,8.7
https://9takes.com/personality-analysis/hugh-jackman,2026-09,1,544,0.18,8.0
https://9takes.com/personality-analysis/jack-antonoff,2026-09,1,26,3.85,7.3
https://9takes.com/personality-analysis/james-charles,2026-09,1,20,5.00,7.2
https://9takes.com/personality-analysis/jamie-dimon,2026-09,1,60,1.67,8.1
https://9takes.com/personality-analysis/jensen-huang,2026-09,1,38,2.63,8.3
https://9takes.com/personality-analysis/jeremy-allen-white,2026-09,1,139,0.72,7.7
https://9takes.com/personality-analysis/joaquin-phoenix,2026-09,1,210,0.48,12.3
https://9takes.com/personality-analysis/joe-lonsdale,2026-09,1,97,1.03,7.7
https://9takes.com/personality-analysis/john-ternus,2026-09,1,329,0.30,7.8
https://9takes.com/personality-analysis/john-travolta,2026-09,1,347,0.29,7.7
https://9takes.com/personality-analysis/johnny-depp,2026-09,1,756,0.13,8.9
https://9takes.com/personality-analysis/kendrick-lamar,2026-09,1,783,0.13,8.3
https://9takes.com/personality-analysis/kevin-hart,2026-09,1,160,0.63,7.7
https://9takes.com/personality-analysis/kim-kardashian,2026-09,1,205,0.49,9.0
https://9takes.com/personality-analysis/kourtney-kardashian,2026-09,1,679,0.15,6.6
https://9takes.com/personality-analysis/lady-gaga,2026-09,1,152,0.66,10.4
https://9takes.com/personality-analysis/larry-page,2026-09,1,171,0.58,8.2
https://9takes.com/personality-analysis/leonardo-dicaprio,2026-09,1,320,0.31,8.6
https://9takes.com/personality-analysis/lupita-nyongo,2026-09,1,68,1.47,9.1
https://9takes.com/personality-analysis/machine-gun-kelly,2026-09,1,102,0.98,7.4
https://9takes.com/personality-analysis/marc-andreessen,2026-09,1,152,0.66,8.7
https://9takes.com/personality-analysis/mark-zuckerberg,2026-09,1,1971,0.05,8.6
https://9takes.com/personality-analysis/matthew-mcconaughey,2026-09,1,643,0.16,6.9
https://9takes.com/personality-analysis/meryl-streep,2026-09,1,326,0.31,7.3
https://9takes.com/personality-analysis/miley-cyrus,2026-09,1,108,0.93,9.3
https://9takes.com/personality-analysis/millie-bobby-brown,2026-09,1,304,0.33,8.8
https://9takes.com/personality-analysis/mother-teresa,2026-09,1,37,2.70,6.9
https://9takes.com/personality-analysis/mr-beast,2026-09,1,385,0.26,8.7
https://9takes.com/personality-analysis/odessa-azion,2026-09,1,53,1.89,8.6
https://9takes.com/personality-analysis/pedro-pascal,2026-09,1,58,1.72,7.4
https://9takes.com/personality-analysis/phoebe-bridgers,2026-09,1,158,0.63,7.2
https://9takes.com/personality-analysis/robert-greene,2026-09,1,373,0.27,7.9
https://9takes.com/personality-analysis/robert-oppenheimer,2026-09,1,227,0.44,7.3
https://9takes.com/personality-analysis/ronald-reagan,2026-09,1,213,0.47,12.7
https://9takes.com/personality-analysis/ruth-bader-ginsburg,2026-09,1,47,2.13,10.4
https://9takes.com/personality-analysis/sadie-sink,2026-09,1,366,0.27,7.4
https://9takes.com/personality-analysis/samara-weaving,2026-09,1,20,5.00,6.7
https://9takes.com/personality-analysis/sergey-brin,2026-09,1,227,0.44,10.3
https://9takes.com/personality-analysis/simon-sinek,2026-09,1,242,0.41,7.7
https://9takes.com/personality-analysis/simone-biles,2026-09,1,60,1.67,6.7
https://9takes.com/personality-analysis/snoop-dogg,2026-09,1,285,0.35,8.1
https://9takes.com/personality-analysis/stephen-colbert,2026-09,1,70,1.43,9.5
https://9takes.com/personality-analysis/stephen-hawking,2026-09,1,420,0.24,9.8
https://9takes.com/personality-analysis/steven-bartlett,2026-09,1,65,1.54,7.9
https://9takes.com/personality-analysis/sundar-pichai,2026-09,1,174,0.57,8.6
https://9takes.com/personality-analysis/taylor-swift,2026-09,1,71,1.41,7.8
https://9takes.com/personality-analysis/tim-dillon,2026-09,1,113,0.88,8.1
https://9takes.com/personality-analysis/tina-fey,2026-09,1,827,0.12,7.3
https://9takes.com/personality-analysis/tom-hanks,2026-09,1,176,0.57,9.0
https://9takes.com/personality-analysis/travis-kelce,2026-09,1,210,0.48,7.6
https://9takes.com/personality-analysis/trevor-noah,2026-09,1,609,0.16,7.2
https://9takes.com/personality-analysis/tucker-carlson,2026-09,1,106,0.94,15.5
https://9takes.com/personality-analysis/tyler1,2026-09,1,41,2.44,8.6
https://9takes.com/personality-analysis/vivek-ramaswamy,2026-09,1,28,3.57,7.7
https://9takes.com/personality-analysis/xqc,2026-09,1,136,0.74,7.3
https://9takes.com/pop-culture/dark-triad-meets-enneagram,2026-09,1,154,0.65,6.1
https://9takes.com/pop-culture/epstein-psychology-part-1,2026-09,1,108,0.93,10.4
https://9takes.com/pop-culture/tech-titans-ai-wars,2026-09,1,274,0.36,8.3
https://9takes.com/pop-culture/trump-type-8-vs-biden-type-2,2026-09,1,13,7.69,8.2
https://9takes.com/pop-culture/us-presidents-enneagram-analysis,2026-09,1,13,7.69,7.5
https://9takes.com/pop-culture/what-enneagram-type-are-most-musicians,2026-09,1,118,0.85,6.0
https://9takes.com/about,2026-09,0,40,0.00,3.3
https://9takes.com/account,2026-09,0,1,0.00,4.0
https://9takes.com/blog,2026-09,0,33,0.00,3.8
https://9takes.com/community,2026-09,0,17,0.00,5.6
https://9takes.com/community/kantian-filters-and-nine-perspectives,2026-09,0,11,0.00,6.0
https://9takes.com/community/why-im-selective-sharing-enneagram,2026-09,0,37,0.00,5.7
https://9takes.com/enneagram-corner/beginners-guide-to-determining-your-enneagram-type,2026-09,0,90,0.00,11.8
https://9takes.com/enneagram-corner/enneagram-and-adhd-which-types-most-and-why,2026-09,0,1,0.00,1.0
https://9takes.com/enneagram-corner/enneagram-books-websites-podcasts,2026-09,0,28,0.00,9.8
https://9takes.com/enneagram-corner/enneagram-concepts,2026-09,0,126,0.00,17.0
https://9takes.com/enneagram-corner/enneagram-connecting-lines,2026-09,0,38,0.00,18.1
https://9takes.com/enneagram-corner/enneagram-influences,2026-09,0,31,0.00,23.0
https://9takes.com/enneagram-corner/enneagram-leadership,2026-09,0,166,0.00,45.6
https://9takes.com/enneagram-corner/enneagram-party-planner,2026-09,0,14,0.00,7.9
https://9takes.com/enneagram-corner/enneagram-personal-growth,2026-09,0,191,0.00,27.0
https://9takes.com/enneagram-corner/enneagram-self-development,2026-09,0,21,0.00,11.4
https://9takes.com/enneagram-corner/enneagram-social-styles,2026-09,0,316,0.00,9.6
https://9takes.com/enneagram-corner/enneagram-stress-number,2026-09,0,168,0.00,19.6
https://9takes.com/enneagram-corner/enneagram-team-dynamics,2026-09,0,184,0.00,33.5
https://9takes.com/enneagram-corner/enneagram-type-1,2026-09,0,78,0.00,11.8
https://9takes.com/enneagram-corner/enneagram-type-2,2026-09,0,119,0.00,21.1
https://9takes.com/enneagram-corner/enneagram-type-6,2026-09,0,429,0.00,52.1
https://9takes.com/enneagram-corner/enneagram-type-7,2026-09,0,96,0.00,13.6
https://9takes.com/enneagram-corner/first-impression-enneagram-playbook,2026-09,0,6,0.00,8.7
https://9takes.com/enneagram-corner/how-each-enneagram-type-unwinds,2026-09,0,83,0.00,9.4
https://9takes.com/enneagram-corner/how-to-navigate-early-relationship-stages,2026-09,0,16,0.00,8.9
https://9takes.com/enneagram-corner/mental-health/enneagram-science-mental-health,2026-09,0,862,0.00,8.8
https://9takes.com/enneagram-corner/mental-health/enneagram-therapy-resistance-guide,2026-09,0,163,0.00,13.8
https://9takes.com/enneagram-corner/neurodiversity-vs-personality,2026-09,0,12,0.00,9.0
https://9takes.com/enneagram-corner/subtopic/development,2026-09,0,5,0.00,11.4
https://9takes.com/enneagram-corner/subtopic/nine-types,2026-09,0,41,0.00,25.7
https://9takes.com/enneagram-corner/subtopic/situational,2026-09,0,81,0.00,10.0
https://9takes.com/enneagram-corner/why-the-next-thing-wont-fix-it-type-7,2026-09,0,69,0.00,13.9
https://9takes.com/enneagram-test,2026-09,0,4,0.00,28.8
https://9takes.com/how-to-guides,2026-09,0,3,0.00,5.3
https://9takes.com/how-to-guides/5-tough-conversations-you-need-to-have-with-your-partner,2026-09,0,23,0.00,20.3
https://9takes.com/how-to-guides/definitive-guide-to-self-efficacy,2026-09,0,4,0.00,8.3
https://9takes.com/how-to-guides/using-the-enneagram-for-self-development,2026-09,0,6,0.00,18.2
https://9takes.com/personality-analysis/David-Dobrik,2026-09,0,8,0.00,7.5
https://9takes.com/personality-analysis/Lupita-Nyongo,2026-09,0,3,0.00,1.0
https://9takes.com/personality-analysis/abraham-lincoln,2026-09,0,16,0.00,5.9
https://9takes.com/personality-analysis/adam-neumann,2026-09,0,29,0.00,5.5
https://9takes.com/personality-analysis/adam-sandler,2026-09,0,77,0.00,7.4
https://9takes.com/personality-analysis/addison-rae,2026-09,0,135,0.00,7.9
https://9takes.com/personality-analysis/adin-ross,2026-09,0,240,0.00,8.2
https://9takes.com/personality-analysis/agatha-christie,2026-09,0,115,0.00,10.8
https://9takes.com/personality-analysis/alex-cooper,2026-09,0,253,0.00,8.4
https://9takes.com/personality-analysis/alex-lieberman,2026-09,0,9,0.00,6.4
https://9takes.com/personality-analysis/alex-warren,2026-09,0,32,0.00,7.4
https://9takes.com/personality-analysis/alexandria-ocasio-cortez,2026-09,0,67,0.00,9.1
https://9takes.com/personality-analysis/alix-earle,2026-09,0,95,0.00,7.1
https://9takes.com/personality-analysis/alysa-liu,2026-09,0,200,0.00,8.5
https://9takes.com/personality-analysis/amber-heard,2026-09,0,219,0.00,7.7
https://9takes.com/personality-analysis/ana-de-armas,2026-09,0,16,0.00,6.4
https://9takes.com/personality-analysis/andrew-ross-sorkin,2026-09,0,8,0.00,6.6
https://9takes.com/personality-analysis/andrew-tate,2026-09,0,320,0.00,7.9
https://9takes.com/personality-analysis/anna-kendrick,2026-09,0,128,0.00,7.6
https://9takes.com/personality-analysis/anthony-bourdain,2026-09,0,19,0.00,5.5
https://9takes.com/personality-analysis/austin-butler,2026-09,0,30,0.00,7.3
https://9takes.com/personality-analysis/bella-hadid,2026-09,0,3,0.00,7.3
https://9takes.com/personality-analysis/bella-poarch,2026-09,0,66,0.00,7.5
https://9takes.com/personality-analysis/ben-horowitz,2026-09,0,136,0.00,9.7
https://9takes.com/personality-analysis/ben-shapiro,2026-09,0,20,0.00,6.5
https://9takes.com/personality-analysis/benny-blanco,2026-09,0,41,0.00,8.2
https://9takes.com/personality-analysis/bert-kreischer,2026-09,0,6,0.00,7.8
https://9takes.com/personality-analysis/brian-chesky,2026-09,0,5,0.00,49.4
https://9takes.com/personality-analysis/britney-spears,2026-09,0,13,0.00,4.9
https://9takes.com/personality-analysis/brooke-monk,2026-09,0,362,0.00,8.6
https://9takes.com/personality-analysis/bryan-johnson,2026-09,0,24,0.00,6.6
https://9takes.com/personality-analysis/cardi-b,2026-09,0,110,0.00,8.6
https://9takes.com/personality-analysis/carl-jung,2026-09,0,62,0.00,8.2
https://9takes.com/personality-analysis/caseoh,2026-09,0,322,0.00,8.4
https://9takes.com/personality-analysis/categories/creator-media,2026-09,0,28,0.00,6.8
https://9takes.com/personality-analysis/categories/film-tv,2026-09,0,28,0.00,7.9
https://9takes.com/personality-analysis/categories/politics-public,2026-09,0,18,0.00,7.8
https://9takes.com/personality-analysis/cathie-wood,2026-09,0,9,0.00,7.3
https://9takes.com/personality-analysis/chamath-palihapitiya-cant-stop-chasing-the-next-win,2026-09,0,1,0.00,1.0
https://9takes.com/personality-analysis/charlie-puth,2026-09,0,155,0.00,7.5
https://9takes.com/personality-analysis/chelsea-handler,2026-09,0,58,0.00,8.3
https://9takes.com/personality-analysis/chris-williamson,2026-09,0,111,0.00,7.3
https://9takes.com/personality-analysis/clavicular,2026-09,0,832,0.00,8.9
https://9takes.com/personality-analysis/corinna-kopf,2026-09,0,26,0.00,6.8
https://9takes.com/personality-analysis/cristiano-ronaldo,2026-09,0,128,0.00,8.3
https://9takes.com/personality-analysis/dalton-caldwell,2026-09,0,128,0.00,6.7
https://9takes.com/personality-analysis/david-corenswet,2026-09,0,44,0.00,6.4
https://9takes.com/personality-analysis/david-dobrik,2026-09,0,75,0.00,11.0
https://9takes.com/personality-analysis/david-sacks,2026-09,0,104,0.00,7.1
https://9takes.com/personality-analysis/dax-shepard,2026-09,0,29,0.00,7.8
https://9takes.com/personality-analysis/dixie-damelio,2026-09,0,28,0.00,6.8
https://9takes.com/personality-analysis/donald-trump,2026-09,0,123,0.00,12.9
https://9takes.com/personality-analysis/dr-phil,2026-09,0,75,0.00,8.2
https://9takes.com/personality-analysis/duke-dennis,2026-09,0,229,0.00,7.9
https://9takes.com/personality-analysis/elizabeth-holmes,2026-09,0,86,0.00,8.4
https://9takes.com/personality-analysis/ellen-degeneres,2026-09,0,9,0.00,6.8
https://9takes.com/personality-analysis/elton-john,2026-09,0,111,0.00,7.7
https://9takes.com/personality-analysis/eminem,2026-09,0,341,0.00,9.8
https://9takes.com/personality-analysis/emma-myers,2026-09,0,1,0.00,5.0
https://9takes.com/personality-analysis/ernest-hemingway,2026-09,0,49,0.00,7.3
https://9takes.com/personality-analysis/frank-lloyd-wright,2026-09,0,31,0.00,8.7
https://9takes.com/personality-analysis/friedrich-nietzsche,2026-09,0,502,0.00,8.7
https://9takes.com/personality-analysis/gary-vee,2026-09,0,35,0.00,8.2
https://9takes.com/personality-analysis/gavin-newsom,2026-09,0,51,0.00,7.2
https://9takes.com/personality-analysis/george-h-w-bush,2026-09,0,133,0.00,11.3
https://9takes.com/personality-analysis/george-w-bush,2026-09,0,246,0.00,7.7
https://9takes.com/personality-analysis/gigi-hadid,2026-09,0,50,0.00,5.8
https://9takes.com/personality-analysis/gordon-ramsay,2026-09,0,61,0.00,8.7
https://9takes.com/personality-analysis/greta-gerwig,2026-09,0,26,0.00,6.5
https://9takes.com/personality-analysis/greta-thunberg,2026-09,0,30,0.00,11.5
https://9takes.com/personality-analysis/gwyneth-paltrow,2026-09,0,158,0.00,8.5
https://9takes.com/personality-analysis/hailee-steinfeld,2026-09,0,72,0.00,8.9
https://9takes.com/personality-analysis/halsey,2026-09,0,130,0.00,7.8
https://9takes.com/personality-analysis/hayao-miyazaki,2026-09,0,24,0.00,7.4
https://9takes.com/personality-analysis/henry-cavill,2026-09,0,253,0.00,8.8
https://9takes.com/personality-analysis/hillary-clinton,2026-09,0,5,0.00,8.6
https://9takes.com/personality-analysis/howard-stern,2026-09,0,205,0.00,8.3
https://9takes.com/personality-analysis/hunter-biden,2026-09,0,3,0.00,4.0
https://9takes.com/personality-analysis/ibai-llanos,2026-09,0,78,0.00,6.3
https://9takes.com/personality-analysis/ilona-maher,2026-09,0,146,0.00,9.4
https://9takes.com/personality-analysis/jake-gyllenhaal,2026-09,0,42,0.00,6.5
https://9takes.com/personality-analysis/jake-paul,2026-09,0,120,0.00,11.1
https://9takes.com/personality-analysis/jason-calacanis,2026-09,0,69,0.00,6.3
https://9takes.com/personality-analysis/jimmy-carter,2026-09,0,1,0.00,10.0
https://9takes.com/personality-analysis/jimmy-fallon,2026-09,0,303,0.00,7.4
https://9takes.com/personality-analysis/jk-rowling,2026-09,0,35,0.00,6.8
https://9takes.com/personality-analysis/joe-biden,2026-09,0,4,0.00,6.5
https://9takes.com/personality-analysis/joe-rogan,2026-09,0,512,0.00,7.0
https://9takes.com/personality-analysis/john-d-rockefeller,2026-09,0,69,0.00,7.1
https://9takes.com/personality-analysis/john-lennon,2026-09,0,2,0.00,5.5
https://9takes.com/personality-analysis/jon-stewart,2026-09,0,462,0.00,7.8
https://9takes.com/personality-analysis/jonathan-bailey,2026-09,0,95,0.00,7.7
https://9takes.com/personality-analysis/joseph-stalin,2026-09,0,102,0.00,6.5
https://9takes.com/personality-analysis/julia-fox,2026-09,0,23,0.00,7.3
https://9takes.com/personality-analysis/justin-bieber,2026-09,0,284,0.00,9.9
https://9takes.com/personality-analysis/jynxzi,2026-09,0,246,0.00,8.2
https://9takes.com/personality-analysis/kacey-musgraves,2026-09,0,19,0.00,8.0
https://9takes.com/personality-analysis/kaia-gerber,2026-09,0,251,0.00,8.5
https://9takes.com/personality-analysis/kamala-harris,2026-09,0,46,0.00,9.5
https://9takes.com/personality-analysis/kate-hudson,2026-09,0,31,0.00,5.4
https://9takes.com/personality-analysis/keith-lee,2026-09,0,9,0.00,7.6
https://9takes.com/personality-analysis/kendall-jenner,2026-09,0,174,0.00,7.6
https://9takes.com/personality-analysis/khabib-nurmagomedov,2026-09,0,96,0.00,8.3
https://9takes.com/personality-analysis/khloe-kardashian,2026-09,0,312,0.00,8.0
https://9takes.com/personality-analysis/kris-jenner,2026-09,0,42,0.00,5.7
https://9takes.com/personality-analysis/kristen-bell,2026-09,0,116,0.00,7.0
https://9takes.com/personality-analysis/kyle-forgeard,2026-09,0,241,0.00,7.8
https://9takes.com/personality-analysis/kylie-jenner,2026-09,0,602,0.00,7.6
https://9takes.com/personality-analysis/lamine-yamal,2026-09,0,172,0.00,7.0
https://9takes.com/personality-analysis/lana-rhoades,2026-09,0,58,0.00,7.6
https://9takes.com/personality-analysis/leonardo-da-vinci,2026-09,0,131,0.00,6.7
https://9takes.com/personality-analysis/liang-wenfeng,2026-09,0,98,0.00,7.2
https://9takes.com/personality-analysis/lily-allen,2026-09,0,16,0.00,7.4
https://9takes.com/personality-analysis/logan-paul,2026-09,0,384,0.00,8.9
https://9takes.com/personality-analysis/madelaine-petsch,2026-09,0,24,0.00,8.8
https://9takes.com/personality-analysis/marcus-aurelius,2026-09,0,64,0.00,7.1
https://9takes.com/personality-analysis/margaret-qualley,2026-09,0,56,0.00,9.2
https://9takes.com/personality-analysis/markiplier,2026-09,0,146,0.00,8.1
https://9takes.com/personality-analysis/martin-luther-king-jr,2026-09,0,39,0.00,9.9
https://9takes.com/personality-analysis/matt-damon,2026-09,0,103,0.00,7.7
https://9takes.com/personality-analysis/matt-smith,2026-09,0,11,0.00,5.1
https://9takes.com/personality-analysis/megan-fox,2026-09,0,45,0.00,7.8
https://9takes.com/personality-analysis/meghan-trainor,2026-09,0,19,0.00,5.4
https://9takes.com/personality-analysis/michelle-obama,2026-09,0,25,0.00,12.4
https://9takes.com/personality-analysis/mila-kunis,2026-09,0,13,0.00,5.9
https://9takes.com/personality-analysis/miles-teller,2026-09,0,284,0.00,8.7
https://9takes.com/personality-analysis/milly-alcock,2026-09,0,26,0.00,8.5
https://9takes.com/personality-analysis/mindy-kaling,2026-09,0,53,0.00,8.3
https://9takes.com/personality-analysis/mira-murati,2026-09,0,48,0.00,6.6
https://9takes.com/personality-analysis/morgan-wallen,2026-09,0,246,0.00,9.8
https://9takes.com/personality-analysis/nancy-pelosi,2026-09,0,120,0.00,8.7
https://9takes.com/personality-analysis/nancy-reagan,2026-09,0,4,0.00,7.8
https://9takes.com/personality-analysis/naomi-osaka,2026-09,0,9,0.00,7.4
https://9takes.com/personality-analysis/nara-smith,2026-09,0,41,0.00,7.5
https://9takes.com/personality-analysis/nicki-minaj,2026-09,0,42,0.00,5.2
https://9takes.com/personality-analysis/nicole-kidman,2026-09,0,342,0.00,8.6
https://9takes.com/personality-analysis/ninja,2026-09,0,10,0.00,5.7
https://9takes.com/personality-analysis/noah-kahan,2026-09,0,46,0.00,8.3
https://9takes.com/personality-analysis/noah-wyle,2026-09,0,513,0.00,6.3
https://9takes.com/personality-analysis/noam-chomsky,2026-09,0,4,0.00,8.5
https://9takes.com/personality-analysis/olivia-munn,2026-09,0,112,0.00,8.5
https://9takes.com/personality-analysis/oprah-winfrey,2026-09,0,226,0.00,11.0
https://9takes.com/personality-analysis/pamela-anderson,2026-09,0,17,0.00,9.2
https://9takes.com/personality-analysis/paris-hilton,2026-09,0,58,0.00,7.7
https://9takes.com/personality-analysis/patrick-mahomes,2026-09,0,114,0.00,8.7
https://9takes.com/personality-analysis/paul-graham,2026-09,0,78,0.00,7.6
https://9takes.com/personality-analysis/paul-mescal,2026-09,0,24,0.00,8.4
https://9takes.com/personality-analysis/pete-hegseth,2026-09,0,102,0.00,7.7
https://9takes.com/personality-analysis/pinkpantheress,2026-09,0,44,0.00,7.4
https://9takes.com/personality-analysis/pokimane,2026-09,0,56,0.00,9.5
https://9takes.com/personality-analysis/post-malone,2026-09,0,7,0.00,6.1
https://9takes.com/personality-analysis/prince,2026-09,0,119,0.00,8.0
https://9takes.com/personality-analysis/ray-dalio,2026-09,0,135,0.00,8.6
https://9takes.com/personality-analysis/reed-hastings,2026-09,0,125,0.00,8.6
https://9takes.com/personality-analysis/rick-rubin,2026-09,0,1,0.00,11.0
https://9takes.com/personality-analysis/riz-ahmed,2026-09,0,21,0.00,7.1
https://9takes.com/personality-analysis/robert-de-niro,2026-09,0,53,0.00,7.7
https://9takes.com/personality-analysis/robin-williams,2026-09,0,25,0.00,8.0
https://9takes.com/personality-analysis/rooney-mara,2026-09,0,338,0.00,5.9
https://9takes.com/personality-analysis/rupert-murdoch,2026-09,0,9,0.00,8.2
https://9takes.com/personality-analysis/ryan-grim,2026-09,0,63,0.00,10.9
https://9takes.com/personality-analysis/ryan-holiday,2026-09,0,86,0.00,8.8
https://9takes.com/personality-analysis/ryan-reynolds,2026-09,0,10,0.00,8.8
https://9takes.com/personality-analysis/sam-parr,2026-09,0,39,0.00,6.7
https://9takes.com/personality-analysis/samuel-l-jackson,2026-09,0,65,0.00,5.4
https://9takes.com/personality-analysis/saoirse-ronan,2026-09,0,177,0.00,8.2
https://9takes.com/personality-analysis/satya-nadella,2026-09,0,89,0.00,11.0
https://9takes.com/personality-analysis/seth-rogen,2026-09,0,15,0.00,5.9
https://9takes.com/personality-analysis/shailene-woodley,2026-09,0,30,0.00,7.5
https://9takes.com/personality-analysis/sofia-vergara,2026-09,0,32,0.00,7.1
https://9takes.com/personality-analysis/stephen-a-smith,2026-09,0,17,0.00,9.1
https://9takes.com/personality-analysis/sza,2026-09,0,20,0.00,9.2
https://9takes.com/personality-analysis/tate-mcrae,2026-09,0,114,0.00,7.5
https://9takes.com/personality-analysis/taylor-frankie-paul,2026-09,0,6,0.00,10.5
https://9takes.com/personality-analysis/taylor-lorenz,2026-09,0,32,0.00,6.3
https://9takes.com/personality-analysis/teyana-taylor,2026-09,0,54,0.00,7.8
https://9takes.com/personality-analysis/theo-von,2026-09,0,251,0.00,8.4
https://9takes.com/personality-analysis/tim-cook,2026-09,0,20,0.00,6.8
https://9takes.com/personality-analysis/tim-robinson,2026-09,0,3,0.00,7.3
https://9takes.com/personality-analysis/tobey-maguire,2026-09,0,10,0.00,6.7
https://9takes.com/personality-analysis/travis-kalanick,2026-09,0,53,0.00,6.3
https://9takes.com/personality-analysis/victoria-justice,2026-09,0,40,0.00,8.1
https://9takes.com/personality-analysis/vincent-van-gogh,2026-09,0,13,0.00,7.5
https://9takes.com/personality-analysis/warren-buffett,2026-09,0,28,0.00,7.3
https://9takes.com/personality-analysis/winston-churchill,2026-09,0,507,0.00,8.6
https://9takes.com/personality-analysis/yang-zhilin,2026-09,0,106,0.00,6.4
https://9takes.com/personality-analysis/zach-bryan,2026-09,0,143,0.00,7.0
https://9takes.com/personality-analysis/zohran-mamdani,2026-09,0,36,0.00,5.1
https://9takes.com/pop-culture/alex-cooper-alix-earle-beef-enneagram-analysis,2026-09,0,56,0.00,8.9
https://9takes.com/pop-culture/cancel-culture-enneagram-type,2026-09,0,38,0.00,7.3
https://9takes.com/pop-culture/comedy-kings-enneagram-analysis,2026-09,0,16,0.00,8.6
https://9takes.com/pop-culture/epstein-psychology-part-2,2026-09,0,34,0.00,5.7
https://9takes.com/pop-culture/fallen-founders-enneagram-analysis,2026-09,0,49,0.00,7.3
https://9takes.com/pop-culture/ghislaine-maxwell-psychology,2026-09,0,327,0.00,6.8
https://9takes.com/pop-culture/hollywood-heartthrobs-enneagram-analysis,2026-09,0,30,0.00,8.4
https://9takes.com/pop-culture/incel-blackpill-radicalization-enneagram,2026-09,0,19,0.00,20.3
https://9takes.com/pop-culture/musk-vs-altman-trial-personality-dynamics,2026-09,0,5,0.00,7.8
https://9takes.com/pop-culture/podcaster-personality-map,2026-09,0,28,0.00,8.1
https://9takes.com/pop-culture/tbpn-john-coogan-jordi-hays-enneagram-dynamic,2026-09,0,45,0.00,7.4
https://9takes.com/pop-culture/tech-titans-disruptors,2026-09,0,22,0.00,6.2
https://9takes.com/pop-culture/tech-titans-founders-vs-stewards,2026-09,0,3,0.00,4.0
https://9takes.com/questions,2026-09,0,15,0.00,4.9
https://9takes.com/questions/if-you-could-truly-disappear-from-everything-and-everyone-you,2026-09,0,2,0.00,4.5
https://9takes.com/questions/technical-skills-worth-knowing-programming,2026-09,0,1,0.00,38.0
https://9takes.com/questions/whats-something-overresearched-no-one-asked,2026-09,0,2,0.00,10.0
https://9takes.com/questions/when-you-have-to-choose-between-going-along-with-the,2026-09,0,2,0.00,7.5
https://9takes.com/questions/why-people-2-phones-trying-find-answer-without-assuming-bf-anything-negative-people,2026-09,0,3,0.00,8.3
