query,clicks,impressions,ctr_pct,position
jordi hays,120,5555,2.16,6.9
9takes,40,65,61.54,1.0
enneagram compatibility chart,26,962,2.70,6.2
enneagram mental illness,15,49,30.61,1.4
sky bri,15,3058,0.49,14.3
kara swisher amanda katz age difference,12,716,1.68,6.0
enneagram and adhd,11,52,21.15,5.8
did sky bri quit porn,10,454,2.20,8.1
sky bri porn,10,1107,0.90,5.3
meghan markle personality,9,432,2.08,7.5
enneagram and autism,8,70,11.43,5.8
ashby florence,7,2042,0.34,10.3
john coogan wife,7,206,3.40,8.9
shawn ryan palmisano,7,350,2.00,10.8
adhd enneagram,6,70,8.57,3.4
enneagram zodiac signs,6,26,23.08,5.5
famous enneagram 1,6,268,2.24,8.0
lana del rey personality,6,256,2.34,8.6
messi personality type,6,1429,0.42,7.6
enneagram and personality disorders,5,20,25.00,3.5
hailey bieber personality,5,176,2.84,9.0
jordi hays background,5,35,14.29,4.5
meghan markle psychological profile,5,352,1.42,8.1
natalie portman personality,5,296,1.69,6.8
robert pattinson enneagram,5,56,8.93,4.8
robert pattinson personality type,5,398,1.26,7.6
ryan gosling personality,5,715,0.70,7.3
amanda katz kara swisher,4,445,0.90,7.3
benson boone personality type,4,38,10.53,4.7
blake lively personality,4,257,1.56,9.3
bob dylan personality,4,372,1.08,8.5
cillian murphy personality,4,418,0.96,9.1
does sky bri still make content,4,627,0.64,8.7
enneagram adhd,4,31,12.90,2.8
enneagram cheat sheet,4,102,3.92,5.8
enneagram personality disorders,4,55,7.27,3.8
enneagram strengths and weaknesses,4,81,4.94,5.2
enneagram zodiac,4,28,14.29,5.9
jade wang dario amodei,4,94,4.26,5.9
john coogan,4,1002,0.40,4.0
margot robbie personality,4,270,1.48,5.2
marilyn monroe personality,4,165,2.42,13.6
tom cruise personality,4,314,1.27,7.9
tritype compatibility,4,82,4.88,6.4
amanda katz and kara swisher,3,360,0.83,6.6
callum turner,3,606,0.50,3.0
charli xcx personality type,3,150,2.00,5.2
dario amodei personality,3,65,4.62,7.9
dark triad celebrities,3,201,1.49,10.9
david friedberg,3,121,2.48,26.0
david friedberg wife,3,446,0.67,8.5
enneagram astrology,3,66,4.55,6.1
enneagram autism,3,73,4.11,6.1
enneagram tritype compatibility,3,30,10.00,6.0
enneagram type 9,3,717,0.42,44.0
jordi hays age,3,401,0.75,5.9
jordy hays,3,87,3.45,6.9
kara swisher amanda katz,3,365,0.82,7.6
katie jean williams shawn ryan,3,296,1.01,6.9
kourtney kardashian personality,3,252,1.19,6.7
leila hormozi maiden name,3,64,4.69,2.6
matthew mcconaughey personality type,3,181,1.66,7.0
natasha chernyak,3,12,25.00,9.5
ryan gosling personality type,3,374,0.80,6.2
sarah chase hays,3,13,23.08,14.5
steve jobs personality,3,77,3.90,14.0
tom cruise personality type,3,190,1.58,5.1
tom holland enneagram,3,132,2.27,6.2
type 1 enneagram celebrities,3,85,3.53,8.1
which enneagram is most likely to cheat,3,136,2.21,8.9
autism and enneagram,2,40,5.00,5.8
bernard arnault catholic,2,34,5.88,7.9
best enneagram relationship pairings,2,31,6.45,8.8
best free enneagram test,2,943,0.21,11.8
bobbi heck,2,66,3.03,9.0
dario amodei gf,2,8,25.00,9.8
dario amodei jade wang,2,38,5.26,5.2
denzel washington personality,2,159,1.26,8.0
did sky bri retire,2,366,0.55,8.8
druski personality,2,35,5.71,4.3
emma watson personality,2,648,0.31,8.9
enneagram 5 disintegration,2,75,2.67,11.6
enneagram 9 depression,2,5,40.00,3.2
enneagram and attachment styles,2,32,6.25,9.8
enneagram attachment styles,2,14,14.29,8.3
enneagram compatibility calculator,2,29,6.90,9.7
enneagram type 2 celebrities,2,118,1.69,11.6
enneagram type 2 famous people,2,120,1.67,8.9
enneagram type 5 celebrities,2,83,2.41,18.7
eva mendes mbti,2,22,9.09,9.7
famous enneagram 2s,2,59,3.39,7.4
famous enneagram 5,2,169,1.18,10.3
famous enneagram 9,2,171,1.17,9.8
gracie abrams childhood home,2,96,2.08,9.8
gracie abrams enneagram,2,62,3.23,4.3
gracie abrams personality,2,173,1.16,6.2
grimes crack den,2,56,3.57,8.0
gwyneth paltrow personality,2,31,6.45,9.0
hasan piker personality type,2,39,5.13,5.3
is bernard arnault catholic,2,59,3.39,6.3
is sky bri doing porn again,2,40,5.00,7.3
is sky bri retired,2,352,0.57,8.8
jack black,2,56,3.57,3.9
jfk personality,2,25,8.00,17.9
jordi hays tbpn,2,112,1.79,8.1
jordi hays wife,2,335,0.60,8.2
jordihays,2,45,4.44,7.3
kara swisher and amanda katz,2,72,2.78,7.0
lionel messi personality,2,65,3.08,15.7
madison beer personality,2,323,0.62,8.6
messi mbti,2,154,1.30,11.3
messi personality,2,269,0.74,11.7
michael seibel parents,2,8,25.00,4.4
most manipulative enneagram,2,86,2.33,5.9
prince harry personality,2,175,1.14,7.7
robert pattinson personality,2,157,1.27,9.3
ryan gosling enneagram,2,44,4.55,4.5
sabrina carpenter enneagram,2,42,4.76,3.6
sabrina carpenter mbti,2,25,8.00,1.3
sabrina carpenter personality,2,755,0.26,5.7
sabrina carpenter personality type,2,322,0.62,5.4
saoirse ronan personality,2,36,5.56,8.4
sergey brin personality,2,44,4.55,7.1
shia labeouf personality,2,29,6.90,9.3
site:9takes.com,2,44,4.55,12.6
sky bri gets shared,2,4,50.00,18.0
sky bri retired,2,105,1.90,9.1
skyler bri,2,70,2.86,9.8
sp blind enneagram,2,267,0.75,10.3
tina fey personality,2,75,2.67,6.2
tom cruise enneagram,2,25,8.00,10.2
tom hardy personality,2,262,0.76,8.5
unhealthy enneagram types,2,38,5.26,9.7
which enneagram is most likely to be depressed,2,86,2.33,4.4
zayn malik personality,2,208,0.96,5.8
zendaya ambition calculated risks,2,270,0.74,12.1
"""kacey musgraves""",1,14,7.14,6.1
6w5 vs 4w5,1,65,1.54,9.3
alex hormozi gilman,1,51,1.96,8.7
alex hormozi mbti,1,108,0.93,8.8
alex karp wife and children,1,18,5.56,9.2
amanda katz and kara swisher age difference,1,130,0.77,6.0
amanda katz swisher,1,21,4.76,9.8
anne dewavrin,1,1,100.00,3.0
ashby florence college,1,20,5.00,9.3
ashby florence virginia,1,44,2.27,4.8
ashby florence virginia tech,1,2,50.00,3.0
asmongold age,1,13,7.69,15.3
asmongold childhood,1,59,1.69,8.4
asmongold early life,1,2,50.00,7.0
asmongold personality,1,35,2.86,9.7
aubrey plaza personality,1,230,0.43,9.1
aubrey plaza personality type,1,134,0.75,8.3
autism enneagram,1,54,1.85,7.4
benson boone mental health,1,14,7.14,8.7
bernard arnault personality,1,26,3.85,4.8
best enneagram pairings,1,97,1.03,10.0
best free ennegram test,1,15,6.67,10.2
beyonce personality,1,367,0.27,8.7
billie eilish personality,1,268,0.37,9.2
blake lively charakter,1,8,12.50,2.6
bpd enneagram,1,59,1.69,9.5
brad pitt personality,1,117,0.85,10.0
callum turner age,1,1,100.00,2.0
casey neistat robin harris,1,56,1.79,9.8
chamath palihapitiya nathalie dompé,1,8,12.50,9.5
charli xcx enneagram,1,32,3.13,4.5
charli xcx personality,1,180,0.56,8.7
christian bale personality,1,46,2.17,9.8
churchill personality type,1,29,3.45,7.9
cloverleaf enneagram test,1,218,0.46,7.5
compatibility matrix,1,11,9.09,7.3
dario amodei autism,1,6,16.67,10.3
dario amodei ex girlfriend,1,21,4.76,7.4
dario amodei father illness,1,37,2.70,5.7
dario amodei girlfriend,1,166,0.60,9.7
dario amodei mbti,1,60,1.67,5.4
dario amodei sexuality,1,19,5.26,10.6
dark triad celebrities female,1,19,5.26,10.1
david albert friedberg,1,15,6.67,10.4
david foster statement meghan markle,1,1,100.00,7.0
david goggins personality,1,65,1.54,9.9
describe sabrina carpenter personality,1,21,4.76,4.1
did grimes live in a crack den,1,45,2.22,7.2
did samara weaving do drugs,1,1,100.00,4.0
did sky bri quit porn?,1,27,3.70,8.3
does charli damelio have ocd,1,11,9.09,9.9
does dario amodei have autism,1,17,5.88,12.4
does ishowspeed have anger issues,1,541,0.18,5.5
does sky bri still do porn,1,165,0.61,9.5
does sky bri still make porn,1,24,4.17,9.3
donna arthofer,1,15,6.67,9.5
dwayne johnson personality,1,185,0.54,8.2
ella langley personality,1,135,0.74,8.2
emma watson personality type,1,252,0.40,7.3
enneageam 6,1,1,100.00,73.0
enneagram 2 celebrities,1,104,0.96,10.5
enneagram 2 famous people,1,98,1.02,8.5
enneagram 4 careers,1,22,4.55,31.6
enneagram 4 celebrities,1,49,2.04,18.1
enneagram 4 so,1,2,50.00,26.0
enneagram 5 autism,1,15,6.67,8.8
enneagram 5 celebrities,1,57,1.75,19.1
enneagram 5 famous people,1,107,0.93,11.4
enneagram 9,1,770,0.13,46.4
enneagram 9 famous people,1,151,0.66,10.7
enneagram and astrology,1,78,1.28,5.7
enneagram disorders,1,9,11.11,3.1
enneagram fixations,1,16,6.25,53.6
enneagram instinctual stacking,1,2,50.00,30.5
enneagram pairings,1,26,3.85,10.2
enneagram stereotypes,1,13,7.69,11.8
enneagram sx blind,1,1,100.00,17.0
enneagram sx/sp,1,4,25.00,27.5
enneagram test best one,1,6,16.67,10.7
enneagram type 1 celebrities,1,181,0.55,10.8
enneagram type 1 famous people,1,74,1.35,8.6
enneagram type 3 celebrities,1,110,0.91,11.6
enneagram type 4 careers to avoid,1,39,2.56,13.6
enneagram type 6 careers to avoid,1,22,4.55,11.9
enneagram type 9 celebrities,1,161,0.62,12.7
enneagram type 9 famous people,1,84,1.19,11.0
enneagram types compatibility,1,14,7.14,15.2
enneagram types in relationships,1,14,7.14,28.6
enneagram vs myers briggs,1,40,2.50,25.9
enneagramm typ 3,1,1,100.00,4.0
famous enneagram 2,1,179,0.56,8.2
famous enneagram 3,1,207,0.48,8.0
famous enneagram 8,1,35,2.86,14.8
famous enneagram 9s,1,49,2.04,10.2
famous enneagram type 1,1,30,3.33,7.9
famous enneagram type 9,1,20,5.00,10.2
famous people with enneagram 5,1,62,1.61,9.1
forbes podcast list,1,8,12.50,1.0
freddie mercury personality type,1,13,7.69,8.2
frida kahlo personality type,1,21,4.76,10.2
gavin newsom personality,1,12,8.33,30.4
george hw bush personality,1,4,25.00,17.3
ghislaine maxwell personality,1,4,25.00,18.3
ghislaine maxwell psychology,1,6,16.67,11.0
gracie abrams personality type,1,115,0.87,5.2
has sky bri retired,1,42,2.38,9.6
henry cavill introvert,1,2,50.00,12.0
henry cavill personality,1,43,2.33,9.3
how do actors like kate hudson prepare for musical roles?,1,1,100.00,4.0
how is blake lively as a person,1,10,10.00,7.9
how much do the top podcasters make,1,1,100.00,1.0
how to be like sabrina carpenter,1,1,100.00,13.0
how to be like zendaya,1,24,4.17,9.6
hugh jackman personality,1,161,0.62,8.3
is dario amodei neurodivergent,1,117,0.85,10.7
is ishowspeed a good person,1,55,1.82,9.2
is jason sudeikis a jerk,1,51,1.96,5.2
is jason sudekis a jerk,1,17,5.88,5.1
is logan paul a good person,1,86,1.16,9.9
is meghan markle difficult,1,1,100.00,2.0
is morgan wallen a good person,1,15,6.67,16.2
is nicole kidman a nice person,1,4,25.00,8.5
is rihanna a good person,1,106,0.94,8.7
is sean evans autistic,1,53,1.89,6.2
is sean evans religious,1,5,20.00,9.8
is shawn ryan half japanese,1,54,1.85,6.0
is shawn ryan japanese,1,30,3.33,8.1
is tina fey nice in real life,1,131,0.76,7.5
is tyler cowen married,1,13,7.69,8.7
ishowspeed analysis,1,17,5.88,6.5
ishowspeed personality,1,712,0.14,8.2
ishowspeed real personality,1,175,0.57,8.0
jack black personality,1,117,0.85,8.6
jackie kennedy personality,1,28,3.57,12.4
jason sudeikis a jerk,1,9,11.11,5.1
jason sudeikis personality,1,27,3.70,9.5
jennifer garner personality type,1,52,1.92,5.3
jennifer lawrence enneagram,1,20,5.00,4.9
jennifer lawrence personality,1,52,1.92,10.8
jennifer lawrence personality type,1,303,0.33,9.5
jennifer lawrence social anxiety,1,2,50.00,20.0
jfk personality type,1,44,2.27,8.8
joe lonsdale chess,1,34,2.94,10.4
joe rogan personality type,1,52,1.92,7.0
john travolta personality,1,45,2.22,5.2
jon stewart crack house,1,66,1.52,8.1
jordi hays wikipedia,1,76,1.32,4.9
jordy tbpn,1,11,9.09,9.4
justin bieber enneagram type,1,5,20.00,5.8
justin trudeau,1,1,100.00,3.0
kai cenat mbti,1,283,0.35,7.1
kai cenat personality,1,175,0.57,4.1
kai cenat personality traits,1,20,5.00,3.2
kamala harris personality,1,1,100.00,24.0
kara swisher wife amanda katz,1,134,0.75,7.0
katherine stoeffel wikipedia,1,2,50.00,27.5
katie jean williams shawn ryan wife,1,35,2.86,6.6
katy perry personality,1,23,4.35,11.8
keke palmer personality,1,104,0.96,7.7
kendrick lamar personality type,1,65,1.54,7.8
kourtney kardashian mbti,1,21,4.76,8.5
kris jenner personality,1,16,6.25,9.8
kylie jenner personality,1,259,0.39,8.8
kylie jenner personality type,1,55,1.82,7.8
leila hormozi parents,1,4,25.00,3.5
leila hormozi real name,1,13,7.69,3.2
leila naghshineh,1,76,1.32,8.4
lex fridman mother,1,1,100.00,23.0
madison beer fun facts,1,4,25.00,13.0
marilyn monroe enneagram,1,77,1.30,6.9
marilyn monroe's personality,1,5,20.00,10.0
matt damon angry,1,1,100.00,3.0
matt damon enneagram,1,38,2.63,8.8
meghan markle personality analysis,1,8,12.50,5.0
meghan markle personality type,1,283,0.35,6.0
meryl streep personality,1,28,3.57,9.2
meryl streep personality type,1,77,1.30,7.8
messi enneagram,1,81,1.23,3.0
michael b jordan personality type,1,43,2.33,6.3
michael b jordan type,1,10,10.00,10.2
mieneke maher,1,4,25.00,14.5
mikey madison mbti,1,133,0.75,8.2
miley cyrus personality,1,21,4.76,6.1
millainen luonne,1,1,100.00,2.0
millie bobby brown personality type,1,108,0.93,8.1
morgan wallen character traits,1,3,33.33,7.7
most compatible enneagram types,1,16,6.25,22.5
n3on mbti,1,6,16.67,5.0
natalie portman personality type,1,129,0.78,9.6
nathalie dompe kids,1,1,100.00,11.0
nietzsche personality,1,27,3.70,15.0
nietzsche personality type,1,70,1.43,11.0
nikola tesla personality,1,30,3.33,15.7
noah kahan enneagram,1,65,1.54,7.5
oliver tree mbti,1,158,0.63,8.9
olivia cooke ocd,1,4,25.00,8.8
palmer luckey mbti,1,19,5.26,5.1
pedro pascal personality,1,4,25.00,4.0
peter thiel childhood,1,1,100.00,43.0
phoebe bridgers enneagram,1,20,5.00,6.0
porn sky bri,1,57,1.75,3.9
prince harry personality type,1,63,1.59,8.1
psychology of ariana grande,1,6,16.67,6.2
rachel mcadams personality,1,9,11.11,5.7
real skybri,1,3,33.33,10.7
rihanna personality,1,335,0.30,8.6
rihanna personality traits,1,59,1.69,10.4
rihanna personality type,1,39,2.56,11.7
robin harris casey neistat,1,187,0.53,9.9
ronald reagan personality,1,9,11.11,24.0
ryan gosling mbti,1,142,0.70,10.6
ryan gosling personality traits,1,6,16.67,5.3
sam altman mbti,1,13,7.69,14.6
samuel jason black,1,1,100.00,3.0
sean evans mbti,1,68,1.47,8.1
sean palmisano,1,209,0.48,8.9
selena gomez mbti,1,10,10.00,23.3
selena gomez personality,1,398,0.25,5.9
selena gomez personality traits,1,75,1.33,5.6
selena gomez personality type,1,223,0.45,10.6
shane gillis atletico madrid,1,4,25.00,10.8
shawn ryan japanese,1,21,4.76,9.5
shawn ryan mbti,1,157,0.64,6.6
shawn ryan palmisano parents,1,10,10.00,8.1
shawn ryan suicide attempt,1,78,1.28,6.8
shawn ryan's wife katie jean,1,40,2.50,9.7
shia labeouf personality type,1,31,3.23,5.9
sky bri amish,1,5,20.00,5.8
sky bri getting fucked,1,7,14.29,7.6
sky bri passion,1,3,33.33,2.0
sky bri porn videos,1,4,25.00,3.8
sky bri quits porn,1,4,25.00,10.0
sky bri quits target,1,9,11.11,9.3
sky bri retire,1,20,5.00,9.6
snoop dogg personality,1,110,0.91,9.5
social blind instinctual variant,1,9,11.11,10.1
stavros halkias house,1,45,2.22,8.2
stephen hawking personality attributes,1,125,0.80,8.0
steve carell personality type,1,48,2.08,4.6
steve jobs perfectionism,1,6,16.67,13.8
sydney sweeney iq,1,4,25.00,13.5
sydney sweeney personality,1,444,0.23,6.7
tanya haden,1,9,11.11,2.8
tara yummy,1,13,7.69,24.2
things to say to an enneagram,1,83,1.20,7.5
things to say to an enneagram 3,1,5,20.00,7.2
thomas william black,1,1,100.00,3.0
tina fey enneagram,1,158,0.63,4.6
tina fey husband,1,1,100.00,2.0
tom holland enneagram type,1,40,2.50,6.8
type 2 enneagram celebrities,1,218,0.46,8.5
type 8 enneagram celebrities,1,65,1.54,11.3
type 9 enneagram celebrities,1,102,0.98,9.8
types of toxic traits,1,4,25.00,6.8
what is the worst enneagram type,1,101,0.99,10.1
what is zendaya's personality,1,96,1.04,8.9
what is zendaya's personality like,1,70,1.43,8.4
what personality type is messi,1,21,4.76,8.9
when did mike majlak get sober,1,18,5.56,5.3
when did sky bri start doing porn,1,19,5.26,8.5
where is ashby florence from,1,16,6.25,9.5
who cuts anna wintour's hair,1,1,100.00,13.0
why does mark zuckerberg act like a robot,1,42,2.38,7.0
yes pls,1,1,100.00,8.0
zara larsson personality,1,186,0.54,9.0
zayn malik personality type,1,84,1.19,5.3
zendaya enneagram,1,178,0.56,5.2
zendaya personality,1,622,0.16,10.2
zendaya personality type,1,603,0.17,9.9
zodiac enneagram,1,5,20.00,7.0
マーフィー マラキー,1,1,100.00,4.0
"""a promised land"" ""community organizer"" ""right decision""",0,5,0.00,8.4
"""a promised land"" ""community organizer"" ""right decision"" obama",0,4,0.00,6.3
"""agnostic theist"" ""mrbeast""",0,9,0.00,6.4
"""agnostic theist"" mrbeast",0,31,0.00,5.8
"""agnostic theist"" mrbeast rolling stone",0,5,0.00,2.0
"""agnostic theist"" mrbeast source",0,11,0.00,7.4
"""anna wintour"" (fuck or bitch or bastard or asshole or motherfucker or dickhead or pussy or scumbag or loser or clown or fraud or corrupt or scum or psycho or idiot or moron or garbage or trash or evil or criminal or creep or liar or pathetic or disgusting)",0,1,0.00,69.0
"""at 21"" ""own house"" ""studio"" musician",0,1,0.00,11.0
"""attended 15 schools"" actor",0,34,0.00,10.3
"""attended"" ""15 schools"" actor",0,2,0.00,11.0
"""became a millionaire at 17"" singer",0,1,0.00,11.0
"""bill burr"" ""march 2025"" ""new jersey""",0,18,0.00,3.7
"""bill burr"" ""march 2025"" ""new jersey"" comedy",0,9,0.00,4.3
"""bill burr"" ""march 2025"" ""new jersey"" tickets",0,15,0.00,6.7
"""bill burr"" ""march 2025"" ""new york""",0,6,0.00,9.7
"""bill burr"" ""march 2025"" ""new york"" comedy",0,3,0.00,10.7
"""bill burr"" ""march 2025"" ""new york"" stand-up",0,5,0.00,10.0
"""bill burr"" ""march 2025"" ""new york"" tickets",0,3,0.00,11.0
"""bill burr"" ""march 2025"" new jersey comedy",0,2,0.00,4.0
"""bill burr"" ""march 2025"" new york comedy",0,1,0.00,11.0
"""bill burr"" ""march 2025"" new york comedy tickets",0,1,0.00,8.0
"""bill burr"" ""march"" ""2025"" ""new jersey""",0,4,0.00,10.5
"""bill burr"" ""march"" ""2025"" ""new jersey"" comedy",0,6,0.00,9.7
"""bill burr"" ""march"" ""2025"" ""new jersey"" tickets",0,2,0.00,11.0
"""bryan johnson"" ""girlfriend robin""",0,7,0.00,9.7
"""call her daddy""",0,1,0.00,42.0
"""casey neistat"" ""machu picchu""",0,23,0.00,10.3
"""casey neistat"" machu picchu",0,4,0.00,10.8
"""chamath palihapitiya"" controversy or scandal or criticism",0,3,0.00,24.7
"""chamath palihapitiya"" fraud or scam or misleading investors",0,1,0.00,18.0
"""changed schools more than 10 times"" actor",0,1,0.00,1.0
"""charli grace d'amelio"" source",0,1,0.00,11.0
"""christian bale"" ""anger"" ""childhood"" interview",0,3,0.00,5.3
"""clavicular"" ""nebivolol""",0,11,0.00,10.4
"""company"" ""lands"" ""$20 million""",0,1,0.00,32.0
"""dario amodei"" ""girlfriend""",0,3,0.00,6.7
"""dario amodei"" ""girlfriend"" ""wife""",0,7,0.00,7.3
"""dario amodei"" ""jade wang""",0,12,0.00,8.6
"""demis hassabis""",0,1,0.00,5.0
"""don't let anyone tell you who you are. you tell them who you are.""",0,5,0.00,9.8
"""don’t let anyone tell you who you are. you tell them who you are.""",0,3,0.00,8.7
"""drake"" ""followers"" ""kick"" ""april 2025""",0,2,0.00,10.0
"""drake"" ""kick"" ""followers"" ""april 2025""",0,61,0.00,10.1
"""dropped out of notre dame"" ""singer""",0,1,0.00,5.0
"""dropped out of notre dame"" musician",0,6,0.00,9.0
"""dropped out of notre dame"" singer",0,20,0.00,8.8
"""dua lipa"" ""british by birth""",0,14,0.00,4.7
"""dua lipa"" ""fitzjohn's primary school"" interview",0,1,0.00,7.0
"""emdr"" mbti typo",0,2,0.00,10.0
"""evan reiser"" -site:reddit.com -site:twitter.com -site:x.com -site:wykop.pl -site:tripadvisor.com -site:youtube.com -site:yelp.com -site:booking.com -site:facebook.com -site:instagram.com -site:tiktok.com",0,3,0.00,8.0
"""everyone carries"" ""anger"" ""childhood"" actor interview",0,1,0.00,9.0
"""everyone carries"" ""anger"" ""childhood"" interview actor",0,15,0.00,9.5
"""fans criticized"" ""oversharing"" ""social media"" actress 2017",0,41,0.00,10.1
"""father was murdered when he was eight"" artist",0,48,0.00,10.6
"""father was murdered when he was eight"" artist musician",0,6,0.00,6.8
"""father was murdered when he was eight"" musician",0,120,0.00,8.9
"""father was murdered when he was eight"" singer",0,26,0.00,6.4
"""four studio albums"" ""by 2023"" band",0,3,0.00,21.0
"""free results"" type theory",0,2,0.00,10.0
"""frida kahlo"" isfp",0,1,0.00,3.0
"""frida kahlo"" isfp mbti",0,1,0.00,4.0
"""frida kahlo"" mbti isfp",0,2,0.00,3.0
"""george w. bush"" ""oval office"" ""6:45 a.m.""",0,2,0.00,4.5
"""grief"" ""outwardly"" ""inside"" actor interview film",0,8,0.00,9.5
"""i have offended god and mankind because my work did not reach the quality it should have"" leonardo source",0,1,0.00,11.0
"""i want them to see what they have done to jack"" ""theodore h. white""",0,11,0.00,6.5
"""i want them to see what they have done to jack"" theodore white interview",0,14,0.00,8.1
"""jade wang"" ""dario amodei""",0,7,0.00,8.6
"""jade wang"" dario amodei",0,1,0.00,11.0
"""jason mccabe calacanis"" ""launch"" ""angel investor""",0,4,0.00,18.5
"""jeff raikes"" -site:reddit.com -site:twitter.com -site:x.com -site:wykop.pl -site:tripadvisor.com -site:youtube.com -site:yelp.com -site:booking.com -site:facebook.com -site:instagram.com -site:tiktok.com",0,2,0.00,2.0
"""jimmy donaldson"" ""agnostic theist""",0,12,0.00,3.3
"""john coogan"" ""host""",0,8,0.00,12.3
"""john coogan"" ""tbpn"" ""host""",0,13,0.00,14.2
"""john coogan's"" ""tbpn"" ""host""",0,12,0.00,5.0
"""john coogan’s"" ""tbpn""",0,2,0.00,9.5
"""jordi hays"" ""tbpn"" ""host""",0,10,0.00,7.5
"""journal entries"" ""debut ep"" ""one word""",0,2,0.00,10.5
"""julia fox"" ""practices 4b""",0,2,0.00,6.0
"""julia fox"" 4b movement",0,1,0.00,9.0
"""julia fox"" 4b movement interview",0,5,0.00,9.4
"""julia fox"" 4b movement interview quote",0,2,0.00,10.0
"""julia fox"" 4b movement interview source",0,2,0.00,7.5
"""julia fox"" 4b movement quote",0,1,0.00,10.0
"""julia fox"" celibacy 4b",0,3,0.00,11.0
"""launched his production company"" doctor",0,1,0.00,12.0
"""leah jaynes karp""",0,1,0.00,48.0
"""machu picchu"" ""casey neistat""",0,2,0.00,10.5
"""man who controls everything"" lyrics band",0,1,0.00,10.0
"""march 2025"" ""bill burr"" new york tickets",0,1,0.00,11.0
"""michael apted"" divorced twice",0,1,0.00,42.0
"""michael burry"" ""summa cum laude""",0,1,0.00,45.0
"""mirae on"" enneagram",0,1,0.00,2.0
"""mixed evidence of reliability and validity"" enneagram",0,21,0.00,5.3
"""mixed evidence of reliability and validity"" enneagram review",0,20,0.00,5.3
"""mixed evidence of reliability and validity"" enneagram systematic review",0,3,0.00,4.0
"""most successful song"" ""bullied"" ""middle school"" rapper",0,9,0.00,9.6
"""most successful song"" ""bullied"" rapper ""middle school""",0,1,0.00,9.0
"""most successful song"" rapper ""2017"" ""middle school"" bullied",0,2,0.00,10.0
"""most successful song"" rapper ""bullied"" ""middle school""",0,3,0.00,11.0
"""mrbeast"" ""agnostic theist""",0,21,0.00,7.4
"""muse"" ""julia fox"" ""down the drain""",0,6,0.00,9.5
"""neil sullivan"" 2023 ambassador role refused club",0,9,0.00,5.2
"""neil sullivan"" ambassador role refused 2023 club",0,8,0.00,6.6
"""neil sullivan"" ambassador role turned down 2023 club",0,10,0.00,7.6
"""neil sullivan"" ambassador role turned down club 2023",0,7,0.00,7.9
"""nephew of salvador allende"" ""series""",0,3,0.00,8.0
"""nephew of salvador allende"" ""television""",0,41,0.00,7.6
"""nephew of salvador allende"" ""tv""",0,11,0.00,9.2
"""nephew of salvador allende"" filmmaker television",0,8,0.00,6.4
"""nephew of salvador allende"" television",0,39,0.00,9.1
"""nephew of salvador allende"" television -site:instagram.com",0,6,0.00,5.3
"""nephew of salvador allende"" television series",0,4,0.00,6.3
"""nephew of salvador allende"" tv",0,5,0.00,11.0
"""nephew of salvador allende"" tv series",0,9,0.00,10.0
"""nephew of salvador allende"" tv show",0,1,0.00,9.0
"""noah wyle"" ""thacher"" ""tie""",0,7,0.00,5.1
"""noah wyle"" ""tie"" ""school""",0,3,0.00,9.7
"""noah wyle"" ""tie"" ""thacher""",0,17,0.00,4.9
"""noah wyle"" ""tie"" high school",0,14,0.00,10.1
"""noah wyle"" ""tie"" school",0,1,0.00,10.0
"""one word"" ""?"" ""debut ep"" ""journal entries""",0,5,0.00,10.6
"""ordinary suburban"" ""shocking"" actor interview",0,2,0.00,1.5
"""ordinary suburban"" ""shocking"" actress interview",0,5,0.00,6.2
"""pamela anderson"" ""announced her retirement"" athlete",0,1,0.00,10.0
"""pamela anderson"" ""announced retirement""",0,24,0.00,10.5
"""pamela anderson"" ""announced retirement"" -baywatch",0,8,0.00,9.1
"""parents split when he was four"" director",0,6,0.00,11.2
"""parents split when he was four"" director filmmaker",0,8,0.00,10.3
"""parents split when he was four"" film director",0,23,0.00,8.8
"""parents split when he was four"" filmmaker",0,10,0.00,10.3
"""pedro pascal"" ""american geologist""",0,10,0.00,6.7
"""penelope cruz"" ancestry composition",0,2,0.00,11.0
"""penélope cruz"" ancestry composition",0,4,0.00,10.0
"""performance-based attachment"" psychology",0,35,0.00,5.7
"""personality database"" therapist movie character older woman",0,1,0.00,11.0
"""personality database"" therapist movie older woman",0,2,0.00,10.0
"""personality database"" therapist movie older woman image",0,1,0.00,4.0
"""personality database"" therapist older woman movie",0,4,0.00,10.0
"""personality-database"" therapist movie older woman",0,2,0.00,9.5
"""personality-database"" therapist older woman image",0,1,0.00,8.0
"""personality-database"" therapist older woman movie",0,6,0.00,9.0
"""raikes foundation"" -site:reddit.com -site:twitter.com -site:x.com -site:wykop.pl -site:tripadvisor.com -site:youtube.com -site:yelp.com -site:booking.com -site:facebook.com -site:instagram.com -site:tiktok.com",0,2,0.00,8.0
"""raised in suburban"" ""cooking show""",0,2,0.00,10.0
"""raised in suburban"" ""wife"" ""cooking show""",0,1,0.00,7.0
"""rcna242438""",0,1,0.00,10.0
"""refused to speak english"" actor audition film",0,5,0.00,5.8
"""ricked out"" ""rick owens"" slang",0,3,0.00,5.0
"""ricked out"" rick owens slang",0,9,0.00,2.1
"""ricked out"" slang rick owens",0,7,0.00,6.6
"""ryan grim""",0,2,0.00,74.0
"""ryan holiday"" ""dropped out of college"" ""19""",0,1,0.00,50.0
"""ryan holiday"" dropped out of college at 19",0,1,0.00,35.0
"""sealed the room"" poet suicide 1930s",0,1,0.00,8.0
"""sealed the room"" poet took his life 1930s",0,87,0.00,6.0
"""shawn r palmaisano"" (""people"" or ""public records"" or ""address"" or ""phone"" or ""email"")",0,97,0.00,7.2
"""shawn ryan palmaisano"" (""people"" or ""public records"" or ""address"" or ""phone"" or ""email"")",0,911,0.00,7.2
"""sky bri""",0,10,0.00,9.2
"""spain-argentina-final-report-highlights""",0,12,0.00,7.5
"""spent twenty years"" ""education"" ""editor"" ""december 2023""",0,1,0.00,7.0
"""steve carell"" ""acton"" ""psychiatric nurse""",0,22,0.00,7.3
"""steve carell"" ""psychiatric nurse"" ""acton""",0,8,0.00,7.5
"""stutter that made school""",0,1,0.00,6.0
"""the man who controls everything"" lyrics",0,9,0.00,5.8
"""the new york times"" ""1 million followers"" bluesky december 2024",0,20,0.00,8.1
"""timothée chalamet"" herpes",0,2,0.00,1.0
"""tin saints"" band",0,1,0.00,8.0
"""tom hiddleston"" expelled cambridge",0,7,0.00,10.7
"""trained as a dancer and choreographer"" ""actress"" ""met""",0,1,0.00,10.0
"""type 4"" blocked writers identity self-worth",0,6,0.00,9.2
"""warren buffett"" essay or letter or blog",0,2,0.00,3.5
"""where was"" ""educated"" ""after"" ""living in"" wikidata",0,2,0.00,7.0
"""wolf in cashmere"" bernard arnault nickname",0,2,0.00,11.0
"""won't be your muse"" ""julia fox""",0,2,0.00,8.5
"""zack hoyt""",0,1,0.00,21.0
"""zendaya"" ""interview appearances"" ""pr strategy""",0,2,0.00,11.0
#ilonamaher,0,2,0.00,10.5
#shawnryanshow,0,1,0.00,27.0
"%""dropped out of notre dame"" musician",0,1,0.00,12.0
"%""dropped out of notre dame"" singer",0,9,0.00,10.1
"%""noah wyle"" ""tie"" ""thacher""",0,8,0.00,2.1
%enneagram systematic review reliability validity 2021 hook,0,3,0.00,9.7
"(""bari weiss"") and (""university of austin"" or ""uatx"") and (""speech"" or ""event"")",0,1,0.00,1.0
"+""dropped out of notre dame"" rapper",0,1,0.00,10.0
"+""dropped out of notre dame"" singer",0,7,0.00,9.4
"+""nicole holliday"" ""black woman"" linguist",0,1,0.00,8.0
"+""noah wyle"" ""tie"" ""thacher""",0,5,0.00,3.8
+enneagram systematic review reliability validity 2021 hook,0,6,0.00,9.8
.,0,1,0.00,8.0
...,0,2,0.00,5.5
08304 lamine yamal,0,1,0.00,16.0
1,0,3,0.00,5.7
1 enneagram,0,10,0.00,57.9
1 enneagram description,0,1,0.00,79.0
1 on enneagram,0,10,0.00,62.5
1 on the enneagram,0,2,0.00,75.5
1 personality type,0,2,0.00,61.0
1-9 personality test,0,3,0.00,75.3
100 free enneagram test,0,1,0.00,11.0
13型,0,1,0.00,9.0
15 year old asmongold,0,10,0.00,7.0
1d ハリー,0,1,0.00,3.0
1w2 enneagram,0,2,0.00,3.0
1w4 enneagram,0,3,0.00,30.0
1w5 enneagram,0,3,0.00,45.0
2,0,2,0.00,4.5
2 enneagram description,0,1,0.00,4.0
2 wing 3 enneagram,0,1,0.00,3.0
25 more,0,1,0.00,4.0
258 tritype,0,1,0.00,10.0
279 enneagram,0,1,0.00,6.0
2pac エミネム,0,1,0.00,3.0
2w1 vs 4w5,0,1,0.00,11.0
3 enneagram,0,29,0.00,38.1
3 enneagram description,0,2,0.00,42.5
3 enneagram meaning,0,4,0.00,40.8
3 enneagram type,0,4,0.00,38.5
3 ennegram,0,1,0.00,37.0
3 fix enneagram,0,2,0.00,10.0
3 in enneagram,0,1,0.00,27.0
3 on enneagram,0,19,0.00,33.7
3 on the enneagram,0,3,0.00,37.0
3 tough conversations every couple should have,0,5,0.00,46.8
3w4 celebrities,0,1,0.00,33.0
3w5 enneagram,0,1,0.00,4.0
3w9,0,1,0.00,35.0
3w9 enneagram,0,7,0.00,25.4
4 and 7 marriage compatibility enneagram,0,1,0.00,24.0
4 aspects,0,1,0.00,34.0
4 enneagram,0,17,0.00,48.6
4 enneagram characters,0,5,0.00,44.4
4 enneagram description,0,1,0.00,53.0
4 enneagram meaning,0,3,0.00,45.3
4 enneagram personality,0,2,0.00,47.5
4 enneagram type,0,4,0.00,50.3
4 ennegram,0,2,0.00,52.0
4 love languages,0,1,0.00,30.0
4 on enneagram,0,13,0.00,49.8
4 on the enneagram,0,5,0.00,54.2
4 takes,0,1,0.00,15.0
4 types of love languages,0,1,0.00,47.0
459 tritype,0,1,0.00,4.0
4amconstruction,0,1,0.00,15.0
4w1,0,1,0.00,74.0
4w3 enneagram,0,1,0.00,3.0
4w3 so/sp,0,1,0.00,10.0
4w3 vs 7w6,0,3,0.00,10.3
4w5 and 6w5,0,17,0.00,8.7
4w5 enneagram,0,1,0.00,4.0
4w5 vs 6w5,0,8,0.00,9.6
4w6 enneagram,0,1,0.00,43.0
5 disintegration,0,1,0.00,25.0
5 disintegration enneagram,0,1,0.00,11.0
5 eneagram,0,1,0.00,60.0
5 enneagram,0,9,0.00,56.7
5 enneagram characters,0,2,0.00,47.0
5 enneagram description,0,2,0.00,69.0
5 enneagram meaning,0,1,0.00,69.0
5 enneagram subtypes,0,1,0.00,49.0
5 enneagram type,0,3,0.00,60.0
5 on the enneagram,0,3,0.00,57.3
5 personality type,0,3,0.00,47.0
5 type,0,7,0.00,42.4
548 tritype,0,1,0.00,4.0
5w1 enneagram,0,1,0.00,35.0
5w3 enneagram,0,1,0.00,3.0
5w4,0,1,0.00,6.0
5w4 characters,0,1,0.00,2.0
5w4 enneagram,0,1,0.00,3.0
5w7,0,5,0.00,10.8
5w7 enneagram,0,2,0.00,23.0
5w9 enneagram,0,3,0.00,32.3
6 enneagram,0,18,0.00,62.1
6 enneagram description,0,5,0.00,72.0
6 enneagram meaning,0,1,0.00,75.0
6 enneagram personality,0,3,0.00,63.7
6 enneagram type,0,4,0.00,66.8
6 ennegram,0,1,0.00,60.0
6 in enneagram,0,2,0.00,58.0
6 loyalist,0,2,0.00,51.5
6 on enneagram,0,35,0.00,64.2
6 on the enneagram,0,2,0.00,68.0
6 personality type,0,2,0.00,56.5
6 type,0,1,0.00,61.0
6 vs 4 enneagram,0,1,0.00,31.0
628 tritype,0,1,0.00,6.0
6w1 enneagram,0,1,0.00,60.0
6w1 personality,0,1,0.00,45.0
6w4,0,1,0.00,24.0
6w5 enneagram,0,2,0.00,3.0
6w5 vs 6w7,0,1,0.00,5.0
6w7 vs 8w7,0,4,0.00,11.0
6w9,0,1,0.00,30.0
6w9 enneagram,0,1,0.00,57.0
7 fix enneagram,0,1,0.00,11.0
7 in enneagram,0,2,0.00,58.5
7 sx 8 sx,0,1,0.00,11.0
7 take,0,1,0.00,64.0
7 types,0,2,0.00,63.5
729 enneagram,0,1,0.00,8.0
7w6 vs 4w3,0,7,0.00,11.0
7w8,0,2,0.00,6.5
7w9 enneagram,0,1,0.00,45.0
8 challenger,0,3,0.00,52.3
8 enneagram characters,0,4,0.00,43.0
8w7,0,1,0.00,3.0
8w7 and 4w5,0,2,0.00,9.5
8w9,0,1,0.00,3.0
8w9 celebrities,0,1,0.00,28.0
9 aspects,0,2,0.00,43.5
9 axes,0,7,0.00,31.6
9 axis,0,2,0.00,45.0
9 corners,0,2,0.00,70.5
9 enneagram,0,22,0.00,45.1
9 enneagram description,0,1,0.00,85.0
9 enneagram personality types,0,2,0.00,60.5
9 enneagram subtypes,0,1,0.00,35.0
9 enneagram type,0,1,0.00,43.0
9 enneagram types,0,1,0.00,29.0
9 get,0,1,0.00,38.0
9 in enneagram,0,2,0.00,47.0
9 in stress,0,1,0.00,58.0
9 likes,0,1,0.00,19.0
9 love languages,0,3,0.00,13.7
9 on enneagram,0,25,0.00,43.4
9 on the enneagram,0,1,0.00,62.0
9 others,0,1,0.00,30.0
9 paths,0,1,0.00,49.0
9 peacemaker,0,2,0.00,27.0
9 people,0,2,0.00,18.5
9 personalities,0,1,0.00,27.0
9 personalities enneagram,0,1,0.00,64.0
9 personality disorders,0,3,0.00,59.0
9 personality types,0,1,0.00,32.0
9 personality types enneagram,0,1,0.00,24.0
9 questions,0,1,0.00,21.0
9 spokes,0,4,0.00,37.5
9 stacks,0,1,0.00,39.0
9 type enneagram,0,1,0.00,46.0
9 types,0,6,0.00,20.5
9 types enneagram test,0,1,0.00,66.0
9 types.com,0,2,0.00,30.0
9 values,0,1,0.00,47.0
947 tritype,0,1,0.00,24.0
9axes,0,36,0.00,37.2
9az,0,1,0.00,47.0
9hque,0,1,0.00,55.0
9pov,0,1,0.00,25.0
9some,0,3,0.00,13.0
9spokes,0,1,0.00,48.0
9tes,0,1,0.00,6.0
9types,0,9,0.00,14.4
9types website,0,1,0.00,10.0
9values,0,3,0.00,29.7
9w1 celebrities,0,11,0.00,11.3
9w1 enneagram characters,0,2,0.00,46.0
9w2 enneagram,0,1,0.00,58.0
9w3,0,3,0.00,35.0
9w3 enneagram,0,2,0.00,70.5
9w5,0,1,0.00,26.0
9w5 enneagram,0,1,0.00,17.0
9w5 personality,0,4,0.00,46.3
9w6 enneagram,0,1,0.00,22.0
9w7 personality,0,2,0.00,40.5
9w8 эннеаграмма,0,1,0.00,3.0
9w9,0,1,0.00,60.0
"> figures like logan paul bluntly dismissed it, * * * *",0,1,0.00,34.0
?,0,2,0.00,9.0
? answer,0,1,0.00,9.0
????,0,1,0.00,9.0
@sky bri,0,1,0.00,12.0
@tarayummy,0,1,0.00,43.0
_ashbyflorence_,0,3,0.00,10.7
a jenifer lopez,0,1,0.00,5.0
a man named scott timothee chalamet,0,1,0.00,4.0
a perfect world movie,0,1,0.00,3.0
a tom?,0,1,0.00,3.0
aaliyah mbti,0,1,0.00,2.0
aaron pierre mbti,0,35,0.00,6.5
aaron pierre personality,0,7,0.00,8.1
aaron pierre weight,0,1,0.00,48.0
aaron pierre weight in lanterns,0,4,0.00,9.8
about charli xcx,0,1,0.00,45.0
about cillian murphy,0,2,0.00,26.5
about ella langley,0,1,0.00,36.0
abraham lincoln enneagram,0,3,0.00,16.0
accurate enneagram test,0,11,0.00,39.7
accurate enneagram test free,0,1,0.00,18.0
achiever enneagram,0,4,0.00,32.5
achiever personality type,0,1,0.00,24.0
active controller,0,1,0.00,62.0
"actor ""attended 15 schools""",0,35,0.00,8.9
actor callum turner,0,1,0.00,2.0
"actor interview ""childhood"" ""relentless drive"" corruption",0,1,0.00,10.0
actor joe penny,0,1,0.00,3.0
actor personality,0,2,0.00,35.5
actor tom hardy,0,1,0.00,4.0
actress personality,0,3,0.00,32.3
actual free enneagram test,0,5,0.00,12.8
actually free enneagram test,0,11,0.00,21.5
adam sandler mbti,0,3,0.00,18.3
adam sandler personality,0,37,0.00,10.5
adam sandler personality traits,0,1,0.00,9.0
adam sandler personality type,0,17,0.00,7.2
addiction?,0,1,0.00,8.0
addison rae personality,0,7,0.00,10.3
adela body type,0,3,0.00,10.7
adela character,0,1,0.00,11.0
adela jergova feet,0,1,0.00,21.0
adela jergova younger,0,1,0.00,20.0
adela personality,0,13,0.00,6.2
adin ross and sky bri relationship,0,2,0.00,9.5
adin ross iq,0,2,0.00,23.0
adin ross lean,0,4,0.00,21.3
adin ross mbti,0,49,0.00,6.0
adin why you didn't go on a date,0,1,0.00,29.0
adrianna maher height,0,1,0.00,19.0
adéla jergová religion,0,3,0.00,10.3
adéla jergová weight,0,7,0.00,10.3
afflictions gracie abrams meaning,0,1,0.00,3.0
"after reviewing emily's story, how should the coach respond in this situation? select the best answer let emily go since she says she feels fine and isn't showing symptoms yet. call emily's parents first to get permission before taking any action. administer the eai immediately and call emergency services, as severe allergic reactions can develop quickly in someone with a known bee allergy. have emily sit down and monitor her for symptoms before deciding whether to use the eai.",0,1,0.00,11.0
agatha christie amnesia,0,1,0.00,63.0
agatha christie cause of death,0,6,0.00,43.5
agatha christie disability,0,1,0.00,69.0
agatha christie disappearance,0,1,0.00,2.0
agatha christie memory loss,0,4,0.00,64.8
agatha christie mental health,0,2,0.00,8.0
agatha christie personality,0,37,0.00,8.0
agatha christie suicide,0,1,0.00,51.0
age,0,1,0.00,2.0
agent00 mbti,0,2,0.00,9.5
ai race strategy latest statements mark zuckerberg sam altman dario amodei demis hassabis elon musk alexandr wang june 2026,0,1,0.00,6.0
aj mitchell logan paul,0,2,0.00,82.0
aky bri,0,8,0.00,16.6
aky bri porn,0,6,0.00,3.5
aky bri xxx,0,1,0.00,3.0
albert einstein enneagram,0,18,0.00,9.7
albert einstein enneagram type,0,3,0.00,10.3
albert einstein personal life,0,1,0.00,58.0
albert einstein womanizer,0,5,0.00,33.4
albert friedberg,0,8,0.00,30.1
alex cooper background,0,1,0.00,48.0
alex cooper born newtown pennsylvania 1994,0,3,0.00,10.0
alex cooper door number 3,0,1,0.00,17.0
alex cooper horoscope,0,1,0.00,27.0
alex cooper interview style,0,1,0.00,45.0
alex cooper mbti,0,72,0.00,7.4
alex cooper personality,0,34,0.00,7.8
alex cooper quotes,0,1,0.00,55.0
alex cooper weight,0,1,0.00,31.0
alex cooper why is she famous,0,1,0.00,48.0
alex cooper zodiac,0,3,0.00,31.7
alex cooper zodiac sign,0,3,0.00,35.7
alex hormozi,0,3,0.00,2.7
alex hormozi age,0,1,0.00,2.0
alex hormozi and leila hormozi,0,1,0.00,3.0
alex hormozi astrology,0,2,0.00,27.5
alex hormozi college,0,1,0.00,3.0
alex hormozi father name,0,1,0.00,16.0
alex hormozi natal chart,0,2,0.00,14.0
alex hormozi personality type,0,58,0.00,6.6
alex hormozi scandal,0,1,0.00,3.0
alex hormozi wiki,0,1,0.00,5.0
alex karp biracial,0,4,0.00,13.5
alex karp black,0,2,0.00,48.0
alex karp bodyguards,0,1,0.00,8.0
alex karp can't sit still,0,5,0.00,9.4
alex karp childhood,0,1,0.00,11.0
alex karp dyslexia,0,1,0.00,23.0
alex karp geographically monogamous,0,1,0.00,37.0
alex karp girlfriend,0,4,0.00,1.0
alex karp half black,0,5,0.00,19.2
alex karp iq score,0,1,0.00,1.0
alex karp mbti,0,7,0.00,4.3
alex karp mother black,0,3,0.00,29.7
alex karp personality,0,39,0.00,7.4
alex karp race,0,3,0.00,51.0
alex karps,0,3,0.00,10.0
alex roldan hairdresser wikipedia,0,6,0.00,12.2
alex warren,0,2,0.00,2.5
alex warren mbti,0,6,0.00,9.3
alex warren personality,0,2,0.00,11.0
alexander karp dark triad,0,40,0.00,7.5
alexia barroso,0,1,0.00,3.0
alexis bledel,0,1,0.00,2.0
alexis bledel ass,0,2,0.00,8.0
alexis bledel body type,0,4,0.00,10.5
alexis bledel illness,0,8,0.00,9.8
alexis bledel mbti,0,27,0.00,8.5
alexis bledel personality,0,50,0.00,9.3
alexis bledel sexuality,0,1,0.00,27.0
alexis bledel social media,0,1,0.00,11.0
alexis bledel son age,0,1,0.00,11.0
alison berns wikipedia,0,1,0.00,35.0
alix bledel,0,1,0.00,11.0
alix earle mbti,0,3,0.00,11.0
alix earle porn,0,1,0.00,19.0
all 9 enneagram types,0,1,0.00,65.0
all about ella langley,0,1,0.00,36.0
all enneagram types,0,5,0.00,50.0
all enneagrams,0,2,0.00,54.0
all enneagrams explained,0,3,0.00,26.0
all in friedberg,0,1,0.00,45.0
all of oliver trees personas,0,6,0.00,8.2
all of the enneagram types,0,1,0.00,62.0
all of them,0,2,0.00,7.5
all oliver tree personas,0,1,0.00,9.0
all the enneagrams,0,1,0.00,63.0
all types enneagram,0,1,0.00,38.0
all types of enneagram,0,1,0.00,60.0
allison broude friedberg,0,30,0.00,9.9
also zendaya,0,1,0.00,2.0
altcineva,0,1,0.00,3.0
alysa liu personality type,0,1,0.00,8.0
amanda katz age kara swisher,0,1,0.00,10.0
amanda katz kara,0,3,0.00,11.7
amanda katz kara swisher wife,0,45,0.00,8.1
amanda katz wife of kara swisher,0,6,0.00,8.0
amber blank porn,0,1,0.00,8.0
amber heard,0,2,0.00,3.0
amber heard mbti,0,22,0.00,15.5
amber heard net worth peak,0,1,0.00,11.0
amber heard oc california,0,1,0.00,7.0
amber heard peak,0,2,0.00,14.0
amber heard personality type,0,97,0.00,10.6
amber heard pornography,0,1,0.00,28.0
amber heard younger,0,1,0.00,4.0
ambos,0,1,0.00,6.0
amelia dimoldenberg mbti,0,3,0.00,11.0
american psychological association enneagram evidence,0,1,0.00,11.0
american psychological association enneagram pseudoscience,0,2,0.00,9.0
amodei vs altman,0,1,0.00,31.0
amp,0,1,0.00,6.0
amswer,0,1,0.00,10.0
amy neistat,0,9,0.00,13.6
amy poehler enneagram,0,1,0.00,2.0
amy poehler enneagram 8,0,1,0.00,3.0
an abusive person,0,1,0.00,7.0
ana de armas personality,0,1,0.00,39.0
ana wintour,0,1,0.00,7.0
anaegram,0,2,0.00,96.0
anagrams of elon musk,0,1,0.00,49.0
analyse personae,0,2,0.00,95.0
analyze him,0,1,0.00,10.0
analyze how ishowspeed became a dominant force in live streaming culture,0,8,0.00,6.6
analyze the key factors behind kai cenat's success in streaming culture,0,1,0.00,10.0
and dua lipa?,0,1,0.00,2.0
andrew bad things enneagram,0,1,0.00,9.0
andrew sorkin podcast,0,1,0.00,9.0
andrew tate enneagram type,0,2,0.00,6.5
andrew tate personality,0,1,0.00,14.0
andrew tate personality type,0,63,0.00,8.5
andrew tate psychological profile,0,1,0.00,25.0
aneddoto specifico,0,1,0.00,2.0
angelina jolie personality type,0,1,0.00,2.0
angry jack black,0,1,0.00,14.0
anna kendrick adhd,0,1,0.00,2.0
anna kendrick joke,0,1,0.00,8.0
anna kendrick middle name,0,1,0.00,11.0
anna kendrick personality,0,115,0.00,8.8
anna kendrick personality type,0,11,0.00,5.3
anna kendrick voice type,0,1,0.00,1.0
anna wintour 1995,0,1,0.00,28.0
anna wintour 60s,0,2,0.00,11.0
anna wintour attitude,0,1,0.00,53.0
anna wintour iq,0,1,0.00,2.0
anna wintour mbti,0,2,0.00,17.5
anna wintour personality,0,5,0.00,23.2
anna wintour personality type,0,23,0.00,7.3
anna wintour without bob,0,4,0.00,13.3
anne archer,0,1,0.00,3.0
anne hathaway blood type,0,1,0.00,11.0
anne hathaway body,0,9,0.00,10.8
anne hathaway deep,0,1,0.00,9.0
anne hathaway enneagram,0,32,0.00,8.4
anne hathaway hard,0,1,0.00,10.0
anne hathaway hate 2013,0,1,0.00,3.0
anne hathaway personality type,0,13,0.00,9.2
anne hathawaybody,0,1,0.00,9.0
anneagram 3,0,3,0.00,34.0
anneagram 6,0,2,0.00,67.5
anneagrams,0,1,0.00,5.0
annegram com,0,1,0.00,28.0
anneogram,0,1,0.00,4.0
ano,0,2,0.00,2.5
answeb,0,1,0.00,8.0
answer,0,4,0.00,8.8
answer the question,0,1,0.00,7.0
anthony bourdain enneagram,0,46,0.00,9.6
anthony bourdain enneagram type,0,13,0.00,9.4
anthropic的,0,1,0.00,4.0
antonela roccuzzo mbti,0,22,0.00,8.3
antonella roccuzzo mbti,0,6,0.00,8.0
any more,0,1,0.00,3.0
anya taylor joy breakout role,0,2,0.00,61.5
anya taylor joy childhood,0,1,0.00,26.0
anya taylor joy condition,0,1,0.00,40.0
anya taylor joy mbti,0,4,0.00,11.0
anya taylor joy personality,0,5,0.00,14.6
anya taylor joy personality type,0,47,0.00,9.4
anya taylor-joy breakout role,0,1,0.00,57.0
anya taylor-joy childhood,0,1,0.00,23.0
anya taylor-joy got,0,1,0.00,22.0
anya taylor-joy iq,0,1,0.00,3.0
anya taylor-joy mbti,0,3,0.00,12.0
anya taylor-joy nde,0,2,0.00,10.0
anya taylor-joy personality,0,7,0.00,11.1
anya taylor-joy personality traits interviews,0,3,0.00,11.3
anya taylor-joy profile,0,1,0.00,55.0
anya taylor-joy syndrome,0,2,0.00,35.5
anyagram,0,1,0.00,35.0
anygram,0,2,0.00,53.5
aoc mbti,0,2,0.00,17.5
apa enneagram evidence,0,2,0.00,10.5
apa enneagram evidence scientific validity,0,1,0.00,11.0
apa enneagram not scientifically validated,0,2,0.00,11.0
apa enneagram personality scientific evidence,0,1,0.00,11.0
apa enneagram scientific evidence,0,4,0.00,9.3
apa enneagram scientific validity,0,7,0.00,9.3
apex,0,1,0.00,3.0
aquarius enneagram,0,6,0.00,11.5
ar tikrai,0,1,0.00,10.0
araina grande,0,1,0.00,8.0
archewell,0,1,0.00,2.0
are celebrities good role models,0,1,0.00,2.0
are emily and adela from dream academy sisters,0,1,0.00,11.0
are enneagram tests accurate,0,1,0.00,3.0
are enneagrams accurate,0,3,0.00,24.3
are enneagrams biblical,0,1,0.00,59.0
are enneagrams evidence based,0,3,0.00,41.3
are enneagrams legit,0,1,0.00,37.0
are enneagrams pseudoscience,0,2,0.00,21.5
are guests paid to be on podcasts,0,1,0.00,3.0
are harry and meghan moving to england,0,1,0.00,2.0
are harry and meghan returning to the uk,0,1,0.00,2.0
are harry and meghan still together,0,1,0.00,2.0
are podcasts profitable,0,1,0.00,3.0
are shawn ryan and joe rogan friends,0,1,0.00,11.0
are there any controversies or criticisms associated with sergey brin that might affect his reputation?,0,7,0.00,49.7
are they brothers?,0,1,0.00,1.0
are they free,0,1,0.00,13.0
are tom holland and zendaya married,0,1,0.00,2.0
are tracy morgan and tina fey friends,0,1,0.00,3.0
ariana grande,0,6,0.00,7.2
ariana grande as a person,0,1,0.00,16.0
ariana grande attachment style,0,2,0.00,21.5
ariana grande big feelings meaning,0,1,0.00,70.0
ariana grande character traits,0,17,0.00,10.6
ariana grande description,0,2,0.00,44.0
ariana grande emo,0,1,0.00,34.0
ariana grande enneagram,0,60,0.00,8.6
ariana grande enneagram type,0,3,0.00,10.3
ariana grande identity,0,8,0.00,10.1
ariana grande identity crisis,0,88,0.00,9.0
ariana grande is mean,0,1,0.00,3.0
ariana grande kind,0,3,0.00,13.7
ariana grande mbti,0,1,0.00,1.0
ariana grande neurodivergent,0,1,0.00,27.0
ariana grande new personality,0,2,0.00,11.0
ariana grande persona,0,1,0.00,12.0
ariana grande personalities,0,4,0.00,10.3
ariana grande personality,0,469,0.00,10.3
ariana grande personality change,0,66,0.00,9.5
ariana grande personality disorder,0,2,0.00,29.0
ariana grande personality traits,0,35,0.00,10.5
ariana grande personality traits interviews,0,3,0.00,9.0
ariana grande personality type,0,92,0.00,9.8
ariana grande personas,0,1,0.00,12.0
ariana grande psy,0,1,0.00,9.0
ariana grande psychology,0,52,0.00,8.0
ariana grande psychology reddit,0,1,0.00,37.0
ariana grande real personality,0,3,0.00,9.7
ariana grande type,0,21,0.00,10.2
ariana grande's personality,0,22,0.00,10.4
ariana grande?,0,1,0.00,5.0
ariana personality,0,11,0.00,7.9
aries enneagram,0,5,0.00,10.4
aries enneagram type,0,13,0.00,7.9
arlan hamilton reddit,0,1,0.00,76.0
arnold schwartzen,0,7,0.00,5.1
arnold schwarzenegger mbti,0,1,0.00,11.0
arnold schwarzenegger personality,0,94,0.00,9.9
arnold schwarzenegger personality type,0,70,0.00,9.7
arnold sh,0,1,0.00,7.0
art of seducing,0,1,0.00,2.0
arthur hastings,0,1,0.00,3.0
"artist ""father was murdered when he was eight""",0,29,0.00,10.3
as person,0,1,0.00,2.0
ashby age,0,2,0.00,16.0
ashby characters,0,1,0.00,11.0
ashby comedian,0,70,0.00,11.0
ashby content creator,0,2,0.00,10.5
ashby florance,0,5,0.00,9.4
ashby florence age,0,1,0.00,14.0
ashby florence boyfriend,0,65,0.00,10.1
ashby florence flash,0,1,0.00,19.0
ashby florence hamilton,0,4,0.00,7.8
ashby florence handstand,0,15,0.00,12.5
ashby florence height,0,1,0.00,13.0
ashby florence high school,0,1,0.00,8.0
ashby florence hot,0,1,0.00,14.0
ashby florence lorax,0,13,0.00,7.1
ashby florence merch,0,6,0.00,10.0
ashby florence movie,0,22,0.00,8.0
ashby florence real name,0,26,0.00,10.2
ashby florence wikipedia,0,12,0.00,8.7
ashby gru,0,3,0.00,9.3
ashby medium pace,0,1,0.00,7.0
ashby person,0,16,0.00,11.1
ashby real name,0,63,0.00,10.2
ashby tiktok real name,0,27,0.00,10.5
ashbyflorence,0,11,0.00,10.8
ask nine,0,3,0.00,30.3
asmara,0,1,0.00,11.0
asmon age,0,2,0.00,1.0
asmon gold real name,0,1,0.00,2.0
asmond gold real name,0,1,0.00,2.0
asmondgold name,0,1,0.00,2.0
asmongold 2008,0,1,0.00,10.0
asmongold 2013,0,1,0.00,10.0
asmongold 2017,0,1,0.00,33.0
asmongold 2018,0,1,0.00,7.0
asmongold age 2026,0,1,0.00,12.0
asmongold animorph,0,2,0.00,9.5
asmongold animorphs,0,1,0.00,14.0
asmongold as a kid,0,5,0.00,8.6
asmongold background,0,3,0.00,10.3
asmongold before,0,1,0.00,9.0
asmongold bio,0,3,0.00,11.3
asmongold birthday,0,1,0.00,18.0
asmongold body,0,1,0.00,11.0
asmongold born,0,2,0.00,17.0
asmongold degenerate,0,1,0.00,10.0
asmongold degree,0,1,0.00,20.0
asmongold depression,0,1,0.00,11.0
asmongold education,0,1,0.00,21.0
asmongold education background,0,1,0.00,18.0
asmongold ethnicity,0,1,0.00,15.0
asmongold full body,0,1,0.00,10.0
asmongold full name,0,1,0.00,2.0
asmongold history,0,2,0.00,9.0
asmongold how did he get famous,0,7,0.00,9.6
asmongold in real life,0,1,0.00,10.0
asmongold jacked,0,2,0.00,9.5
asmongold legs,0,5,0.00,9.8
asmongold life expectancy,0,4,0.00,10.0
asmongold lifestyle,0,7,0.00,10.6
asmongold living conditions,0,2,0.00,16.5
asmongold looks like,0,3,0.00,10.0
asmongold mbti,0,1,0.00,11.0
asmongold mbti type,0,12,0.00,9.8
asmongold meaning,0,2,0.00,9.0
asmongold mental health,0,1,0.00,29.0
asmongold mental illness,0,1,0.00,28.0
asmongold name,0,1,0.00,3.0
asmongold name meaning,0,1,0.00,3.0
asmongold nationality,0,1,0.00,8.0
asmongold personality traits,0,7,0.00,9.0
asmongold personality type,0,22,0.00,8.3
asmongold physique,0,36,0.00,9.6
asmongold political leaning,0,4,0.00,36.3
asmongold real name,0,11,0.00,2.4
asmongold siblings,0,1,0.00,9.0
asmongold sociopath,0,1,0.00,11.0
asmongold streamer biography,0,1,0.00,10.0
asmongold teenager,0,3,0.00,10.3
asmongold tourettes,0,1,0.00,20.0
asmongold weight,0,1,0.00,27.0
asmongold what does he do,0,2,0.00,10.0
asmongold when did he start streaming,0,8,0.00,10.1
asmongold when he was young,0,7,0.00,9.0
asmongold wiek,0,1,0.00,12.0
asmongold wiki,0,1,0.00,15.0
asmongold wojak,0,1,0.00,11.0
asmongold young,0,13,0.00,11.1
asmongold zodiac,0,4,0.00,8.5
asmongold's age,0,2,0.00,11.0
astrology and enneagram,0,7,0.00,5.7
astrology enneagram,0,56,0.00,6.5
attachment enneagram,0,4,0.00,15.0
attachment map,0,1,0.00,19.0
attachment triad enneagram,0,2,0.00,24.0
attachment type enneagram,0,11,0.00,11.3
attachment types enneagram,0,64,0.00,10.1
attacho typology,0,1,0.00,9.0
aubrey plaza,0,13,0.00,3.1
aubrey plaza adhd,0,9,0.00,6.4
aubrey plaza childhood,0,1,0.00,11.0
aubrey plaza husband what happened,0,1,0.00,2.0
aubrey plaza iq,0,3,0.00,12.3
aubrey plaza mbti,0,22,0.00,17.5
aubrey plaza neurodivergent,0,5,0.00,19.2
austin butler,0,1,0.00,3.0
backround,0,1,0.00,7.0
bad bunny mbti,0,64,0.00,11.2
bad bunny personality,0,2,0.00,26.5
bad bunny personality traits,0,2,0.00,11.0
bad bunny personality type,0,28,0.00,7.4
barack obama enneagram,0,16,0.00,11.1
barack obama enneagram type,0,10,0.00,9.3
barack obama personality,0,4,0.00,48.5
barbara parker-mallowan,0,1,0.00,3.0
barry neistat,0,6,0.00,11.7
barry soetoro wikipedia,0,1,0.00,26.0
barstool sports,0,2,0.00,3.5
basic enneagram types,0,1,0.00,60.0
battlefield earth,0,1,0.00,3.0
be her ella langley,0,1,0.00,3.0
beckham personality,0,1,0.00,10.0
beides,0,2,0.00,5.5
bella hadid personality type,0,1,0.00,12.0
belmont cameli mbti,0,1,0.00,2.0
ben affleck mbti,0,1,0.00,3.0
ben affleck personality type,0,1,0.00,1.0
ben horowitz,0,5,0.00,39.2
ben horowitz family,0,1,0.00,48.0
ben horowitz son,0,1,0.00,48.0
ben horowitz tupac,0,1,0.00,67.0
benny blanco hermoso first week sales,0,1,0.00,9.0
benny blanco mbti,0,2,0.00,10.0
benny blanco ocd,0,1,0.00,16.0
benny blanco personality,0,4,0.00,8.5
benson boon,0,1,0.00,4.0
benson boone,0,5,0.00,3.2
benson boone alcohol,0,8,0.00,11.1
benson boone childhood,0,1,0.00,21.0
benson boone creep,0,1,0.00,9.0
benson boone drugs,0,12,0.00,7.9
benson boone en couple,0,1,0.00,3.0
benson boone ghost town,0,1,0.00,2.0
benson boone mbti,0,32,0.00,8.9
benson boone personality,0,98,0.00,8.2
benson boone sober,0,55,0.00,9.5
benson boone taille,0,2,0.00,2.0
berkshire hathaway annual shareholder meeting,0,1,0.00,7.0
bernard arnault and maria pope,0,1,0.00,8.0
bernard arnault and ray dalio,0,1,0.00,7.0
bernard arnault and tina fey,0,1,0.00,9.0
bernard arnault childhood,0,6,0.00,10.8
bernard arnault current wife,0,1,0.00,11.0
bernard arnault leadership style,0,3,0.00,31.3
bernard arnault mbti,0,4,0.00,7.3
bernard arnault pantheon,0,1,0.00,10.0
bernard arnault religion catholic,0,1,0.00,9.0
bernard arnault wife,0,1,0.00,4.0
bernard arnault young,0,2,0.00,12.5
best and worst enneagram types,0,1,0.00,3.0
best ennagram test,0,1,0.00,51.0
best enneagram,0,1,0.00,42.0
best enneagram compatibility,0,1,0.00,11.0
best enneagram couples,0,4,0.00,11.5
best enneagram free test,0,17,0.00,12.3
best enneagram matches,0,11,0.00,9.7
best enneagram quiz,0,2,0.00,37.0
best enneagram test,0,97,0.00,33.4
best enneagram test free,0,1078,0.00,10.2
best enneagram test free reddit,0,4,0.00,12.8
best enneagram test free results,0,5,0.00,10.6
best enneagram test online,0,6,0.00,39.8
best enneagram tests,0,5,0.00,43.0
best enneagram training,0,23,0.00,81.1
best enneagram training programs,0,5,0.00,88.6
best enneagram type,0,1,0.00,3.0
best ennegram test,0,5,0.00,34.8
best free eneagram test,0,6,0.00,8.8
best free enneagram,0,34,0.00,9.0
best free enneagram personality test,0,12,0.00,10.6
best free enneagram test 2026,0,1,0.00,10.0
best free enneagram test and results,0,46,0.00,10.6
best free enneagram test online,0,5,0.00,14.6
best free enneagram test reddit,0,20,0.00,10.4
best free enneagram tests,0,30,0.00,10.4
best free enneagram tests 2026,0,2,0.00,12.5
best free online enneagram test,0,24,0.00,10.3
best instinctual variant test,0,2,0.00,9.0
best job for enneagram 9,0,1,0.00,16.0
best jobs for enneagram 1,0,2,0.00,20.0
best jobs for enneagram 4,0,5,0.00,32.2
best jobs for enneagram 6,0,1,0.00,37.0
best jobs for enneagram 7,0,1,0.00,3.0
best jobs for enneagram 9,0,3,0.00,31.0
best match for enneagram 9,0,2,0.00,37.0
best of sky bri porn,0,3,0.00,4.0
best online enneagram test,0,11,0.00,15.5
best place to take enneagram test,0,2,0.00,45.0
best sky bri porn,0,1,0.00,7.0
beth mccord enneagram test,0,32,0.00,6.7
better ones,0,1,0.00,1.0
beyonce character,0,1,0.00,19.0
beyonce character traits,0,7,0.00,13.6
beyonce characteristics,0,2,0.00,13.5
beyonce enneagram,0,15,0.00,6.6
beyonce human design,0,5,0.00,30.0
beyonce mbti,0,2,0.00,24.5
beyonce persona,0,1,0.00,11.0
beyonce personality traits,0,11,0.00,12.7
beyonce personality type,0,21,0.00,11.0
beyoncé mbti,0,1,0.00,13.0
beyoncé personality,0,13,0.00,9.4
beyoncé personality traits,0,12,0.00,9.7
beyoncé personality type,0,1,0.00,12.0
biden personality,0,1,0.00,80.0
big five enneagram,0,1,0.00,62.0
big five personality traits of elon musk,0,1,0.00,41.0
bill burr 2012,0,1,0.00,68.0
bill burr mbti,0,8,0.00,10.9
bill clinton enneagram,0,1,0.00,8.0
bill clinton mbti,0,1,0.00,40.0
bill clinton personality,0,4,0.00,13.8
bill clinton personality type,0,1,0.00,22.0
bill gates enneagram,0,17,0.00,8.6
bill gates personality,0,4,0.00,34.0
bill gates personality type,0,14,0.00,10.9
billie eilish blood type,0,3,0.00,19.3
billie eilish character traits,0,19,0.00,8.3
billie eilish characteristics,0,1,0.00,11.0
billie eilish enneagram,0,59,0.00,8.2
billie eilish enneagram type,0,11,0.00,8.2
billie eilish person,0,1,0.00,19.0
billie eilish persona,0,1,0.00,52.0
billie eilish personality traits,0,21,0.00,10.0
billie eilish personality traits 2026,0,2,0.00,10.5
billie eilish personality traits description,0,8,0.00,15.6
billie eilish personality traits interviews,0,17,0.00,9.2
billie eilish personality traits real life interviews,0,7,0.00,6.0
billie eilish personality type,0,50,0.00,12.2
billie eilish persönlichkeit,0,1,0.00,9.0
billie eilish type,0,1,0.00,22.0
billie eilish's personality,0,1,0.00,11.0
biography of jack black,0,1,0.00,3.0
blackpill hierarchy,0,2,0.00,52.0
blackpill mentality,0,1,0.00,88.0
blake brown beauty dry shampoo,0,1,0.00,4.0
blake lively,0,16,0.00,3.1
blake lively a nice person,0,1,0.00,2.0
blake lively annoying,0,1,0.00,2.0
blake lively aujourd'hui,0,1,0.00,3.0
blake lively carattere,0,1,0.00,8.0
blake lively crazy,0,2,0.00,3.5
blake lively es conflictiva,0,2,0.00,3.0
blake lively fisico,0,1,0.00,2.0
blake lively gambe,0,1,0.00,3.0
blake lively heute,0,1,0.00,3.0
blake lively iq,0,6,0.00,14.3
blake lively is a bad person,0,1,0.00,2.0
blake lively is mean,0,1,0.00,3.0
blake lively is she a nice person,0,1,0.00,2.0
blake lively is she nice,0,3,0.00,2.3
blake lively mbti,0,4,0.00,11.5
blake lively mean,0,5,0.00,2.6
blake lively mean girl,0,3,0.00,3.0
blake lively narcissist,0,1,0.00,1.0
blake lively nice or mean,0,1,0.00,1.0
blake lively personality disorder,0,2,0.00,11.0
blake lively personality in real life,0,6,0.00,10.7
blake lively personality type,0,55,0.00,8.1
blake lively reputation,0,4,0.00,2.5
blake lively rude,0,5,0.00,2.8
blake lively y ryan reynolds,0,1,0.00,3.0
bledel,0,2,0.00,40.0
bledel last name origin,0,1,0.00,17.0
blossom up enneagram,0,1,0.00,4.0
bob dylan,0,3,0.00,4.0
bob dylan 1975 breakup album,0,1,0.00,5.0
bob dylan aspergers,0,1,0.00,39.0
bob dylan autism,0,1,0.00,36.0
bob dylan character,0,1,0.00,28.0
bob dylan diagnose,0,1,0.00,29.0
bob dylan diagnosis,0,1,0.00,37.0
bob dylan enneagram,0,6,0.00,6.7
bob dylan introvert,0,1,0.00,11.0
bob dylan mbti,0,16,0.00,17.8
bob dylan mbti type,0,7,0.00,7.3
bob dylan mental health,0,2,0.00,34.0
bob dylan myers briggs,0,17,0.00,5.2
bob dylan net worth,0,1,0.00,3.0
bob dylan neurodivergent,0,1,0.00,32.0
bob dylan personalidad,0,12,0.00,11.7
bob dylan personality traits,0,4,0.00,9.0
bob dylan personality type,0,176,0.00,7.4
bob dylan tickets blackpool,0,1,0.00,3.0
bob dylan type of music,0,1,0.00,60.0
bob dylan's personality,0,23,0.00,8.8
bobbi althoff,0,1,0.00,3.0
bobbi althoff maiden name,0,1,0.00,1.0
bobbi althoff mbti,0,5,0.00,5.4
bobbi althoff mom and dad,0,1,0.00,3.0
bobbi althoff real name,0,3,0.00,2.7
bobbi althoff see through,0,1,0.00,30.0
bobbi althoff sucks,0,1,0.00,9.0
bobbi althoff wiki,0,1,0.00,15.0
bobbi heck parents,0,1,0.00,8.0
bobby brown mbti,0,7,0.00,10.4
boogie2988 mbti,0,5,0.00,10.0
borderline personality disorder madison beer,0,5,0.00,18.4
both,0,1,0.00,3.0
box office spider man brand new day,0,1,0.00,2.0
bpd madison beer,0,1,0.00,28.0
brad pitt attitude,0,2,0.00,35.5
brad pitt birth chart,0,1,0.00,4.0
brad pitt blood type,0,2,0.00,19.5
brad pitt carattere,0,1,0.00,3.0
brad pitt enneagram,0,10,0.00,3.4
brad pitt enneagram type,0,39,0.00,4.3
brad pitt mbti,0,14,0.00,23.2
brad pitt mbti type,0,11,0.00,8.1
brad pitt meaning,0,2,0.00,48.5
brad pitt myers briggs,0,2,0.00,13.0
brad pitt personality reddit,0,1,0.00,5.0
brad pitt personality traits,0,31,0.00,11.2
brad pitt personality type,0,182,0.00,8.1
brad pitt phenotype,0,2,0.00,12.0
brad pitt profile,0,1,0.00,46.0
brad pitt psychic,0,1,0.00,52.0
brad pitt qi,0,1,0.00,65.0
brad pitt sensitivity chip,0,1,0.00,46.0
braden peters,0,1,0.00,3.0
braden peters as a kid,0,1,0.00,98.0
braden peters infertile,0,1,0.00,50.0
brand pit,0,1,0.00,1.0
brandin,0,1,0.00,4.0
breakdown,0,1,0.00,3.0
breaking news harry and meghan,0,1,0.00,2.0
breaks things,0,1,0.00,10.0
brene brown birth chart,0,1,0.00,3.0
bri adult content creator,0,1,0.00,11.0
bri love porn,0,1,0.00,2.0
bri naturally (4k or hd or hq or 720p or share),0,3,0.00,22.0
bri naturally (stream or content or unlocked or pack),0,27,0.00,16.7
bri naturally porn,0,1,0.00,3.0
bri naturally videos,0,1,0.00,31.0
bri raw porn,0,1,0.00,1.0
bri sky,0,3,0.00,26.7
brian chesky and bernard arnault,0,2,0.00,6.5
brian chesky and tina fey,0,3,0.00,16.7
brian swardstrom timothée chalamet,0,1,0.00,4.0
bridgette skies,0,1,0.00,10.0
britannica bill gates lakeside school computer terminal 1968,0,1,0.00,1.0
britney spears personality,0,1,0.00,10.0
britney spears personality type,0,1,0.00,11.0
brittany broski,0,4,0.00,3.3
brittany broski dating history,0,8,0.00,10.3
brittany broski gender,0,3,0.00,9.3
brittany broski jack innanen,0,1,0.00,6.0
brittany broski mbti,0,6,0.00,5.7
brittany broski partner,0,24,0.00,9.5
brittany broski personality type,0,24,0.00,2.2
brittany broski siblings age,0,1,0.00,1.0
brittany broski veteran,0,1,0.00,10.0
broadsword calling danny boy,0,1,0.00,3.0
broken ella langley meaning of song,0,1,0.00,11.0
brooke monk body count,0,1,0.00,10.0
brooke monk college,0,1,0.00,8.0
brooke monk education,0,2,0.00,11.0
brooke monk explanation,0,2,0.00,8.5
brooke monk face shape,0,1,0.00,10.0
brooke monk mbti,0,3,0.00,6.3
brooke monk personality,0,3,0.00,10.3
brooke shields,0,2,0.00,3.0
"bush ,mbti",0,106,0.00,27.3
business insider dave portnoy,0,3,0.00,91.0
buy this,0,1,0.00,10.0
buzzfeed enneagram,0,2,0.00,9.0
cailee spaeny,0,1,0.00,2.0
caitlin clark mbti,0,4,0.00,8.5
caitlin clark personality,0,6,0.00,10.2
caleb haren,0,1,0.00,2.0
caleb heaeon,0,1,0.00,3.0
caleb hearin,0,2,0.00,2.0
caleb hearon,0,166,0.00,3.3
caleb hearon age,0,2,0.00,3.0
caleb hearon big mouth,0,1,0.00,3.0
caleb hearon birth chart,0,1,0.00,11.0
caleb hearon birthday,0,2,0.00,19.5
caleb hearon birthday zodiac,0,2,0.00,6.0
caleb hearon birthplace,0,1,0.00,10.0
caleb hearon boyfriend,0,1,0.00,4.0
caleb hearon chance,0,1,0.00,4.0
caleb hearon chase,0,1,0.00,7.0
caleb hearon ethnicity,0,3,0.00,19.3
caleb hearon headshot,0,1,0.00,11.0
caleb hearon height,0,5,0.00,3.4
caleb hearon height and weight,0,1,0.00,20.0
caleb hearon hometown,0,2,0.00,18.5
caleb hearon mbti,0,73,0.00,7.8
caleb hearon mom age,0,1,0.00,11.0
caleb hearon movies,0,6,0.00,3.5
caleb hearon net worth,0,4,0.00,3.0
caleb hearon race,0,2,0.00,9.0
caleb hearon snl,0,1,0.00,3.0
caleb hearon teenager,0,3,0.00,10.0
caleb hearon weight,0,2,0.00,2.5
caleb hearon weight loss,0,3,0.00,13.3
caleb hearon wiki,0,25,0.00,8.8
caleb hearon zodiac,0,1,0.00,16.0
caleb hearon zodiac sign,0,2,0.00,13.0
caleb heron,0,2,0.00,3.0
caleb heron brother,0,1,0.00,1.0
callim turner,0,2,0.00,3.0
calllum turner,0,1,0.00,3.0
callu turner,0,1,0.00,3.0
calluk turner,0,1,0.00,3.0
callum tirner,0,1,0.00,3.0
callum tuener,0,1,0.00,3.0
callum tunner,0,1,0.00,3.0
callum turner addiction,0,1,0.00,4.0
callum turner and dua lipa wedding,0,1,0.00,2.0
callum turner blonde hair,0,1,0.00,2.0
callum turner breakout role,0,1,0.00,8.0
callum turner council estate,0,1,0.00,10.0
callum turner ethnic background,0,1,0.00,3.0
callum turner family,0,9,0.00,2.2
callum turner films,0,1,0.00,2.0
callum turner fortune,0,1,0.00,3.0
callum turner gay roles,0,1,0.00,10.0
callum turner girlfriend,0,1,0.00,3.0
callum turner height,0,1,0.00,2.0
callum turner mbti,0,4,0.00,3.0
callum turner movies,0,4,0.00,2.0
callum turner movies and shows,0,5,0.00,2.6
callum turner movies and tv shows,0,23,0.00,2.0
callum turner net worth,0,23,0.00,3.0
callum turner occupation,0,1,0.00,3.0
callum turner personality,0,27,0.00,8.0
callum turner personality type,0,5,0.00,4.2
callum turner profession,0,1,0.00,3.0
callum turner reebok,0,4,0.00,6.3
callum turner roles,0,2,0.00,3.0
callum turner rosemary turner,0,1,0.00,25.0
callum turner school,0,1,0.00,3.0
callum turner season tickets,0,12,0.00,8.7
callum turner smoker,0,5,0.00,8.2
callum turner smoking,0,7,0.00,10.0
callum turner the secret of the universe,0,6,0.00,11.3
callum turner today,0,3,0.00,3.0
callum turner university,0,1,0.00,3.0
callum turner weight,0,1,0.00,36.0
callum turner wife,0,6,0.00,2.0
callum turner wiki,0,1,0.00,2.0
callum turner's net worth,0,1,0.00,3.0
"callum turner,",0,1,0.00,3.0
callum turnrt,0,1,0.00,3.0
callum turnwr,0,1,0.00,4.0
callum. turner,0,1,0.00,3.0
callum.tirner,0,1,0.00,3.0
callum.turner,0,4,0.00,3.0
callumturner,0,1,0.00,3.0
calmest mbti,0,1,0.00,2.0
calum turner,0,7,0.00,2.4
calum turnet,0,1,0.00,3.0
camila alves,0,1,0.00,3.0
can enneagram 2 be introverted,0,2,0.00,29.5
can enneagram 5 be extroverted,0,1,0.00,39.0
can enneagram change,0,1,0.00,3.0
can instinctual variants change,0,4,0.00,10.5
can joaquin phoenix sing,0,1,0.00,2.0
can kaia gerber act,0,1,0.00,2.0
can you have multiple enneagram types,0,1,0.00,43.0
can you look it up,0,1,0.00,7.0
can you please just answer,0,1,0.00,8.0
can you show the full list,0,1,0.00,3.0
can your enneagram change,0,1,0.00,3.0
can your enneagram wing change,0,1,0.00,9.0
can your instinctual variants change,0,21,0.00,8.2
canserbero,0,1,0.00,3.0
can’t get enough of khloe,0,2,0.00,42.0
capricorn enneagram,0,6,0.00,10.3
captain david mclain desbordes,0,34,0.00,8.2
caractere,0,1,0.00,3.0
características pessoais,0,1,0.00,2.0
carattere,0,1,0.00,2.0
caratterialmente,0,1,0.00,4.0
cardi b mbti,0,1,0.00,22.0
cardi b personality,0,4,0.00,16.0
cardi b personality type,0,40,0.00,9.8
careers for enneagram 1,0,11,0.00,21.0
careers for enneagram 4,0,5,0.00,37.8
careers for enneagram 6,0,1,0.00,69.0
careers for enneagram type 1,0,4,0.00,20.3
careers for enneagram type 3,0,5,0.00,63.0
careers for type 4 enneagram,0,3,0.00,30.7
caretaker enneagram,0,3,0.00,75.3
carina zavline,0,2,0.00,25.0
carina zavline bio,0,1,0.00,9.0
carina zavline germany's next topmodel,0,4,0.00,12.5
carina zavline movies and tv shows,0,2,0.00,10.5
carina zavline quien es,0,1,0.00,5.0
carina zavline wikipedia,0,1,0.00,6.0
carl jung enneagram,0,3,0.00,12.7
carl jung enneagram type,0,1,0.00,7.0
carlson psychology,0,1,0.00,52.0
caroline grant,0,1,0.00,3.0
caseoh and layna,0,1,0.00,10.0
caseoh personality,0,3,0.00,10.0
caseoh personality type,0,10,0.00,7.2
casey neistat allegations,0,1,0.00,9.0
casey neistat do what you can't,0,4,0.00,33.0
casey neistat hillary clinton,0,1,0.00,44.0
casey neistat i will be voting for,0,1,0.00,35.0
casey neistat mbti,0,22,0.00,5.5
casey neistat nationality,0,1,0.00,10.0
casey neistat nose,0,2,0.00,10.5
casey neistat origin,0,1,0.00,18.0
casey neistat parents,0,8,0.00,10.9
casey neistat political views,0,3,0.00,39.3
casey neistat side profile,0,1,0.00,20.0
casey neistat sucks,0,4,0.00,9.3
casey neistat visited machu picchu,0,2,0.00,11.0
cash out movie,0,1,0.00,2.0
cast of get shorty,0,1,0.00,2.0
cast of practical magic 2,0,1,0.00,2.0
cast of serena 2014,0,1,0.00,2.0
cathie wood,0,2,0.00,7.0
catholic enneagram,0,3,0.00,48.3
celeb personality,0,23,0.00,10.1
celebrities enneagram 4,0,3,0.00,8.3
celebrities that are shy,0,1,0.00,4.0
celebrities who are extroverts,0,2,0.00,2.0
celebrities who are shy,0,3,0.00,2.7
celebrities with enneagram 2,0,34,0.00,8.6
celebrities with enneagram 3,0,22,0.00,7.6
celebrities with enneagram 4,0,1,0.00,14.0
celebrities with enneagram 7,0,1,0.00,11.0
celebrities with enneagram 9,0,25,0.00,8.7
celebrities with type 2 enneagram,0,1,0.00,10.0
celebrity archetypes,0,1,0.00,66.0
celebrity enneagram,0,5,0.00,30.0
celebrity enneagram type 1,0,10,0.00,7.7
celebrity enneagram type 4,0,18,0.00,10.2
celebrity enneagram type 6,0,6,0.00,11.2
celebrity enneagram type 9,0,4,0.00,9.8
celebrity enneagram types,0,1,0.00,50.0
celebrity enneagrams,0,2,0.00,39.5
celebrity personality,0,6,0.00,18.8
cellophane lyrics,0,1,0.00,3.0
cenk uygur sister,0,1,0.00,1.0
ceo of jpmorgan,0,1,0.00,2.0
chalamet,0,1,0.00,4.0
challenger archetype personality,0,1,0.00,63.0
challenger enneagram,0,1,0.00,58.0
challenger enneagram type,0,1,0.00,49.0
challenger personality,0,1,0.00,36.0
challenger personality type,0,3,0.00,52.7
chamath and nathalie,0,1,0.00,17.0
chamath palihapitiya nathalie dompe,0,2,0.00,16.0
chamath palihapitiya wife,0,2,0.00,23.5
chamath wife,0,5,0.00,21.6
chamath wife nathalie,0,1,0.00,19.0
chameleon soul,0,1,0.00,29.0
chameleon soul meaning,0,1,0.00,18.0
chanel identity crisis after:2026-07-20,0,1,0.00,57.0
chanel waitlist after:2026-07-20,0,5,0.00,30.8
chapell roan mbti,0,4,0.00,4.5
chapelle roan,0,1,0.00,3.0
chappel roan mbti,0,1,0.00,2.0
chappell roan,0,13,0.00,2.9
chappell roan enneagram,0,21,0.00,6.3
chappell roan is she nice,0,1,0.00,3.0
chappell roan mbti,0,181,0.00,11.2
chappell roan mbti type,0,6,0.00,6.2
chappell roan men don't make good art,0,1,0.00,26.0
chappell roan personality,0,68,0.00,9.5
chappell roan personality type,0,104,0.00,5.1
chappell roan republican uncle,0,1,0.00,49.0
chappell roan younger,0,1,0.00,37.0
"chappell roan,",0,1,0.00,4.0
character traits of nikola tesla,0,1,0.00,23.0
character traits of oprah winfrey,0,4,0.00,63.0
characteristics of enneagram 1,0,1,0.00,73.0
characteristics of enneagram 3,0,1,0.00,44.0
characteristics of enneagram 6,0,3,0.00,68.3
characteristics of enneagram 9,0,1,0.00,59.0
characteristics of jeff bezos,0,3,0.00,39.3
characteristics of jfk,0,1,0.00,27.0
characteristics of john f kennedy,0,5,0.00,57.6
characteristics of mark zuckerberg,0,1,0.00,59.0
characteristics of oprah winfrey,0,3,0.00,60.3
characteristics of selena gomez,0,1,0.00,6.0
characteristics of winston churchill,0,6,0.00,38.2
characters with enneagram 6,0,1,0.00,44.0
charakter,0,2,0.00,2.5
charakter lionel messi,0,1,0.00,16.0
charles manson personality type,0,1,0.00,2.0
charli d amelio,0,1,0.00,11.0
charli d'amelio,0,2,0.00,3.0
charli d'amelio age,0,1,0.00,3.0
charli d'amelio deleted video,0,1,0.00,13.0
charli d'amelio grades,0,15,0.00,9.6
charli d'amelio lean,0,1,0.00,9.0
charli d'amelio naker,0,1,0.00,17.0
charli d'amelio now,0,1,0.00,58.0
charli d'amelio nsfw,0,1,0.00,10.0
charli d'amelio ocd,0,2,0.00,10.5
charli d'amelio pain,0,22,0.00,7.9
charli d'amelio personality,0,53,0.00,7.5
charli d'amelio weight gain story,0,4,0.00,18.0
charli damelio age,0,1,0.00,3.0
charli damelio ocd,0,18,0.00,10.5
charli xcx,0,1,0.00,4.0
charli xcx adhd,0,1,0.00,3.0
charli xcx and george daniel,0,1,0.00,3.0
charli xcx article,0,2,0.00,62.0
charli xcx genre,0,2,0.00,53.0
charli xcx iq,0,5,0.00,8.2
charli xcx mbti,0,17,0.00,4.2
charli xcx mbti type,0,7,0.00,8.4
charli xcx mean,0,1,0.00,69.0
charli xcx meaning,0,6,0.00,56.2
charli xcx peer pressure,0,2,0.00,16.0
charli xcx persona,0,3,0.00,14.7
charli xcx persona about,0,1,0.00,16.0
charli xcx persona who is it about,0,1,0.00,15.0
charli xcx personality tomodachi life,0,1,0.00,3.0
charli xcx self aware,0,1,0.00,11.0
charli xcx side profile,0,1,0.00,18.0
charli xcx type,0,1,0.00,10.0
charli xcx what does xcx mean,0,1,0.00,54.0
charlie carlisle rorra,0,1,0.00,50.0
charlie puth ego,0,1,0.00,5.0
charlie puth ego album,0,1,0.00,28.0
charlie puth mbti,0,7,0.00,9.6
charlie puth personality,0,55,0.00,7.3
charlie puth synesthesia,0,18,0.00,6.9
charlie puth transformation,0,1,0.00,23.0
charlie puth wife,0,1,0.00,8.0
charlie xcx mbti,0,1,0.00,3.0
charlie xcx meaning,0,1,0.00,70.0
charlotte riley,0,4,0.00,3.0
charlotte riley movies and tv shows,0,1,0.00,4.0
chase caleb hearon,0,2,0.00,9.0
che carattere ha,0,3,0.00,5.3
che carattere ha?,0,2,0.00,3.5
che guevara mbti,0,1,0.00,4.0
che tipo è,0,1,0.00,6.0
che tipo è?,0,1,0.00,7.0
chelsea davy,0,1,0.00,3.0
chelsea handler therapist,0,1,0.00,24.0
chelsy davy,0,1,0.00,4.0
cheryl desbordes,0,1,0.00,6.0
cheryl desbordes druski,0,1,0.00,11.0
childhood enneagram,0,1,0.00,26.0
childhood trauma enneagram,0,1,0.00,27.0
childhood wounds enneagram,0,1,0.00,45.0
chloe kravitz,0,3,0.00,46.3
chris anokute net worth,0,1,0.00,7.0
chris hemsworth dad young,0,1,0.00,24.0
chris hemsworth personality,0,9,0.00,13.1
chris hemsworth personality type,0,34,0.00,7.8
chris hemsworth psychic,0,1,0.00,9.0
chris williamson mbti,0,2,0.00,53.0
chris williamson personality type,0,3,0.00,5.3
christian bale,0,1,0.00,4.0
christian bale and sergey brin,0,1,0.00,11.0
christian bale character,0,1,0.00,4.0
christian bale mbti,0,5,0.00,16.8
christian bale personality type,0,29,0.00,9.1
christian bale phenotype,0,2,0.00,5.0
christopher abbott,0,1,0.00,3.0
christopher briney movies and tv shows,0,1,0.00,2.0
christopher nolan enneagram,0,9,0.00,7.6
christopher nolan filmography wikipedia,0,1,0.00,6.0
christopher nolan mbti,0,1,0.00,3.0
christopher nolan personality,0,26,0.00,10.1
christopher nolan personality type,0,27,0.00,10.9
chuck bryant,0,1,0.00,4.0
churchill mbti,0,3,0.00,22.7
churchill personality,0,2,0.00,26.5
cilian murphy mbti,0,1,0.00,29.0
cilian murphy personality,0,7,0.00,9.0
cillian murphy,0,2,0.00,2.5
cillian murphy 2004,0,1,0.00,28.0
cillian murphy adhd,0,1,0.00,25.0
cillian murphy attitude,0,3,0.00,17.7
cillian murphy birthday,0,1,0.00,2.0
cillian murphy breakthrough role,0,1,0.00,53.0
cillian murphy carattere,0,1,0.00,11.0
cillian murphy character,0,2,0.00,34.5
cillian murphy childhood,0,1,0.00,12.0
cillian murphy core,0,6,0.00,9.5
cillian murphy enneagram,0,58,0.00,7.8
cillian murphy facts,0,1,0.00,28.0
cillian murphy fun facts,0,1,0.00,38.0
cillian murphy how i met your mother,0,1,0.00,9.0
cillian murphy introvert,0,1,0.00,3.0
cillian murphy iq,0,3,0.00,11.7
cillian murphy known for,0,1,0.00,32.0
cillian murphy life,0,1,0.00,12.0
cillian murphy mbti,0,12,0.00,27.8
cillian murphy mental health,0,2,0.00,40.5
cillian murphy nice guy,0,2,0.00,9.5
cillian murphy personal life,0,2,0.00,9.0
cillian murphy personalidad,0,1,0.00,11.0
cillian murphy personality traits,0,11,0.00,9.5
cillian murphy personality type,0,197,0.00,10.9
cillian murphy private,0,9,0.00,9.2
cillian murphy profile,0,5,0.00,21.8
cillian murphy zodiac,0,1,0.00,3.0
cillian murphy zodiac chart,0,1,0.00,3.0
clark shotwell age,0,1,0.00,3.0
clavicular,0,12,0.00,10.8
clavicular .,0,1,0.00,2.0
clavicular analysis,0,1,0.00,10.0
clavicular artist,0,1,0.00,17.0
clavicular ascension,0,2,0.00,6.0
clavicular before ascension,0,1,0.00,10.0
clavicular beta blockers,0,23,0.00,7.6
clavicular blackpill,0,1,0.00,91.0
clavicular canthal tilt,0,1,0.00,14.0
clavicular decline,0,1,0.00,30.0
clavicular diet,0,1,0.00,5.0
clavicular dnp,0,1,0.00,52.0
clavicular flushed away,0,1,0.00,10.0
clavicular jd vance,0,2,0.00,37.0
clavicular jd vance subhuman,0,1,0.00,58.0
clavicular kick age,0,2,0.00,20.0
clavicular mbti,0,4,0.00,5.3
clavicular nerfed,0,1,0.00,34.0
clavicular net worth,0,1,0.00,3.0
clavicular net worth 2026,0,1,0.00,2.0
clavicular notch,0,1,0.00,28.0
clavicular old forum posts,0,1,0.00,20.0
clavicular parents,0,13,0.00,2.9
clavicular personality,0,9,0.00,11.4
clavicular personality type,0,140,0.00,5.7
clavicular pfp,0,1,0.00,1.0
clavicular physique,0,3,0.00,26.7
clavicular progression,0,1,0.00,11.0
clavicular protocol,0,1,0.00,4.0
clavicular psychology,0,1,0.00,75.0
clavicular side profile,0,2,0.00,9.0
clavicular stack,0,1,0.00,16.0
clavicular stream,0,1,0.00,117.0
clavicular subhuman,0,1,0.00,11.0
clavicular type,0,4,0.00,10.0
clavicular wiki,0,22,0.00,10.3
clavicular wili,0,1,0.00,10.0
cleveland clinic enneagram not scientifically validated,0,17,0.00,10.6
cleveland clinic enneagram scientific evidence,0,2,0.00,11.0
cleveland clinic enneagram scientific validity,0,1,0.00,11.0
cleveland clinic enneagram scientifically validated,0,2,0.00,9.5
cliff booth personality type,0,1,0.00,11.0
clint eastwood,0,1,0.00,3.0
clint walker,0,1,0.00,3.0
cloak brand owner,0,1,0.00,3.0
clover enneagram test,0,14,0.00,9.2
clover leaf enneagram test,0,75,0.00,7.5
cloverleaf enneagram,0,3,0.00,17.7
cloverleaf enneagram test free,0,4,0.00,6.3
cloverleaf vs enneagram institute test,0,43,0.00,8.3
colton hearon,0,2,0.00,25.0
colton hearon missouri,0,3,0.00,29.0
como ela age,0,1,0.00,3.0
como es en realidad,0,1,0.00,3.0
como es la personalidad de messi,0,1,0.00,50.0
como es su personalidad,0,4,0.00,3.3
como es su personalidad?,0,1,0.00,3.0
como personas,0,1,0.00,16.0
como é a personalidade dela,0,1,0.00,5.0
compare top free online enneagram tests for accuracy and depth,0,16,0.00,9.1
compatability matrix,0,1,0.00,9.0
compatibility enneagram,0,8,0.00,15.4
compatibility test for couples,0,1,0.00,7.0
compatible enneagram types,0,15,0.00,19.4
compatible enneagrams,0,2,0.00,18.0
complete list of water element zodiac signs in mainstream astrology -filetype:txt -filetype:pdf -filetype:epub -filetype:doc -filetype:docx -filetype:xls -filetype:xlsx -filetype:ppt -filetype:csv -site:youtube.com -site:tiktok.com -site:instagram.com -site:ebay.com -site:jd.com -site:amazon.com -site:iqiyi.com -site:bilibili.com -site:t.me -site:douyin.com -site:douban.com -site:apple.com -site:reddit.com -site:researchgate.net -site:academia.edu -site:dokumen.pub -site:en.wikipedia.org -site:quora.com -site:sciencedirect.com -site:cambridge.org -site:mdpi.com -site:link.springer.com -site:zhuanlan.zhihu.com -site:journals.sagepub.com -site:imdb.com -site:tandfonline.com -site:onlinelibrary.wiley.com -site:brill.com -site:getyourguide.com -site:academic.oup.com -site:www.emerald.com -site:eresources.nlb.gov.sg -site:www.govinfo.gov,0,3,0.00,23.0
completely free enneagram test,0,5,0.00,27.2
compliant types enneagram,0,2,0.00,46.0
conan o'brien personality,0,12,0.00,6.8
conan o'brien profile,0,1,0.00,82.0
conflicts ene8,0,1,0.00,4.0
connie hanson urban cowboy,0,1,0.00,3.0
core 3 enneagram,0,1,0.00,28.0
core desires,0,1,0.00,7.0
core fear of enneagram 2,0,2,0.00,48.5
core fear of enneagram 4,0,1,0.00,34.0
core fear of enneagram 5,0,1,0.00,66.0
core fear of enneagram 6,0,3,0.00,54.0
core fears enneagram,0,1,0.00,22.0
corinna kopf high school,0,4,0.00,1.0
corinna kopf sucking,0,1,0.00,64.0
corrina kopf,0,1,0.00,2.0
cost of enneagram test,0,1,0.00,7.0
countertype enneagram 5,0,1,0.00,65.0
cristiano ronaldo enneagram,0,5,0.00,10.0
cristiano ronaldo enneagram type,0,3,0.00,10.3
cristiano ronaldo personality,0,6,0.00,8.7
cristiano ronaldo personality type,0,5,0.00,9.0
crystal enneagram test,0,27,0.00,8.0
crystal knows enneagram,0,7,0.00,46.1
crystal knows enneagram test,0,2,0.00,36.0
crystalknows enneagram,0,2,0.00,64.5
cuál es su personalidad,0,1,0.00,2.0
cy maroney,0,1,0.00,2.0
cyndi lauper mbti,0,1,0.00,40.0
célebrités type 2w3,0,1,0.00,30.0
d23 hugh jackman,0,1,0.00,3.0
da,0,2,0.00,2.0
da emily,0,1,0.00,2.0
da vinci personality type,0,10,0.00,7.7
dalton and michael,0,3,0.00,1.7
dalton caldwell net worth,0,14,0.00,15.6
daniel stern,0,1,0.00,5.0
dans la vie privée,0,1,0.00,4.0
dario amodei,0,1,0.00,48.0
dario amodei and elon musk,0,2,0.00,9.5
dario amodei astrology,0,1,0.00,14.0
dario amodei autistic,0,12,0.00,15.3
dario amodei autistic?,0,1,0.00,16.0
dario amodei birth chart,0,1,0.00,22.0
dario amodei cardigan,0,1,0.00,2.0
dario amodei childhood,0,1,0.00,12.0
dario amodei chinese girlfriend,0,2,0.00,10.5
dario amodei dad,0,6,0.00,11.0
dario amodei death,0,5,0.00,3.8
dario amodei died,0,14,0.00,2.5
dario amodei disease,0,1,0.00,1.0
dario amodei dissertation,0,2,0.00,3.0
dario amodei dob,0,1,0.00,29.0
dario amodei elon musk,0,6,0.00,9.7
dario amodei ethnicity,0,3,0.00,25.7
dario amodei father,0,60,0.00,9.9
dario amodei father death,0,2,0.00,9.0
dario amodei father death illness,0,1,0.00,8.0
dario amodei gay,0,3,0.00,20.0
dario amodei girlfriend jade wang,0,10,0.00,6.5
dario amodei height,0,6,0.00,18.5
dario amodei height in feet,0,1,0.00,9.0
dario amodei holden karnofsky,0,1,0.00,33.0
dario amodei iq,0,1,0.00,14.0
dario amodei is he autistic,0,19,0.00,10.4
dario amodei is he gay,0,3,0.00,10.7
dario amodei jewish?,0,1,0.00,29.0
dario amodei kids,0,1,0.00,1.0
dario amodei lifestyle,0,1,0.00,82.0
dario amodei mbti personality type,0,1,0.00,8.0
dario amodei mbti type,0,1,0.00,1.0
dario amodei mental health,0,1,0.00,30.0
dario amodei middle name,0,1,0.00,23.0
dario amodei mother,0,4,0.00,10.8
dario amodei name meaning,0,4,0.00,9.8
dario amodei neurodivergent,0,13,0.00,10.1
dario amodei ozempic,0,2,0.00,1.0
dario amodei parents,0,157,0.00,11.3
dario amodei personality interests,0,1,0.00,8.0
dario amodei personality traits,0,1,0.00,11.0
dario amodei portrait,0,1,0.00,10.0
dario amodei sat score,0,1,0.00,1.0
dario amodei sexual orientation,0,1,0.00,10.0
dario amodei sexual orientation or gay or partner or wife or husband,0,1,0.00,1.0
dario amodei side profile,0,1,0.00,62.0
dario amodei signature,0,1,0.00,1.0
dario amodei spouse,0,1,0.00,1.0
dario amodei vs elon musk,0,5,0.00,10.4
dario amodei young,0,2,0.00,19.5
dario amodei zodiac sign,0,1,0.00,12.0
dario sam and elon,0,1,0.00,11.0
dario sam elon,0,2,0.00,10.0
dario vision quest,0,1,0.00,13.0
dark hexad enneagram,0,3,0.00,10.3
dark triad enneagram,0,1,0.00,7.0
dark triad epstein,0,1,0.00,77.0
dark triad famous people,0,1,0.00,18.0
darío amodei,0,1,0.00,8.0
dating app based on personality,0,1,0.00,45.0
dating app personality type,0,2,0.00,21.5
"dave ""el pres"" portnoy",0,1,0.00,49.0
dave chappelle and sundar pichai,0,4,0.00,9.5
dave friedberg,0,17,0.00,21.0
dave portnoy,0,2,0.00,3.0
dave portnoy business insider,0,2,0.00,88.0
dave portnoy dad,0,3,0.00,25.0
dave portnoy father,0,1,0.00,34.0
dave portnoy headshot,0,3,0.00,30.3
dave portnoy net worth,0,11,0.00,2.1
dave portnoy personality,0,6,0.00,10.2
dave portnoy what does he do,0,1,0.00,35.0
dave portnoy young,0,2,0.00,44.0
david beckham attitude,0,2,0.00,9.5
david beckham mbti,0,1,0.00,15.0
david beckham personality,0,36,0.00,8.6
david beckham personality type,0,9,0.00,8.3
david beckham phone plan,0,1,0.00,14.0
david desbordes druski dad,0,4,0.00,8.3
david dobrik cocaine,0,1,0.00,36.0
david dobrik tesla,0,2,0.00,11.5
david freidberg,0,8,0.00,32.5
david freidberg wife,0,2,0.00,10.0
david freidburg,0,1,0.00,44.0
david fridberg,0,1,0.00,38.0
david friedberg age,0,6,0.00,20.7
david friedberg all in,0,2,0.00,27.5
david friedberg arma,0,26,0.00,37.9
david friedberg biography,0,1,0.00,27.0
david friedberg children,0,20,0.00,11.0
david friedberg climate corporation,0,1,0.00,12.0
david friedberg company,0,2,0.00,40.0
david friedberg education,0,6,0.00,21.3
david friedberg family,0,11,0.00,15.3
david friedberg google,0,1,0.00,25.0
david friedberg house,0,2,0.00,22.5
david friedberg kids,0,6,0.00,17.7
david friedberg linkedin,0,1,0.00,48.0
david friedberg married,0,14,0.00,18.9
david friedberg net worth,0,11,0.00,29.2
david friedberg net worth 2025,0,2,0.00,19.0
david friedberg ohalo,0,4,0.00,67.3
david friedberg ohalo genetics,0,2,0.00,4.0
david friedberg parents,0,24,0.00,9.0
david friedberg science corner,0,1,0.00,10.0
david friedberg spouse,0,1,0.00,10.0
david friedberg the climate corporation,0,1,0.00,40.0
david friedberg the production board,0,2,0.00,24.5
david friedberg where does he live,0,1,0.00,26.0
david friedberg wife age,0,2,0.00,9.5
david friedberg wife and kids,0,25,0.00,10.4
david friedberg wife angela,0,12,0.00,4.2
david friedberg wiki,0,5,0.00,9.4
david friedberg wikipedia,0,4,0.00,8.5
david friedberg young,0,4,0.00,26.3
david friedberg.,0,2,0.00,38.5
david friedburg,0,2,0.00,21.5
david goggins,0,1,0.00,3.0
david goggins asvab score,0,6,0.00,10.7
david goggins childhood home,0,1,0.00,3.0
david goggins in 2026,0,1,0.00,1.0
david goggins mbti,0,17,0.00,10.6
david goggins mbti type,0,12,0.00,8.9
"david goggins nickname ""the governor""",0,4,0.00,11.0
david goggins nickname the governor,0,1,0.00,26.0
david goggins nose,0,3,0.00,24.3
david goggins pararescue,0,1,0.00,1.0
david goggins personality traits,0,3,0.00,8.3
david goggins personality type,0,97,0.00,6.8
david goggins when did he join the military,0,1,0.00,1.0
david mclain desbordes druski,0,20,0.00,9.7
david mclain desbordes druski dad,0,3,0.00,9.7
david portnoy,0,5,0.00,13.2
david portnoy net worth 2026,0,1,0.00,3.0
david renteln net worth,0,1,0.00,15.0
davidbfriedberg arma,0,9,0.00,33.6
davidfriedberg arma,0,38,0.00,36.4
de la actriz,0,1,0.00,3.0
de oliver tree,0,1,0.00,1.0
de personalidad,0,1,0.00,2.0
de su personalidad,0,1,0.00,3.0
deborra-lee furness 1970s,0,1,0.00,2.0
define asmongold,0,2,0.00,10.5
define enneagram,0,1,0.00,2.0
delphi poll discredited personality tests enneagram source,0,2,0.00,7.0
delphi poll enneagram discredited personality assessment,0,5,0.00,7.2
delphi poll enneagram discredited personality assessment source,0,7,0.00,8.9
delphi poll enneagram probably discredited personality assessment,0,15,0.00,6.0
delphi poll enneagram probably discredited personality assessment source,0,6,0.00,5.7
demis agi,0,1,0.00,8.0
demis hassabis,0,3,0.00,6.7
demis hassabis mbti,0,4,0.00,4.8
denzel washington,0,4,0.00,3.0
denzel washington personality type,0,68,0.00,7.4
denzel washington robert de niro,0,1,0.00,29.0
describe kim kardashian,0,1,0.00,3.0
describe sabrina carpenter,0,14,0.00,10.7
describe selena gomez,0,1,0.00,10.0
descriptions of enneagram types,0,1,0.00,64.0
detail common scenarios requiring a compatibility chart,0,14,0.00,8.8
detail ella langley relationship timelines and musical collaborations,0,5,0.00,9.6
dexerto most watched twitch streamers 2023 sullygnome,0,1,0.00,19.0
dick cheney mbti,0,1,0.00,3.0
did asmongold die,0,1,0.00,10.0
did asmongold go to college,0,25,0.00,10.0
did benson boone die,0,1,0.00,9.0
did caleb hearon write for big mouth,0,5,0.00,10.2
did callum turner grew up rich,0,5,0.00,6.2
did charli d'amelio delete instagram,0,1,0.00,71.0
did debra winger get along with john travolta,0,1,0.00,3.0
did emma chamberlain drop out of high school,0,59,0.00,8.3
did emma chamberlain finish high school,0,3,0.00,11.0
did emma chamberlain go to college,0,1,0.00,28.0
did emma chamberlain graduate high school,0,1,0.00,25.0
did emma chamberlain quit youtube,0,27,0.00,10.1
did gloria steinem ever marry,0,1,0.00,2.0
did he do drugs?,0,1,0.00,4.0
did jackie kennedy have waardenburg syndrome,0,1,0.00,25.0
did joel robuchon teach gordon ramsay,0,2,0.00,6.0
did jynxzi quit chess,0,1,0.00,6.0
did kara swisher gave birth to her children,0,1,0.00,15.0
did kara swisher have a stroke,0,1,0.00,1.0
did kirstie alley die,0,1,0.00,2.0
did lady gaga hide her face,0,10,0.00,10.6
did lady gaga hide her identity,0,2,0.00,9.5
did lana del rey study philosophy,0,1,0.00,26.0
did leila hormozi go to college,0,22,0.00,4.7
did leila hormozi have a baby,0,1,0.00,3.0
did mikey madison quit acting,0,12,0.00,5.7
did nikola tesla die poor,0,1,0.00,10.0
did oliver tree actually dies,0,1,0.00,2.0
did oliver tree die,0,6,0.00,2.0
did oliver tree die?,0,1,0.00,2.0
did oliver tree fake his death one time,0,1,0.00,11.0
did queen elizabeth like meghan markle,0,1,0.00,2.0
did robert pattinson lie to get into harry potter,0,3,0.00,10.0
did shane gillis live in spain,0,4,0.00,10.8
did she,0,1,0.00,6.0
did she go back,0,1,0.00,7.0
did she quit,0,1,0.00,8.0
did she quit of,0,1,0.00,9.0
did she quit onlyfans,0,1,0.00,9.0
did she quit porn,0,3,0.00,6.3
did she stop,0,1,0.00,9.0
did she?,0,1,0.00,7.0
did ski bri quit,0,2,0.00,9.5
did ski bri quit porn,0,3,0.00,10.0
did ski bri retire,0,11,0.00,9.0
did sky bri date jake paul,0,7,0.00,9.6
did sky bri do porn,0,2,0.00,6.5
did sky bri quit,0,89,0.00,8.8
did sky bri quit of,0,8,0.00,9.1
did sky bri quit onlyfans,0,169,0.00,9.7
did sky bri quit the adult industry,0,2,0.00,10.0
did sky bri retire from porn,0,30,0.00,9.0
did sky bri retire?,0,2,0.00,9.5
did sky bri stop,0,1,0.00,10.0
did sky bri stop doing porn,0,10,0.00,10.8
did sky bri stop making porn,0,3,0.00,8.3
did sky bri stop porn,0,15,0.00,9.7
did sky bri wuit porn,0,10,0.00,8.0
did skybri quit,0,4,0.00,9.0
did skybri quit porn,0,22,0.00,8.5
did skybri retire,0,5,0.00,10.0
did stalin trust anyone,0,2,0.00,6.5
did they recover oliver tree body,0,1,0.00,2.0
did tom cruise finish high school,0,1,0.00,12.0
did tom cruise graduate high school,0,1,0.00,11.0
did tom cruise run track in high school,0,3,0.00,10.3
did tom holland get bit by a spider,0,1,0.00,3.0
die erste,0,1,0.00,4.0
diet tbpn,0,1,0.00,5.0
difference between enneagram and mbti,0,2,0.00,31.5
different enneagram types,0,2,0.00,35.0
different ennegrams,0,1,0.00,54.0
different kinds of love languages,0,1,0.00,7.0
different love languages,0,1,0.00,8.0
different types of avoidant attachment styles,0,2,0.00,49.0
different types of enneagram,0,1,0.00,54.0
different types of love languages,0,4,0.00,8.3
difficult conversations to have with your partner,0,1,0.00,58.0
dime su significado,0,1,0.00,1.0
dimmi,0,1,0.00,9.0
dimmi di più,0,1,0.00,7.0
"director ""parents split when he was four""",0,2,0.00,7.5
disc vs myers-briggs vs enneagram,0,2,0.00,79.5
disintegration enneagram,0,1,0.00,4.0
disintegration enneagram 4,0,1,0.00,52.0
disney trump,0,1,0.00,3.0
dj horizontal caseoh,0,2,0.00,10.0
dj shipley joe rogan,0,1,0.00,20.0
djsky only fans,0,1,0.00,11.0
do they get a long,0,1,0.00,4.0
do what you can't casey neistat,0,1,0.00,40.0
do you understand me enneagram,0,1,0.00,7.0
doechii mbti,0,30,0.00,10.6
doechii meaning,0,2,0.00,48.0
doechii personality,0,40,0.00,6.8
does alex karp have children,0,2,0.00,11.0
does anthony mackie not like tom holland,0,1,0.00,2.0
does anya taylor joy have waardenburg syndrome,0,1,0.00,24.0
does asmongold have a degree,0,5,0.00,15.6
does asmongold have adhd,0,1,0.00,15.0
does asmongold have autism,0,5,0.00,19.0
does asmongold have diabetes,0,1,0.00,24.0
does asmongold have tics,0,3,0.00,1.0
does asmongold have tourettes,0,1,0.00,17.0
does asmongold live alone,0,1,0.00,10.0
does asmongold live in his childhood home,0,9,0.00,9.6
does asmongold really live like that,0,12,0.00,9.0
does asmongold smoke,0,3,0.00,5.3
does benson boone do drugs,0,70,0.00,7.7
does benson boone drink,0,2,0.00,18.5
does benson boone drink alcohol,0,61,0.00,11.2
does benson boone drink or smoke,0,1,0.00,12.0
does benson boone have adhd,0,1,0.00,1.0
does benson boone have schizophrenia,0,5,0.00,7.8
does billie eilish have bpd,0,1,0.00,35.0
does bob dylan have aspergers,0,3,0.00,32.0
does brittany broski have adhd,0,46,0.00,8.7
does callum turner smoke,0,19,0.00,10.5
does caseoh live alone,0,4,0.00,10.3
does casey neistat have a condition,0,3,0.00,15.7
does casey neistat have adhd,0,1,0.00,15.0
does charli xcx produce her own music,0,1,0.00,18.0
does charlie puth have adhd,0,1,0.00,13.0
does charlie puth have synesthesia,0,36,0.00,7.9
does clavicular have adhd,0,4,0.00,42.0
does dario amodei have a speech impediment,0,2,0.00,9.5
does dario amodei have adhd,0,1,0.00,11.0
does dario amodei have aspergers,0,7,0.00,8.9
does doechii smoke weed,0,4,0.00,10.0
does dr phil have a degree,0,4,0.00,14.5
does drake have adhd,0,1,0.00,36.0
does ella langley have a lisp,0,1,0.00,18.0
does ella langley have a tic,0,1,0.00,15.0
does ella langley have a wandering eye,0,3,0.00,11.3
does ella langley wear a wig,0,1,0.00,3.0
does ella langley write her own music,0,1,0.00,29.0
does eminem have agoraphobia,0,3,0.00,23.0
does eminem have anger issues,0,1,0.00,24.0
does eminem have social anxiety,0,1,0.00,26.0
does emma chamberlain have adhd,0,1,0.00,15.0
does emma chamberlain smoke,0,1,0.00,32.0
does emma watson have a phd? explain the difference between a dphil and a phd,0,3,0.00,1.3
does ena have bpd,0,2,0.00,59.5
does gordon ramsay have anger issues,0,2,0.00,11.0
does gracie abrams have a lisp,0,1,0.00,10.0
does gracie abrams have bpd,0,2,0.00,13.0
does he do drugs?,0,1,0.00,4.0
does he have anger issues,0,1,0.00,5.0
does he have it in real life,0,1,0.00,2.0
does henry cavill smoke cigarettes,0,1,0.00,3.0
does ishowspeed actually act like that,0,28,0.00,9.6
does ishowspeed have adhd,0,1,0.00,6.0
does ishowspeed have autism,0,1,0.00,2.0
does ishowspeed world cup song swear,0,1,0.00,11.0
does jack black have adhd,0,2,0.00,35.0
does jack black sing,0,1,0.00,2.0
does jack black smoke,0,1,0.00,11.0
does jacob elordi have aspergers,0,4,0.00,10.3
does jamie dimon play golf,0,1,0.00,3.0
does joe rogan have social anxiety,0,28,0.00,7.3
does jynxzi play chess,0,1,0.00,19.0
does kai cenat have adhd,0,1,0.00,3.0
does kaia gerber live with her parents,0,1,0.00,3.0
does keke palmer have adhd,0,2,0.00,19.5
does lamine have adhd,0,1,0.00,9.0
does lana del rey have bpd,0,2,0.00,24.5
does leila hormozi have a degree,0,12,0.00,6.1
does lex fridman have kids,0,1,0.00,11.0
does madison beer have bpd,0,4,0.00,15.5
does marcello hernandez smoke,0,16,0.00,9.6
does markiplier have a fear of mannequins,0,1,0.00,11.0
does messi have a personality,0,1,0.00,9.0
does mikey madison smoke,0,1,0.00,17.0
does miley cyrus like girls,0,1,0.00,2.0
does mj remember spiderman,0,1,0.00,3.0
does mr beast have autism,0,1,0.00,1.0
does oliver tree have abs,0,1,0.00,11.0
does ray dalio drink alcohol,0,1,0.00,56.0
does sabrina carpenter hate tomatoes,0,3,0.00,10.0
does sadie sink have anxiety,0,3,0.00,9.3
does sean evans have a high spice tolerance,0,10,0.00,10.3
does shane gillis have a degree,0,1,0.00,9.0
does shawn ryan drink,0,3,0.00,25.3
does shawn ryan smoke weed,0,2,0.00,57.0
does she have a partner,0,1,0.00,7.0
does she still do adult content,0,2,0.00,8.5
does she still do adult content?,0,1,0.00,9.0
does she still do it,0,1,0.00,8.0
does she still do of,0,1,0.00,8.0
does she still do of?,0,1,0.00,9.0
does she still do only fans,0,3,0.00,6.0
does she still do onlyfans,0,4,0.00,8.5
does she still do porn,0,4,0.00,9.5
does she still do porn?,0,1,0.00,9.0
does she still make adult content,0,3,0.00,7.0
does she still make adult content?,0,1,0.00,7.0
does simon sinek have adhd,0,1,0.00,8.0
does ski bri still make content,0,21,0.00,9.4
does sky bri do of,0,7,0.00,10.9
does sky bri do only fans,0,2,0.00,7.0
does sky bri do onlyfans,0,8,0.00,8.6
does sky bri do porn,0,12,0.00,5.8
does sky bri have an of,0,3,0.00,7.7
does sky bri smoke,0,1,0.00,3.0
does sky bri still do of,0,51,0.00,10.3
does sky bri still do only fans,0,16,0.00,9.0
does sky bri still do onlyfans,0,150,0.00,8.8
does sky bri still do porn?,0,9,0.00,7.7
does sky bri still make adult content,0,5,0.00,8.0
does sky bri still make videos,0,2,0.00,10.5
does skybri still do onlyfans,0,4,0.00,11.8
does skybri still do porn,0,22,0.00,10.0
does speed have anger issues,0,117,0.00,7.0
does sydney sweeney have a syndrome,0,1,0.00,28.0
does the enneagram have scientific backing,0,3,0.00,39.0
does timothee chalamet have adhd,0,2,0.00,2.5
does tina fey smoke,0,1,0.00,14.0
does tom cruise have a girlfriend,0,1,0.00,2.0
does tom holland do drugs,0,1,0.00,2.0
does tom holland smoke,0,1,0.00,44.0
does tom holland spider man have spider sense,0,1,0.00,2.0
does tyler cowen have children,0,1,0.00,11.0
does zendaya have anxiety,0,1,0.00,10.0
dolly parton character traits,0,2,0.00,26.0
dolly parton enneagram,0,11,0.00,10.2
dolly parton enneagram type,0,12,0.00,9.3
dolly parton john travolta,0,1,0.00,3.0
dolly parton mbti,0,3,0.00,26.3
dolly parton personality type,0,28,0.00,10.2
dolly sky porn,0,1,0.00,9.0
dominant instinct enneagram,0,1,0.00,50.0
don juan archetype,0,2,0.00,67.0
don't wake stalin,0,1,0.00,10.0
donald trump enneagram,0,3,0.00,23.7
donald trump enneagram type,0,4,0.00,20.8
donald trump mbti,0,2,0.00,38.5
donald trump mbti type,0,1,0.00,30.0
donald trump myers briggs,0,4,0.00,35.3
donald trump personality,0,2,0.00,41.5
donald trump personality type,0,24,0.00,33.9
donald trump personality type 2025,0,1,0.00,41.0
donald trump personality type entp,0,1,0.00,17.0
donna pescow,0,1,0.00,4.0
dont wake stalin,0,1,0.00,10.0
doria ragland,0,2,0.00,3.0
dose she?,0,1,0.00,8.0
dr anthony fousey,0,1,0.00,19.0
dr phil childhood,0,4,0.00,9.0
dr phil degree,0,1,0.00,4.0
drake enneagram,0,4,0.00,6.3
drake mbti,0,6,0.00,9.8
drake mental health,0,1,0.00,56.0
drake persona,0,1,0.00,15.0
drake personality,0,82,0.00,8.5
drake personality traits,0,3,0.00,9.0
drake personality type,0,83,0.00,6.4
drake psychology,0,1,0.00,61.0
drake's personality,0,8,0.00,8.0
drake's type,0,2,0.00,9.5
drake?,0,1,0.00,3.0
drakes type,0,6,0.00,12.7
drew barrymore mbti,0,1,0.00,3.0
drift nashville,0,4,0.00,25.5
druski and sky bri,0,1,0.00,3.0
druski dad,0,1,0.00,1.0
druski degree,0,3,0.00,9.7
druski depression,0,51,0.00,8.6
druski education,0,4,0.00,9.5
druski mbti,0,10,0.00,5.5
druski personality type,0,27,0.00,5.1
druski phone number,0,1,0.00,28.0
druski wiki,0,1,0.00,24.0
dua lipa,0,12,0.00,3.9
dua lipa confidence,0,1,0.00,4.0
dua lipa enneagram,0,18,0.00,5.0
dua lipa height,0,1,0.00,2.0
dua lipa husband,0,2,0.00,2.0
dua lipa makeup tutorial,0,1,0.00,2.0
dua lipa mbti,0,80,0.00,9.8
dua lipa mbti type,0,31,0.00,9.0
dua lipa narcissist,0,1,0.00,3.0
dua lipa new rules lyrics,0,1,0.00,3.0
dua lipa personality,0,149,0.00,9.3
dua lipa personality reddit,0,1,0.00,12.0
dua lipa personality traits,0,13,0.00,8.8
dua lipa personality traits interviews,0,4,0.00,10.8
dua lipa personality type,0,106,0.00,8.4
dua lipa think i'm in love with you,0,1,0.00,3.0
dua lipa training season meaning,0,1,0.00,3.0
dua lipa vibes,0,1,0.00,3.0
dua turner,0,1,0.00,3.0
duke dennis army rank,0,3,0.00,11.0
duke dennis mbti,0,4,0.00,6.0
duke dennis personality,0,6,0.00,8.0
duke harry,0,1,0.00,6.0
duke of sussex,0,1,0.00,3.0
duncan trussell peter thiel,0,1,0.00,3.0
duo lipa,0,1,0.00,2.0
dwayne johnson,0,1,0.00,9.0
dwayne johnson character traits,0,4,0.00,9.0
dwayne johnson characteristics,0,1,0.00,16.0
dwayne johnson mbti,0,2,0.00,11.0
dwayne johnson personality traits,0,43,0.00,8.8
dwayne johnson personality type,0,13,0.00,9.3
dylan,0,1,0.00,2.0
e brad pitt?,0,1,0.00,8.0
e tom?,0,1,0.00,2.0
e zendaya?,0,1,0.00,2.0
e1 enneagram,0,1,0.00,4.0
e2 enneagram,0,2,0.00,23.0
e3 enneagram,0,12,0.00,22.9
e3 personality,0,2,0.00,20.5
e4 enneagram,0,3,0.00,57.0
e4 growth and stress,0,1,0.00,51.0
e4 personality,0,1,0.00,80.0
e5 disintegration,0,3,0.00,21.0
e5 enneagram,0,4,0.00,52.3
e5 integration and disintegration,0,2,0.00,27.5
e5 personality,0,1,0.00,21.0
e6 enneagram,0,7,0.00,67.1
e6 personality,0,1,0.00,60.0
e7 enneagram,0,1,0.00,65.0
e7 in stress,0,1,0.00,3.0
e7 under stress,0,1,0.00,53.0
e9 childhood,0,8,0.00,10.5
e9 enneagram,0,3,0.00,41.3
each enneagram type,0,2,0.00,56.0
each enneagram type explained,0,1,0.00,3.0
eanneagram 4,0,2,0.00,50.0
eanneagram 5,0,1,0.00,56.0
echecs bernard arnault,0,2,0.00,5.5
eclectic energies enneagram test,0,5,0.00,23.6
eclectic energies enneagram test free,0,10,0.00,17.5
eclectic energies enneagram test review,0,6,0.00,11.0
eclectic energies enneagram tests,0,1,0.00,25.0
eclectic energies enneagram tests free,0,3,0.00,15.3
eclectic energies free enneagram test,0,10,0.00,10.7
eclectic energies instinctual variant test,0,19,0.00,8.2
eclectic energies test,0,2,0.00,16.5
eclectic energy enneagram,0,1,0.00,9.0
eclectic energy enneagram test,0,3,0.00,18.7
eclectic enneagram,0,1,0.00,10.0
eclectic enneagram test,0,1,0.00,24.0
eclectic personality,0,2,0.00,30.0
eclecticenergies.com,0,5,0.00,58.8
edema david goggins,0,1,0.00,65.0
einstein enneagram,0,16,0.00,8.6
einstein womanizer,0,2,0.00,39.0
el actor,0,1,0.00,14.0
electric energies enneagram test,0,1,0.00,26.0
elena engel amodei,0,2,0.00,23.5
elena engel dario,0,1,0.00,8.0
elena engel dario amodei,0,5,0.00,10.2
elissa krauthamer,0,2,0.00,40.0
elizabeth holmes personality,0,1,0.00,10.0
elizabeth holmes personality type,0,1,0.00,9.0
elizabeth holmes uncle,0,1,0.00,1.0
elizabeth woolridge grant,0,1,0.00,3.0
ella bleu travolta,0,2,0.00,3.0
ella bleu travolta boyfriend,0,1,0.00,2.0
ella es narcisista?,0,1,0.00,1.0
ella langley,0,15,0.00,2.9
ella langley 20-20 meaning,0,1,0.00,40.0
ella langley about,0,1,0.00,44.0
ella langley at 18 years old,0,1,0.00,11.0
ella langley body type,0,4,0.00,10.5
ella langley boots steve madden,0,1,0.00,5.0
ella langley bottom of your boots,0,1,0.00,3.0
ella langley calves,0,24,0.00,8.8
ella langley forestry,0,3,0.00,11.3
ella langley genre,0,3,0.00,43.0
ella langley history,0,1,0.00,39.0
ella langley imposter syndrome,0,3,0.00,28.7
ella langley legs without boots,0,1,0.00,2.0
ella langley lonely road,0,1,0.00,9.0
ella langley mbti,0,66,0.00,8.8
ella langley muscles,0,1,0.00,9.0
ella langley music style,0,2,0.00,16.5
ella langley personality type,0,16,0.00,5.1
ella langley raised on red flags,0,1,0.00,28.0
ella langley tecovas boots,0,1,0.00,3.0
ella langley ticklish,0,1,0.00,13.0
ella langley vocal type,0,1,0.00,10.0
ella langley voice type,0,17,0.00,9.8
ella langley weren't for the wind lyrics meaning,0,1,0.00,78.0
ella langley wiki english,0,1,0.00,6.0
ella langley zodiac,0,1,0.00,39.0
ella langly age,0,1,0.00,2.0
ella rubin looks like gracie abrams,0,1,0.00,38.0
ella travolta boyfriend,0,1,0.00,2.0
elliot slater nelk,0,1,0.00,9.0
elon musk 16 personalities,0,3,0.00,40.0
elon musk 16 personality,0,1,0.00,36.0
elon musk and dario amodei,0,1,0.00,18.0
elon musk as a person,0,2,0.00,44.0
elon musk character traits,0,1,0.00,70.0
elon musk dario amodei,0,1,0.00,8.0
elon musk emotional intelligence,0,4,0.00,50.5
elon musk enneagram,0,105,0.00,9.9
elon musk enneagram type,0,75,0.00,9.6
elon musk enneagram type source,0,14,0.00,8.6
elon musk intj,0,1,0.00,33.0
elon musk introvert,0,1,0.00,69.0
elon musk introvert or extrovert,0,1,0.00,56.0
elon musk is introvert or extrovert,0,2,0.00,72.0
elon musk mbti type 2025 or 2026,0,2,0.00,10.0
elon musk myers briggs,0,1,0.00,47.0
elon musk personality,0,18,0.00,39.1
elon musk personality analysis,0,1,0.00,33.0
elon musk personality traits,0,3,0.00,60.7
elon musk personality traits analysis,0,2,0.00,35.0
elon musk personality traits character description,0,2,0.00,46.0
elon musk personality traits characteristics,0,2,0.00,48.0
elon musk personality traits description,0,3,0.00,52.0
elon musk personality type,0,36,0.00,28.0
elon musk psychology,0,7,0.00,28.9
elon musk signature analysis,0,4,0.00,26.5
elon musk traits,0,1,0.00,66.0
elon musk's personality,0,2,0.00,48.5
elordi,0,1,0.00,6.0
elton john mbti,0,3,0.00,10.0
elton john personality,0,11,0.00,10.5
elton john personality type,0,67,0.00,6.9
elton john zodiac sign,0,1,0.00,40.0
ema votson,0,1,0.00,6.0
ember chamberlain,0,1,0.00,36.0
emerald eyes alex warren,0,1,0.00,4.0
emiliano martínez mbti,0,1,0.00,11.0
emily kelavos and adela,0,1,0.00,11.0
emily ratajkowski husband ethnicity,0,1,0.00,11.0
emily ratajkowski iq,0,2,0.00,9.0
emily ratajkowski mbti,0,7,0.00,5.7
emily ratajkowski personality,0,5,0.00,6.8
eminem,0,2,0.00,3.0
eminem agoraphobia,0,2,0.00,16.0
eminem and peter thiel,0,1,0.00,10.0
eminem anxiety,0,5,0.00,13.8
eminem different personas,0,1,0.00,34.0
eminem enneagram,0,22,0.00,5.4
eminem enneagram type,0,10,0.00,8.0
eminem mbti,0,2,0.00,22.0
eminem personalities,0,1,0.00,24.0
eminem personality,0,43,0.00,13.8
eminem personality traits,0,7,0.00,15.0
eminem personality type,0,24,0.00,16.3
eminem rap style analysis,0,1,0.00,11.0
eminem social anxiety,0,1,0.00,15.0
eminem split personality,0,2,0.00,20.0
eminem stay wide awake meaning,0,1,0.00,67.0
emma chamberlain anorexia,0,3,0.00,32.7
emma chamberlain b,0,1,0.00,37.0
emma chamberlain body type,0,4,0.00,22.3
emma chamberlain college,0,1,0.00,47.0
emma chamberlain controversy,0,2,0.00,19.5
emma chamberlain depression,0,11,0.00,10.9
emma chamberlain eating disorder,0,2,0.00,32.5
emma chamberlain ed,0,1,0.00,37.0
emma chamberlain education,0,1,0.00,43.0
emma chamberlain father dropped out of college,0,1,0.00,6.0
emma chamberlain high school,0,2,0.00,23.5
emma chamberlain mbti,0,15,0.00,15.3
emma chamberlain mental health,0,1,0.00,44.0
emma chamberlain middle name,0,7,0.00,11.7
emma chamberlain no makeup,0,1,0.00,36.0
emma chamberlain ocd,0,1,0.00,24.0
emma chamberlain personality,0,1,0.00,10.0
emma chamberlain personality type,0,38,0.00,8.9
emma chamberlain philosophy,0,1,0.00,47.0
emma chamberlain politics,0,2,0.00,44.0
emma chamberlain quit,0,22,0.00,9.0
emma chamberlain school,0,3,0.00,19.3
emma chamberlain side profile,0,1,0.00,38.0
emma chamberlain snark,0,2,0.00,11.5
emma chamberlain sober,0,3,0.00,31.0
emma chamberlain tongue,0,1,0.00,37.0
emma chamberlain weight loss,0,1,0.00,46.0
emma chamberlin,0,1,0.00,67.0
emma watson,0,5,0.00,3.0
emma watson 1,0,1,0.00,8.0
emma watson 9,0,2,0.00,11.5
emma watson beliefs,0,1,0.00,26.0
emma watson blood type,0,4,0.00,15.3
emma watson character traits,0,2,0.00,10.0
emma watson characteristics,0,103,0.00,10.7
emma watson enneagram,0,37,0.00,5.9
emma watson husband,0,1,0.00,3.0
emma watson ideal type,0,1,0.00,8.0
emma watson identity,0,1,0.00,25.0
emma watson introvert,0,3,0.00,22.3
emma watson kind,0,1,0.00,9.0
emma watson maxim,0,1,0.00,17.0
emma watson mbti,0,46,0.00,15.4
emma watson mbti type,0,39,0.00,9.9
emma watson myers briggs,0,5,0.00,11.4
emma watson personalidad,0,1,0.00,6.0
emma watson personality traits,0,45,0.00,8.1
emma watson personality traits big five,0,1,0.00,6.0
emma watson personality traits interviews,0,5,0.00,10.2
emma watson personnalité,0,1,0.00,6.0
emma watson phenotype,0,10,0.00,9.0
emma watson private,0,2,0.00,11.5
emma watson side profile,0,1,0.00,25.0
emma watson traits,0,11,0.00,10.0
emma watson type,0,2,0.00,10.0
en brad pitt,0,1,0.00,2.0
en privado,0,1,0.00,4.0
enagram,0,1,0.00,4.0
enagram 3,0,2,0.00,38.0
enagram 4,0,1,0.00,52.0
enagram 6,0,1,0.00,59.0
enda ungu agama,0,1,0.00,69.0
eneagram,0,1,0.00,40.0
eneagram 1,0,4,0.00,51.8
eneagram 3,0,3,0.00,36.0
eneagram 4,0,6,0.00,51.5
eneagram 5,0,5,0.00,37.2
eneagram 6,0,2,0.00,69.0
eneagram 9,0,4,0.00,45.0
eneagram descriptions,0,1,0.00,61.0
eneagram type 1,0,1,0.00,80.0
eneagram type 3,0,1,0.00,29.0
eneagram type 6,0,1,0.00,3.0
eneagrama,0,1,0.00,3.0
eneagrama 1 famosos,0,1,0.00,48.0
eneagrama 3,0,3,0.00,40.3
eneagrama 4,0,5,0.00,41.8
eneagrama 4 famosos,0,2,0.00,61.0
eneagrama 7 famosos,0,1,0.00,53.0
eneagrama compatibilidad,0,1,0.00,6.0
eneagrama matrix,0,3,0.00,9.0
eneagrama solar,0,2,0.00,1.0
eneagrama tipo 7,0,1,0.00,56.0
eneagramm 4,0,1,0.00,56.0
eneagramme 1,0,1,0.00,4.0
eneatipo 1 famosos,0,2,0.00,59.0
eneatipo 2 famosos,0,1,0.00,49.0
eneatipo 4 descentrado,0,1,0.00,2.0
eneatipo 5 famosos,0,2,0.00,73.5
eneatipo 7 famosos,0,1,0.00,59.0
eneatipo 9,0,1,0.00,3.0
eneatipo 9 famosos,0,2,0.00,59.5
eneatype 4,0,1,0.00,54.0
eneeagram 2,0,1,0.00,61.0
enegram,0,1,0.00,36.0
enegram 1,0,1,0.00,54.0
enegram 3,0,2,0.00,37.5
enegram 4,0,2,0.00,48.0
enegram 5,0,1,0.00,56.0
enegram 6,0,1,0.00,58.0
enegram 9,0,1,0.00,40.0
enegram test free,0,1,0.00,48.0
enegram type 1,0,1,0.00,63.0
enegram type 3,0,1,0.00,33.0
enegram type 5,0,2,0.00,57.5
enegram type 6,0,2,0.00,69.5
enegram type 7,0,1,0.00,69.0
enegram type 9,0,2,0.00,39.0
enenagram 1,0,175,0.00,65.0
enenagram 5,0,1,0.00,57.0
enengram 9,0,1,0.00,45.0
eneogram 9,0,1,0.00,55.0
enfj,0,1,0.00,4.0
enfj a,0,1,0.00,3.0
enfj characters,0,1,0.00,4.0
enfp enneagram 5,0,1,0.00,5.0
enfp zodiac,0,1,0.00,44.0
enfpt,0,1,0.00,3.0
engram 7,0,1,0.00,58.0
eniagram,0,1,0.00,4.0
eniagram 9,0,2,0.00,41.0
enmeagram,0,1,0.00,7.0
enmeagram 6,0,2,0.00,62.5
ennaegram 1,0,1,0.00,62.0
ennaegram 5,0,1,0.00,59.0
ennaegram 6,0,1,0.00,63.0
ennaegrams,0,1,0.00,5.0
ennagram 1,0,1,0.00,58.0
ennagram 2,0,1,0.00,59.0
ennagram 3,0,2,0.00,42.0
ennagram 4,0,3,0.00,49.0
ennagram 5,0,1,0.00,3.0
ennagram 6,0,2,0.00,73.0
ennagram 7,0,1,0.00,64.0
ennagram 9,0,1,0.00,31.0
ennagram type 1,0,2,0.00,67.5
ennagram type 3,0,3,0.00,47.0
ennagram type 4,0,2,0.00,51.0
ennagram types,0,1,0.00,61.0
ennea 4,0,1,0.00,50.0
ennea 6,0,1,0.00,55.0
enneafram 3,0,1,0.00,34.0
enneageam 5,0,1,0.00,63.0
enneagram,0,52,0.00,15.5
enneagram + career,0,38,0.00,13.1
enneagram 1,0,279,0.00,60.0
enneagram 1 and 4 relationship,0,2,0.00,48.0
enneagram 1 and 6 relationship,0,1,0.00,50.0
enneagram 1 and 8 relationship,0,1,0.00,31.0
enneagram 1 best match,0,3,0.00,29.0
enneagram 1 careers,0,25,0.00,24.1
enneagram 1 celebrities,0,103,0.00,10.0
enneagram 1 character,0,2,0.00,40.0
enneagram 1 characteristics,0,3,0.00,60.7
enneagram 1 characters,0,9,0.00,41.3
enneagram 1 childhood,0,1,0.00,24.0
enneagram 1 compatibility,0,2,0.00,38.5
enneagram 1 description,0,5,0.00,68.4
enneagram 1 disintegration to 4,0,1,0.00,26.0
enneagram 1 famous people,0,103,0.00,9.6
enneagram 1 healthy,0,3,0.00,67.3
enneagram 1 in growth,0,5,0.00,59.0
enneagram 1 in love,0,3,0.00,24.0
enneagram 1 in stress,0,13,0.00,53.8
enneagram 1 in stress and growth,0,3,0.00,57.0
enneagram 1 jobs,0,4,0.00,24.0
enneagram 1 meaning,0,2,0.00,72.5
enneagram 1 motivation,0,1,0.00,74.0
enneagram 1 personality,0,1,0.00,74.0
enneagram 1 personality traits,0,1,0.00,68.0
enneagram 1 relationships,0,4,0.00,37.0
enneagram 1 strengths,0,1,0.00,65.0
enneagram 1 strengths and weaknesses,0,1,0.00,10.0
enneagram 1 stress,0,6,0.00,54.3
enneagram 1 stress and growth,0,6,0.00,52.8
enneagram 1 subtypes,0,1,0.00,43.0
enneagram 1 type,0,8,0.00,67.6
enneagram 1 under stress,0,5,0.00,61.4
enneagram 1 vs 4,0,1,0.00,40.0
enneagram 1 weaknesses,0,6,0.00,13.7
enneagram 1 wing 3,0,1,0.00,53.0
enneagram 1 with 9 wing,0,1,0.00,3.0
enneagram 1w5,0,3,0.00,41.0
enneagram 2,0,181,0.00,57.7
enneagram 2 and 6 compatibility,0,1,0.00,24.0
enneagram 2 at work,0,1,0.00,61.0
enneagram 2 characters,0,5,0.00,47.2
enneagram 2 compatibility,0,2,0.00,29.5
enneagram 2 core fear,0,1,0.00,44.0
enneagram 2 countertype,0,1,0.00,34.0
enneagram 2 deadly sin,0,3,0.00,47.0
enneagram 2 description,0,1,0.00,3.0
enneagram 2 fears,0,2,0.00,46.0
enneagram 2 growth,0,1,0.00,40.0
enneagram 2 growth and stress,0,3,0.00,52.0
enneagram 2 in growth,0,1,0.00,58.0
enneagram 2 in stress,0,11,0.00,38.7
enneagram 2 in stress and growth,0,4,0.00,45.8
enneagram 2 integration,0,2,0.00,28.5
enneagram 2 integration and disintegration,0,1,0.00,39.0
enneagram 2 quotes,0,1,0.00,47.0
enneagram 2 strengths,0,2,0.00,59.5
enneagram 2 strengths and weaknesses,0,1,0.00,27.0
enneagram 2 stress,0,6,0.00,59.5
enneagram 2 stress and growth,0,1,0.00,65.0
enneagram 2 type,0,1,0.00,60.0
enneagram 2 under stress,0,5,0.00,43.8
enneagram 2 weaknesses,0,4,0.00,56.3
enneagram 279,0,1,0.00,5.0
enneagram 2w3,0,2,0.00,6.0
enneagram 3,0,615,0.00,39.2
enneagram 3 and 9,0,6,0.00,29.2
enneagram 3 arrows,0,1,0.00,42.0
enneagram 3 at work,0,3,0.00,59.0
enneagram 3 biggest fear,0,2,0.00,42.5
enneagram 3 careers,0,3,0.00,60.3
enneagram 3 celebrities,0,121,0.00,9.4
enneagram 3 characteristics,0,2,0.00,52.0
enneagram 3 characters,0,5,0.00,44.4
enneagram 3 childhood trauma,0,1,0.00,47.0
enneagram 3 compatibility,0,2,0.00,25.5
enneagram 3 core fear,0,2,0.00,34.5
enneagram 3 core fear and desire,0,2,0.00,23.0
enneagram 3 core motivation,0,1,0.00,54.0
enneagram 3 description,0,6,0.00,35.8
enneagram 3 disintegration,0,1,0.00,26.0
enneagram 3 disintegration to 9,0,1,0.00,19.0
enneagram 3 famous people,0,115,0.00,8.6
enneagram 3 fear,0,1,0.00,35.0
enneagram 3 fears,0,1,0.00,35.0
enneagram 3 fears and desires,0,2,0.00,39.5
enneagram 3 growth,0,3,0.00,45.3
enneagram 3 growth and stress,0,3,0.00,44.7
enneagram 3 healthy and unhealthy,0,2,0.00,32.0
enneagram 3 in growth,0,5,0.00,33.4
enneagram 3 in stress,0,10,0.00,47.0
enneagram 3 in stress and growth,0,5,0.00,52.0
enneagram 3 integration,0,1,0.00,23.0
enneagram 3 levels of health,0,1,0.00,46.0
enneagram 3 love language,0,4,0.00,9.3
enneagram 3 meaning,0,2,0.00,35.0
enneagram 3 motivation,0,3,0.00,56.7
enneagram 3 naranjo,0,1,0.00,50.0
enneagram 3 personality,0,2,0.00,38.0
enneagram 3 strengths and weaknesses,0,3,0.00,14.7
enneagram 3 stress,0,8,0.00,49.1
enneagram 3 stress and growth,0,4,0.00,34.5
enneagram 3 summary,0,1,0.00,32.0
enneagram 3 traits,0,2,0.00,67.0
enneagram 3 triad,0,3,0.00,29.7
enneagram 3 type,0,16,0.00,34.0
enneagram 3 types,0,3,0.00,43.0
enneagram 3 under stress,0,8,0.00,34.1
enneagram 3 unhealthy,0,1,0.00,29.0
enneagram 3 weaknesses,0,7,0.00,21.6
enneagram 3 when stressed,0,2,0.00,78.5
enneagram 3 wing 6,0,1,0.00,37.0
enneagram 4,0,557,0.00,52.3
enneagram 4 and 6 relationship,0,1,0.00,4.0
enneagram 4 arrows,0,1,0.00,38.0
enneagram 4 art,0,1,0.00,35.0
enneagram 4 at work,0,1,0.00,43.0
enneagram 4 career,0,1,0.00,31.0
enneagram 4 characteristics,0,1,0.00,53.0
enneagram 4 characters,0,8,0.00,50.3
enneagram 4 childhood,0,1,0.00,28.0
enneagram 4 core fear,0,6,0.00,30.2
enneagram 4 countertype,0,1,0.00,34.0
enneagram 4 description,0,2,0.00,26.0
enneagram 4 disintegration,0,4,0.00,24.3
enneagram 4 examples,0,5,0.00,35.8
enneagram 4 famous people,0,56,0.00,13.5
enneagram 4 fear,0,2,0.00,37.5
enneagram 4 fears,0,1,0.00,33.0
enneagram 4 fears and desires,0,1,0.00,42.0
enneagram 4 growth and stress,0,1,0.00,4.0
enneagram 4 in stress,0,9,0.00,44.2
enneagram 4 integration,0,3,0.00,29.3
enneagram 4 integration and disintegration,0,1,0.00,28.0
enneagram 4 integration to 1,0,3,0.00,22.7
enneagram 4 jobs,0,18,0.00,28.7
enneagram 4 love language,0,5,0.00,10.2
enneagram 4 meaning,0,2,0.00,51.5
enneagram 4 motivation,0,4,0.00,47.3
enneagram 4 or 6,0,1,0.00,28.0
enneagram 4 or 9,0,1,0.00,35.0
enneagram 4 people,0,1,0.00,60.0
enneagram 4 social,0,10,0.00,34.7
enneagram 4 social subtype,0,4,0.00,37.3
enneagram 4 strengths,0,1,0.00,51.0
enneagram 4 strengths and weaknesses,0,5,0.00,33.6
enneagram 4 stress,0,3,0.00,50.3
enneagram 4 stress and growth,0,3,0.00,36.7
enneagram 4 subtype,0,2,0.00,30.5
enneagram 4 subtypes,0,3,0.00,38.7
enneagram 4 summary,0,1,0.00,52.0
enneagram 4 triad,0,2,0.00,25.5
enneagram 4 type,0,1,0.00,55.0
enneagram 4 types,0,1,0.00,50.0
enneagram 4 under stress,0,5,0.00,30.0
enneagram 4 vs 7,0,1,0.00,8.0
enneagram 4 vs 9,0,5,0.00,27.2
enneagram 4 when stressed,0,1,0.00,38.0
enneagram 4s,0,3,0.00,51.0
enneagram 4w1,0,1,0.00,41.0
enneagram 4w6,0,1,0.00,40.0
enneagram 5,0,311,0.00,56.9
enneagram 5 arrows,0,2,0.00,62.0
enneagram 5 at work,0,2,0.00,58.5
enneagram 5 basic fear,0,2,0.00,72.5
enneagram 5 biggest fear,0,1,0.00,46.0
enneagram 5 careers,0,1,0.00,65.0
enneagram 5 character,0,2,0.00,56.0
enneagram 5 characteristics,0,4,0.00,63.0
enneagram 5 characters,0,8,0.00,50.9
enneagram 5 childhood,0,1,0.00,32.0
enneagram 5 compatibility,0,1,0.00,3.0
enneagram 5 core desire,0,1,0.00,33.0
enneagram 5 core fear,0,2,0.00,63.0
enneagram 5 core fear and desire,0,2,0.00,19.5
enneagram 5 core motivation,0,1,0.00,76.0
enneagram 5 countertype,0,1,0.00,47.0
enneagram 5 deadly sin,0,2,0.00,42.0
enneagram 5 defense mechanism,0,1,0.00,65.0
enneagram 5 description,0,11,0.00,47.7
enneagram 5 designs,0,2,0.00,23.0
enneagram 5 disintegration and integration,0,1,0.00,17.0
enneagram 5 fears,0,1,0.00,60.0
enneagram 5 fears and desires,0,2,0.00,64.0
enneagram 5 female,0,3,0.00,58.0
enneagram 5 greed,0,3,0.00,34.3
enneagram 5 growth,0,3,0.00,61.3
enneagram 5 healthy,0,2,0.00,57.5
enneagram 5 in growth,0,1,0.00,59.0
enneagram 5 in stress,0,7,0.00,45.0
enneagram 5 in stress and growth,0,2,0.00,59.5
enneagram 5 instinctual variants,0,1,0.00,36.0
enneagram 5 integration,0,2,0.00,25.0
enneagram 5 integration and disintegration,0,2,0.00,21.0
enneagram 5 jobs,0,1,0.00,54.0
enneagram 5 love language,0,39,0.00,9.4
enneagram 5 mbti,0,1,0.00,48.0
enneagram 5 meaning,0,4,0.00,67.8
enneagram 5 motivation,0,2,0.00,50.0
enneagram 5 name,0,5,0.00,42.0
enneagram 5 pdb,0,1,0.00,38.0
enneagram 5 people,0,2,0.00,38.0
enneagram 5 personality,0,4,0.00,41.5
enneagram 5 sin,0,1,0.00,50.0
enneagram 5 so,0,1,0.00,45.0
enneagram 5 social,0,1,0.00,18.0
enneagram 5 sp,0,1,0.00,50.0
enneagram 5 sprites,0,1,0.00,30.0
enneagram 5 strengths and weaknesses,0,4,0.00,47.5
enneagram 5 stress,0,2,0.00,36.0
enneagram 5 stress and growth,0,4,0.00,69.8
enneagram 5 subtypes,0,13,0.00,48.0
enneagram 5 sx/sp,0,2,0.00,38.0
enneagram 5 traits,0,2,0.00,59.0
enneagram 5 tritypes,0,1,0.00,43.0
enneagram 5 type,0,16,0.00,54.2
enneagram 5 types,0,11,0.00,52.3
enneagram 5 under stress,0,5,0.00,26.8
enneagram 5 when stressed,0,1,0.00,85.0
enneagram 5 with a 4 wing,0,1,0.00,5.0
enneagram 5w6 meaning,0,1,0.00,3.0
"enneagram 5w6 nickname ""problem solver""",0,9,0.00,8.0
enneagram 5w9,0,5,0.00,32.4
enneagram 6,0,593,0.00,66.3
enneagram 6 and 7 relationship,0,1,0.00,3.0
enneagram 6 arrows,0,1,0.00,95.0
enneagram 6 at work,0,2,0.00,68.5
enneagram 6 biggest fear,0,1,0.00,76.0
enneagram 6 careers,0,3,0.00,65.7
enneagram 6 celebrities,0,36,0.00,18.5
enneagram 6 characteristics,0,11,0.00,70.5
enneagram 6 characters,0,7,0.00,47.1
enneagram 6 childhood,0,1,0.00,34.0
enneagram 6 core fear,0,5,0.00,45.0
enneagram 6 core fear and desire,0,3,0.00,69.3
enneagram 6 core motivation,0,1,0.00,65.0
enneagram 6 countertype,0,1,0.00,44.0
enneagram 6 deadly sin,0,1,0.00,3.0
enneagram 6 description,0,6,0.00,69.2
enneagram 6 disintegration and integration,0,1,0.00,4.0
enneagram 6 disintegration to 3,0,1,0.00,28.0
enneagram 6 examples,0,2,0.00,21.0
enneagram 6 famous people,0,44,0.00,15.1
enneagram 6 fear,0,2,0.00,67.5
enneagram 6 fears,0,1,0.00,16.0
enneagram 6 fears and desires,0,2,0.00,71.0
enneagram 6 female,0,2,0.00,61.0
enneagram 6 growth and stress,0,6,0.00,57.2
enneagram 6 in health,0,1,0.00,50.0
enneagram 6 in stress,0,19,0.00,61.5
enneagram 6 in stress and growth,0,2,0.00,77.0
enneagram 6 instinctual variants,0,1,0.00,33.0
enneagram 6 integration,0,1,0.00,28.0
enneagram 6 integration and disintegration,0,1,0.00,54.0
enneagram 6 levels of health,0,1,0.00,66.0
enneagram 6 loyalist,0,1,0.00,61.0
enneagram 6 mbti,0,1,0.00,56.0
enneagram 6 meaning,0,2,0.00,66.0
enneagram 6 motivation,0,1,0.00,69.0
enneagram 6 personality,0,5,0.00,64.4
enneagram 6 personality database,0,2,0.00,41.0
enneagram 6 personality traits,0,1,0.00,71.0
enneagram 6 projection,0,1,0.00,51.0
enneagram 6 self preservation,0,3,0.00,65.0
enneagram 6 social,0,5,0.00,50.8
enneagram 6 stacks,0,1,0.00,53.0
enneagram 6 strengths,0,3,0.00,65.3
enneagram 6 strengths and weaknesses,0,2,0.00,82.0
enneagram 6 stress,0,3,0.00,54.0
enneagram 6 stress and growth,0,3,0.00,56.3
enneagram 6 subtype,0,1,0.00,72.0
enneagram 6 sx,0,1,0.00,5.0
enneagram 6 the loyalist,0,1,0.00,63.0
enneagram 6 traits,0,4,0.00,79.0
enneagram 6 trauma,0,1,0.00,18.0
enneagram 6 triad,0,1,0.00,68.0
enneagram 6 type,0,12,0.00,61.9
enneagram 6 types,0,6,0.00,61.0
enneagram 6 under stress,0,5,0.00,51.2
enneagram 6 unhealthy,0,2,0.00,44.0
enneagram 6 vs 9,0,1,0.00,49.0
enneagram 6 weaknesses,0,1,0.00,69.0
enneagram 6 wing 2,0,1,0.00,72.0
enneagram 6 with 5 wing,0,1,0.00,3.0
enneagram 6w5,0,1,0.00,6.0
enneagram 6w5 and 8w9 compatibility,0,3,0.00,11.0
enneagram 6w5 compatibility with 8w9,0,4,0.00,10.3
enneagram 6w9,0,6,0.00,53.8
enneagram 7,0,144,0.00,64.6
enneagram 7 and 9 compatibility,0,1,0.00,3.0
enneagram 7 and 9 relationship,0,2,0.00,25.5
enneagram 7 basic fear,0,1,0.00,51.0
enneagram 7 career,0,1,0.00,62.0
enneagram 7 celebrities,0,25,0.00,28.0
enneagram 7 character,0,1,0.00,58.0
enneagram 7 characters,0,5,0.00,44.8
enneagram 7 core fear,0,1,0.00,36.0
enneagram 7 depression,0,4,0.00,4.5
enneagram 7 explained,0,1,0.00,61.0
enneagram 7 famous people,0,61,0.00,13.6
enneagram 7 fear,0,1,0.00,50.0
enneagram 7 fears,0,6,0.00,30.8
enneagram 7 fears and desires,0,1,0.00,51.0
enneagram 7 growth,0,7,0.00,48.1
enneagram 7 in detail,0,1,0.00,51.0
enneagram 7 in growth,0,1,0.00,59.0
enneagram 7 in stress,0,8,0.00,55.3
enneagram 7 in stress and growth,0,1,0.00,37.0
enneagram 7 instinctual variants,0,1,0.00,63.0
enneagram 7 integration,0,1,0.00,21.0
enneagram 7 love language,0,3,0.00,13.7
enneagram 7 mbti,0,1,0.00,49.0
enneagram 7 motivation,0,2,0.00,59.0
enneagram 7 narcissism,0,1,0.00,15.0
enneagram 7 negative traits,0,1,0.00,24.0
enneagram 7 people,0,1,0.00,54.0
enneagram 7 personality,0,2,0.00,66.0
enneagram 7 personality database,0,1,0.00,57.0
enneagram 7 stress,0,11,0.00,47.5
enneagram 7 stress and growth,0,1,0.00,62.0
enneagram 7 subtype,0,1,0.00,49.0
enneagram 7 type,0,2,0.00,65.0
enneagram 7 under stress,0,5,0.00,33.2
enneagram 7 unhealthy,0,3,0.00,40.0
enneagram 728,0,1,0.00,10.0
enneagram 7w9,0,2,0.00,45.0
enneagram 8,0,5,0.00,17.6
enneagram 8 celebrities,0,28,0.00,25.6
enneagram 8 characters,0,1,0.00,46.0
enneagram 8 deadly sin,0,1,0.00,64.0
enneagram 8 description,0,1,0.00,4.0
enneagram 8 examples,0,3,0.00,19.0
enneagram 8 famous people,0,94,0.00,16.6
enneagram 8 fear,0,1,0.00,33.0
enneagram 8 female celebrities,0,2,0.00,30.0
enneagram 8 growth,0,1,0.00,61.0
enneagram 8 in stress,0,2,0.00,26.0
enneagram 8 love language,0,2,0.00,10.5
enneagram 8 motivation,0,1,0.00,77.0
enneagram 8 name,0,4,0.00,58.8
enneagram 8 the challenger,0,1,0.00,58.0
enneagram 8 under stress,0,1,0.00,38.0
enneagram 8w9 and 6w5 compatibility,0,1,0.00,9.0
enneagram 8w9 compatibility with 6w5,0,1,0.00,11.0
enneagram 9 and 2 relationship,0,1,0.00,39.0
enneagram 9 and 3,0,3,0.00,26.0
enneagram 9 and 3 relationship,0,2,0.00,38.0
enneagram 9 and 4 relationship,0,10,0.00,34.8
enneagram 9 and 5,0,1,0.00,3.0
enneagram 9 and 6 relationship,0,1,0.00,33.0
enneagram 9 and 7 relationship,0,2,0.00,29.5
enneagram 9 anger,0,1,0.00,32.0
enneagram 9 arrows,0,1,0.00,39.0
enneagram 9 at work,0,1,0.00,64.0
enneagram 9 basic fear,0,3,0.00,46.0
enneagram 9 celebrities,0,158,0.00,11.1
enneagram 9 character,0,1,0.00,57.0
enneagram 9 characteristics,0,3,0.00,56.3
enneagram 9 characters,0,6,0.00,47.5
enneagram 9 childhood,0,26,0.00,11.6
enneagram 9 childhood wound,0,6,0.00,47.2
enneagram 9 core fear,0,2,0.00,37.5
enneagram 9 core fear and desire,0,1,0.00,64.0
enneagram 9 core motivation,0,2,0.00,62.0
enneagram 9 description,0,6,0.00,50.3
enneagram 9 fear,0,5,0.00,48.6
enneagram 9 fears,0,3,0.00,49.3
enneagram 9 fears and desires,0,2,0.00,71.5
enneagram 9 female,0,3,0.00,34.3
enneagram 9 growth,0,6,0.00,37.2
enneagram 9 growth and stress,0,2,0.00,33.0
enneagram 9 growth path,0,1,0.00,39.0
enneagram 9 in conflict,0,3,0.00,38.0
enneagram 9 in growth,0,7,0.00,41.1
enneagram 9 in stress,0,11,0.00,38.7
enneagram 9 in stress and growth,0,2,0.00,41.5
enneagram 9 instincts,0,3,0.00,41.3
enneagram 9 instinctual variants,0,3,0.00,25.0
enneagram 9 integration to 3,0,1,0.00,20.0
enneagram 9 jobs,0,3,0.00,24.7
enneagram 9 love language,0,4,0.00,8.0
enneagram 9 mbti,0,3,0.00,49.0
enneagram 9 meaning,0,2,0.00,45.0
enneagram 9 motivation,0,3,0.00,67.3
enneagram 9 negative traits,0,10,0.00,14.6
enneagram 9 peacemaker,0,2,0.00,48.5
enneagram 9 people,0,1,0.00,81.0
enneagram 9 personalities,0,2,0.00,54.5
enneagram 9 personality,0,7,0.00,56.9
enneagram 9 personality traits,0,1,0.00,52.0
enneagram 9 personality types,0,12,0.00,69.8
enneagram 9 strengths,0,3,0.00,55.0
enneagram 9 strengths and weaknesses,0,11,0.00,10.7
enneagram 9 stress,0,5,0.00,45.8
enneagram 9 subtypes,0,13,0.00,39.2
enneagram 9 summary,0,1,0.00,41.0
enneagram 9 traits,0,3,0.00,58.7
enneagram 9 type,0,1,0.00,58.0
enneagram 9 types,0,116,0.00,66.5
enneagram 9 under stress,0,8,0.00,41.4
enneagram 9 unhealthy,0,1,0.00,25.0
enneagram 9 vs 4,0,3,0.00,28.7
enneagram 9 weaknesses,0,9,0.00,38.6
enneagram 9 wing 5,0,1,0.00,44.0
enneagram 9 wing 7,0,1,0.00,44.0
enneagram 9s,0,2,0.00,34.0
enneagram 9types,0,2,0.00,19.5
enneagram 9w1 characters,0,2,0.00,46.5
enneagram 9w2,0,3,0.00,44.0
enneagram 9w3,0,1,0.00,52.0
enneagram 9w5,0,6,0.00,31.3
enneagram 9w7,0,1,0.00,46.0
enneagram accuracy,0,1,0.00,33.0
enneagram accurate test,0,2,0.00,26.5
enneagram achiever,0,251,0.00,29.7
enneagram achiever type 3,0,2,0.00,28.5
enneagram activities for teams,0,4,0.00,39.5
enneagram all types,0,3,0.00,69.3
enneagram amy poehler,0,1,0.00,3.0
enneagram analysis,0,5,0.00,63.4
enneagram and career,0,2,0.00,21.0
enneagram and christianity,0,4,0.00,68.5
enneagram and instinctual variant,0,1,0.00,47.0
enneagram and leadership,0,237,0.00,61.4
enneagram and love,0,579,0.00,31.4
enneagram and myers briggs,0,14,0.00,44.1
enneagram and myers briggs correlation,0,1,0.00,43.0
enneagram and myers briggs test,0,3,0.00,60.3
enneagram and myers-briggs,0,4,0.00,44.0
enneagram and parenting,0,543,0.00,36.0
enneagram and psychosophy correlations,0,1,0.00,6.0
enneagram and relationships,0,584,0.00,36.9
enneagram and spirituality,0,524,0.00,44.0
enneagram and teams,0,653,0.00,34.8
enneagram and the odyssey,0,1,0.00,8.0
enneagram and trauma,0,9,0.00,35.9
enneagram and work,0,1,0.00,51.0
enneagram and zodiac signs,0,15,0.00,4.7
enneagram anger types,0,1,0.00,4.0
enneagram archetypes,0,3,0.00,51.0
enneagram at work,0,20,0.00,56.3
enneagram attachment style,0,1,0.00,77.0
enneagram attachment types,0,50,0.00,10.4
enneagram basic fears and desires,0,2,0.00,47.0
enneagram best matches,0,8,0.00,14.8
enneagram best test,0,11,0.00,36.6
enneagram biggest fears,0,1,0.00,29.0
enneagram blind spots,0,21,0.00,19.8
enneagram books to read,0,1,0.00,3.0
enneagram breakdown,0,5,0.00,58.2
enneagram career,0,527,0.00,14.8
enneagram careers,0,26,0.00,16.3
enneagram categories,0,5,0.00,53.6
enneagram catholic,0,4,0.00,48.3
enneagram celebrities,0,17,0.00,20.9
enneagram challenger,0,4,0.00,55.0
enneagram chart,0,3,0.00,3.7
enneagram childhood,0,9,0.00,22.9
enneagram childhood messages,0,2,0.00,28.5
enneagram childhood trauma,0,6,0.00,36.0
enneagram childhood wounds,0,2,0.00,54.0
enneagram childhoods,0,15,0.00,13.6
enneagram christian,0,2,0.00,68.0
enneagram christianity,0,1,0.00,68.0
enneagram circle,0,1,0.00,67.0
enneagram coach type 9,0,3,0.00,33.0
enneagram combinations,0,3,0.00,10.7
enneagram communication styles,0,6,0.00,33.7
enneagram community,0,442,0.00,32.8
enneagram comparison test,0,5,0.00,9.4
enneagram compatability,0,8,0.00,15.4
enneagram compatibility,0,293,0.00,13.9
enneagram compatibility guide,0,67,0.00,7.2
enneagram compatibility test,0,41,0.00,16.3
enneagram conflict styles,0,1,0.00,71.0
enneagram connections,0,3,0.00,21.3
enneagram controversy,0,1,0.00,4.0
enneagram coping mechanisms,0,1,0.00,65.0
enneagram core,0,5,0.00,42.8
enneagram core desires,0,2,0.00,54.0
enneagram core desires and fears,0,1,0.00,54.0
enneagram core fear,0,1,0.00,29.0
enneagram core fears,0,2,0.00,24.5
enneagram core fears and desires,0,3,0.00,20.3
enneagram core fears and motivations,0,2,0.00,32.0
enneagram core motivations and fears,0,1,0.00,53.0
enneagram core types,0,2,0.00,70.0
enneagram cores,0,2,0.00,51.0
enneagram counseling,0,1,0.00,53.0
enneagram counselor,0,1,0.00,48.0
enneagram couples,0,7,0.00,15.4
enneagram couples compatibility,0,2,0.00,11.0
enneagram creator,0,2,0.00,28.0
enneagram criticism,0,5,0.00,36.4
enneagram critique,0,3,0.00,38.0
enneagram crystal,0,1,0.00,44.0
enneagram crystal knows,0,1,0.00,56.0
enneagram cult,0,2,0.00,44.0
enneagram dating,0,14,0.00,41.3
enneagram dating app,0,3,0.00,12.7
enneagram deadly sins,0,6,0.00,66.3
enneagram debunked,0,4,0.00,38.8
enneagram definitions,0,1,0.00,83.0
enneagram description,0,1,0.00,74.0
enneagram descriptions,0,2,0.00,30.5
enneagram desires and fears,0,1,0.00,31.0
enneagram discussion questions for work,0,4,0.00,83.3
enneagram disintegration,0,1,0.00,4.0
enneagram distribution,0,5,0.00,8.8
enneagram dolly parton,0,1,0.00,11.0
enneagram eating disorder,0,11,0.00,47.0
enneagram eclectic,0,2,0.00,10.0
enneagram eight with a seven-wing: “the maverick”,0,2,0.00,50.0
enneagram emotions,0,2,0.00,43.5
enneagram empirical validity peer reviewed review,0,1,0.00,11.0
enneagram empirical validity review,0,1,0.00,9.0
enneagram empirical validity study review,0,1,0.00,10.0
enneagram evidence,0,1,0.00,58.0
enneagram evidence based,0,1,0.00,28.0
enneagram explained,0,1,0.00,3.0
enneagram explanation,0,1,0.00,6.0
enneagram famous people,0,5,0.00,22.4
enneagram fear,0,1,0.00,28.0
enneagram fear of abandonment,0,3,0.00,30.3
enneagram fears,0,2,0.00,29.0
enneagram fears and desires,0,1,0.00,59.0
enneagram five,0,38,0.00,66.5
enneagram five with a four-wing: “the iconoclast”,0,2,0.00,61.5
enneagram fives,0,5,0.00,68.8
enneagram fixations and passions,0,1,0.00,20.0
enneagram flaws,0,3,0.00,8.3
enneagram for couples,0,13,0.00,35.5
enneagram for leaders,0,1,0.00,62.0
enneagram for personal growth,0,643,0.00,20.3
enneagram for teams,0,21,0.00,39.6
enneagram for the workplace,0,1,0.00,69.0
enneagram for work,0,34,0.00,21.7
enneagram for work teams,0,7,0.00,41.1
enneagram founder,0,1,0.00,54.0
enneagram four,0,39,0.00,54.4
enneagram four subtypes,0,1,0.00,41.0
enneagram four with a five-wing: “the bohemian”,0,1,0.00,98.0
enneagram four with a three-wing: “the aristocrat”,0,1,0.00,48.0
enneagram fours,0,2,0.00,44.5
enneagram free results,0,4,0.00,24.5
enneagram free test and results,0,6,0.00,20.5
enneagram free test results,0,1,0.00,11.0
enneagram friendship compatibility,0,3,0.00,13.3
enneagram games,0,12,0.00,27.6
enneagram games for groups,0,8,0.00,43.5
enneagram giver,0,1,0.00,60.0
enneagram group,0,2,0.00,52.5
enneagram groups,0,4,0.00,61.0
enneagram growth,0,61,0.00,27.6
enneagram growth and stress,0,12,0.00,50.1
enneagram growth and stress chart,0,2,0.00,37.5
enneagram growth levels,0,6,0.00,43.0
enneagram growth paths,0,1,0.00,35.0
enneagram gut types,0,1,0.00,5.0
enneagram hate,0,3,0.00,26.0
enneagram health,0,1,0.00,21.0
enneagram health and stress,0,3,0.00,64.3
enneagram health levels,0,1,0.00,66.0
enneagram healthy and unhealthy,0,3,0.00,30.0
enneagram heart triad,0,1,0.00,4.0
enneagram helper type 2,0,1,0.00,3.0
enneagram history,0,1,0.00,81.0
enneagram hitler,0,1,0.00,41.0
enneagram hornevian triads,0,1,0.00,8.0
enneagram humans matrix,0,1,0.00,10.0
enneagram in depth,0,2,0.00,61.0
enneagram in relationships,0,37,0.00,30.4
enneagram in stress,0,1,0.00,27.0
enneagram in stress and growth,0,1,0.00,39.0
enneagram in the workplace,0,533,0.00,64.2
enneagram insticts,0,2,0.00,61.0
enneagram instinct,0,4,0.00,50.3
enneagram instinct stacking,0,2,0.00,29.5
enneagram instincts,0,22,0.00,66.9
enneagram instincts and subtypes,0,3,0.00,39.3
enneagram instincts explained,0,2,0.00,69.0
enneagram instinctual stacking so sx vs sx so social sexual definition,0,2,0.00,17.5
enneagram instinctual subtypes,0,3,0.00,37.0
enneagram instinctual variant,0,4,0.00,40.0
enneagram instinctual variants,0,454,0.00,39.4
enneagram institute 1,0,3,0.00,60.7
enneagram institute 3,0,3,0.00,32.7
enneagram institute 4,0,1,0.00,4.0
enneagram institute 5,0,1,0.00,61.0
enneagram institute 6,0,4,0.00,67.8
enneagram institute 9,0,15,0.00,37.1
enneagram institute alternative,0,15,0.00,29.6
enneagram institute free test,0,6,0.00,21.2
enneagram institute instinctual variants,0,1,0.00,33.0
enneagram institute test,0,13,0.00,29.2
enneagram institute test free,0,5,0.00,24.0
enneagram institute type 1,0,1,0.00,61.0
enneagram institute type 2,0,1,0.00,72.0
enneagram institute type 3,0,8,0.00,43.9
enneagram institute type 5,0,1,0.00,61.0
enneagram institute type 6,0,2,0.00,65.0
enneagram institute type 9,0,3,0.00,32.0
enneagram institute type descriptions,0,3,0.00,64.0
enneagram institute types,0,2,0.00,61.0
enneagram integration,0,11,0.00,35.8
enneagram integration and disintegration,0,2,0.00,5.5
enneagram integration and disintegration lines of stress and growth,0,2,0.00,12.0
enneagram integration chart,0,17,0.00,32.8
enneagram interactions,0,2,0.00,18.0
enneagram lacks empirical support source,0,24,0.00,7.5
enneagram lacks empirical support source personality scientists,0,5,0.00,6.2
enneagram lacks rigorous scientific validation source,0,127,0.00,8.3
enneagram lacks scientific evidence psychology source,0,1,0.00,11.0
enneagram lacks scientific evidence psychology today,0,4,0.00,2.5
enneagram lacks scientific evidence review,0,10,0.00,7.4
enneagram lacks scientific evidence source,0,28,0.00,8.7
enneagram lacks scientific validation reputable source,0,6,0.00,10.0
enneagram lacks scientific validation review,0,1,0.00,11.0
enneagram lacks scientific validation source,0,88,0.00,10.7
enneagram lacks scientific validation source health.com,0,3,0.00,6.7
enneagram lacks scientific validation source psychology,0,35,0.00,11.1
enneagram lacks scientific validation source review,0,8,0.00,10.0
enneagram lacks scientific validity review,0,2,0.00,7.5
enneagram lacks scientific validity source,0,23,0.00,9.9
enneagram leadership,0,6,0.00,53.3
enneagram leadership styles,0,3,0.00,48.3
enneagram leadership types,0,5,0.00,57.0
enneagram levels,0,1,0.00,63.0
enneagram levels of health,0,2,0.00,61.0
enneagram lines,0,4,0.00,19.3
enneagram lines of integration,0,2,0.00,24.0
enneagram list,0,2,0.00,79.5
enneagram list of types,0,1,0.00,73.0
enneagram lost childhood messages,0,2,0.00,31.0
enneagram love,0,4,0.00,37.0
enneagram love languages,0,36,0.00,9.6
enneagram love relationships,0,6,0.00,28.0
enneagram loyalist,0,7,0.00,59.0
enneagram marriage,0,4,0.00,59.5
enneagram marriage compatibility,0,3,0.00,16.0
enneagram matches,0,17,0.00,12.1
enneagram matrix test,0,1,0.00,85.0
enneagram model,0,1,0.00,34.0
enneagram most likely to cheat,0,36,0.00,10.0
enneagram motivations and fears,0,1,0.00,61.0
enneagram myers briggs,0,11,0.00,48.9
enneagram narcissist,0,1,0.00,12.0
enneagram negative traits,0,30,0.00,9.5
enneagram new age,0,9,0.00,29.1
enneagram nine,0,65,0.00,50.9
enneagram nine with a one-wing: “the dreamer”,0,2,0.00,71.5
enneagram nines,0,3,0.00,42.3
enneagram nonsense,0,8,0.00,27.1
enneagram not evidence based psychology source,0,1,0.00,5.0
enneagram not scientifically validated psychology source,0,1,0.00,1.0
enneagram not scientifically validated source,0,5,0.00,10.6
enneagram not scientifically validated source psychology today,0,2,0.00,10.5
enneagram not widely accepted evidence-based psychology source,0,1,0.00,8.0
enneagram nsfw,0,3,0.00,11.0
enneagram number 1,0,8,0.00,58.8
enneagram number 2,0,1,0.00,62.0
enneagram number 3,0,9,0.00,28.1
enneagram number 4,0,2,0.00,52.5
enneagram number 5,0,10,0.00,54.7
enneagram number 6,0,22,0.00,61.5
enneagram number 7,0,1,0.00,69.0
enneagram number 9,0,28,0.00,51.5
enneagram numbers meaning,0,1,0.00,5.0
enneagram occult,0,6,0.00,45.0
enneagram occultism,0,1,0.00,66.0
enneagram one,0,43,0.00,61.3
enneagram one description,0,2,0.00,75.5
enneagram one in stress,0,4,0.00,44.5
enneagram ones,0,44,0.00,56.3
enneagram online test,0,1,0.00,24.0
enneagram online test free,0,1,0.00,19.0
enneagram options,0,3,0.00,50.7
enneagram origin christianity,0,1,0.00,21.0
enneagram parent child relationship,0,3,0.00,43.7
enneagram parenting,0,5,0.00,29.8
enneagram parents,0,1,0.00,24.0
enneagram peacemaker,0,11,0.00,52.8
enneagram percentage of each type,0,17,0.00,10.4
enneagram percentage of population,0,9,0.00,12.3
enneagram percentages,0,11,0.00,11.3
enneagram perfectionist,0,4,0.00,44.8
enneagram perfectionist type,0,1,0.00,31.0
enneagram performer,0,2,0.00,51.5
enneagram personality 1,0,1,0.00,61.0
enneagram personality 3,0,2,0.00,35.5
enneagram personality 5,0,29,0.00,53.6
enneagram personality 6,0,34,0.00,62.9
enneagram personality 7,0,4,0.00,60.8
enneagram personality 9,0,3,0.00,58.7
enneagram personality compatibility,0,9,0.00,15.1
enneagram personality scientific validity systematic review,0,3,0.00,5.3
enneagram personality test scientific validity,0,2,0.00,22.0
enneagram personality test scientific validity reliability evidence,0,1,0.00,15.0
enneagram personality test vs myers briggs,0,1,0.00,44.0
enneagram personality type 1,0,14,0.00,59.5
enneagram personality type 3,0,2,0.00,41.5
enneagram personality type 5,0,14,0.00,57.2
enneagram personality type 6,0,19,0.00,63.6
enneagram personality type 9,0,5,0.00,62.0
enneagram personality types 9,0,2,0.00,59.0
enneagram population distribution,0,22,0.00,10.2
enneagram population percentage,0,2,0.00,10.0
enneagram porn,0,6,0.00,7.7
enneagram profiles,0,1,0.00,27.0
enneagram pros and cons,0,3,0.00,79.7
enneagram pseudoscience,0,18,0.00,20.7
enneagram psychometric validity peer reviewed review,0,1,0.00,10.0
enneagram psychometric validity review peer reviewed,0,1,0.00,10.0
enneagram psychometric validity systematic review,0,1,0.00,11.0
enneagram reformer,0,1,0.00,52.0
enneagram relationship,0,11,0.00,45.0
enneagram relationship chart,0,25,0.00,10.0
enneagram relationship compatibility,0,84,0.00,15.3
enneagram relationship compatibility blueprint,0,5,0.00,10.2
enneagram relationship compatibility chart,0,10,0.00,6.7
enneagram relationship compatibility matrix and marriage advice,0,37,0.00,4.7
enneagram relationships,0,610,0.00,27.3
enneagram reliability and validity,0,2,0.00,33.5
enneagram religion,0,10,0.00,23.5
enneagram research,0,10,0.00,24.3
enneagram resources,0,4,0.00,55.3
enneagram results explained,0,1,0.00,53.0
enneagram richard rohr,0,1,0.00,3.0
enneagram romantic,0,4,0.00,47.8
enneagram romantic compatibility,0,6,0.00,26.5
enneagram scale,0,5,0.00,67.8
enneagram science,0,7,0.00,26.3
enneagram science based,0,1,0.00,8.0
enneagram scientific evidence,0,2,0.00,41.5
enneagram scientific evidence peer reviewed,0,1,0.00,10.0
enneagram scientific evidence peer reviewed review,0,1,0.00,10.0
enneagram scientific evidence reliability review,0,1,0.00,12.0
enneagram scientific evidence review,0,1,0.00,11.0
enneagram scientific evidence validity source,0,1,0.00,10.0
enneagram scientific validity,0,5,0.00,15.8
enneagram scientific validity academic review,0,2,0.00,8.0
enneagram scientific validity criticism,0,3,0.00,10.3
enneagram scientific validity criticism peer reviewed,0,25,0.00,9.9
enneagram scientific validity criticism source,0,3,0.00,10.7
enneagram scientific validity critique,0,1,0.00,10.0
enneagram scientific validity critique peer reviewed,0,7,0.00,11.0
enneagram scientific validity evidence review,0,2,0.00,11.5
enneagram scientific validity overview,0,1,0.00,11.0
enneagram scientific validity peer reviewed,0,25,0.00,10.0
enneagram scientific validity peer reviewed criticism,0,7,0.00,10.4
enneagram scientific validity peer reviewed critique,0,9,0.00,10.9
enneagram scientific validity peer reviewed overview,0,2,0.00,9.0
enneagram scientific validity peer reviewed review,0,34,0.00,11.0
enneagram scientific validity peer reviewed review personality,0,1,0.00,10.0
enneagram scientific validity personality assessment review,0,1,0.00,4.0
enneagram scientific validity personality psychology review,0,1,0.00,11.0
enneagram scientific validity psychology review,0,5,0.00,10.0
enneagram scientific validity psychology source,0,2,0.00,10.5
enneagram scientific validity psychology today,0,6,0.00,11.5
enneagram scientific validity reliability peer reviewed review,0,1,0.00,9.0
enneagram scientific validity reputable source,0,1,0.00,11.0
enneagram scientific validity research review,0,1,0.00,11.0
enneagram scientific validity review,0,9,0.00,11.8
enneagram scientific validity review journal,0,8,0.00,10.3
enneagram scientific validity review peer reviewed,0,20,0.00,10.8
enneagram scientific validity review pmc,0,5,0.00,10.2
enneagram scientific validity review source,0,2,0.00,11.0
enneagram scientific validity source,0,3,0.00,9.7
enneagram scientific validity source psychology,0,3,0.00,11.0
enneagram scientific validity systematic review,0,1,0.00,10.0
enneagram scientific validity systematic review personality assessment,0,1,0.00,3.0
enneagram scores,0,2,0.00,61.5
enneagram seven,0,9,0.00,73.6
enneagram sevens,0,1,0.00,64.0
enneagram sexual instinct,0,1,0.00,46.0
enneagram sexual social self preservation,0,1,0.00,43.0
enneagram shadow side,0,2,0.00,18.0
enneagram ships,0,3,0.00,10.3
enneagram short descriptions,0,2,0.00,59.5
enneagram sign,0,4,0.00,13.5
enneagram simplified,0,4,0.00,67.5
enneagram sins,0,1,0.00,70.0
enneagram six,0,15,0.00,69.7
enneagram six subtypes,0,4,0.00,64.0
enneagram six with a five-wing: “the defender”,0,1,0.00,50.0
enneagram six with a seven-wing: “the buddy”,0,1,0.00,53.0
enneagram sixes,0,1,0.00,70.0
enneagram skeptic,0,1,0.00,72.0
enneagram so sp sx,0,1,0.00,30.0
enneagram social 3,0,1,0.00,24.0
enneagram social 4,0,10,0.00,30.0
enneagram social 5,0,5,0.00,27.0
enneagram social 6,0,11,0.00,53.2
enneagram social instinct,0,1,0.00,60.0
enneagram soul type combination,0,37,0.00,25.8
enneagram sources,0,1,0.00,38.0
enneagram sp sx so test,0,1,0.00,20.0
enneagram sp/so,0,4,0.00,27.0
enneagram sp/sx,0,1,0.00,27.0
enneagram sp2 best partners compatibility relationships,0,25,0.00,11.0
enneagram sp9,0,1,0.00,5.0
enneagram spiritual,0,2,0.00,60.5
enneagram spirituality,0,23,0.00,39.8
enneagram stacking,0,2,0.00,24.5
enneagram stacks,0,1,0.00,25.0
enneagram stances,0,6,0.00,58.3
enneagram star,0,1,0.00,14.0
enneagram statistics,0,36,0.00,10.3
enneagram stress,0,11,0.00,40.7
enneagram stress and growth,0,12,0.00,51.9
enneagram stress arrows,0,15,0.00,38.8
enneagram stress points,0,48,0.00,25.1
enneagram styles,0,1,0.00,67.0
enneagram subtype compatibility,0,9,0.00,9.0
enneagram subtypes,0,1,0.00,6.0
enneagram summary,0,1,0.00,4.0
enneagram sx instinct,0,2,0.00,32.5
enneagram sx so sp,0,1,0.00,33.0
enneagram system,0,1,0.00,4.0
enneagram systematic review mixed evidence reliability validity,0,6,0.00,3.8
enneagram systematic review psychometric evidence 2021,0,10,0.00,5.1
enneagram systematic review psychometric evidence peer reviewed,0,21,0.00,9.2
enneagram systematic review psychometric evidence peer reviewed 2021,0,13,0.00,6.3
enneagram systematic review psychometric evidence personality 2021,0,10,0.00,6.6
enneagram systematic review psychometric validity peer reviewed,0,1,0.00,9.0
enneagram systematic review psychometric validity peer reviewed 2021,0,12,0.00,6.6
enneagram systematic review psychometric validity personality 2021,0,3,0.00,9.3
enneagram systematic review reliability validity 2021 hook,0,4,0.00,10.0
enneagram systematic review reliability validity hook 2021,0,2,0.00,9.0
enneagram t,0,1,0.00,52.0
enneagram team building,0,11,0.00,38.5
enneagram team building activities,0,1,0.00,46.0
enneagram team map,0,1,0.00,10.0
enneagram team session,0,2,0.00,49.5
enneagram team training,0,3,0.00,35.7
enneagram test,0,16,0.00,2.6
enneagram test 3,0,7,0.00,27.6
enneagram test 3 meaning,0,1,0.00,26.0
enneagram test 5,0,4,0.00,65.5
enneagram test 6,0,6,0.00,57.7
enneagram test 6 meaning,0,2,0.00,66.0
enneagram test 7,0,1,0.00,53.0
enneagram test 9,0,1,0.00,45.0
enneagram test 9 types,0,1,0.00,46.0
enneagram test 9types,0,1,0.00,18.0
enneagram test accuracy,0,2,0.00,18.0
enneagram test accurate,0,8,0.00,33.5
enneagram test actually free,0,2,0.00,26.0
enneagram test best,0,10,0.00,24.9
enneagram test best free,0,8,0.00,15.8
enneagram test categories,0,2,0.00,67.0
enneagram test cloverleaf,0,66,0.00,9.0
enneagram test compatibility,0,4,0.00,10.0
enneagram test cost,0,16,0.00,12.7
enneagram test crystal knows,0,1,0.00,66.0
enneagram test eclectic energies,0,1,0.00,25.0
enneagram test eclecticenergies,0,32,0.00,28.5
enneagram test eclecticenergies free,0,8,0.00,10.9
enneagram test explained,0,23,0.00,61.4
enneagram test fee,0,4,0.00,10.3
enneagram test for couples,0,1,0.00,45.0
enneagram test free,0,12,0.00,18.3
enneagram test free accurate,0,4,0.00,11.3
enneagram test free best,0,9,0.00,22.0
enneagram test free eclectic energies,0,2,0.00,9.0
enneagram test free no email,0,4,0.00,33.8
enneagram test free online,0,1,0.00,4.0
enneagram test free reddit,0,1,0.00,11.0
enneagram test free results,0,8,0.00,19.6
enneagram test free results no email,0,2,0.00,22.5
enneagram test history,0,1,0.00,3.0
enneagram test institute,0,2,0.00,40.5
enneagram test meaning,0,2,0.00,66.0
enneagram test meanings,0,2,0.00,70.5
enneagram test most accurate,0,5,0.00,21.4
enneagram test myers briggs,0,3,0.00,47.7
enneagram test no email,0,1,0.00,34.0
enneagram test numbers,0,1,0.00,74.0
enneagram test official,0,1,0.00,47.0
enneagram test price,0,6,0.00,12.2
enneagram test real,0,1,0.00,34.0
enneagram test reliable,0,1,0.00,36.0
enneagram test results free,0,1,0.00,34.0
enneagram test scientific validity,0,1,0.00,21.0
enneagram test sp so sx,0,2,0.00,30.0
enneagram test type 1,0,4,0.00,68.0
enneagram test type 3,0,16,0.00,25.9
enneagram test type 5,0,16,0.00,59.4
enneagram test type 6,0,6,0.00,63.0
enneagram test types,0,18,0.00,69.7
enneagram test types explained,0,2,0.00,56.5
enneagram test validity,0,11,0.00,28.1
enneagram test vs mbti,0,1,0.00,37.0
enneagram test vs myers briggs,0,8,0.00,24.9
enneagram test with free results,0,6,0.00,26.8
enneagram test with instinctual variant,0,4,0.00,40.8
enneagram test with instinctual variant results,0,6,0.00,15.0
enneagram test with wings and instinctual variant,0,1,0.00,11.0
enneagram the achiever,0,4,0.00,29.0
enneagram the challenger,0,3,0.00,42.3
enneagram the investigator,0,1,0.00,3.0
enneagram the loyalist,0,4,0.00,60.0
enneagram the maverick,0,1,0.00,57.0
enneagram the performer,0,1,0.00,63.0
enneagram the protector,0,2,0.00,38.0
enneagram therapist,0,28,0.00,43.3
enneagram therapists,0,1,0.00,51.0
enneagram therapy,0,88,0.00,45.7
enneagram three,0,32,0.00,40.5
enneagram three subtypes,0,1,0.00,44.0
enneagram threes,0,4,0.00,44.0
enneagram tip 1,0,1,0.00,53.0
enneagram tip 4,0,2,0.00,29.5
enneagram tip 5,0,1,0.00,58.0
enneagram to myers briggs,0,1,0.00,41.0
enneagram training for therapists,0,12,0.00,53.2
enneagram traits,0,1,0.00,50.0
enneagram trauma,0,1,0.00,32.0
enneagram triads,0,1,0.00,5.0
enneagram tritype combinations,0,1,0.00,27.0
enneagram trump,0,1,0.00,25.0
enneagram two with a three-wing: “the host/hostess”,0,1,0.00,43.0
enneagram tyoes,0,1,0.00,59.0
enneagram typ 3,0,2,0.00,29.0
enneagram typ 5,0,1,0.00,48.0
enneagram typ 6,0,1,0.00,50.0
enneagram typ 9,0,1,0.00,48.0
enneagram type,0,10,0.00,52.2
enneagram type 1,0,447,0.00,65.9
enneagram type 1 and 2 relationship,0,1,0.00,33.0
enneagram type 1 careers,0,2,0.00,18.0
enneagram type 1 characteristics,0,8,0.00,63.8
enneagram type 1 characters,0,3,0.00,16.0
enneagram type 1 description,0,1,0.00,90.0
enneagram type 1 famous people examples,0,2,0.00,9.5
enneagram type 1 fictional characters,0,3,0.00,37.3
enneagram type 1 in love,0,7,0.00,18.6
enneagram type 1 in relationships,0,2,0.00,19.5
enneagram type 1 jobs,0,20,0.00,19.8
enneagram type 1 perfectionist,0,1,0.00,46.0
enneagram type 1 personality,0,1,0.00,56.0
enneagram type 1 relationships,0,4,0.00,23.8
enneagram type 1 strengths and weaknesses,0,6,0.00,11.0
enneagram type 1 the reformer,0,1,0.00,56.0
enneagram type 1 traits,0,4,0.00,63.8
enneagram type 2,0,234,0.00,51.1
enneagram type 2 careers to avoid,0,18,0.00,14.3
enneagram type 2 characters,0,9,0.00,31.0
enneagram type 2 famous people examples,0,1,0.00,9.0
enneagram type 2 fictional characters,0,2,0.00,40.0
enneagram type 2 growth,0,1,0.00,63.0
enneagram type 2 meaning,0,1,0.00,58.0
enneagram type 2 strengths and weaknesses,0,3,0.00,12.7
enneagram type 2 stress,0,7,0.00,54.9
enneagram type 2 the helper,0,1,0.00,50.0
enneagram type 2 under stress,0,1,0.00,87.0
enneagram type 2 weaknesses,0,3,0.00,46.0
enneagram type 3,0,709,0.00,31.2
enneagram type 3 careers,0,12,0.00,60.7
enneagram type 3 characteristics,0,2,0.00,37.0
enneagram type 3 characters,0,1,0.00,42.0
enneagram type 3 compatibility,0,2,0.00,20.5
enneagram type 3 core fear,0,1,0.00,32.0
enneagram type 3 description,0,3,0.00,36.7
enneagram type 3 famous people,0,77,0.00,9.4
enneagram type 3 personality,0,1,0.00,40.0
enneagram type 3 strengths and weaknesses,0,6,0.00,21.2
enneagram type 3 weaknesses,0,2,0.00,17.5
enneagram type 4,0,331,0.00,49.5
enneagram type 4 career blind spots,0,1,0.00,11.0
enneagram type 4 careers,0,38,0.00,31.2
enneagram type 4 celebrities,0,73,0.00,18.9
enneagram type 4 characters,0,4,0.00,46.3
enneagram type 4 explained,0,1,0.00,40.0
enneagram type 4 famous people,0,43,0.00,13.7
enneagram type 4 famous people examples,0,3,0.00,10.7
enneagram type 4 fictional characters,0,3,0.00,39.7
enneagram type 4 jobs,0,32,0.00,26.8
enneagram type 4 nederlands,0,1,0.00,4.0
enneagram type 4 social subtype,0,3,0.00,30.0
enneagram type 4 strengths and weaknesses,0,2,0.00,11.0
enneagram type 5,0,450,0.00,54.5
enneagram type 5 careers,0,6,0.00,63.3
enneagram type 5 characteristics,0,1,0.00,66.0
enneagram type 5 characters,0,6,0.00,49.8
enneagram type 5 description,0,3,0.00,62.3
enneagram type 5 disintegration,0,2,0.00,11.0
enneagram type 5 famous people,0,87,0.00,11.4
enneagram type 5 female,0,3,0.00,54.3
enneagram type 5 growth,0,1,0.00,55.0
enneagram type 5 jobs,0,1,0.00,58.0
enneagram type 5 mbti,0,1,0.00,38.0
enneagram type 5 meaning,0,1,0.00,39.0
enneagram type 5 personality,0,3,0.00,28.0
enneagram type 5 subtypes,0,7,0.00,50.7
enneagram type 5 traits,0,2,0.00,57.5
enneagram type 6,0,593,0.00,63.5
enneagram type 6 careers,0,5,0.00,75.8
enneagram type 6 celebrities,0,69,0.00,20.1
enneagram type 6 characteristics,0,1,0.00,67.0
enneagram type 6 characters,0,7,0.00,48.6
enneagram type 6 childhood,0,4,0.00,21.8
enneagram type 6 description,0,3,0.00,74.3
enneagram type 6 famous people,0,31,0.00,14.9
enneagram type 6 skeptical slow to trust source,0,1,0.00,11.0
enneagram type 6 subtypes,0,1,0.00,60.0
enneagram type 6 the loyalist,0,1,0.00,55.0
enneagram type 6 traits,0,2,0.00,69.0
enneagram type 6 weaknesses,0,1,0.00,73.0
enneagram type 7,0,50,0.00,63.7
enneagram type 7 best match,0,2,0.00,31.5
enneagram type 7 celebrities,0,33,0.00,19.8
enneagram type 7 characters,0,5,0.00,44.0
enneagram type 7 childhood,0,2,0.00,37.5
enneagram type 7 famous people,0,47,0.00,14.4
enneagram type 7 strengths and weaknesses,0,1,0.00,10.0
enneagram type 7 under stress,0,1,0.00,33.0
enneagram type 7 wing 9,0,1,0.00,51.0
enneagram type 7 worst match,0,1,0.00,22.0
enneagram type 8,0,2,0.00,3.0
enneagram type 8 attachment style,0,2,0.00,5.0
enneagram type 8 celebrities,0,56,0.00,22.3
enneagram type 8 famous people,0,65,0.00,14.4
enneagram type 8 growth,0,1,0.00,62.0
enneagram type 8 name,0,1,0.00,48.0
enneagram type 8 wing 9,0,1,0.00,7.0
enneagram type 9 careers,0,3,0.00,32.0
enneagram type 9 careers to avoid,0,32,0.00,14.0
enneagram type 9 characteristics,0,1,0.00,56.0
enneagram type 9 characters,0,6,0.00,46.2
enneagram type 9 childhood,0,15,0.00,21.1
enneagram type 9 compatibility,0,1,0.00,35.0
enneagram type 9 description,0,4,0.00,35.5
enneagram type 9 explained,0,1,0.00,69.0
enneagram type 9 famous people examples,0,3,0.00,10.7
enneagram type 9 growth,0,6,0.00,36.8
enneagram type 9 in stress,0,3,0.00,66.3
enneagram type 9 jobs,0,1,0.00,28.0
enneagram type 9 personal growth,0,1,0.00,29.0
enneagram type 9 personality,0,7,0.00,53.4
enneagram type 9 strengths and weaknesses,0,5,0.00,10.2
enneagram type 9 stress,0,5,0.00,44.0
enneagram type 9 subtypes,0,1,0.00,45.0
enneagram type 9 suicide risk evidence,0,15,0.00,8.7
enneagram type combinations,0,3,0.00,11.3
enneagram type compatibility,0,665,0.00,15.2
enneagram type definitions,0,1,0.00,59.0
enneagram type descriptions,0,3,0.00,63.3
enneagram type distribution,0,9,0.00,10.1
enneagram type distribution percentages,0,6,0.00,9.8
enneagram type distribution percentages population,0,1,0.00,11.0
enneagram type distribution statistics,0,8,0.00,4.0
enneagram type fears,0,1,0.00,29.0
enneagram type five,0,3,0.00,76.3
enneagram type fives,0,1,0.00,63.0
enneagram type four,0,5,0.00,61.0
enneagram type list,0,4,0.00,70.5
enneagram type meanings,0,2,0.00,67.5
enneagram type nine,0,13,0.00,39.1
enneagram type one,0,10,0.00,72.1
enneagram type population percentages distribution statistics,0,1,0.00,10.0
enneagram type seven,0,4,0.00,69.3
enneagram type six,0,17,0.00,71.7
enneagram type summaries,0,3,0.00,67.7
enneagram type three,0,10,0.00,31.1
enneagram type two,0,4,0.00,59.3
enneagram type1,0,1,0.00,67.0
enneagram types,0,98,0.00,42.3
enneagram types 1,0,25,0.00,60.8
enneagram types 2,0,2,0.00,51.0
enneagram types 3,0,14,0.00,37.4
enneagram types 4,0,6,0.00,57.7
enneagram types 5,0,22,0.00,58.1
enneagram types 6,0,23,0.00,65.5
enneagram types 7,0,5,0.00,64.4
enneagram types 9,0,10,0.00,53.4
enneagram types at work,0,20,0.00,50.4
enneagram types basic fears and desires,0,1,0.00,56.0
enneagram types by percentage,0,4,0.00,13.5
enneagram types core fears,0,1,0.00,28.0
enneagram types described,0,1,0.00,66.0
enneagram types description,0,1,0.00,5.0
enneagram types healthy and unhealthy,0,2,0.00,38.0
enneagram types list,0,3,0.00,62.3
enneagram types matrix,0,3,0.00,8.7
enneagram types meaning,0,1,0.00,69.0
enneagram types percentages in population,0,3,0.00,9.7
enneagram types relationships,0,17,0.00,29.9
enneagram types strengths and weaknesses,0,56,0.00,8.8
enneagram types that are compatible,0,4,0.00,16.0
enneagram types under stress,0,4,0.00,38.5
enneagram types vs myers briggs,0,1,0.00,10.0
enneagram under stress,0,2,0.00,48.0
enneagram unhealthy,0,5,0.00,18.8
enneagram unhealthy 3,0,1,0.00,30.0
enneagram unhealthy 6,0,2,0.00,55.5
enneagram unhealthy 9,0,5,0.00,38.2
enneagram user guide tritype test,0,1,0.00,43.0
enneagram validity,0,11,0.00,24.3
enneagram validity and reliability,0,3,0.00,32.0
enneagram variant,0,7,0.00,39.4
enneagram variants,0,7,0.00,43.6
enneagram vices,0,2,0.00,65.5
enneagram vs astrology,0,29,0.00,5.6
enneagram vs mbti,0,12,0.00,41.8
enneagram weaknesses,0,28,0.00,16.9
enneagram what am i,0,1,0.00,54.0
enneagram wheel,0,1,0.00,4.0
enneagram wiki,0,1,0.00,8.0
enneagram with instinctual variant,0,9,0.00,38.2
enneagram withdrawn types,0,1,0.00,24.0
enneagram work,0,12,0.00,64.3
enneagram workplace,0,1,0.00,63.0
enneagram yang kebanyakan overthinking,0,2,0.00,10.5
enneagram7,0,1,0.00,54.0
enneagram9,0,3,0.00,71.7
enneagram?,0,1,0.00,3.0
enneagrama 5,0,1,0.00,55.0
enneagramm,0,1,0.00,4.0
enneagramm 9,0,3,0.00,51.0
enneagramm counseling,0,4,0.00,81.3
enneagramm typ 4,0,1,0.00,3.0
enneagramm typ 4 berühmte persönlichkeiten,0,1,0.00,52.0
enneagramm typ 5 stresspunkt,0,1,0.00,3.0
enneagramm typ 8 stresspunkt,0,1,0.00,3.0
enneagramm typen,0,1,0.00,3.0
enneagramm+3,0,2,0.00,41.5
enneagramma tipo 9,0,1,0.00,59.0
enneagramme 6,0,4,0.00,62.0
enneagramme danger,0,1,0.00,74.0
enneagramme type,0,1,0.00,7.0
enneagramme type 5,0,3,0.00,52.3
enneagramme type 6,0,6,0.00,63.5
enneagrammer,0,1,0.00,2.0
enneagrammer 6,0,3,0.00,62.3
enneagrammer instincts,0,1,0.00,80.0
enneagrammet type 1,0,2,0.00,62.0
enneagrammet type 2,0,2,0.00,42.5
enneagrammet type 4,0,1,0.00,42.0
enneagrammet type 5,0,12,0.00,52.2
enneagrammet type 6,0,20,0.00,61.8
enneagrammet type 7,0,1,0.00,66.0
enneagrams,0,14,0.00,38.9
enneagrams 6,0,3,0.00,65.7
enneagrams in relationships,0,4,0.00,22.3
enneagrams matrix,0,1,0.00,5.0
enneagrams under stress,0,1,0.00,4.0
enneagramstedet,0,1,0.00,35.0
enneagramtest.site,0,1,0.00,89.0
enneagramu,0,1,0.00,1.0
enneagream 1,0,2,0.00,70.5
enneagream 3,0,1,0.00,47.0
enneagream 4,0,1,0.00,55.0
enneagream 5,0,1,0.00,59.0
enneagream 6,0,1,0.00,64.0
enneagream 7,0,3,0.00,72.7
enneagrm 9,0,1,0.00,27.0
enneagtam 5,0,3,0.00,59.7
enneahram,0,3,0.00,32.7
enneargram 5,0,1,0.00,61.0
enneatype,0,1,0.00,8.0
enneatypes,0,2,0.00,69.5
ennegaram 3,0,1,0.00,42.0
ennegaram 4,0,1,0.00,58.0
ennegaram 7,0,1,0.00,65.0
ennegaram types,0,1,0.00,60.0
ennegram,0,1,0.00,2.0
ennegram 1,0,5,0.00,54.4
ennegram 2,0,7,0.00,48.6
ennegram 3,0,19,0.00,36.8
ennegram 4,0,11,0.00,43.9
ennegram 5,0,179,0.00,58.1
ennegram 6,0,20,0.00,63.9
ennegram 7,0,2,0.00,65.0
ennegram 7w6,0,1,0.00,5.0
ennegram 8,0,1,0.00,3.0
ennegram 9,0,11,0.00,47.0
ennegram four,0,1,0.00,66.0
ennegram instincts,0,1,0.00,65.0
ennegram number 6,0,1,0.00,64.0
ennegram one,0,2,0.00,62.0
ennegram personality,0,1,0.00,6.0
ennegram scale,0,1,0.00,80.0
ennegram seven,0,1,0.00,76.0
ennegram six,0,1,0.00,67.0
ennegram test types,0,1,0.00,3.0
ennegram three,0,1,0.00,41.0
ennegram type 1,0,1,0.00,61.0
ennegram type 2,0,1,0.00,3.0
ennegram type 3,0,3,0.00,30.0
ennegram type 4,0,3,0.00,50.3
ennegram type 5,0,2,0.00,58.0
ennegram type 6,0,3,0.00,65.3
ennegram types,0,2,0.00,62.0
ennegram universe,0,1,0.00,3.0
ennegram vs mbti,0,1,0.00,53.0
ennegram4,0,1,0.00,33.0
ennegram?,0,1,0.00,1.0
ennegream 1,0,3,0.00,66.0
ennegream 3,0,3,0.00,37.3
ennegream 4,0,2,0.00,50.5
ennegream 5,0,2,0.00,62.5
ennegream 7,0,1,0.00,69.0
ennegtam,0,2,0.00,33.5
enneogram 4,0,2,0.00,42.5
enneogram 5,0,1,0.00,61.0
enneogram 6,0,1,0.00,68.0
enneogram 7,0,2,0.00,76.0
ennergram 3,0,1,0.00,31.0
ennergram 4,0,3,0.00,50.7
ennergram 5,0,1,0.00,51.0
ennergram type 6,0,2,0.00,61.0
ennergrams,0,1,0.00,5.0
enniagram 1,0,1,0.00,73.0
enniagram 5,0,1,0.00,60.0
ennogram 9,0,1,0.00,34.0
ennéagramme,0,1,0.00,2.0
ennéagramme 6,0,1,0.00,67.0
ennéagramme type 1,0,1,0.00,3.0
ennéagramme type 4,0,1,0.00,2.0
ennéagramme type 5,0,1,0.00,63.0
ennéagramme type 6,0,15,0.00,64.8
ennéagramme type 8 en amour,0,1,0.00,2.0
ennéagramme type 9,0,1,0.00,46.0
enthusiast personality type,0,1,0.00,84.0
enya natal chart,0,1,0.00,51.0
enya zodiac sign,0,1,0.00,31.0
epstein dark triad,0,1,0.00,64.0
epstein method,0,1,0.00,60.0
epstein psychology,0,4,0.00,24.8
epstein's theory,0,1,0.00,56.0
er han autist,0,1,0.00,2.0
erebor bank,0,1,0.00,7.0
es una obra de arte,0,1,0.00,2.0
esoteric enneagram,0,1,0.00,6.0
et tesla?,0,1,0.00,7.0
eu sou autista,0,1,0.00,2.0
evaluate the delphi company delphi on john coogan,0,12,0.00,8.3
even stevens christy carlson romano,0,1,0.00,3.0
everything about zendaya,0,1,0.00,15.0
evet,0,1,0.00,14.0
evil ronald reagan be like,0,1,0.00,22.0
ewan mitchell,0,1,0.00,2.0
ewan mitchell brittany broski,0,1,0.00,3.0
examples of difficult conversations in relationships,0,3,0.00,57.0
exemple,0,1,0.00,2.0
exo kai mbti,0,1,0.00,1.0
expanded instincts,0,2,0.00,79.0
explore lana del rey's insights on managing introversion and social attachment,0,19,0.00,6.4
extrovert celebrities,0,1,0.00,2.0
extroverted celebrities,0,1,0.00,2.0
eyes wide open sabrina carpenter lyrics,0,1,0.00,4.0
ezek mind,0,1,0.00,1.0
face off,0,1,0.00,4.0
face off cast,0,1,0.00,2.0
face off movie,0,1,0.00,5.0
faceoff movie,0,1,0.00,2.0
facts about gracie abrams,0,1,0.00,40.0
facts about madison beer,0,1,0.00,48.0
famosos eneatipo 4,0,1,0.00,54.0
famous 2s,0,12,0.00,7.2
famous 3 enneagram,0,7,0.00,7.9
famous 4 enneagram,0,9,0.00,11.3
famous 4s,0,1,0.00,19.0
famous 4w3,0,1,0.00,1.0
famous 6s,0,1,0.00,8.0
famous 8 enneagram,0,2,0.00,27.5
famous 8s,0,14,0.00,10.6
famous 9 enneagram,0,22,0.00,9.7
famous 9s,0,1,0.00,9.0
famous 9w1,0,10,0.00,13.0
famous 9w8,0,1,0.00,11.0
famous enneagram 1s,0,37,0.00,8.3
famous enneagram 3s,0,44,0.00,8.8
famous enneagram 4,0,55,0.00,11.5
famous enneagram 4 people,0,9,0.00,10.6
famous enneagram 4s,0,16,0.00,10.4
famous enneagram 5s,0,39,0.00,9.6
famous enneagram 6,0,37,0.00,12.0
famous enneagram 6s,0,2,0.00,12.0
famous enneagram 7,0,70,0.00,11.1
famous enneagram 7s,0,22,0.00,10.0
famous enneagram 8 people,0,2,0.00,10.5
famous enneagram 8s,0,12,0.00,12.1
famous enneagram type 3,0,17,0.00,7.5
famous enneagram type 4,0,11,0.00,11.4
famous enneagram type 5,0,19,0.00,9.5
famous enneagram type 6,0,7,0.00,12.9
famous nines,0,5,0.00,6.6
famous people enneagram,0,6,0.00,17.0
famous people enneagram 2,0,6,0.00,8.2
famous people personality,0,4,0.00,11.5
famous people personality types,0,1,0.00,6.0
famous people who are enneagram 2,0,7,0.00,8.0
famous people who are enneagram 6,0,6,0.00,11.0
famous people who are enneagram 8,0,9,0.00,10.8
famous people who are enneagram 9,0,13,0.00,9.2
famous people with dark triad personality,0,6,0.00,15.5
famous people with enneagram 1,0,27,0.00,8.1
famous people with enneagram 2,0,60,0.00,7.9
famous people with enneagram 3,0,55,0.00,7.3
famous people with enneagram 6,0,1,0.00,8.0
famous people with enneagram 7,0,21,0.00,10.7
famous people with enneagram 8,0,14,0.00,10.8
famous people with enneagram 9,0,53,0.00,9.4
famous people with this personality,0,1,0.00,8.0
famous people with type 1 enneagram,0,5,0.00,6.2
famous people with type 2 enneagram,0,3,0.00,8.3
famous people with type 3 enneagram,0,19,0.00,7.4
famous people with type 5 enneagram,0,11,0.00,9.3
famous people with type 7 enneagram,0,2,0.00,10.0
famous people with type 9 enneagram,0,4,0.00,8.3
famous personality,0,2,0.00,17.0
famous podcaster,0,1,0.00,4.0
famous type 1 enneagram,0,64,0.00,8.1
famous type 2 enneagram,0,78,0.00,8.6
famous type 3 enneagram,0,67,0.00,8.5
famous type 4 enneagram,0,17,0.00,10.7
famous type 5 enneagram,0,43,0.00,10.3
famous type 6 enneagram,0,15,0.00,14.0
famous type 7 enneagram,0,25,0.00,11.0
famous type 8 enneagram,0,8,0.00,14.8
famous type 9 enneagram,0,47,0.00,10.5
fanum mbti,0,3,0.00,9.0
faouzia mbti,0,1,0.00,4.0
father of portnoy,0,1,0.00,21.0
feeling stuck and enneagram,0,44,0.00,10.6
fifth element stewardess chappell roan,0,1,0.00,30.0
"film director ""parents split when he was four""",0,3,0.00,10.7
filmer och tv-program med tina fey,0,1,0.00,4.0
"filmmaker ""parents split when he was four""",0,9,0.00,10.4
find out your enneagram,0,1,0.00,59.0
find test,0,1,0.00,5.0
find your enneagram type,0,1,0.00,53.0
find your language of love,0,1,0.00,6.0
find your tritype,0,1,0.00,29.0
firedberg,0,1,0.00,61.0
first take personalities,0,1,0.00,61.0
five enneagram,0,5,0.00,60.0
fives enneagram,0,4,0.00,61.3
flere eksempler,0,1,0.00,11.0
florence ashby,0,1,0.00,9.0
forbes highest paid podcaster list,0,1,0.00,1.0
forbes highest paid podcasters,0,12,0.00,1.8
forbes highest paid podcasters 2026,0,2,0.00,2.5
forbes highest paid podcasters 2026 list,0,2,0.00,4.0
forbes highest paid podcasters full list,0,2,0.00,1.0
forbes highest paid podcasters list,0,2,0.00,1.0
forbes highest paid podcasters of 2026,0,1,0.00,1.0
forbes list,0,1,0.00,4.0
forbes list highest paid podcasters,0,1,0.00,1.0
forbes list of highest paid podcasters,0,2,0.00,1.0
forbes list of top podcasters,0,1,0.00,1.0
forbes podcast list 2026,0,2,0.00,2.0
forbes podcasters list,0,1,0.00,1.0
forbes top 10 podcasts,0,1,0.00,1.0
forbes top 20 podcasts,0,2,0.00,1.0
forbes top paid podcasters,0,5,0.00,2.2
forbes top podcast,0,1,0.00,1.0
forbes top podcaster list,0,1,0.00,1.0
forbes top podcasters,0,1,0.00,1.0
forbes top podcasts,0,1,0.00,1.0
forbes’ highest-paid podcasters list,0,2,0.00,1.0
founder sam known for being difficult boss,0,3,0.00,10.3
four aspects,0,1,0.00,98.0
four enneagram,0,7,0.00,51.4
four enneagram type,0,1,0.00,56.0
four ennegram,0,2,0.00,60.0
four love languages,0,1,0.00,31.0
fours enneagram,0,1,0.00,50.0
françoise bettencourt meyers religion,0,1,0.00,3.0
fred broski wikipedia,0,1,0.00,11.0
freddie mercury blood type,0,3,0.00,4.7
freddie mercury had a type,0,2,0.00,5.5
freddie mercury had a type and it was himself,0,6,0.00,9.7
freddie mercury mbti,0,2,0.00,29.5
free,0,1,0.00,7.0
free accurate enneagram test,0,2,0.00,20.5
free enj,0,2,0.00,44.0
free enneagram,0,3,0.00,27.0
free enneagram compatibility test,0,4,0.00,30.3
free enneagram institute test,0,2,0.00,42.0
free enneagram report,0,1,0.00,8.0
free enneagram results,0,11,0.00,28.1
free enneagram test,0,17,0.00,39.0
free enneagram test and free results,0,1,0.00,23.0
free enneagram test and results,0,124,0.00,24.5
free enneagram test and results no email,0,2,0.00,29.5
free enneagram test best,0,2,0.00,21.0
free enneagram test eclectic energies,0,4,0.00,15.5
free enneagram test reddit,0,1,0.00,11.0
free enneagram test results,0,2,0.00,22.5
free enneagram test truity,0,1,0.00,30.0
free enneagram test with free results,0,3,0.00,26.0
free enneagram test with free results online,0,2,0.00,28.5
free enneagram test with results,0,6,0.00,27.5
free personality type test,0,1,0.00,2.0
free results enneagram test,0,1,0.00,23.0
free rheti enneagram test,0,1,0.00,33.0
free rheti test,0,2,0.00,33.0
free test,0,1,0.00,12.0
freidburg,0,1,0.00,43.0
frida kahlo,0,1,0.00,9.0
frida kahlo identity,0,1,0.00,81.0
frida kahlo mbti isfp source,0,2,0.00,3.5
frida kahlo personality,0,1,0.00,33.0
frida khaloo,0,1,0.00,4.0
friedberg,0,19,0.00,39.2
friedberg all in,0,3,0.00,33.7
friedberg david,0,5,0.00,21.6
friedberg net worth,0,1,0.00,49.0
friedrich nietzsche enneagram type,0,1,0.00,5.0
friedrich nietzsche mbti,0,1,0.00,18.0
friedrich nietzsche mbti type,0,5,0.00,11.0
friedrich nietzsche personality,0,16,0.00,20.5
friedrich nietzsche personality type,0,34,0.00,10.6
from kai cenat,0,1,0.00,4.0
frustration triad enneagram,0,1,0.00,5.0
fuck that bitch,0,1,0.00,10.0
full list,0,1,0.00,3.0
fun facts about gracie abrams,0,2,0.00,44.0
gabe bankman fried,0,1,0.00,10.0
garcello,0,1,0.00,2.0
garry tan,0,2,0.00,17.0
gavi mbti,0,1,0.00,3.0
gavin newsom generation,0,2,0.00,69.0
gavin newsom iq,0,1,0.00,50.0
gavin newsom mbti,0,9,0.00,10.7
george bush,0,1,0.00,4.0
george bush mbti,0,4,0.00,24.5
george bush personality,0,3,0.00,24.3
george dicaprio age,0,1,0.00,27.0
george kittle net worth,0,1,0.00,3.0
george r.r. martin depression,0,1,0.00,10.0
george rr martin depression,0,1,0.00,19.0
george rr martin personality,0,34,0.00,9.8
george rr martin personality type,0,18,0.00,8.5
george w bush character traits,0,6,0.00,55.5
george w bush mbti,0,2,0.00,26.5
george w bush personality,0,6,0.00,34.5
george w bush personality type,0,33,0.00,10.5
gerald jaynes alex karp,0,2,0.00,16.5
gerard way personality type,0,1,0.00,1.0
get shorty,0,1,0.00,3.0
ghislaine maxwell,0,1,0.00,3.0
ghislaine maxwell childhood,0,3,0.00,30.3
ghislaine maxwell mbti,0,741,0.00,6.3
ghislaine personality,0,2,0.00,10.5
gianna dior and sky bri,0,1,0.00,10.0
gibt es dazu quellen,0,1,0.00,3.0
giggly squad siriusxm deal,0,1,0.00,3.0
gigi hadid personality,0,3,0.00,7.7
gigi hadid personality type,0,1,0.00,5.0
gimmie link,0,1,0.00,7.0
give me a summary,0,1,0.00,9.0
give me an answer,0,1,0.00,5.0
give me the top 20,0,1,0.00,2.0
glen powell,0,1,0.00,3.0
gloria steinem mbti,0,1,0.00,27.0
go on,0,1,0.00,2.0
gomez personality,0,3,0.00,6.3
good enneagram test,0,5,0.00,24.0
good free enneagram test,0,1,0.00,1.0
goodrx enneagram not strongly backed by current science,0,4,0.00,9.5
gordon ramsay enneagram,0,16,0.00,11.7
gordon ramsay personality traits,0,3,0.00,8.3
gordon ramsay personality type,0,1,0.00,8.0
gotterba travolta,0,1,0.00,2.0
grace hightower,0,1,0.00,3.0
gracie abrams,0,3,0.00,3.0
gracie abrams astrology,0,1,0.00,6.0
gracie abrams background,0,1,0.00,43.0
gracie abrams before fame,0,1,0.00,15.0
gracie abrams bpd,0,1,0.00,1.0
gracie abrams character vs actor names,0,81,0.00,7.6
gracie abrams childhood,0,54,0.00,10.6
gracie abrams childhood bedroom,0,22,0.00,8.2
gracie abrams childhood house,0,14,0.00,9.9
gracie abrams full name,0,1,0.00,34.0
gracie abrams fun facts,0,3,0.00,48.7
gracie abrams horoscope,0,1,0.00,2.0
gracie abrams humming,0,1,0.00,5.0
gracie abrams interview,0,1,0.00,36.0
gracie abrams mbti,0,254,0.00,4.6
gracie abrams mbti type,0,24,0.00,4.6
gracie abrams mental health,0,1,0.00,3.0
gracie abrams name in native language,0,2,0.00,11.0
"gracie abrams name in native language ""gracie abrams""",0,2,0.00,8.0
gracie abrams nickname,0,1,0.00,8.0
gracie abrams origin,0,1,0.00,52.0
gracie abrams pacific palisades,0,1,0.00,10.0
gracie abrams palisades,0,1,0.00,7.0
gracie abrams personal life,0,1,0.00,17.0
gracie abrams real name,0,4,0.00,32.3
gracie abrams that’s so true lyrics,0,1,0.00,3.0
gracie abrams upbringing,0,1,0.00,1.0
"gracie abrams wikidata instagram username ""gracieabrams""",0,3,0.00,5.0
gracie abrams wikidata plex person key,0,3,0.00,8.7
"gracie abrams wikidata threads username ""gracieabrams""",0,7,0.00,4.7
gracie abrams zodiac chart,0,1,0.00,3.0
gracie abrams zodiac sign,0,1,0.00,1.0
grease cast,0,1,0.00,4.0
grease lightning,0,1,0.00,2.0
grease movie cast 1978,0,1,0.00,3.0
great tew estate prince harry,0,1,0.00,5.0
greed enneagram,0,2,0.00,61.0
greta gerwig mbti,0,2,0.00,10.0
griffith enneagram,0,1,0.00,17.0
grimes background,0,1,0.00,54.0
grimes childhood,0,8,0.00,8.9
grimes iq,0,9,0.00,25.7
grimes lore,0,1,0.00,34.0
grimes mbti,0,13,0.00,9.7
grimes music style,0,1,0.00,34.0
grimes need to know,0,1,0.00,42.0
grimes now,0,1,0.00,62.0
grimes personality,0,32,0.00,6.4
grimes personality type,0,27,0.00,6.5
grimes story,0,1,0.00,58.0
grimes transhumanism,0,2,0.00,13.0
grimes vocal range,0,3,0.00,33.3
grimes zodiac sign,0,1,0.00,1.0
grins charli xcx meaning,0,1,0.00,43.0
growth enneagram,0,1,0.00,25.0
guide track your main type,0,4,0.00,8.5
guidetrack your main type,0,1,0.00,11.0
gurdjieff enneagram,0,1,0.00,3.0
gwyneth oaltrow,0,1,0.00,3.0
gwyneth paltrow,0,2,0.00,5.5
gwyneth paltrow actual,0,1,0.00,45.0
gwyneth paltrow annoying,0,1,0.00,3.0
gwyneth paltrow attitude,0,1,0.00,3.0
gwyneth paltrow enneagram,0,7,0.00,10.4
gwyneth paltrow mbti,0,11,0.00,7.8
gwyneth paltrow personality type,0,3,0.00,8.0
gwyneth paltrow weird,0,1,0.00,3.0
gwyneth paltrows,0,1,0.00,3.0
hailee steinfeld personality,0,10,0.00,6.7
hailey bieber enneagram,0,1,0.00,7.0
hailey bieber mbti,0,1,0.00,14.0
hailey bieber mbti type,0,2,0.00,11.0
hailey bieber personality type,0,68,0.00,8.8
hailey bieber profile,0,5,0.00,40.2
hailey bieber review,0,1,0.00,50.0
hailey bieber teen,0,1,0.00,21.0
hailey bieber what is she famous for,0,1,0.00,35.0
haily biber,0,1,0.00,9.0
halsey blood type,0,3,0.00,29.0
halsey bpd,0,1,0.00,43.0
halsey childhood,0,14,0.00,14.6
halsey mbti,0,3,0.00,13.3
halsey nicole frangipane,0,1,0.00,98.0
halsey personality,0,34,0.00,8.5
halsey personality type,0,33,0.00,8.1
hamster xcx,0,1,0.00,8.0
hangi burç olabilir,0,1,0.00,8.0
hangşsi,0,1,0.00,5.0
hard conversations in a relationship,0,1,0.00,69.0
hard conversations to have with your partner,0,3,0.00,58.0
harmonic groups,0,1,0.00,34.0
harmonic triad enneagram,0,2,0.00,3.0
harmony triad enneagram,0,1,0.00,4.0
harrison ford enneagram,0,1,0.00,4.0
harrison ford hobbies,0,1,0.00,15.0
harrison ford jewish,0,1,0.00,13.0
harrison ford personality,0,9,0.00,10.3
harrison ford personality type,0,5,0.00,8.8
harry and meghan,0,2,0.00,7.0
harry and meghan latest,0,2,0.00,5.0
harry and meghan latest news,0,1,0.00,4.0
harry and meghan news,0,2,0.00,7.0
harry and meghan return to uk,0,3,0.00,3.0
harry en meghan,0,1,0.00,7.0
harry meghan financial problems,0,1,0.00,2.0
harry styles blood type,0,2,0.00,3.0
harry styles mbti,0,2,0.00,3.0
harry styles personality type,0,1,0.00,3.0
has anna wintour had plastic surgery,0,1,0.00,29.0
has asmongold ever had a job,0,18,0.00,8.9
has hasan piker ever had a job,0,1,0.00,118.0
has shawn ryan been on joe rogan,0,1,0.00,21.0
has sky bri quit,0,2,0.00,6.5
has sky bri quit onlyfans,0,8,0.00,8.6
has sky bri quit porn,0,7,0.00,9.0
has sky bri retired?,0,4,0.00,9.5
has tucker carlson lost his mind?,0,1,0.00,27.0
hasan derangement syndrome,0,1,0.00,28.0
hasan mbti,0,1,0.00,10.0
hasan piker,0,1,0.00,9.0
"hasan piker ""rape fantasies"" or ""rape hallucinations"" october 7",0,1,0.00,16.0
hasan piker 2020,0,1,0.00,44.0
hasan piker angry,0,1,0.00,11.0
hasan piker apology,0,1,0.00,11.0
hasan piker autism,0,1,0.00,28.0
hasan piker character analysis,0,38,0.00,5.5
hasan piker height,0,2,0.00,1.0
hasan piker kingmaker,0,1,0.00,46.0
hasan piker mbti,0,333,0.00,10.1
hasan piker narcissist,0,8,0.00,6.4
hasan piker on erdogan,0,5,0.00,68.2
hasan piker performative,0,1,0.00,16.0
hasan piker personality,0,8,0.00,6.1
hasan ptsd,0,1,0.00,16.0
hasanabi mbti,0,2,0.00,7.0
having a mixed identity in hollywood and being mentored by tom cruise,0,23,0.00,11.4
hawking before als,0,21,0.00,3.2
hawking lovelace,0,21,0.00,12.2
hayao miyazaki personality,0,10,0.00,10.4
hayao miyazaki personality type,0,19,0.00,5.4
hayatı,0,1,0.00,6.0
hayden panettiere mbti,0,1,0.00,2.0
hayes warner kaia gerber,0,2,0.00,3.0
hayley atwell,0,1,0.00,3.0
he did drugs,0,1,0.00,6.0
health enneagram lacks rigorous scientific validation,0,45,0.00,2.8
health.com enneagram lacks rigorous scientific validation,0,130,0.00,2.8
healthy 3 enneagram,0,2,0.00,29.5
healthy 6 enneagram,0,1,0.00,51.0
healthy 7 enneagram,0,1,0.00,61.0
healthy 9 enneagram,0,2,0.00,54.5
healthy enneagram 3,0,1,0.00,32.0
healthy enneagram 5,0,4,0.00,53.5
healthy enneagram 6,0,3,0.00,58.7
healthy enneagram 9,0,4,0.00,52.0
healthy sx6,0,1,0.00,35.0
hearon,0,1,0.00,3.0
heart enneagram,0,1,0.00,4.0
heedandsucceed,0,1,0.00,35.0
height weight ilona maher wife,0,7,0.00,10.7
helen mirren tom hardy,0,1,0.00,2.0
helen palmer enneagram,0,1,0.00,2.0
helene arnault,0,1,0.00,3.0
helene mercier,0,1,0.00,3.0
help me,0,1,0.00,6.0
henry blodget dave portnoy,0,2,0.00,29.5
henry cavill,0,7,0.00,3.1
henry cavill 3/4,0,2,0.00,71.0
henry cavill mbti type,0,2,0.00,10.5
henry cavill personality type,0,121,0.00,9.3
henry cavill profile,0,2,0.00,49.0
henry cavill psychic,0,1,0.00,15.0
her mbti,0,1,0.00,1.0
her personality,0,5,0.00,2.6
her personality.,0,1,0.00,6.0
herbert black,0,1,0.00,2.0
high fidelity movie cast,0,1,0.00,2.0
high profile personalities,0,1,0.00,26.0
highest earning podcasters,0,1,0.00,1.0
highest grossing podcast,0,1,0.00,1.0
highest paid podcast,0,1,0.00,1.0
highest paid podcaster,0,2,0.00,2.0
highest paid podcaster 2026,0,3,0.00,1.0
highest paid podcaster list,0,1,0.00,1.0
highest paid podcasters,0,15,0.00,1.5
highest paid podcasters 2025,0,2,0.00,1.0
highest paid podcasters 2026,0,38,0.00,1.1
highest paid podcasters 2026 forbes,0,1,0.00,1.0
highest paid podcasters 2026 list,0,1,0.00,1.0
highest paid podcasters forbes,0,1,0.00,1.0
highest paid podcasters in the world,0,1,0.00,7.0
highest paid podcasters list,0,2,0.00,1.0
highest paid podcasters of 2026,0,1,0.00,4.0
highest paid podcasts,0,1,0.00,1.0
highest podcast earners,0,1,0.00,1.0
highest-paid podcasters of 2026,0,1,0.00,1.0
hilary duff mine wiki,0,1,0.00,8.0
hilary duff personality,0,50,0.00,6.7
hillary clinton personality,0,3,0.00,37.7
his job leaves him kind of hated,0,1,0.00,23.0
his personality traits,0,1,0.00,2.0
history of enneagram,0,1,0.00,7.0
hmm?,0,2,0.00,7.0
hoeveel?,0,1,0.00,3.0
hoghest paid podcasters,0,1,0.00,1.0
hollywood handbook stavros,0,1,0.00,14.0
hormozi,0,1,0.00,2.0
hornevian,0,2,0.00,9.5
hornevian groups enneagram,0,3,0.00,10.7
hornevian meaning,0,3,0.00,9.7
hornevian triads,0,9,0.00,9.3
hornevian triads superego,0,2,0.00,10.0
horowitz ben,0,1,0.00,47.0
hosts?,0,1,0.00,3.0
house tour lyrics,0,1,0.00,3.0
how about adam sandler,0,1,0.00,6.0
how about hugh jackman,0,1,0.00,2.0
how can someone stand out on dating apps without sounding performative?,0,4,0.00,9.0
how come eminem meaning,0,1,0.00,35.0
how common is each enneagram type,0,2,0.00,12.0
how did asmongold become famous,0,1,0.00,10.0
how did asmongold get famous,0,1,0.00,15.0
how did asmongold get his name,0,1,0.00,13.0
how did caleb hearon get famous,0,2,0.00,3.0
how did callum turner get into acting,0,2,0.00,8.0
how did dave portnoy make his money,0,1,0.00,10.0
how did david friedberg make his money,0,1,0.00,12.0
how did dua lipa get famous,0,1,0.00,2.0
how did ella langley get famous,0,1,0.00,36.0
how did harry and meghan meet,0,1,0.00,3.0
how did he die,0,2,0.00,6.0
how did jackie o die,0,2,0.00,4.0
how did jake and tara meet,0,2,0.00,9.5
how did johnny depp become famous,0,1,0.00,59.0
how did lady gaga hide her pregnancy,0,1,0.00,26.0
how did mike majlak get famous,0,2,0.00,12.0
how did oliver tree die,0,4,0.00,2.0
how did pete davidson's dad pass away,0,1,0.00,7.0
how did shane gillis' career evolve after his snl firing?,0,2,0.00,8.5
how did shawn ryan meet his wife,0,1,0.00,14.0
how did she get into porn,0,1,0.00,4.0
how did she try to kill herself,0,1,0.00,7.0
how did sky bri get famous,0,1,0.00,9.0
how did tara and jake meet,0,7,0.00,8.9
how did tara yummy become famous,0,1,0.00,11.0
how did tara yummy get famous,0,9,0.00,9.6
how did tarayummy become famous,0,1,0.00,11.0
how did tarayummy get famous,0,5,0.00,10.2
how did zayn malik die,0,1,0.00,9.0
how do ben horowitz and ray dalio differ on leadership under pressure?,0,5,0.00,10.2
how do enneagrams work,0,2,0.00,74.0
how do i figure out my enneagram,0,1,0.00,40.0
how do i find my enneagram,0,1,0.00,34.0
how do i find my enneagram type,0,1,0.00,52.0
how do i find out my enneagram,0,1,0.00,55.0
how do i get in touch with them,0,1,0.00,4.0
how do i know my enneagram type,0,2,0.00,59.0
how do i know what enneagram i am,0,1,0.00,40.0
how do people generally perceive jack black?,0,35,0.00,7.6
how do you know your enneagram,0,1,0.00,49.0
how do you make money from podcasts,0,1,0.00,3.0
"how does ""no one is coming"" compare to the hard thing about hard things by ben horowitz?",0,9,0.00,7.1
how does amber heard support herself,0,11,0.00,9.4
how does chappell roan identify,0,1,0.00,28.0
how does druski's comedy navigate sensitive topics?,0,3,0.00,5.7
how does druski's humor incorporate celebrity culture?,0,33,0.00,9.0
how does hailey bieber's social media content shape her public image?,0,3,0.00,9.3
how does hair removal laser work,0,1,0.00,2.0
how does ishowspeed have so much energy,0,97,0.00,6.8
how does ishowspeed's superfan persona influence his streaming content?,0,7,0.00,10.1
how does oliver tree use performance art in his public persona?,0,22,0.00,6.7
how does peter parker become spider man tom holland,0,1,0.00,3.0
how does sean evans do his research,0,2,0.00,10.0
how does the enneagram work,0,1,0.00,70.0
how does zara larsson’s career compare to other pop stars?,0,1,0.00,11.0
how enneagram types work together,0,1,0.00,70.0
how has john travolta's public image evolved over his career?,0,6,0.00,5.7
how intelligent is mark zuckerberg,0,1,0.00,56.0
how is alex cooper famous,0,1,0.00,47.0
how is asmongold still alive,0,1,0.00,25.0
how is cillian murphy in real life,0,8,0.00,18.3
how is elon musk as a person,0,5,0.00,38.4
how is emma watson,0,1,0.00,16.0
how is hailey bieber,0,1,0.00,44.0
how is hailey bieber famous,0,5,0.00,53.0
how is he as a person?,0,1,0.00,5.0
how is ishowspeed so confident,0,1,0.00,10.0
how is jeff bezos,0,1,0.00,49.0
how is jennifer lopez,0,1,0.00,30.0
how is johnny depp,0,1,0.00,27.0
how is kai,0,1,0.00,14.0
how is kai cenat,0,5,0.00,40.4
how is keke palmer so charismatic,0,2,0.00,6.5
how is mark zuckerberg,0,1,0.00,53.0
how is messi as a person,0,1,0.00,52.0
how is messi personality,0,2,0.00,18.5
how is michael b jordan,0,1,0.00,57.0
how is nancy pelosi,0,1,0.00,34.0
how is sam altman,0,1,0.00,62.0
how is tara yummy famous,0,1,0.00,11.0
how is tara yummy rich,0,1,0.00,1.0
how is tucker carlson,0,2,0.00,51.0
how is zendaya,0,2,0.00,17.5
how is zoe kravitz,0,2,0.00,48.0
how long are tom holland and zendaya together,0,1,0.00,2.0
how long has anna wintour had a bob,0,4,0.00,7.3
how long has asmon lived in his shitty ahh house for,0,9,0.00,6.4
how long has he been sober,0,2,0.00,8.5
how long was adela in dream academy,0,1,0.00,6.0
how many children does olivia munn have? what's olivia munn's background,0,1,0.00,9.0
how many different love languages are there,0,1,0.00,9.0
how many episodes kara swisher wants to live forever,0,1,0.00,2.0
how many people watch hasan piker,0,1,0.00,8.0
how many times has kara swisher been married? list kara swisher's children,0,23,0.00,3.3
how many times has kara swisher been married? tell me more about amanda katz,0,2,0.00,12.0
how much did emily ratajkowski get paid for blurred lines,0,2,0.00,15.0
how much did stavros halkias make from bugonia,0,1,0.00,7.0
how much did the founders make,0,1,0.00,1.0
how much does a podcast make,0,1,0.00,3.0
how much does bad friends podcast make,0,1,0.00,3.0
how much does caleb hearon weight,0,1,0.00,14.0
how much does sabrina carpenter weigh,0,1,0.00,3.0
how much does stavros halkias make,0,5,0.00,9.0
how much does tom holland make per movie,0,1,0.00,2.0
how much is callum turner worth,0,1,0.00,3.0
how old are jennifer lawrence's children,0,1,0.00,3.0
how old are kara swisher's children,0,1,0.00,3.0
how old are matt damon's daughters,0,1,0.00,3.0
how old is actor john travolta,0,1,0.00,2.0
how old is alex cooper,0,1,0.00,2.0
how old is ashby,0,4,0.00,12.8
how old is ashby florence,0,4,0.00,15.5
how old is asmon,0,1,0.00,1.0
how old is asmongold,0,14,0.00,11.4
how old is caleb hearon,0,2,0.00,3.0
how old is charli d amelio,0,1,0.00,2.0
how old is charli d'amelio,0,2,0.00,2.0
how old is david friedberg,0,4,0.00,25.8
how old is denzel washington,0,4,0.00,9.3
how old is duke dennis,0,1,0.00,7.0
how old is glenn close,0,3,0.00,2.0
how old is hugh jackman,0,1,0.00,2.0
how old is jack black,0,1,0.00,2.0
how old is jack black now,0,1,0.00,2.0
how old is john travolta,0,1,0.00,2.0
how old is jon stewart from the daily show,0,1,0.00,2.0
how old is jordi,0,10,0.00,8.0
how old is kaia gerber,0,1,0.00,2.0
how old is kara swisher,0,2,0.00,37.5
how old is lana del rey,0,1,0.00,2.0
how old is leila hormozi,0,1,0.00,2.0
how old is lex fridman,0,6,0.00,21.8
how old is matt damon,0,1,0.00,2.0
how old is scarlett johansson,0,1,0.00,2.0
how old is sutton foster,0,1,0.00,2.0
how old is the enneagram,0,1,0.00,60.0
how old was alexis bledel in 2002,0,2,0.00,11.5
how old was asmongold when he started streaming,0,6,0.00,9.8
how old was charli d'amelio in 2020,0,1,0.00,2.0
how old was justin beiber when he sang that should be me,0,5,0.00,8.8
how old was justin bieber when he sang beauty and a beat,0,4,0.00,11.0
how old was justin bieber when he sang beauty and the beat,0,2,0.00,7.0
how old was justin bieber when he sang confident,0,44,0.00,9.6
how old was justin bieber when he sang favorite girl,0,10,0.00,9.2
how old was justin bieber when he sang somebody to love,0,1,0.00,8.0
how old was justin bieber when he sang that should be me,0,84,0.00,9.2
how old was justin when he sang that should be me,0,1,0.00,10.0
how old was kirk douglas when he died,0,1,0.00,2.0
how old was markiplier when his dad died,0,1,0.00,10.0
how old was neil strauss in the game,0,1,0.00,18.0
how old was olivia newton john when she made grease,0,1,0.00,2.0
how oliver tree die,0,1,0.00,2.0
how podcasters earn money,0,1,0.00,2.0
how powerful is sundar pichai,0,1,0.00,40.0
how smart is jack black,0,17,0.00,10.5
how smart is mark zuckerberg,0,6,0.00,30.0
how smart is natalie portman,0,4,0.00,17.3
how strong is kai cenat,0,1,0.00,10.0
how tall is ashby florence,0,12,0.00,10.5
how tall is callum turner,0,1,0.00,2.0
how tall is chappell roan,0,1,0.00,2.0
how tall is jack black,0,2,0.00,2.0
how tall is john coogan,0,1,0.00,18.0
how tall is jordi hays,0,4,0.00,5.8
how tall is lex fridman,0,5,0.00,17.2
how tall is oliver tree,0,1,0.00,8.0
how tall is robert pattinson,0,2,0.00,2.0
how tall is stavros halkias,0,1,0.00,32.0
how tall is sydney sweeney,0,2,0.00,4.0
how tall is timothee chalamet,0,1,0.00,2.0
how tall is timothee chalamet in feet,0,1,0.00,3.0
how tall is timothée chalamet,0,1,0.00,3.0
how tall is tom holland,0,1,0.00,2.0
how tall was oliver tree,0,1,0.00,9.0
how to be like ariana grande,0,3,0.00,38.3
how to be like cillian murphy,0,1,0.00,38.0
how to be like emma watson,0,2,0.00,21.0
how to break enneagram patterns,0,15,0.00,10.4
how to calculate enneagram,0,1,0.00,59.0
how to choose between,0,1,0.00,7.0
how to describe justin bieber,0,1,0.00,45.0
how to describe sabrina carpenter,0,2,0.00,14.0
how to determine enneagram,0,2,0.00,57.0
how to determine enneagram type,0,2,0.00,48.5
how to determine my enneagram type,0,1,0.00,73.0
how to determine your love language,0,1,0.00,6.0
how to figure out enneagram,0,1,0.00,56.0
how to figure out your enneagram,0,1,0.00,45.0
how to figure out your enneagram type,0,5,0.00,59.2
how to find enneagram,0,2,0.00,64.5
how to find enneagram type,0,5,0.00,64.8
how to find instinctual variant,0,1,0.00,29.0
how to find my enneagram,0,1,0.00,49.0
how to find my enneagram type,0,2,0.00,44.0
how to find out enneagram,0,1,0.00,48.0
how to find your enneagram,0,4,0.00,62.8
how to find your enneagram number,0,1,0.00,67.0
how to find your enneagram tritype,0,1,0.00,27.0
how to find your enneagram type,0,2,0.00,54.0
how to find your ennegram,0,2,0.00,52.0
how to find your instinctual variant,0,1,0.00,26.0
how to get enneagram,0,3,0.00,64.7
how to know my instinctual variant,0,1,0.00,36.0
how to know ur enneagram,0,2,0.00,63.0
how to know what enneagram you are,0,1,0.00,60.0
how to know what your love language is,0,1,0.00,6.0
how to know your enneagram tritype,0,2,0.00,31.5
how to know your enneagram type,0,3,0.00,64.0
how to know your instinctual variant,0,1,0.00,25.0
how to know your tritype enneagram,0,1,0.00,36.0
how to manifest like dua lipa,0,1,0.00,3.0
how to read an enneagram,0,1,0.00,51.0
how to read my enneagram results,0,1,0.00,7.0
how to talk to an enneagram 4 in conflcit,0,4,0.00,11.3
how to tell your enneagram type,0,1,0.00,46.0
how was nietzsche as a person,0,1,0.00,26.0
how was winston churchill,0,1,0.00,10.0
howard g buffett,0,1,0.00,1.0
howard g buffett foundation,0,1,0.00,8.0
howard stern dr frankie,0,1,0.00,36.0
howard stern its just wrong wiki,0,2,0.00,18.5
howard stern meditation,0,1,0.00,9.0
howard stern personality,0,2,0.00,12.0
howard stern transcendental meditation,0,11,0.00,9.4
htn clavicular,0,5,0.00,6.4
https://www.eclecticenergies.com/enneagram/test,0,2,0.00,28.5
hugh gin man meaning,0,2,0.00,18.5
hugh jackman,0,4,0.00,3.3
hugh jackman form,0,1,0.00,54.0
hugh jackman height,0,2,0.00,2.0
hugh jackman mbti,0,13,0.00,8.1
hugh jackman personality type,0,48,0.00,8.0
hugh jackman profile,0,1,0.00,52.0
hugh jackmanwife,0,1,0.00,2.0
hugh sackman,0,1,0.00,50.0
hvordan er han som person,0,1,0.00,2.0
hào quang trở lại,0,1,0.00,3.0
hélène mercier,0,1,0.00,2.0
hélène mercier-arnault,0,14,0.00,3.1
i am a 20-something activist/campus organizer seeking to bring about progressive change in the world. are there any controversies or criticisms associated with sergey brin that might affect his reputation?,0,1,0.00,35.0
i am a 20-something activist/campus organizer seeking to bring about progressive change in the world. are there any controversies or scandals associated with sergey brin that might affect the perception of his products?,0,1,0.00,23.0
i am a 20-something activist/campus organizer seeking to bring about progressive change in the world. how does sergey brin ensure that the products developed by silicon valley elites contribute positively to societal well-being?,0,28,0.00,14.9
i am a 20-something activist/campus organizer seeking to bring about progressive change in the world. how does sergey brin's approach to philanthropy compare to other tech industry leaders?,0,21,0.00,24.5
"i am a 20-something activist/campus organizer seeking to bring about progressive change in the world. how does sergey brin's investment strategy in silicon valley tech companies differ from other elites, and what can i learn from it?",0,3,0.00,25.0
i am a 20-something activist/campus organizer seeking to bring about progressive change in the world. how does sergey brin's philanthropic work through his foundations impact global issues?,0,17,0.00,75.4
i am a 20-something activist/campus organizer seeking to bring about progressive change in the world. how does sergey brin's philanthropic work through his foundations impact the communities or issues they aim to address?,0,9,0.00,45.9
i am a 20-something activist/campus organizer seeking to bring about progressive change in the world. how does sergey brin's vision for technology align with societal needs and ethical considerations?,0,1,0.00,16.0
i am a 20-something activist/campus organizer seeking to bring about progressive change in the world. how has sergey brin's philanthropic giving impacted specific communities or causes?,0,17,0.00,51.0
i am a 20-something activist/campus organizer seeking to bring about progressive change in the world. how much has sergey brin donated to various foundations and charities over the years?,0,5,0.00,90.8
i am a 20-something activist/campus organizer seeking to bring about progressive change in the world. how transparent is sergey brin about the impact of his philanthropic contributions?,0,14,0.00,63.4
"i am a 20-something activist/campus organizer seeking to bring about progressive change in the world. what are the general public and expert opinions on sergey brin's products, and how do they reflect on his reputation as a silicon valley elite?",0,1,0.00,31.0
"i am a 20-something activist/campus organizer seeking to bring about progressive change in the world. what are the main charitable foundations established by sergey brin, and what causes do they support?",0,15,0.00,61.1
"i am a 20-something activist/campus organizer seeking to bring about progressive change in the world. what are the main charitable foundations or initiatives that sergey brin is involved with, and what causes do they support?",0,11,0.00,69.5
i am a 20-something activist/campus organizer seeking to bring about progressive change in the world. what are the main focus areas of sergey brin's charitable contributions?,0,6,0.00,59.5
"i am a 20-something activist/campus organizer seeking to bring about progressive change in the world. what are the major philanthropic initiatives that sergey brin has supported, and how do they align with my values?",0,1,0.00,83.0
i am a 20-something activist/campus organizer seeking to bring about progressive change in the world. what are the major philanthropic initiatives that sergey brin has supported?,0,4,0.00,69.3
i am a 20-something activist/campus organizer seeking to bring about progressive change in the world. what are the primary areas of focus for sergey brin's charitable donations?,0,3,0.00,83.0
"i am a 20-something activist/campus organizer seeking to bring about progressive change in the world. what are the public opinions and reviews about sergey brin's products, and how do they reflect on his reputation?",0,6,0.00,57.8
i am a 20-something activist/campus organizer seeking to bring about progressive change in the world. what foundations or charities has sergey brin established or supported?,0,2,0.00,83.5
i am a 20-something activist/campus organizer seeking to bring about progressive change in the world. what initiatives has sergey brin implemented to mitigate any negative societal impacts of silicon valley elites' products?,0,22,0.00,30.0
i am a 20-something activist/campus organizer seeking to bring about progressive change in the world. what initiatives or programs has sergey brin implemented through this product to ensure it benefits the community?,0,8,0.00,51.3
i am a 20-something activist/campus organizer seeking to bring about progressive change in the world. what is the mission statement of any foundation or charity associated with sergey brin?,0,10,0.00,72.9
i am a 20-something activist/campus organizer seeking to bring about progressive change in the world. what obligations does sergey brin have to society as a tech leader and innovator?,0,17,0.00,47.5
"i am a 20-something activist/campus organizer seeking to bring about progressive change in the world. what percentage of sergey brin's wealth is allocated to his foundations and charitable activities, and how transparent is the reporting of these contributions?",0,24,0.00,40.0
i am a 30-something techie with lots of ideas who is optimistic about ai and wants to build the next great american company. are there any controversies or criticisms associated with sergey brin that might affect his reputation?,0,2,0.00,36.0
i am a 30-something techie with lots of ideas who is optimistic about ai and wants to build the next great american company. how does sergey brin ensure that the products developed by silicon valley elites contribute positively to societal well-being?,0,3,0.00,67.0
i am a 30-something techie with lots of ideas who is optimistic about ai and wants to build the next great american company. how does sergey brin's investment portfolio reflect his interests in emerging technologies?,0,3,0.00,64.3
"i am a 30-something techie with lots of ideas who is optimistic about ai and wants to build the next great american company. how does sergey brin's investment strategy in silicon valley tech companies differ from other elites, and what can i learn from it?",0,4,0.00,42.8
i am a 30-something techie with lots of ideas who is optimistic about ai and wants to build the next great american company. how does sergey brin's philanthropic work through his foundations impact the communities or issues they aim to address?,0,1,0.00,82.0
"i am a 30-something techie with lots of ideas who is optimistic about ai and wants to build the next great american company. how transparent is sergey brin about his philanthropic contributions, and can i easily find detailed information about the impact of his giving?",0,1,0.00,59.0
"i am a 30-something techie with lots of ideas who is optimistic about ai and wants to build the next great american company. what are the general public and expert opinions on sergey brin's products, and how do they reflect on his reputation as a silicon valley elite?",0,6,0.00,37.3
i am a 30-something techie with lots of ideas who is optimistic about ai and wants to build the next great american company. what impact have sergey brin's tech investments had on the market and consumer technology trends?,0,2,0.00,90.5
i am a 30-something techie with lots of ideas who is optimistic about ai and wants to build the next great american company. what initiatives has sergey brin implemented to mitigate any negative societal impacts of silicon valley elites' products?,0,4,0.00,74.8
i am a 40-something voter who isn't that interested in politics and wonders about fairness and influence. how does sergey brin's investment portfolio reflect his interests in emerging technologies?,0,1,0.00,46.0
i am a 40-something voter who isn't that interested in politics and wonders about fairness and influence. how does sergey brin's vision for technology align with societal needs and ethical considerations?,0,6,0.00,91.5
"i am a 40-something voter who isn't that interested in politics and wonders about fairness and influence. how has sergey brin's investment strategy evolved over the years, particularly in the tech sector?",0,3,0.00,56.3
i am a 40-something voter who isn't that interested in politics and wonders about fairness and influence. how has sergey brin's past success with google influenced the perceived reliability and quality of his current products?,0,4,0.00,81.8
i am a 40-something voter who isn't that interested in politics and wonders about fairness and influence. how has sergey brin's role at google influenced his investment strategies in the tech industry?,0,1,0.00,79.0
"i am a 40-something voter who isn't that interested in politics and wonders about fairness and influence. which tech startups has sergey brin recently funded, and what potential do they have for future growth?",0,4,0.00,65.3
i am a medical researcher/phd candidate/doctor evaluating research funding sources. are there any controversies or criticisms associated with sergey brin that might affect his reputation?,0,3,0.00,44.3
"i am a medical researcher/phd candidate/doctor evaluating research funding sources. what are the general public and expert opinions on sergey brin's products, and how do they reflect on his reputation as a silicon valley elite?",0,2,0.00,32.0
"i am a middle-aged woman who volunteers, gives to charity, and is focused on improving her local community. are there any controversies or criticisms associated with sergey brin that might affect his reputation?",0,1,0.00,13.0
"i am a middle-aged woman who volunteers, gives to charity, and is focused on improving her local community. how has sergey brin's investment strategy evolved over the years, particularly in the tech sector?",0,1,0.00,28.0
"i am a middle-aged woman who volunteers, gives to charity, and is focused on improving her local community. how has sergey brin's past business decisions and ethical practices influenced the reputation of his products?",0,1,0.00,7.0
"i am a middle-aged woman who volunteers, gives to charity, and is focused on improving her local community. how transparent is sergey brin about his philanthropic contributions, and can i easily find detailed information about the impact of his giving?",0,1,0.00,37.0
"i am a middle-aged woman who volunteers, gives to charity, and is focused on improving her local community. what are the general public and expert opinions on sergey brin's products, and how do they reflect on his reputation as a silicon valley elite?",0,1,0.00,16.0
"i am a middle-aged woman who volunteers, gives to charity, and is focused on improving her local community. what are the most notable achievements of sergey brin that have contributed to his positive reputation?",0,1,0.00,18.0
"i am a middle-aged woman who volunteers, gives to charity, and is focused on improving her local community. what initiatives has sergey brin implemented to mitigate any negative societal impacts of silicon valley elites' products?",0,2,0.00,13.0
i am a politician/staffer of a politician investigating the activities and funding of silicon valley elites. are there any controversies or criticisms associated with sergey brin that might affect his reputation?,0,2,0.00,58.0
i am a politician/staffer of a politician investigating the activities and funding of silicon valley elites. are there any controversies or scandals associated with sergey brin that might affect the perception of his products?,0,5,0.00,43.0
i am a politician/staffer of a politician investigating the activities and funding of silicon valley elites. how do industry experts and peers perceive sergey brin's contributions to technology and innovation?,0,2,0.00,95.0
i am a politician/staffer of a politician investigating the activities and funding of silicon valley elites. how does sergey brin's approach to philanthropy compare to other tech industry leaders?,0,1,0.00,90.0
i am a politician/staffer of a politician investigating the activities and funding of silicon valley elites. how does sergey brin's involvement in this product contribute to societal well-being or address social issues?,0,8,0.00,74.8
i am a politician/staffer of a politician investigating the activities and funding of silicon valley elites. how has sergey brin's past success with google influenced the perceived reliability and quality of his current products?,0,8,0.00,56.3
i am a politician/staffer of a politician investigating the activities and funding of silicon valley elites. how has sergey brin's work with google impacted society positively or negatively?,0,1,0.00,98.0
i am a politician/staffer of a politician investigating the activities and funding of silicon valley elites. in what ways does sergey brin ensure that the production and distribution of this product are environmentally sustainable and socially responsible?,0,2,0.00,89.0
"i am a politician/staffer of a politician investigating the activities and funding of silicon valley elites. in what ways has sergey brin's philanthropic work influenced the communities or causes he supports, and are there measurable outcomes from his contributions?",0,4,0.00,82.5
"i am a politician/staffer of a politician investigating the activities and funding of silicon valley elites. what are the main charitable foundations or initiatives that sergey brin is involved with, and what causes do they support?",0,1,0.00,94.0
i am a politician/staffer of a politician investigating the activities and funding of silicon valley elites. what are the most notable achievements of sergey brin that have contributed to his positive reputation?,0,4,0.00,84.5
i am an always online gen z who always shares her opinion online in comments or short clips; i hope to be an influencer. are there any controversies or criticisms associated with sergey brin that might affect his reputation?,0,6,0.00,28.7
"i am an always online gen z who always shares her opinion online in comments or short clips; i hope to be an influencer. how has sergey brin's investment strategy evolved over the years, particularly in the tech sector?",0,4,0.00,54.3
i am an always online gen z who always shares her opinion online in comments or short clips; i hope to be an influencer. how has sergey brin's past business decisions and ethical practices influenced the reputation of his products?,0,1,0.00,18.0
"i am an always online gen z who always shares her opinion online in comments or short clips; i hope to be an influencer. what are the general public and expert opinions on sergey brin's products, and how do they reflect on his reputation as a silicon valley elite?",0,3,0.00,30.7
i am an always online gen z who always shares her opinion online in comments or short clips; i hope to be an influencer. what obligations does sergey brin have to society as a tech leader and innovator?,0,1,0.00,53.0
i am an investigative reporter who has written about the negative effects of the concentration of wealth and power. how has sergey brin's past success with google influenced the perceived reliability and quality of his current products?,0,4,0.00,76.8
i don't understand why ishowspeed is famous,0,1,0.00,26.0
i have a hard time believing that,0,1,0.00,3.0
i know it won't work gracie abrams meaning,0,1,0.00,95.0
i mean in personality,0,1,0.00,6.0
i notice the negative aspects of my job,0,1,0.00,76.0
"i often refrain from acting, as i'm afraid of being overwhelmed.",0,1,0.00,90.0
i saw the light (film),0,1,0.00,3.0
i show speed understanding,0,3,0.00,8.0
i was too poor then i was too rich,0,1,0.00,11.0
i'm a beast,0,1,0.00,63.0
i'm looking for a dating app that focuses on personality compatibility. what are my options?,0,1,0.00,57.0
i'm the problem,0,7,0.00,7.3
i've made a severe and continuous lapse in my judgement,0,1,0.00,63.0
ibai,0,1,0.00,5.0
ichazo enneagram 9,0,1,0.00,17.0
idgaf personality,0,2,0.00,46.5
idiot,0,1,0.00,8.0
ie9 test,0,4,0.00,19.8
ieq9 best enneagram test,0,1,0.00,11.0
ieq9 enneagram test,0,4,0.00,6.5
ieq9 enneagram test free,0,21,0.00,9.9
"if i asked john coogan the following: ""how can i utilize alternative media to get my company story across?"" what would they say?",0,17,0.00,8.3
"if i asked john coogan the following: ""how does your founder-mode heuristic shape your decisions?"" what would they say?",0,18,0.00,8.1
if you had to choose 1,0,1,0.00,3.0
iffland friedberg,0,1,0.00,68.0
igen,0,1,0.00,1.0
ihre persönlichkeit,0,1,0.00,2.0
illona maher weight,0,10,0.00,9.9
ilona maher,0,18,0.00,3.0
ilona maher birth chart,0,1,0.00,11.0
ilona maher family heritage,0,1,0.00,12.0
ilona maher father,0,1,0.00,21.0
ilona maher height,0,1,0.00,2.0
ilona maher height weight,0,3,0.00,12.0
ilona maher height weight age,0,2,0.00,10.0
ilona maher heritage,0,9,0.00,9.4
ilona maher nationality,0,1,0.00,2.0
ilona maher origini,0,11,0.00,1.0
ilona maher parents height,0,4,0.00,10.0
ilona maher weight,0,158,0.00,11.1
ilona maher wife,0,1,0.00,3.0
im echten leben meine ich,0,1,0.00,11.0
ima 5,0,1,0.00,1.0
images of callum turner,0,1,0.00,2.0
images please,0,1,0.00,50.0
in echt,0,1,0.00,2.0
in order,0,1,0.00,3.0
in space with markiplier,0,7,0.00,3.7
indigo wallen,0,4,0.00,5.5
individualist enneagram,0,1,0.00,3.0
individualist personality,0,1,0.00,3.0
ineagram,0,2,0.00,49.5
infj 5w4,0,1,0.00,3.0
infj 5w4 characters,0,1,0.00,2.0
information about nicole kidman,0,3,0.00,13.7
infp 4w5,0,1,0.00,3.0
infp 5w4,0,1,0.00,3.0
infp tritype,0,1,0.00,4.0
inneagram,0,1,0.00,27.0
inneagram 7,0,1,0.00,60.0
inner 5,0,1,0.00,20.0
inquisitive thinker enneagram,0,1,0.00,81.0
instinct enneagram,0,4,0.00,48.3
instinct stacking,0,1,0.00,20.0
instinct typology,0,1,0.00,56.0
instinct variant,0,1,0.00,52.0
instinct variants,0,1,0.00,55.0
instincts enneagram,0,4,0.00,65.3
instinctual enneagram,0,2,0.00,33.0
instinctual stacking,0,9,0.00,25.9
instinctual stacking enneagram,0,3,0.00,27.0
instinctual striving meaning,0,1,0.00,100.0
instinctual subtypes,0,1,0.00,22.0
instinctual variant,0,28,0.00,47.2
instinctual variant blind spots,0,1,0.00,9.0
instinctual variant enneagram,0,4,0.00,39.8
instinctual variant explained,0,4,0.00,40.0
instinctual variant meaning,0,1,0.00,41.0
instinctual variant sp/sx,0,1,0.00,26.0
instinctual variant stacking,0,1,0.00,24.0
instinctual variant sx/sp,0,1,0.00,21.0
instinctual variant types,0,3,0.00,44.3
instinctual variants,0,40,0.00,44.1
instinctual variants descriptions,0,1,0.00,39.0
instinctual variants enneagram,0,7,0.00,40.9
instinctual variants explained,0,1,0.00,45.0
instincual variants,0,1,0.00,46.0
integrative enneagram questionnaire,0,3,0.00,5.3
integrative enneagram test,0,12,0.00,9.0
intendevo nella realtà,0,1,0.00,4.0
interview with ella langley,0,1,0.00,31.0
"intext:""sky-bri"" (leaked or download or free or watch)",0,1,0.00,30.0
"intitle:""sky bri""",0,2,0.00,12.0
intj 1w9 154,0,1,0.00,3.0
intj personality disorder,0,2,0.00,55.5
intp,0,1,0.00,4.0
introvert celebrities,0,1,0.00,9.0
introverted celebrities,0,2,0.00,2.5
introvertiert?,0,1,0.00,3.0
irealltneeda5,0,1,0.00,42.0
irgendwie komisch,0,1,0.00,3.0
is addison rae a good person,0,3,0.00,8.3
is adin ross a bad person,0,28,0.00,8.3
is adin ross a good person,0,15,0.00,9.3
is albert einstein gay,0,1,0.00,57.0
is alex karp black,0,1,0.00,28.0
is alex karp black or white,0,1,0.00,24.0
is alex karp half black,0,1,0.00,23.0
is alex karp mother black,0,1,0.00,39.0
is alexander karp black,0,1,0.00,29.0
is alexis bledel nice,0,1,0.00,11.0
is amodei gay,0,1,0.00,9.0
is anna wintour hair real,0,2,0.00,38.0
is anna wintour wearing a wig,0,1,0.00,7.0
is anya taylor joy a good actress,0,2,0.00,30.0
is ariana grande a nice person,0,1,0.00,3.0
is ariana grande a nice person in real life,0,1,0.00,3.0
is ariana grande an extrovert,0,1,0.00,18.0
is ariana grande an introvert or extrovert,0,1,0.00,19.0
is ariana grande intelligent,0,2,0.00,5.0
is ariana grande mean,0,3,0.00,3.3
is arnold schwarzenegger a good person,0,9,0.00,17.9
is arnold schwarzenegger a narcissist,0,1,0.00,19.0
is arnold schwarzenegger a nice person,0,5,0.00,9.0
is ashby her real name,0,16,0.00,6.7
is asmongold a character,0,3,0.00,13.7
is asmongold a good person,0,1,0.00,10.0
is asmongold a millennial,0,7,0.00,10.7
is asmongold a psychopath,0,1,0.00,15.0
is asmongold alive,0,1,0.00,9.0
is asmongold american,0,1,0.00,11.0
is asmongold an only child,0,1,0.00,11.0
is asmongold autistic,0,3,0.00,20.7
is asmongold mentally ill,0,3,0.00,19.0
is asmongold neurodivergent,0,1,0.00,1.0
is aubrey plaza a good person,0,10,0.00,8.3
is aubrey plaza a nice person,0,13,0.00,8.1
is aubrey plaza autistic,0,1,0.00,16.0
is benson boone a good person,0,3,0.00,22.0
is benson boone from utah,0,2,0.00,2.0
is benson boone nice,0,1,0.00,3.0
is benson boone sober,0,72,0.00,9.4
is bernard arnault christian,0,6,0.00,9.3
is beyonce an introvert,0,1,0.00,12.0
is beyonce intelligent,0,2,0.00,14.0
is beyonce kind,0,2,0.00,10.0
is beyonce shy,0,1,0.00,16.0
is beyonce shy in real life,0,1,0.00,8.0
is bezos a good person,0,2,0.00,23.0
is bill gates evil,0,2,0.00,2.0
is billie eilish a good person,0,1,0.00,13.0
is billie eilish a real human,0,2,0.00,10.5
is billie eilish emo,0,4,0.00,43.8
is billie eilish emo or goth,0,2,0.00,41.5
is billie eilish goth,0,5,0.00,40.6
is blake lively a bitch,0,3,0.00,2.3
is blake lively a good person,0,6,0.00,2.8
is blake lively a mean girl,0,1,0.00,3.0
is blake lively a narcissist,0,5,0.00,14.8
is blake lively a nice person,0,3,0.00,2.7
is blake lively a nice person in real life,0,1,0.00,1.0
is blake lively hard to work with,0,2,0.00,3.0
is blake lively mean,0,8,0.00,2.5
is blake lively mean in real life,0,1,0.00,3.0
is blake lively mean?,0,1,0.00,3.0
is blake lively nice,0,11,0.00,2.5
is blake lively nice in real life,0,6,0.00,2.3
is blake lively rude,0,3,0.00,2.0
is bob dylan a good person,0,2,0.00,19.0
is bob dylan a narcissist,0,1,0.00,19.0
is bob dylan a nice person,0,2,0.00,10.5
is bob dylan autistic,0,1,0.00,33.0
is bob dylan neurodivergent,0,1,0.00,25.0
is bob dylan on the spectrum,0,1,0.00,41.0
is brad pitt a nice person,0,1,0.00,24.0
is brad pitt an introvert,0,1,0.00,12.0
is brad pitt introvert,0,2,0.00,21.0
is brad pitt shy,0,1,0.00,23.0
is brain type 8 bad,0,2,0.00,45.5
is brittany broski a veteran,0,1,0.00,1.0
is brittany broski on ozempic,0,1,0.00,26.0
is brooke monk left handed,0,7,0.00,9.4
is caleb hearon gay,0,2,0.00,3.0
is caleb hearon jewish,0,2,0.00,9.5
is callum turner a good actor,0,1,0.00,23.0
is callum turner a smoker,0,1,0.00,8.0
is caseoh a good person,0,1,0.00,8.0
is chappell roan a good person,0,2,0.00,10.5
is chappell roan autistic,0,1,0.00,24.0
is chappell roan mean,0,1,0.00,3.0
is chappell roan nice,0,2,0.00,1.0
is charli xcx a good person,0,5,0.00,11.0
is charli xcx a nice person,0,5,0.00,9.8
is charli xcx mean,0,2,0.00,24.0
is charlie puth a creep,0,1,0.00,2.0
is charlie puth neurodivergent,0,1,0.00,19.0
is christian bale rude,0,1,0.00,3.0
is christopher nolan left handed,0,1,0.00,8.0
is cillian murphy a good actor,0,2,0.00,33.5
is cillian murphy a good person,0,8,0.00,12.3
is cillian murphy a method actor,0,3,0.00,11.0
is cillian murphy a nice guy,0,54,0.00,10.9
is cillian murphy a nice guy in real life,0,13,0.00,9.2
is cillian murphy a nice person,0,7,0.00,10.1
is cillian murphy an introvert,0,2,0.00,37.0
is cillian murphy depressed,0,1,0.00,28.0
is cillian murphy introvert,0,1,0.00,45.0
is cillian murphy nice,0,67,0.00,10.9
is cillian murphy nice in real life,0,23,0.00,9.2
is clavicular from new jersey,0,1,0.00,10.0
is clavicular htn,0,1,0.00,6.0
is clavicular mentally ill,0,1,0.00,8.0
is clavicular neurotypical,0,2,0.00,9.5
is conan o brien a good person,0,6,0.00,11.2
is conan o'brien a good person,0,5,0.00,9.6
is conan obrien smart,0,2,0.00,9.0
is dario amodei a good person,0,5,0.00,11.6
is dario amodei autistic,0,23,0.00,8.5
is dario amodei autistic?,0,2,0.00,8.0
is dario amodei gay,0,2,0.00,13.5
is dario amodei or sam altman a better person,0,1,0.00,11.0
is dario autistic,0,1,0.00,16.0
is dario gay,0,2,0.00,12.0
is dave portnoy a good guy,0,1,0.00,26.0
is dave portnoy a good person,0,1,0.00,21.0
is dave portnoy related to gary portnoy,0,1,0.00,3.0
is david friedberg a billionaire,0,1,0.00,25.0
is david friedberg jewish,0,2,0.00,18.5
is david friedberg married,0,22,0.00,9.6
is denzel washington a good guy,0,1,0.00,3.0
is denzel washington a good person,0,1,0.00,2.0
is denzel washington a nice guy,0,1,0.00,2.0
is denzel washington a nice person,0,1,0.00,7.0
is dit waar,0,1,0.00,2.0
is drake a bad person,0,2,0.00,3.0
is drake a good guy,0,1,0.00,3.0
is drake a good person,0,12,0.00,13.8
is drake an introvert,0,7,0.00,8.1
is drake arrogant,0,1,0.00,3.0
is drake bad,0,1,0.00,2.0
is drake funny,0,1,0.00,4.0
is druski a good person,0,47,0.00,8.6
is druski a nice guy,0,2,0.00,6.0
is druski nice,0,5,0.00,7.0
is dua lipa a humble person,0,20,0.00,9.1
is dua lipa intelligent,0,1,0.00,2.0
is dua lipa nice,0,1,0.00,3.0
is dua lipa smart,0,3,0.00,3.0
is duke dennis left handed,0,2,0.00,9.0
is dwayne johnson and the rock the same person,0,1,0.00,9.0
is ella langley left handed,0,23,0.00,8.7
is ella langley left-handed,0,3,0.00,7.3
is elon a narcissist,0,1,0.00,54.0
is elon musk a good person,0,6,0.00,29.5
is elon musk a good person yes or no,0,1,0.00,30.0
is elon musk a nice person,0,1,0.00,26.0
is elon musk a sociopath,0,1,0.00,44.0
is elon musk an introvert,0,1,0.00,56.0
is elon musk introvert,0,1,0.00,57.0
is elon musk narcissistic,0,1,0.00,53.0
is eminem a good person,0,4,0.00,22.3
is eminem a narcissist,0,1,0.00,21.0
is eminem agoraphobic,0,1,0.00,15.0
is eminem shy,0,1,0.00,20.0
is emma chamberlain bi,0,1,0.00,27.0
is emma chamberlain ok,0,1,0.00,19.0
is emma chamberlain okay,0,4,0.00,22.3
is emma chamberlain sober,0,7,0.00,29.9
is emma chamberlain still vegetarian,0,2,0.00,32.5
is emma watson a good person,0,5,0.00,10.4
is emma watson a nice person,0,9,0.00,10.6
is emma watson kind,0,14,0.00,9.5
is emma watson nice,0,4,0.00,11.0
is ena bipolar,0,2,0.00,64.0
is enneagram 4 rare,0,2,0.00,32.0
is enneagram a cult,0,1,0.00,16.0
is enneagram a pseudoscience,0,4,0.00,27.0
is enneagram accurate,0,1,0.00,39.0
is enneagram biblical,0,2,0.00,58.0
is enneagram christian,0,14,0.00,63.3
is enneagram evidence based,0,4,0.00,20.5
is enneagram haram,0,1,0.00,17.0
is enneagram legit,0,2,0.00,33.5
is enneagram new age,0,3,0.00,48.7
is enneagram pseudoscience,0,16,0.00,21.5
is enneagram real,0,1,0.00,35.0
is enneagram religious,0,3,0.00,35.7
is enneagram scientific,0,4,0.00,16.8
is enneagram scientifically valid,0,3,0.00,16.3
is enneagram test free,0,1,0.00,29.0
is gigi hadid nice,0,1,0.00,3.0
is gracie abrams a good person,0,3,0.00,17.3
is gracie abrams a nice person,0,1,0.00,11.0
is gracie abrams asian,0,4,0.00,20.0
is gracie abrams autistic,0,26,0.00,9.9
is gracie abrams neurodivergent,0,7,0.00,8.1
is gracie abrams talented,0,1,0.00,3.0
is gracie abrams white,0,1,0.00,26.0
is grimes a good person,0,1,0.00,20.0
is grimes a good singer,0,1,0.00,32.0
is grimes black,0,1,0.00,37.0
is grimes christian,0,1,0.00,44.0
is grimes crazy,0,7,0.00,9.3
is grimes hyperpop,0,1,0.00,29.0
is grimes smart,0,3,0.00,18.3
is gwyneth paltrow a nice person,0,5,0.00,2.6
is gwyneth paltrow mean,0,2,0.00,2.5
is gwyneth paltrow nice,0,1,0.00,3.0
is hailee steinfeld a nice person,0,5,0.00,7.8
is hailee steinfeld nice,0,2,0.00,9.0
is hailey bieber a good person,0,7,0.00,12.7
is hailey bieber a nice person,0,2,0.00,22.5
is hailey bieber kind,0,1,0.00,8.0
is hailey bieber natural,0,1,0.00,40.0
is hailey bieber nice,0,2,0.00,25.0
is harrison ford a democrat,0,1,0.00,70.0
is hasan piker a good person,0,2,0.00,25.0
is hasan piker a narcissist,0,3,0.00,6.0
is hasan piker autistic,0,1,0.00,20.0
is hayao miyazaki a bad person,0,2,0.00,9.0
is hayao miyazaki a good person,0,1,0.00,17.0
is he a socialist?,0,1,0.00,5.0
is he emotional,0,1,0.00,2.0
is he from money,0,1,0.00,7.0
is henry cavill a good person,0,7,0.00,13.4
is henry cavill a nice guy,0,5,0.00,14.2
is henry cavill a nice person,0,1,0.00,14.0
is henry cavill an introvert,0,13,0.00,9.7
is henry cavill hung,0,1,0.00,47.0
is henry cavill introvert,0,20,0.00,10.7
is henry cavill nice,0,1,0.00,20.0
is hilary duff a good person,0,11,0.00,9.3
is hilary duff a nice person,0,5,0.00,7.8
is howard stern a jerk,0,6,0.00,13.3
is hugh jackman a good guy,0,1,0.00,23.0
is hugh jackman a good person,0,4,0.00,17.8
is i show speed a good person,0,1,0.00,10.0
is ilona maher a lesbian,0,1,0.00,3.0
is ilona maher on steroids,0,6,0.00,10.5
is ishowspeed a character,0,11,0.00,4.5
is ishowspeed a good guy,0,3,0.00,26.3
is ishowspeed a kind person,0,44,0.00,8.1
is ishowspeed a nice person,0,5,0.00,9.8
is ishowspeed a persona,0,16,0.00,8.9
is ishowspeed an extrovert,0,1,0.00,10.0
is ishowspeed an introvert,0,1,0.00,3.0
is ishowspeed annoying,0,2,0.00,5.5
is ishowspeed charismatic,0,2,0.00,10.0
is ishowspeed considered attractive,0,1,0.00,3.0
is ishowspeed crazy,0,1,0.00,15.0
is ishowspeed energetic,0,11,0.00,5.9
is ishowspeed extrovert,0,1,0.00,10.0
is ishowspeed extroverted,0,1,0.00,15.0
is ishowspeed hyperactive,0,1,0.00,10.0
is ishowspeed introvert,0,1,0.00,22.0
is ishowspeed introvert or extrovert,0,2,0.00,24.0
is ishowspeed kind,0,214,0.00,8.0
is ishowspeed kind hearted,0,1,0.00,11.0
is ishowspeed kind?,0,7,0.00,8.6
is ishowspeed mean,0,1,0.00,10.0
is ishowspeed rude,0,1,0.00,2.0
is ishowspeed smart,0,1,0.00,3.0
is ishowspeed weird,0,1,0.00,10.0
is it true that oliver tree died,0,1,0.00,2.0
is jack black a bad person,0,3,0.00,7.3
is jack black a gamer,0,1,0.00,11.0
is jack black a genius,0,6,0.00,6.2
is jack black a good guy,0,1,0.00,18.0
is jack black a good person,0,19,0.00,12.2
is jack black a nice guy,0,1,0.00,26.0
is jack black a nice guy in real life,0,2,0.00,5.5
is jack black a nice person,0,1,0.00,11.0
is jack black alove,0,1,0.00,11.0
is jack black funny,0,1,0.00,9.0
is jack black mean,0,1,0.00,7.0
is jack black smart,0,9,0.00,10.7
is jack dorsey a good person,0,18,0.00,10.5
is jack smart,0,1,0.00,2.0
is jackie kennedy still alive,0,1,0.00,8.0
is jacob elordi a good actor,0,1,0.00,32.0
is jacob elordi autistic,0,2,0.00,7.0
is jacob elordi single,0,1,0.00,3.0
is jake gyllenhaal an introvert,0,1,0.00,16.0
is jake gyllenhaal depressed,0,2,0.00,19.0
is jeff bezos a genius,0,1,0.00,38.0
is jeff bezos a good guy,0,2,0.00,31.0
is jeff bezos a good person,0,9,0.00,23.7
is jeff bezos a nice guy,0,8,0.00,27.0
is jeff bezos a nice person,0,4,0.00,21.5
is jeff bezos a sociopath,0,3,0.00,24.0
is jeff bezos nice,0,2,0.00,22.0
is jeffrey bezos a good person,0,1,0.00,30.0
is jennifer lawrence a good person,0,1,0.00,25.0
is jennifer lawrence a nice person,0,4,0.00,16.5
is jennifer lawrence a nice person in real life,0,3,0.00,14.7
is jennifer lawrence nice,0,2,0.00,13.0
is jennifer lopez a good person,0,3,0.00,21.0
is jennifer lopez a nice person,0,1,0.00,5.0
is jimmy fallon a good guy,0,6,0.00,18.7
is jimmy fallon a good person,0,3,0.00,12.0
is jimmy fallon a jerk,0,1,0.00,1.0
is jimmy fallon a nice person,0,1,0.00,13.0
is jimmy fallon actually nice,0,1,0.00,10.0
is jimmy fallon autistic,0,1,0.00,1.0
is jimmy fallon nice,0,1,0.00,15.0
is joaquin phoenix a good actor,0,5,0.00,29.4
is joaquin phoenix a good person,0,1,0.00,10.0
is joaquin phoenix a method actor,0,11,0.00,33.6
is joaquin phoenix crazy,0,5,0.00,28.8
is joaquin phoenix nice,0,1,0.00,18.0
is joaquin phoenix weird,0,1,0.00,3.0
is joe rogan a good guy,0,1,0.00,29.0
is joe rogan a good person,0,8,0.00,23.0
is john travolta a good person,0,31,0.00,10.1
is john travolta a nice guy,0,6,0.00,9.7
is john travolta a nice person,0,10,0.00,10.6
is john travolta a nice person in real life,0,10,0.00,10.2
is john travolta bisexual,0,1,0.00,3.0
is john travolta gay,0,2,0.00,3.0
is john travolta married,0,2,0.00,2.0
is john travolta married now,0,1,0.00,2.0
is john travolta nice,0,15,0.00,12.2
is john travolta nice in real life,0,10,0.00,10.2
is john travolta queer,0,1,0.00,3.0
is john travolta still a scientologist,0,1,0.00,2.0
is johnny depp a method actor,0,2,0.00,23.5
is justin bieber mean,0,1,0.00,3.0
is justin bieber nice,0,2,0.00,2.0
is jynxzi a good person,0,1,0.00,9.0
is jynxzi alive,0,1,0.00,11.0
is jynxzi half black,0,1,0.00,11.0
is kai cenat a good guy,0,16,0.00,11.4
is kai cenat a good person,0,164,0.00,9.4
is kai cenat a nice person,0,16,0.00,8.0
is kai cenat autistic,0,1,0.00,3.0
is kai cenat good,0,1,0.00,27.0
is kai cenat natty,0,3,0.00,20.3
is kai cenat strong,0,7,0.00,8.4
is kaia gerber a good actress,0,2,0.00,3.0
is kaia gerber anorexic,0,1,0.00,3.0
is kaia gerber nice,0,1,0.00,3.0
is kaia gerber smart,0,1,0.00,3.0
is kara swisher a lesbian,0,1,0.00,34.0
is kara swisher gay,0,4,0.00,31.0
is kara swisher married,0,4,0.00,21.8
is keanu reeves an introvert,0,1,0.00,40.0
is keke palmer bipolar,0,1,0.00,3.0
is keke palmer neurodivergent,0,1,0.00,11.0
is kendrick bipolar,0,1,0.00,58.0
is kevin hart allergic to peaches,0,1,0.00,51.0
is kim kardashian a good person,0,1,0.00,19.0
is kim kardashian a narcissist,0,1,0.00,4.0
is kourtney kardashian a narcissist,0,2,0.00,9.0
is kourtney kardashian nice,0,9,0.00,5.4
is kris jenner a narcissist,0,2,0.00,3.0
is kylie jenner a good person,0,1,0.00,19.0
is kylie jenner a nice person,0,2,0.00,15.0
is lana del rey a good person,0,2,0.00,14.0
is lana del rey autistic,0,1,0.00,3.0
is lana del rey bipolar,0,2,0.00,27.5
is lana del rey introvert,0,1,0.00,3.0
is lana del rey neurodivergent,0,1,0.00,21.0
is leah jaynes karp black,0,2,0.00,22.5
is leila hormozi a guy,0,1,0.00,51.0
is leila hormozi iranian,0,4,0.00,9.5
is leila hormozi persian,0,23,0.00,10.5
is leila hormozi pregnant,0,1,0.00,3.0
is lex fridman a virgin,0,6,0.00,10.5
is lex fridman autistic,0,2,0.00,12.5
is lex fridman jewish?,0,1,0.00,36.0
is lex fridman married,0,4,0.00,14.0
is lex fridman single,0,4,0.00,9.0
is liang wenfeng married,0,4,0.00,6.5
is lili reinhart,0,1,0.00,27.0
is lily tomlin still alive,0,1,0.00,3.0
is lionel messi a good person,0,3,0.00,6.7
is logan paul a good guy,0,1,0.00,13.0
is logan paul nice in real life,0,4,0.00,10.0
is madison beer a good person,0,10,0.00,10.1
is madison beer a nice person,0,21,0.00,9.2
is madison beer an industry plant,0,9,0.00,9.4
is madison beer nice,0,2,0.00,7.5
is madison beer smart,0,6,0.00,6.8
is madison beer white,0,2,0.00,38.0
is marcello hernandez catholic,0,6,0.00,8.2
is margot robbie a good person,0,9,0.00,9.6
is margot robbie a nice person,0,6,0.00,8.3
is mark zuckerberg a cyborg,0,1,0.00,17.0
is mark zuckerberg a genius,0,1,0.00,54.0
is mark zuckerberg a good person,0,3,0.00,17.0
is mark zuckerberg a human or robot,0,1,0.00,38.0
is mark zuckerberg a robot,0,18,0.00,14.9
is mark zuckerberg a sociopath,0,1,0.00,18.0
is mark zuckerberg human,0,7,0.00,19.0
is mark zuckerberg nice,0,4,0.00,15.5
is mark zuckerberg robot,0,1,0.00,14.0
is markaplier dead,0,1,0.00,9.0
is markiplier dead,0,9,0.00,9.1
is markiplier dead?,0,1,0.00,9.0
is matt damon a nice person,0,1,0.00,2.0
is matthew mcconaughey a good person,0,3,0.00,17.3
is matthew mcconaughey racist,0,1,0.00,3.0
is megan markle a bitch,0,1,0.00,3.0
is meghan markle a bitch,0,2,0.00,2.5
is meghan markle a bully,0,3,0.00,3.0
is meghan markle a gold digger,0,1,0.00,3.0
is meghan markle a good person,0,3,0.00,9.0
is meghan markle a narcissist,0,1,0.00,3.0
is meghan markle a nice person,0,3,0.00,3.0
is meghan markle a sociopath,0,1,0.00,3.0
is meghan markle crazy,0,2,0.00,2.5
is meghan markle disliked,0,1,0.00,2.0
is meghan markle going back to acting,0,1,0.00,2.0
is meghan markle in the gentlemen,0,1,0.00,2.0
is meghan markle mentally ill,0,1,0.00,2.0
is meghan markle nice,0,1,0.00,3.0
is meghan markle rude,0,1,0.00,3.0
is meghan markle's father still alive,0,1,0.00,2.0
is meryl streep kind,0,1,0.00,21.0
is meryl streep mean,0,1,0.00,9.0
is meryl streep nice,0,1,0.00,18.0
is messi a dick,0,1,0.00,4.0
is messi a good person,0,5,0.00,14.4
is messi a introvert,0,1,0.00,24.0
is messi a jerk,0,6,0.00,3.0
is messi a nice person,0,2,0.00,13.5
is messi a quiet guy,0,1,0.00,13.0
is messi a quiet person,0,2,0.00,14.0
is messi an asshole,0,1,0.00,5.0
is messi an introvert,0,2,0.00,22.0
is messi antisocial,0,2,0.00,11.0
is messi introvert,0,7,0.00,19.1
is messi introverted,0,2,0.00,15.5
is messi mute,0,2,0.00,11.0
is messi not nice,0,1,0.00,3.0
is messi retarded,0,1,0.00,5.0
is messi rude,0,1,0.00,3.0
is messi socially anxious,0,2,0.00,27.0
is michael b jordan a basketball player or an actor,0,1,0.00,6.0
is michael b jordan a good person,0,5,0.00,17.6
is michael b jordan nice,0,3,0.00,23.0
is michael b jordan nice in real life,0,1,0.00,19.0
is mike majlak sober,0,18,0.00,6.8
is mikey madison quitting acting,0,2,0.00,9.0
is miles teller a douche,0,1,0.00,11.0
is miles teller a good actor,0,4,0.00,22.5
is miles teller a good person,0,2,0.00,15.5
is miles teller a jerk,0,2,0.00,25.5
is miles teller a nice guy,0,5,0.00,32.6
is miles teller a nice person,0,2,0.00,46.5
is miles teller an asshole,0,1,0.00,28.0
is miles teller arrogant,0,9,0.00,9.8
is miles teller nice,0,3,0.00,17.7
is miles teller problematic,0,1,0.00,31.0
is miles teller rude,0,3,0.00,20.7
is millie bobby brown a good person,0,2,0.00,24.0
is millie bobby brown a nice person,0,1,0.00,25.0
is morgan wallen nice in real life,0,1,0.00,5.0
is mr electric blue about drugs,0,6,0.00,5.0
is natalie portman a genius,0,2,0.00,17.5
is natalie portman a good actress,0,1,0.00,33.0
is natalie portman a good person,0,1,0.00,8.0
is natalie portman a nice person,0,9,0.00,10.8
is natalie portman intelligent,0,1,0.00,15.0
is natalie portman nice,0,1,0.00,30.0
is natalie portman nice in real life,0,1,0.00,25.0
is natalie portman smart,0,2,0.00,13.5
is neil strauss jewish,0,4,0.00,6.8
is nicole kidman a nice person in real life,0,1,0.00,11.0
is odessa azion lgbtq,0,5,0.00,1.0
is oliver tree a character,0,2,0.00,15.0
is oliver tree a good person,0,6,0.00,9.3
is oliver tree a kind person,0,2,0.00,7.0
is oliver tree a tually dead,0,1,0.00,2.0
is oliver tree actually dead,0,1,0.00,2.0
is oliver tree alive,0,1,0.00,2.0
is oliver tree autistic,0,2,0.00,10.0
is oliver tree confirmed dead,0,1,0.00,2.0
is oliver tree emo,0,1,0.00,6.0
is oliver tree kind,0,3,0.00,9.3
is oliver tree left handed,0,9,0.00,8.8
is oliver tree mixed,0,1,0.00,10.0
is oliver tree really dead or is it a stunt,0,1,0.00,6.0
is oliver tree really dead yes or no,0,1,0.00,2.0
is olivia newton john still alive,0,1,0.00,2.0
is oprah a good person,0,3,0.00,26.3
is paris hilton a good person,0,2,0.00,29.0
is peter thiel a psychopath,0,1,0.00,12.0
is peter thiel a sociopath,0,2,0.00,21.0
is peter thiel an anagram for the reptile,0,1,0.00,25.0
is peter thiel autistic,0,1,0.00,39.0
is prince harry intelligent,0,1,0.00,3.0
is prince harry returning to the uk to live,0,1,0.00,2.0
is rachel mcadams a good person,0,2,0.00,7.5
is rachel mcadams a nice person,0,2,0.00,9.5
is rachel mcadams nice,0,1,0.00,19.0
is rara knupps retired,0,3,0.00,9.7
is ray dalio a good person,0,2,0.00,36.0
is rihanna,0,1,0.00,10.0
is rihanna a bad person,0,1,0.00,14.0
is rihanna a kind person,0,1,0.00,9.0
is rihanna a nice person,0,28,0.00,8.1
is rihanna a nice person in real life,0,5,0.00,9.0
is rihanna evil,0,1,0.00,16.0
is rihanna kind,0,4,0.00,11.3
is rihanna nice,0,1,0.00,18.0
is rihanna nice in real life,0,1,0.00,3.0
is rihanna nice to her fans,0,1,0.00,3.0
is rihanna problematic,0,1,0.00,3.0
is robert greene a fraud,0,1,0.00,34.0
is robert greene a psychologist,0,4,0.00,48.5
is robert greene jewish,0,1,0.00,43.0
is robert greene sick,0,1,0.00,43.0
is robert pattinson a bad person,0,1,0.00,13.0
is robert pattinson a good person,0,4,0.00,10.3
is robert pattinson a liar,0,1,0.00,30.0
is robert pattinson a nice guy,0,2,0.00,14.0
is robert pattinson a nice person,0,3,0.00,3.0
is robert pattinson a nice person in real life,0,1,0.00,11.0
is robert pattinson a pathological liar,0,1,0.00,3.0
is robert pattinson a weirdo,0,1,0.00,2.0
is robert pattinson an introvert,0,1,0.00,2.0
is robert pattinson introvert,0,3,0.00,11.7
is robert pattinson introvert or extrovert,0,1,0.00,15.0
is robert pattinson married,0,1,0.00,3.0
is robert pattinson nice,0,3,0.00,8.3
is robert pattinson nice in real life,0,5,0.00,9.6
is robert pattinson shy,0,2,0.00,13.5
is ronaldo more humble than messi,0,1,0.00,4.0
is ryan gosling a good person,0,6,0.00,20.7
is ryan gosling a nice person in real life,0,1,0.00,4.0
is ryan gosling an introvert,0,43,0.00,7.7
is ryan gosling introvert,0,11,0.00,8.0
is ryan gosling introverted,0,2,0.00,9.0
is ryan gosling kind,0,1,0.00,8.0
is ryan gosling nice,0,1,0.00,3.0
is ryan gosling nice to fans,0,1,0.00,4.0
is ryan gosling shy,0,1,0.00,9.0
is ryan gosling smart,0,2,0.00,9.0
is sabrina carpenter a feminist,0,1,0.00,3.0
is sabrina carpenter a freak,0,9,0.00,8.6
is sabrina carpenter a good dancer,0,1,0.00,3.0
is sabrina carpenter a good person,0,6,0.00,11.3
is sabrina carpenter a nice person,0,1,0.00,1.0
is sabrina carpenter a nice person in real life,0,1,0.00,3.0
is sabrina carpenter a nice person reddit,0,1,0.00,5.0
is sabrina carpenter an a list celebrity,0,1,0.00,10.0
is sabrina carpenter an extrovert,0,4,0.00,11.0
is sabrina carpenter an introvert or extrovert,0,7,0.00,10.1
is sabrina carpenter nice,0,3,0.00,1.7
is sadie sink an introvert,0,2,0.00,9.5
is sadie sink introvert or extrovert,0,1,0.00,10.0
is sadie sink smart,0,2,0.00,10.5
is sam altman a bad person,0,2,0.00,23.5
is sam altman a good ceo,0,1,0.00,60.0
is sam altman a good guy,0,1,0.00,26.0
is sam altman a good person,0,10,0.00,11.5
is sam altman a top or a bottom,0,1,0.00,36.0
is sam altman a top or bottom,0,1,0.00,38.0
is sam altman bad,0,1,0.00,33.0
is sam altman evil,0,2,0.00,23.5
is sam altman on the spectrum,0,1,0.00,55.0
is scarlett johansson a good person,0,26,0.00,8.5
is scarlett johansson a nice person,0,4,0.00,13.8
is scarlett johansson a nice person in real life,0,1,0.00,9.0
is scarlett johansson nice,0,8,0.00,9.8
is scarlett johansson nice in real life,0,2,0.00,13.0
is selena gomez a good person,0,22,0.00,10.2
is selena gomez a nice person,0,4,0.00,11.0
is selena gomez kind,0,2,0.00,11.0
is shawn ryan credible,0,4,0.00,24.5
is shawn ryan legit,0,1,0.00,24.0
is shawn ryan ok,0,1,0.00,11.0
is shawn ryan part japanese,0,7,0.00,7.4
is shawn ryan pro trump,0,1,0.00,89.0
is she all natural,0,1,0.00,9.0
is she fat,0,1,0.00,4.0
is she still a pornstar,0,1,0.00,9.0
is she still doing porn,0,1,0.00,9.0
is she weird,0,1,0.00,1.0
is shia labeouf married,0,1,0.00,2.0
is simon sinek jewish,0,6,0.00,10.2
is ski bri a porn star,0,1,0.00,11.0
is ski bri retired,0,34,0.00,8.7
is sky bri a lesbian,0,1,0.00,8.0
is sky bri a man,0,17,0.00,8.8
is sky bri a virgin,0,11,0.00,8.1
is sky bri active,0,2,0.00,10.5
is sky bri all natural,0,8,0.00,9.0
is sky bri back,0,4,0.00,12.5
is sky bri back doing porn,0,1,0.00,9.0
is sky bri back in porn,0,4,0.00,9.3
is sky bri bi,0,11,0.00,8.7
is sky bri bisexual,0,2,0.00,6.0
is sky bri doing porn again?,0,10,0.00,7.1
is sky bri gay,0,6,0.00,8.7
is sky bri lesbian,0,7,0.00,7.0
is sky bri making porn again,0,7,0.00,7.7
is sky bri natural,0,5,0.00,8.8
is sky bri retired from porn,0,14,0.00,9.5
is sky bri retired?,0,13,0.00,9.6
is sky bri single,0,103,0.00,9.0
is sky bri still active,0,62,0.00,9.8
is sky bri still active on onlyfans,0,1,0.00,14.0
is sky bri still doing onlyfans,0,23,0.00,9.1
is sky bri still doing porn,0,15,0.00,8.9
is sky bri still doing porn?,0,2,0.00,11.5
is sky bri still making content,0,22,0.00,8.9
is sky bri still making porn,0,15,0.00,11.2
is sky bri straight,0,3,0.00,8.3
is sky bri trans,0,1,0.00,16.0
is skybri retired,0,13,0.00,9.2
is snoop dogg a good person,0,1,0.00,20.0
is snoop dogg a nice person,0,1,0.00,19.0
is speed a good person,0,14,0.00,13.2
is speed a kind person,0,4,0.00,6.8
is speed kind,0,1,0.00,7.0
is stephen colbert okay,0,1,0.00,59.0
is steve carell a good person,0,1,0.00,16.0
is steve jobs a good person,0,3,0.00,27.7
is sundar pichai a good ceo,0,1,0.00,37.0
is sundar pichai a good person,0,5,0.00,20.0
is sundar pichai tamil,0,1,0.00,1.0
is sydney sweeney a good person,0,3,0.00,9.0
is sydney sweeney autistic,0,2,0.00,8.0
is sydney sweeney controversial,0,1,0.00,3.0
is sydney sweeney nice,0,3,0.00,2.7
is syrn successful,0,1,0.00,3.0
is tara yummy a pornstar,0,1,0.00,17.0
is tara yummy an only child,0,29,0.00,9.2
is tara yummy asian,0,2,0.00,18.0
is tara yummy christian,0,1,0.00,11.0
is tara yummy emo,0,5,0.00,10.0
is tara yummy from iran,0,1,0.00,1.0
is tara yummy indian,0,2,0.00,10.0
is tara yummy iranian,0,15,0.00,9.1
is tara yummy latina,0,1,0.00,10.0
is tara yummy muslim,0,2,0.00,8.5
is tara yummy persian,0,68,0.00,9.9
is tara yummy white,0,2,0.00,7.0
is tarayummy persian,0,4,0.00,10.3
is tate mcrae an inverted triangle,0,1,0.00,11.0
is the enneagram biblical,0,2,0.00,57.5
is the enneagram christian,0,6,0.00,65.3
is the enneagram evidence based,0,1,0.00,52.0
is the enneagram new age,0,2,0.00,46.0
is the enneagram pagan,0,3,0.00,50.7
is the enneagram pseudoscience,0,1,0.00,20.0
is the enneagram scientifically valid,0,3,0.00,27.3
is the enneagram valid,0,5,0.00,23.4
is the rock a good person,0,1,0.00,3.0
is the shawn ryan show ending,0,1,0.00,13.0
is the truity enneagram test free,0,12,0.00,11.0
is there a free enneagram test,0,2,0.00,46.0
is there an actual free enneagram test?,0,2,0.00,21.0
is tim dillon sober,0,1,0.00,24.0
is timothee chalamet a good person,0,2,0.00,11.0
is timothee chalamet a jerk,0,1,0.00,3.0
is timothee chalamet nice,0,1,0.00,11.0
is timothee chalamet nice in real life,0,1,0.00,2.0
is tina fey a good person,0,8,0.00,8.4
is tina fey a nice person,0,89,0.00,7.7
is tina fey hot,0,1,0.00,25.0
is tina fey nice,0,58,0.00,8.9
is tom cruise a narcissist,0,2,0.00,2.5
is tom cruise a psychopath,0,3,0.00,2.7
is tom cruise arrogant,0,1,0.00,2.0
is tom cruise crazy,0,1,0.00,2.0
is tom cruise kind,0,6,0.00,9.5
is tom hanks a bad person,0,1,0.00,28.0
is tom hanks a good guy,0,1,0.00,36.0
is tom hanks a good person,0,13,0.00,29.4
is tom hanks nice,0,2,0.00,22.0
is tom hanks weird,0,1,0.00,42.0
is tom hardy a nice guy,0,1,0.00,2.0
is tom hardy a nice person in real life,0,1,0.00,3.0
is tom hiddleston a good person,0,2,0.00,11.5
is tom holland a classically trained dancer,0,1,0.00,3.0
is tom holland a good actor reddit,0,1,0.00,7.0
is tom holland a good person,0,7,0.00,9.9
is tom holland a nice guy,0,2,0.00,23.5
is tom holland a nice guy in real life,0,2,0.00,2.0
is tom holland a nice person,0,1,0.00,10.0
is tom holland an extrovert,0,1,0.00,10.0
is tom holland and zendaya married,0,1,0.00,2.0
is tom holland friends with timothee chalamet,0,1,0.00,2.0
is tom holland introvert,0,1,0.00,3.0
is tom holland nice,0,2,0.00,2.5
is tom holland posh,0,1,0.00,40.0
is tom holland religious,0,1,0.00,2.0
is tom holland smart,0,4,0.00,18.3
is tom holland smart in real life,0,2,0.00,11.0
is tom.hanks a good person,0,1,0.00,42.0
is travis kelce a good person,0,1,0.00,11.0
is travis kelce nice,0,1,0.00,10.0
is travolta italian,0,1,0.00,3.0
is trevor noah a good person,0,1,0.00,10.0
is truity enneagram test accurate,0,2,0.00,9.0
is truity enneagram test free,0,69,0.00,10.2
is tucker carlson a grifter,0,1,0.00,53.0
is tucker carlson crazy,0,1,0.00,29.0
is tucker carlson dyslexic,0,1,0.00,8.0
is tucker carlson legit,0,1,0.00,54.0
is tyler cowen autistic,0,2,0.00,9.0
is zayn malik a good person,0,4,0.00,12.3
is zendaya a good person,0,1,0.00,13.0
is zendaya a kind person,0,2,0.00,11.0
is zendaya a method actor,0,3,0.00,10.7
is zendaya a nice person in real life,0,1,0.00,13.0
is zendaya an introvert,0,6,0.00,11.5
is zendaya an introvert or extrovert,0,14,0.00,8.5
is zendaya controlling,0,73,0.00,7.9
is zendaya gypsy,0,2,0.00,57.0
is zendaya introvert,0,5,0.00,8.4
is zendaya introvert or extrovert,0,4,0.00,10.8
is zendaya kind,0,30,0.00,9.4
is zendaya loyal,0,5,0.00,9.0
is zendaya neurodivergent,0,2,0.00,10.0
is zendaya nice,0,1,0.00,1.0
is zoe kravitz a good person,0,3,0.00,6.7
is zoe kravitz a nice person,0,6,0.00,10.2
is zoe kravitz nice,0,13,0.00,8.7
is zoe kravitz nice in real life,0,6,0.00,9.8
is.messi+a+good+person,0,1,0.00,24.0
isabella jane cruise,0,1,0.00,3.0
isfj,0,1,0.00,2.0
isfj enneagram,0,1,0.00,1.0
isfp enneagram 6,0,3,0.00,54.3
ishowspeed,0,4,0.00,2.8
ishowspeed anger issues,0,2,0.00,6.5
ishowspeed appearance description,0,15,0.00,10.3
ishowspeed behavior,0,5,0.00,9.4
ishowspeed character development,0,18,0.00,7.8
ishowspeed content type,0,8,0.00,5.5
ishowspeed don't test my anger,0,1,0.00,20.0
ishowspeed ego,0,13,0.00,6.5
ishowspeed enneagram,0,4,0.00,5.5
ishowspeed explaining,0,2,0.00,9.5
ishowspeed expression,0,15,0.00,5.6
ishowspeed expressions,0,1,0.00,1.0
ishowspeed face,0,1,0.00,11.0
ishowspeed focused,0,1,0.00,6.0
ishowspeed im crying man he don't even care,0,1,0.00,10.0
ishowspeed is a good person,0,2,0.00,9.5
ishowspeed kind,0,1,0.00,11.0
ishowspeed mbti,0,2,0.00,2.5
ishowspeed mbti type,0,6,0.00,11.2
ishowspeed persona,0,2,0.00,7.0
ishowspeed personality description,0,5,0.00,5.6
ishowspeed personality traits,0,37,0.00,6.5
ishowspeed personality type,0,168,0.00,8.5
ishowspeed stream psy,0,1,0.00,8.0
ishowspeed type,0,6,0.00,5.0
ishowspeed understanding,0,13,0.00,6.8
ishowspeed valorant incident,0,1,0.00,62.0
ishowspid,0,1,0.00,1.0
isn't dwayne johnson the rock,0,1,0.00,40.0
isn't michael b jordan a basketball player,0,2,0.00,34.5
ist sie nett?,0,1,0.00,12.0
istp personality type,0,1,0.00,3.0
ivq test,0,3,0.00,9.7
j lo personality,0,26,0.00,9.0
j robert oppenheimer personality,0,1,0.00,5.0
ja,0,7,0.00,7.3
ja doe maar,0,1,0.00,3.0
ja gerne,0,1,0.00,3.0
ja k black,0,1,0.00,4.0
ja tack,0,1,0.00,1.0
jack antonoff apartment,0,1,0.00,33.0
jack black band,0,1,0.00,3.0
jack black crazy,0,20,0.00,7.5
jack black depression,0,2,0.00,11.0
jack black education,0,1,0.00,3.0
jack black favorite color,0,1,0.00,13.0
jack black films,0,1,0.00,2.0
jack black iq,0,2,0.00,3.0
jack black iq score,0,2,0.00,6.0
jack black is not funny,0,1,0.00,8.0
jack black isn't funny,0,8,0.00,10.0
jack black jeune,0,1,0.00,3.0
jack black mandalorian,0,1,0.00,3.0
jack black mbti,0,59,0.00,9.7
jack black mental health,0,10,0.00,10.5
jack black parents,0,1,0.00,2.0
jack black personality tomodachi life,0,1,0.00,1.0
jack black personality type,0,69,0.00,5.4
jack black school of rock,0,1,0.00,3.0
jack black zodiac,0,1,0.00,1.0
jack blacks iq,0,1,0.00,3.0
jack blacks mamma,0,1,0.00,2.0
jack dorsey iq,0,2,0.00,15.0
jack dorsey kids,0,4,0.00,14.3
jack dorsey leadership style,0,4,0.00,15.3
jack dorsey personal life,0,1,0.00,19.0
jack dorsey personality,0,9,0.00,7.6
jack dorsey primal,0,3,0.00,13.3
jack dorsey time magazine 100 most influential people,0,1,0.00,11.0
jack english tom holland,0,1,0.00,3.0
jack enneagram,0,1,0.00,1.0
jack patrick dorsey,0,1,0.00,7.0
jack personality,0,1,0.00,19.0
jackie jfk,0,1,0.00,6.0
jackie k,0,1,0.00,2.0
jackie kennedy,0,8,0.00,8.6
jackie kennedy alt,0,2,0.00,70.5
jackie kennedy brain,0,1,0.00,54.0
jackie kennedy eyes far apart,0,1,0.00,20.0
jackie kennedy face shape,0,1,0.00,21.0
jackie kennedy hypertelorism,0,1,0.00,21.0
jackie kennedy iq,0,2,0.00,24.0
jackie kennedy marriages,0,1,0.00,5.0
jackie kennedy mbti,0,9,0.00,13.9
jackie kennedy personality type,0,4,0.00,3.8
jackie kennedy will,0,1,0.00,8.0
jackie kennedy zodiac sign,0,3,0.00,1.0
jackiekennedy,0,1,0.00,3.0
jacks mbti,0,1,0.00,3.0
jacky kennedy,0,1,0.00,8.0
jacob batalon,0,5,0.00,2.6
jacob elordi,0,5,0.00,2.4
jacob elordi and kendall jenner,0,1,0.00,3.0
jacob elordi and kendall jenner height,0,1,0.00,3.0
jacob elordi aspergers,0,15,0.00,9.6
jacob elordi birthday,0,1,0.00,3.0
jacob elordi black and white,0,1,0.00,2.0
jacob elordi family,0,1,0.00,3.0
jacob elordi middle name,0,1,0.00,2.0
jacob elordi personality,0,30,0.00,9.8
jacob elordi personality type,0,10,0.00,6.1
jacob elordi type,0,3,0.00,9.0
jacob rubin enneagram,0,4,0.00,20.3
jacqueline kennedy onassis personality,0,2,0.00,16.0
"jacqueline kennedy onassis wears ""pink chanel suit of jacqueline bouvier kennedy""",0,2,0.00,8.0
jacqueline kennedy personality,0,1,0.00,12.0
jacqueline kennedy source:life,0,1,0.00,35.0
jacqueline pelosi,0,10,0.00,32.2
jacqueline tortorice saint haven,0,1,0.00,11.0
jade wang dario,0,43,0.00,8.4
jake bongiovi mbti,0,15,0.00,8.9
jake gyllenhaal,0,1,0.00,4.0
jake gyllenhaal and peter thiel,0,1,0.00,29.0
jake gyllenhaal personality,0,91,0.00,8.8
jake gyllenhaal personality type,0,72,0.00,9.0
jake paul anti bullying program,0,2,0.00,43.0
jake paul goth,0,1,0.00,22.0
jake paul mbti,0,11,0.00,9.7
jake paul nonprofit,0,1,0.00,27.0
jake paul personality,0,19,0.00,8.6
jake personality,0,1,0.00,32.0
jaki jest z charakteru,0,1,0.00,3.0
jalynn elordi,0,1,0.00,3.0
james charles personality,0,1,0.00,3.0
james hsven,0,1,0.00,3.0
james portnoy,0,2,0.00,33.0
jamie dimon,0,13,0.00,3.2
jamie dimon age,0,1,0.00,2.0
jamie dimon foundation hbcu donation,0,2,0.00,3.5
jamie dimon hobbies,0,1,0.00,3.0
jamie dimon iq,0,1,0.00,3.0
jamie dimon management style,0,1,0.00,3.0
jamie dimon mbti,0,1,0.00,3.0
jamie dimon personality,0,4,0.00,17.8
jamie dimon personality type,0,2,0.00,5.0
jamie lima,0,1,0.00,3.0
jared kushner personality,0,1,0.00,9.0
jason sudeikis is a jerk,0,6,0.00,5.3
jason sudeikis jerk,0,38,0.00,6.8
jason sudeikis mbti,0,11,0.00,8.2
jawb,0,1,0.00,15.0
jd vance clavicular,0,1,0.00,25.0
jd vance enneagram type,0,2,0.00,10.5
jean anthony ray,0,1,0.00,3.0
jean arnault height,0,1,0.00,29.0
jeff bezos,0,1,0.00,12.0
jeff bezos and travis kalanick,0,4,0.00,9.5
jeff bezos character,0,1,0.00,11.0
jeff bezos characteristics,0,6,0.00,48.5
jeff bezos is he a good person,0,1,0.00,21.0
jeff bezos mbti,0,14,0.00,28.9
jeff bezos mbti type,0,1,0.00,18.0
jeff bezos myers briggs,0,1,0.00,24.0
jeff bezos personality,0,49,0.00,10.8
jeff bezos personality traits,0,6,0.00,17.0
jeff bezos personality type,0,18,0.00,12.1
jeff bezos qualities,0,1,0.00,31.0
jeff bezos traits,0,10,0.00,51.0
jeff conaway,0,3,0.00,3.0
jeff perry net worth,0,1,0.00,68.0
jeff thomas peter thiel,0,1,0.00,5.0
jeffrey epstein enneagram type,0,1,0.00,6.0
jeffrey epstein personality,0,5,0.00,81.6
jeffrey epstein personality traits narcissism psychopathy,0,1,0.00,10.0
jeffrey epstein personality traits psychology analysis,0,1,0.00,19.0
jeffrey epstein psychological profile,0,3,0.00,33.3
jeffrey epstein psychological profile narcissism psychopathy,0,1,0.00,9.0
jeffrey epstein psychology,0,6,0.00,40.5
jenner maher,0,2,0.00,20.0
jennifer garner almost arrested ballet classes interview,0,1,0.00,6.0
jennifer garner mbti,0,5,0.00,10.4
jennifer garner personality,0,15,0.00,13.7
jennifer lawrence,0,8,0.00,3.8
jennifer lawrence anxiety,0,2,0.00,14.5
jennifer lawrence biography,0,1,0.00,2.0
jennifer lawrence goes dark,0,2,0.00,15.5
jennifer lawrence is she nice,0,1,0.00,15.0
jennifer lawrence mbti,0,8,0.00,13.5
jennifer lawrence networth,0,1,0.00,3.0
jennifer lawrence personality traits,0,6,0.00,9.5
jennifer lawrence profile,0,3,0.00,37.3
jennifer lawrence red sparrow nude scene,0,1,0.00,66.0
jennifer lawrence rude,0,1,0.00,4.0
jennifer lawrence upcoming movies,0,1,0.00,3.0
jennifer lopez characteristics,0,5,0.00,12.4
jennifer lopez personality,0,294,0.00,9.5
jennifer lopez personality traits,0,51,0.00,9.7
jennifer lopez personality type,0,40,0.00,9.1
jennifer lopez sexy traits,0,5,0.00,9.2
jenny popach forum,0,1,0.00,31.0
jensen huang,0,1,0.00,2.0
jensen huang leadership style,0,1,0.00,79.0
jensen huang management style,0,2,0.00,65.5
jensen huang mbti,0,74,0.00,14.9
jensen huang personality,0,1,0.00,32.0
jensen huang personality type,0,15,0.00,8.5
jeremy allen white mbti,0,9,0.00,8.3
jeremy allen white personality,0,14,0.00,7.1
jeremy allen white profile,0,1,0.00,53.0
jeremy dufrene,0,3,0.00,2.0
jeremy dufrene mbti,0,1,0.00,7.0
jesi ti siguran,0,1,0.00,4.0
jfk blood type,0,11,0.00,46.9
jfk character,0,1,0.00,34.0
jfk character traits,0,3,0.00,39.0
jfk characteristics,0,7,0.00,41.9
jfk charisma,0,3,0.00,23.0
jfk cult of personality,0,1,0.00,32.0
jfk jr mbti,0,1,0.00,16.0
jfk jr personality,0,3,0.00,39.7
jfk jr personality type,0,5,0.00,9.2
jfk mbti,0,8,0.00,22.3
jfk personality traits,0,2,0.00,19.0
jfk traits,0,3,0.00,31.3
jimmy fallon mbti,0,22,0.00,8.1
jimmy fallon mean,0,1,0.00,1.0
jimmy fallon personality,0,107,0.00,8.5
jimmy fallon personality type,0,83,0.00,5.0
jimmy fallon real personality,0,33,0.00,10.0
jimmy fallon syndrom,0,1,0.00,15.0
jimmy fallon syndrome,0,13,0.00,13.6
jimmy fallon syndrome meaning,0,1,0.00,19.0
jimmy mouthwashing mbti,0,1,0.00,3.0
jk rowling personality,0,3,0.00,7.3
jk rowling personality traits,0,1,0.00,7.0
jlo personality,0,43,0.00,9.4
joanne whalley,0,1,0.00,3.0
joaquin phoenix,0,6,0.00,3.7
joaquin phoenix acting style,0,1,0.00,38.0
joaquin phoenix breakdown,0,14,0.00,35.4
joaquin phoenix breakout role,0,1,0.00,38.0
joaquin phoenix build,0,1,0.00,9.0
joaquin phoenix crazy,0,4,0.00,45.3
joaquin phoenix iq,0,4,0.00,15.5
joaquin phoenix joker method acting,0,2,0.00,34.5
joaquin phoenix mbti,0,6,0.00,17.2
joaquin phoenix method acting,0,9,0.00,43.1
joaquin phoenix method actor,0,7,0.00,33.4
joaquin phoenix net worth 2026,0,1,0.00,2.0
joaquin phoenix personality,0,136,0.00,8.8
joaquin phoenix personality type,0,43,0.00,8.6
joaquin phoenix profile,0,2,0.00,34.5
joaquin phoenix weird,0,1,0.00,3.0
joaquin phonenix,0,1,0.00,3.0
jobs for enneagram 1,0,1,0.00,19.0
jobs for enneagram 4,0,3,0.00,39.3
jobs for enneagram 5,0,3,0.00,59.0
jobs for enneagram 6,0,3,0.00,69.7
jobs for type 2 enneagram,0,1,0.00,64.0
jobs for type 4 enneagram,0,2,0.00,15.5
jocko willink shirtless,0,1,0.00,10.0
joe biden personality,0,1,0.00,52.0
joe biden personality type,0,1,0.00,42.0
joe budden net worth,0,1,0.00,3.0
joe burns navy seal david goggins,0,3,0.00,12.0
joe lonsdale height,0,2,0.00,15.5
joe lonsdale interview,0,1,0.00,4.0
joe lonsdale wife,0,1,0.00,28.0
joe pesci,0,3,0.00,3.0
joe rogan,0,2,0.00,3.0
joe rogan mbti,0,17,0.00,13.0
joe rogan mbti type,0,7,0.00,7.1
joe rogan net worth,0,7,0.00,2.9
joe rogan personality,0,49,0.00,6.3
joe rogan ryan montgomery,0,1,0.00,69.0
joe rogan shawn ryan,0,2,0.00,20.0
joe rogan social anxiety,0,2,0.00,8.0
joe rogan topped the highest-paid podcasters ranking in recent reports,0,1,0.00,5.0
john and jordi,0,3,0.00,11.0
john cooga,0,4,0.00,6.0
john coogam,0,8,0.00,3.6
john coogan & jordi hays,0,6,0.00,22.8
john coogan age,0,21,0.00,12.4
john coogan and jordi hays,0,7,0.00,10.0
john coogan and jordi hays podcast,0,2,0.00,3.0
john coogan and jordi hays tbpn,0,1,0.00,1.0
john coogan college,0,15,0.00,7.4
john coogan e jordi hays,0,2,0.00,25.0
john coogan education,0,7,0.00,10.6
john coogan founders fund,0,4,0.00,9.3
john coogan height,0,7,0.00,18.4
john coogan jordi hays,0,12,0.00,5.4
john coogan lucy,0,12,0.00,10.8
john coogan net worth,0,8,0.00,6.1
john coogan podcast,0,1,0.00,34.0
john coogan soylent,0,1,0.00,23.0
john coogan tbpn,0,8,0.00,23.5
john coogan tbpn background,0,1,0.00,10.0
john coogan tbpn wife,0,1,0.00,11.0
john coogsn,0,5,0.00,1.0
john cugan,0,1,0.00,1.0
"john david ""j.d."" ratajkowski",0,2,0.00,7.5
john f kennedy and jackie kennedy,0,1,0.00,11.0
john f kennedy blood type,0,9,0.00,47.7
john f kennedy character traits,0,3,0.00,36.3
john f kennedy characteristics,0,3,0.00,49.3
john f kennedy jr personality,0,2,0.00,29.5
john f kennedy mbti,0,1,0.00,42.0
john f kennedy personality,0,14,0.00,18.4
john f kennedy personality traits,0,4,0.00,35.8
john f kennedy personality type,0,16,0.00,10.1
john f kennedy traits,0,5,0.00,47.4
john f kennedy wife,0,1,0.00,9.0
john gielgud,0,2,0.00,3.5
john kennedy,0,1,0.00,3.0
john kennedy mbti,0,1,0.00,31.0
john koogan,0,4,0.00,10.8
john kugan,0,3,0.00,9.0
john lennon enneagram,0,1,0.00,11.0
john stewart mbti,0,13,0.00,10.5
john ternus childhood,0,3,0.00,8.7
john ternus height,0,1,0.00,11.0
john ternus mbti,0,2,0.00,3.5
john ternus personality,0,1,0.00,1.0
john ternus political affiliation,0,1,0.00,65.0
john ternus quotes,0,1,0.00,7.0
john ternus screw story,0,5,0.00,10.4
john travolta,0,31,0.00,3.0
john travolta 2026,0,3,0.00,2.0
john travolta age,0,1,0.00,3.0
john travolta allegations reddit,0,1,0.00,4.0
john travolta daughter mother,0,1,0.00,2.0
john travolta dob,0,1,0.00,2.0
john travolta father,0,1,0.00,4.0
john travolta first wife,0,1,0.00,3.0
john travolta homosexual,0,1,0.00,3.0
john travolta mbti,0,3,0.00,7.7
john travolta movies,0,1,0.00,3.0
john travolta now 2026,0,1,0.00,2.0
john travolta on olivia newton john,0,1,0.00,5.0
john travolta partner now,0,1,0.00,3.0
john travolta partners,0,1,0.00,2.0
john travolta personality goes a long way,0,1,0.00,15.0
john travolta sexual charges,0,1,0.00,3.0
john travolta today,0,1,0.00,3.0
john wood actor uk,0,1,0.00,4.0
johncoogan,0,1,0.00,21.0
johnny depp acting style,0,2,0.00,27.0
johnny depp characteristics,0,16,0.00,16.9
johnny depp enneagram,0,4,0.00,13.8
johnny depp enneagram type,0,1,0.00,11.0
johnny depp likes and dislikes,0,1,0.00,16.0
johnny depp method acting,0,1,0.00,41.0
johnny depp personality,0,297,0.00,9.4
johnny depp personality traits,0,12,0.00,8.4
johnny depp personality type,0,6,0.00,10.7
johnny depp shy,0,1,0.00,47.0
johnny depp when he was young,0,1,0.00,30.0
jon coogan,0,16,0.00,18.3
jon stewart mbti,0,78,0.00,8.2
jon stewart monologue last night,0,1,0.00,3.0
jon stewart personality,0,62,0.00,7.4
jon voight,0,4,0.00,3.0
jonathan bailey ballet,0,4,0.00,10.5
jonathan bailey mbti,0,2,0.00,10.0
jonathan davino,0,2,0.00,2.5
jordan peterson enneagram,0,4,0.00,10.3
jordi haya,0,7,0.00,7.4
jordi hayes,0,4,0.00,10.0
jordi hayes age,0,17,0.00,6.0
jordi hayes wife,0,1,0.00,6.0
jordi hays bio,0,6,0.00,3.5
jordi hays biography tbpn,0,1,0.00,6.0
jordi hays height,0,26,0.00,7.4
jordi hays instagram,0,3,0.00,8.3
jordi hays linkedin,0,6,0.00,7.5
jordi hays net worth,0,38,0.00,6.9
jordi hays parents,0,1,0.00,1.0
jordi hays tbpn age,0,1,0.00,8.0
jordi hays tbpn linkedin,0,2,0.00,11.5
jordi hays x,0,1,0.00,6.0
jordi tbpn,0,34,0.00,9.6
jordo hays,0,2,0.00,8.0
jordy podcast,0,1,0.00,1.0
joseph amodei,0,1,0.00,49.0
joseph stalin personality,0,3,0.00,32.0
joseph stalin personality traits,0,1,0.00,35.0
joseph stalin personality type,0,13,0.00,8.2
joseph stalin weakness,0,1,0.00,45.0
josh karp,0,1,0.00,69.0
jp morgan chase ceo,0,1,0.00,3.0
jude bellingham reddit,0,1,0.00,10.0
judith dimon,0,3,0.00,3.7
judith kent,0,2,0.00,2.5
judith love cohen,0,2,0.00,3.0
judy dimon,0,3,0.00,2.7
julia fox,0,1,0.00,3.0
julia fox 4b interview practices 4b,0,1,0.00,9.0
julia fox 4b interview reputable source,0,1,0.00,9.0
julia fox 4b interview source,0,3,0.00,7.7
julia fox 4b movement interview 2024 source,0,2,0.00,9.0
julia fox 4b movement interview article,0,4,0.00,6.8
julia fox 4b movement interview article 2024,0,1,0.00,10.0
julia fox 4b movement interview magazine,0,5,0.00,9.4
julia fox 4b movement interview quote,0,2,0.00,7.5
julia fox 4b movement interview reputable source,0,3,0.00,6.7
julia fox 4b movement interview source,0,40,0.00,7.5
julia fox 4b movement interview source 2024 2025,0,1,0.00,8.0
julia fox 4b movement interview source magazine,0,2,0.00,8.0
julia fox 4b movement quote,0,1,0.00,11.0
julia fox 4b movement quote source,0,1,0.00,11.0
julia fox autistic,0,1,0.00,24.0
julia fox borderline,0,1,0.00,11.0
julia fox down the drain 4b movement interview,0,1,0.00,10.0
julia fox interview 4b movement julia fox,0,1,0.00,6.0
julia fox mbti,0,1,0.00,6.0
julia fox mentions 4b movement interview,0,2,0.00,6.5
julia fox said she practices 4b interview,0,2,0.00,10.5
julia fox says 4b movement interview,0,1,0.00,8.0
julia fox says she is 4b interview,0,2,0.00,10.0
julia fox says she is doing 4b interview,0,2,0.00,11.0
julia fox says she is practicing 4b interview,0,1,0.00,5.0
julia fox says she practices 4b,0,1,0.00,7.0
julia fox says she practices 4b interview source,0,1,0.00,9.0
julia fox says she practices 4b movement source,0,1,0.00,8.0
julia fox says she's doing 4b interview,0,1,0.00,9.0
jung enneagram,0,1,0.00,11.0
justin bieber blood type,0,2,0.00,22.0
justin bieber enneagram,0,7,0.00,10.9
justin bieber human design,0,1,0.00,39.0
justin bieber mbti,0,14,0.00,20.7
justin bieber mbti type,0,1,0.00,14.0
justin bieber personality,0,18,0.00,18.5
justin bieber personality type,0,35,0.00,10.7
jynxzi personality,0,4,0.00,10.8
kacey musgraves mbti,0,1,0.00,11.0
kacey musgraves personality,0,1,0.00,6.0
kadin ross sober,0,4,0.00,11.0
kai ?,0,1,0.00,2.0
kai anderson mbti,0,1,0.00,2.0
kai cenat,0,4,0.00,3.3
kai cenat background,0,3,0.00,39.7
kai cenat backround,0,1,0.00,50.0
kai cenat different person,0,2,0.00,9.5
kai cenat emo,0,4,0.00,28.5
kai cenat emotion stylist,0,6,0.00,18.2
kai cenat help me,0,1,0.00,4.0
kai cenat identity theory,0,90,0.00,8.8
kai cenat meaning,0,1,0.00,17.0
kai cenat mom name,0,2,0.00,1.0
kai cenat ooh sour,0,1,0.00,10.0
kai cenat personality type,0,15,0.00,6.9
kai cenat physique,0,1,0.00,24.0
kai cenat profile,0,1,0.00,33.0
kai cenat profile picture explained,0,1,0.00,10.0
kai cenat rat,0,2,0.00,2.5
kai cenat stem joke explained,0,3,0.00,9.3
kai cenat theory explained,0,2,0.00,9.0
kai cenat thinking,0,1,0.00,52.0
kai gerber,0,1,0.00,3.0
kai havertz mbti,0,1,0.00,2.0
kai mbti,0,4,0.00,1.0
kai personality,0,3,0.00,13.3
kaia gerber,0,30,0.00,3.1
kaia gerber acting review,0,1,0.00,11.0
kaia gerber acting reviews,0,6,0.00,10.0
kaia gerber age,0,2,0.00,2.5
kaia gerber before and after surgery,0,1,0.00,2.0
kaia gerber body type,0,2,0.00,13.5
kaia gerber boyfriend,0,2,0.00,3.0
kaia gerber dating,0,2,0.00,2.5
kaia gerber good actress,0,1,0.00,3.0
kaia gerber height,0,6,0.00,2.0
kaia gerber is a bad actress,0,1,0.00,4.0
kaia gerber lewis pullman,0,1,0.00,3.0
kaia gerber library science,0,1,0.00,3.0
kaia gerber mbti,0,33,0.00,9.6
kaia gerber movies and tv shows,0,1,0.00,2.0
kaia gerber networth,0,1,0.00,3.0
kaia gerber personality,0,58,0.00,9.2
kaia gerber possessed,0,1,0.00,3.0
kaia gerber reading list,0,1,0.00,6.0
kaia gerber smart,0,1,0.00,3.0
kaia gerber teeth before and after,0,2,0.00,13.5
kaia gerber weight,0,1,0.00,3.0
kaia gerber weight loss,0,1,0.00,3.0
kaiisyourhomie breakup,0,1,0.00,11.0
kaise streamer mbti,0,1,0.00,1.0
kamala harris mbti,0,14,0.00,29.7
kamala harris personality type,0,5,0.00,13.0
kanye alive the limits of human personality,0,1,0.00,16.0
kanye personality,0,7,0.00,11.3
kanye west enneagram,0,64,0.00,7.8
kanye west enneagram type,0,1,0.00,9.0
kanye west human design,0,3,0.00,34.7
kanye west mbti,0,3,0.00,25.0
kanye west personality,0,152,0.00,15.1
kanye west personality traits,0,2,0.00,7.0
kanye west personality type,0,15,0.00,9.3
kara dimon wedding,0,1,0.00,3.0
kara leigh dimon,0,2,0.00,2.0
kara swisher,0,4,0.00,3.0
kara swisher 90s,0,2,0.00,56.0
kara swisher age,0,8,0.00,28.0
kara swisher amanda katz age,0,11,0.00,6.9
kara swisher amanda katz children,0,18,0.00,10.1
kara swisher amanda katz wedding,0,2,0.00,14.5
kara swisher book,0,5,0.00,2.0
kara swisher children,0,3,0.00,33.3
kara swisher current wife,0,1,0.00,17.0
kara swisher divorce,0,3,0.00,11.7
kara swisher documentary,0,1,0.00,3.0
kara swisher education,0,5,0.00,43.8
kara swisher ex husband,0,5,0.00,25.6
kara swisher ex wife,0,4,0.00,29.0
kara swisher family,0,7,0.00,21.6
kara swisher father,0,4,0.00,5.5
kara swisher first wife,0,2,0.00,28.5
kara swisher husband,0,2,0.00,17.5
kara swisher kids,0,11,0.00,17.0
kara swisher kids ages,0,1,0.00,20.0
kara swisher married,0,1,0.00,22.0
kara swisher net worth,0,1,0.00,3.0
kara swisher new wife,0,2,0.00,22.0
kara swisher parents,0,4,0.00,27.3
kara swisher partner,0,5,0.00,28.8
kara swisher partner amanda katz,0,1,0.00,10.0
kara swisher pregnant,0,1,0.00,25.0
kara swisher son,0,4,0.00,23.8
kara swisher sons,0,4,0.00,30.0
kara swisher spouse,0,1,0.00,23.0
kara swisher stroke,0,2,0.00,10.5
kara swisher wife,0,1,0.00,11.0
kara swisher wife age,0,1,0.00,11.0
kara swisher wife amanda,0,6,0.00,9.0
kara swisher wife amanda katz age,0,112,0.00,8.6
kara swisher wives,0,1,0.00,28.0
kara swisher young,0,6,0.00,32.3
kara swisher's wife,0,1,0.00,28.0
kardash,0,1,0.00,10.0
kardashian church california,0,1,0.00,2.0
kardashian mbti,0,1,0.00,13.0
kardashians mbti,0,3,0.00,14.0
kardashians ranked by personality,0,11,0.00,12.2
karen swisher,0,1,0.00,3.0
karsen liotta,0,1,0.00,3.0
kate hudson,0,1,0.00,3.0
kate middleton sophie edinburgh friendship,0,1,0.00,3.0
kate swisher,0,1,0.00,46.0
katherine fauvre,0,1,0.00,3.0
kathleen balgley wikipedia,0,1,0.00,23.0
kathleen turner net worth 2026,0,1,0.00,3.0
katie jean,0,5,0.00,3.8
katie jean palmisano,0,62,0.00,17.6
katie jean ryan,0,8,0.00,10.1
katie jean ryan inurl:opinion,0,1,0.00,16.0
katie jean shawn ryan,0,31,0.00,9.5
katie jean williams,0,6,0.00,4.2
katie jean williams shawn ryan navy seal wife,0,3,0.00,8.3
katy perry personality traits,0,1,0.00,12.0
katy perry personality type,0,18,0.00,9.6
kay mcconaughey,0,1,0.00,3.0
kayleigh rose amstutz,0,1,0.00,3.0
keaneu reeves,0,1,0.00,2.0
keanu reeves calm personality,0,1,0.00,11.0
keanu reeves enneagram,0,47,0.00,5.9
keanu reeves enneagram type,0,1,0.00,1.0
keanu reeves infp,0,1,0.00,21.0
keanu reeves introvert,0,2,0.00,45.5
keanu reeves mbti,0,6,0.00,32.5
keanu reeves personalidad,0,5,0.00,11.6
keanu reeves personality,0,41,0.00,14.7
keanu reeves personality traits,0,4,0.00,10.0
keanu reeves personality type,0,71,0.00,11.0
keanu reeves psyche,0,1,0.00,10.0
keanu reeves характер,0,2,0.00,10.0
keduanya,0,1,0.00,13.0
keith lee,0,5,0.00,1.2
keith lee mma,0,1,0.00,35.0
keke,0,1,0.00,2.0
keke charmer,0,12,0.00,6.3
keke palmer,0,1,0.00,7.0
keke palmer alter ego,0,1,0.00,11.0
keke palmer body type,0,1,0.00,11.0
keke palmer cor,0,1,0.00,10.0
keke palmer core,0,4,0.00,10.3
keke palmer enneagram,0,21,0.00,2.0
keke palmer irl,0,2,0.00,9.0
keke palmer life path number,0,3,0.00,11.3
keke palmer mbti,0,88,0.00,8.3
keke palmer personality type,0,54,0.00,6.0
kenapa meghan markle dihujat,0,1,0.00,2.0
kenapa nikola tesla miskin,0,1,0.00,11.0
kendall jenner blood type,0,1,0.00,11.0
kendall jenner height,0,1,0.00,2.0
kendall jenner jacob elordi,0,1,0.00,3.0
kendall jenner life path number,0,1,0.00,8.0
kendall jenner mbti,0,7,0.00,2.0
kendall jenner mbti personality type,0,2,0.00,9.5
kendall jenner mbti type,0,1,0.00,2.0
kendall jenner personality,0,20,0.00,9.9
kendall jenner personality traits,0,8,0.00,13.8
kendall jenner personality type,0,32,0.00,8.4
kendrick lamar enneagram,0,40,0.00,5.5
kendrick lamar mental health,0,1,0.00,52.0
kendrick lamar mental illness,0,2,0.00,46.0
kendrick lamar personality,0,155,0.00,9.5
kendrick lamar personality traits,0,5,0.00,8.8
kendrick lamar psychology,0,1,0.00,28.0
kennedy personality,0,5,0.00,22.2
kenneth taylor bella poarch,0,4,0.00,8.0
kepribadian lionel messi,0,1,0.00,7.0
kepribadiannya,0,1,0.00,4.0
kerro lisää,0,1,0.00,5.0
kevin corrigan,0,1,0.00,6.0
kevin hart,0,1,0.00,3.0
kevin hart personality,0,5,0.00,8.4
kevin hart personality type,0,21,0.00,6.0
khabib nurmagomedov personality,0,13,0.00,10.8
khabib personality,0,2,0.00,10.5
khabib?,0,2,0.00,7.5
khai hadid malik,0,1,0.00,2.0
khloe kardashian mbti,0,5,0.00,11.0
khloe kardashian personality,0,152,0.00,6.9
khloe kardashian personality traits,0,1,0.00,9.0
khloeee,0,1,0.00,4.0
khloé kardashian mbti,0,2,0.00,13.5
ki ?,0,1,0.00,2.0
ki manager jobs,0,1,0.00,3.0
kick myself morgan wallen meaning,0,1,0.00,44.0
kim k personality,0,2,0.00,6.5
kim kardashian mbti,0,1,0.00,2.0
kim kardashian mbti type,0,2,0.00,10.5
kim kardashian personality,0,27,0.00,18.9
kim kardashian personality traits,0,10,0.00,10.4
kim kardashian personality traits analysis,0,1,0.00,11.0
kim kardashian personality type,0,77,0.00,10.0
kim kardashian type,0,28,0.00,9.8
kim peki,0,1,0.00,5.0
kimberly alexis bledel,0,1,0.00,44.0
king charles prince harry interactions,0,1,0.00,3.0
kirstie alley,0,2,0.00,3.0
kirsty allen,0,1,0.00,3.0
kişilik özellikleri,0,1,0.00,3.0
kişiliği,0,1,0.00,1.0
klaus thiel religion,0,1,0.00,11.0
kloe,0,1,0.00,4.0
konspirasi kematian oliver tree,0,1,0.00,1.0
kourtney kardashian and rupert murdoch,0,1,0.00,9.0
kourtney kardashian neurodivergent,0,1,0.00,10.0
kourtney kardashian personality traits,0,8,0.00,6.4
kourtney kardashian personality type,0,42,0.00,4.5
kourtney kardashian self control,0,3,0.00,9.0
kouvr annon,0,1,0.00,3.0
kpop idols mbti intj,0,1,0.00,3.0
kris enneagram,0,8,0.00,8.1
kris jenner personality type,0,33,0.00,8.0
kristen bell interviews,0,1,0.00,100.0
kristen bell mbti,0,5,0.00,9.6
kristen bell personality,0,6,0.00,9.8
kronstorf,0,1,0.00,6.0
krystal ball,0,2,0.00,42.5
krystal ball controversy,0,1,0.00,10.0
krystal ball scandal,0,1,0.00,11.0
krystall ball,0,1,0.00,36.0
kye,0,1,0.00,2.0
kyle forgeard sister,0,1,0.00,11.0
kylie and timothee break up,0,1,0.00,3.0
kylie cantrall mbti,0,1,0.00,2.0
kylie jenner mbti,0,25,0.00,10.9
kylie jenner mbti type,0,10,0.00,8.9
kylie jenner personality traits,0,22,0.00,10.1
la prima,0,1,0.00,5.0
lady gaga body type,0,1,0.00,11.0
lady gaga enneagram,0,4,0.00,10.5
lady gaga hiding identity,0,12,0.00,8.8
lady gaga interview,0,1,0.00,40.0
lady gaga mbti,0,1,0.00,3.0
lady gaga personality,0,5,0.00,12.2
lady gaga personality type,0,1,0.00,18.0
lady gaga?,0,1,0.00,11.0
lamguage,0,1,0.00,4.0
lamine yamal mbti,0,2,0.00,11.0
lamine yamal personality,0,17,0.00,7.9
lamine yamal personality type,0,1,0.00,6.0
lamine yamal type,0,1,0.00,11.0
lana analyse,0,3,0.00,10.0
lana del ray,0,1,0.00,4.0
lana del rey,0,16,0.00,3.9
lana del rey astrology chart,0,1,0.00,3.0
lana del rey billboard chart history,0,1,0.00,2.0
lana del rey birthday,0,1,0.00,2.0
lana del rey blood type,0,1,0.00,2.0
lana del rey boyfriend list,0,1,0.00,3.0
lana del rey bpd,0,3,0.00,20.3
lana del rey cd list,0,1,0.00,3.0
lana del rey character,0,1,0.00,13.0
lana del rey concerts 2027,0,1,0.00,2.0
lana del rey core,0,4,0.00,17.3
lana del rey daughter,0,1,0.00,3.0
lana del rey enneagram,0,106,0.00,5.4
lana del rey flag,0,1,0.00,5.0
lana del rey grandfather please stand on the shoulders of my father while he’s deep‐sea fishing lyrics,0,1,0.00,4.0
lana del rey iq,0,3,0.00,6.7
lana del rey mbti,0,1,0.00,12.0
lana del rey metaphysics,0,4,0.00,19.3
lana del rey mood swings,0,3,0.00,3.0
lana del rey music genre,0,1,0.00,3.0
lana del rey new album,0,1,0.00,3.0
lana del rey personality traits,0,6,0.00,8.8
lana del rey personality type,0,56,0.00,9.6
lana del rey philosophy,0,1,0.00,21.0
lana del rey profile,0,3,0.00,52.7
lana del rey songs,0,1,0.00,2.0
lana del rey southern gothic,0,1,0.00,38.0
lana del rey technique meaning,0,3,0.00,9.7
lana del rey the profile,0,6,0.00,58.5
lana del rey ultraviolence,0,1,0.00,3.0
lana del rey who is she,0,1,0.00,29.0
lana del rey wiki,0,1,0.00,4.0
lana rhoades and jordi,0,1,0.00,10.0
lana rhoades and sky bri,0,1,0.00,6.0
lana rhoades heroin,0,2,0.00,14.5
lana rhoades mouth open,0,1,0.00,6.0
lana rhoades personality traits interview,0,1,0.00,6.0
lana rhoades sky bri,0,1,0.00,11.0
lana rhoades unseen porn,0,2,0.00,1.0
lana rhodes,0,1,0.00,9.0
lana zodiac sign,0,1,0.00,3.0
larry page,0,4,0.00,1.8
larry page and ray dalio,0,1,0.00,10.0
larry page azraq,0,1,0.00,10.0
larry page current role 2026,0,7,0.00,2.3
larry page current role alphabet 2026,0,4,0.00,6.3
larry page current role alphabet google 2026,0,1,0.00,5.0
larry page goyang,0,1,0.00,7.0
larry page interview,0,1,0.00,12.0
larry page leadership style,0,7,0.00,42.1
larry page personality,0,14,0.00,7.9
larry page sergey brin current role alphabet 2026,0,1,0.00,5.0
larry page sergey brin current roles alphabet 2026,0,2,0.00,9.5
lasagna del rey meaning,0,4,0.00,27.0
latest on meghan and harry,0,1,0.00,10.0
laufey mbti,0,1,0.00,4.0
laura dimon husband,0,1,0.00,2.0
lauren hashian wikipedia,0,1,0.00,19.0
lauren palmer,0,1,0.00,20.0
laurence t sorkin,0,1,0.00,11.0
lautaro martinez mbti,0,2,0.00,10.5
lautaro martínez mbti,0,1,0.00,20.0
layna caseoh,0,1,0.00,9.0
leadership enneagram,0,7,0.00,59.3
leadership style of ronald reagan,0,7,0.00,80.7
leah jaynes karp,0,12,0.00,30.3
leah jaynes karp wikipedia,0,4,0.00,20.3
least common enneagram type,0,1,0.00,3.0
least compatible enneagram types,0,4,0.00,23.3
least famous person in the world,0,1,0.00,3.0
lee ann mapother net worth,0,1,0.00,18.0
legit enneagram test,0,1,0.00,10.0
leighton meester,0,1,0.00,5.0
leighton meester e blake lively sono amiche,0,1,0.00,3.0
leila hormozi,0,8,0.00,2.5
leila hormozi 2015,0,1,0.00,9.0
leila hormozi age,0,4,0.00,2.0
leila hormozi before,0,1,0.00,25.0
leila hormozi before and after plastic surgery,0,1,0.00,25.0
leila hormozi bio,0,2,0.00,41.0
leila hormozi biography,0,1,0.00,30.0
leila hormozi childhood,0,2,0.00,10.5
leila hormozi college,0,15,0.00,7.8
leila hormozi degree,0,3,0.00,7.7
leila hormozi education,0,1,0.00,1.0
leila hormozi ethnicity,0,1,0.00,29.0
leila hormozi fat,0,1,0.00,2.0
leila hormozi height,0,1,0.00,3.0
leila hormozi leak,0,12,0.00,11.0
leila hormozi leaked,0,9,0.00,11.7
leila hormozi mbti,0,5,0.00,11.6
leila hormozi name before marriage,0,4,0.00,4.5
leila hormozi persian,0,1,0.00,11.0
leila hormozi personality type,0,5,0.00,6.2
leila hormozi pregnant,0,1,0.00,5.0
leila hormozi voice,0,1,0.00,3.0
leila hormozi young,0,1,0.00,19.0
leila.hormozi age,0,1,0.00,2.0
lena the plug sky bri,0,1,0.00,3.0
leo messi mbti,0,2,0.00,14.0
leo messi personality,0,1,0.00,24.0
leonardo da vinci,0,1,0.00,50.0
leonardo da vinci enneagram,0,4,0.00,7.3
leonardo da vinci mbti,0,6,0.00,20.3
leonardo da vinci personality,0,1,0.00,1.0
leonardo da vinci personality type,0,20,0.00,9.4
leonardo da vinci's personality and emotional triggers,0,2,0.00,11.0
leonardo dicaprio blood type,0,1,0.00,25.0
leonardo dicaprio freedom within the heart,0,1,0.00,11.0
leonardo dicaprio mbti type,0,1,0.00,20.0
leonardo dicaprio personality,0,45,0.00,15.2
leonardo dicaprio personality traits,0,1,0.00,11.0
leonardo dicaprio personality type,0,46,0.00,11.7
leonardo dicaprio type,0,11,0.00,11.2
letras de benson boone beautiful things,0,1,0.00,3.0
levf enneagram,0,1,0.00,2.0
lex fridman,0,3,0.00,3.0
lex fridman age,0,22,0.00,20.9
lex fridman birthday,0,2,0.00,38.0
lex fridman body,0,3,0.00,20.0
lex fridman children,0,6,0.00,10.5
lex fridman height,0,10,0.00,19.6
lex fridman height weight,0,1,0.00,28.0
lex fridman iq,0,24,0.00,18.9
lex fridman is an idiot,0,13,0.00,7.8
"lex fridman is known for frequently wearing a black suit, black tie, and white shirt.",0,40,0.00,7.8
"lex fridman is known for his distinctive style of always wearing a black suit, black tie, and white shirt.",0,32,0.00,9.5
"lex fridman is known for his signature style of wearing a black suit, black tie, and white shirt.",0,6,0.00,8.8
"lex fridman is known for wearing a black suit, black tie, and white shirt.",0,4,0.00,9.8
lex fridman kids,0,5,0.00,10.4
lex fridman mbti,0,2,0.00,11.0
lex fridman origin,0,1,0.00,1.0
lex fridman parents,0,1,0.00,11.0
lex fridman personal life,0,2,0.00,10.5
lex fridman physique,0,1,0.00,16.0
lex fridman portrait,0,1,0.00,25.0
lex fridman wife,0,13,0.00,16.5
lex fridman young,0,1,0.00,23.0
lex friedman age,0,2,0.00,21.5
lex friedman controlled opposition,0,3,0.00,11.0
lex friedman height,0,1,0.00,29.0
lies of p timothee chalamet,0,1,0.00,13.0
life of asmongold,0,7,0.00,8.7
like kai cenat,0,1,0.00,4.0
lili reinhart character analysis,0,16,0.00,9.1
lili reinhart eating disorder,0,1,0.00,31.0
lili reinhart eye color,0,1,0.00,36.0
lili reinhart interview,0,2,0.00,26.0
lili reinhart mental health,0,1,0.00,27.0
lili reinhart mr skin,0,12,0.00,10.1
lili reinhart ocd,0,3,0.00,29.0
lili reinhart personality,0,14,0.00,8.9
lili reinhart problematic,0,1,0.00,18.0
lili reinhart religion,0,4,0.00,19.0
lili reinhart sister,0,2,0.00,15.5
lily allen personality,0,7,0.00,8.3
lily tomlin,0,2,0.00,3.0
lionel messi,0,1,0.00,12.0
lionel messi autism,0,2,0.00,5.5
lionel messi blood type,0,2,0.00,19.5
lionel messi character,0,1,0.00,45.0
lionel messi character traits,0,3,0.00,28.7
lionel messi characteristics,0,2,0.00,32.5
lionel messi charakter,0,1,0.00,18.0
lionel messi enneagram,0,7,0.00,6.9
lionel messi enneagram type,0,24,0.00,5.8
lionel messi maradona,0,1,0.00,7.0
lionel messi mbti,0,24,0.00,11.6
lionel messi mbti official,0,1,0.00,11.0
lionel messi mbti personality type,0,35,0.00,8.7
lionel messi mbti type,0,26,0.00,7.4
lionel messi pdb,0,4,0.00,8.8
lionel messi personality traits,0,9,0.00,22.2
lionel messi personality traits character,0,3,0.00,14.0
lionel messi personality traits character description,0,5,0.00,15.2
lionel messi personality traits shyness introvert,0,1,0.00,10.0
lionel messi personality type,0,145,0.00,7.7
lionel messi qualities,0,3,0.00,40.3
lionel messi temperament,0,3,0.00,10.3
lionel scaloni mbti,0,35,0.00,7.4
list,0,1,0.00,12.0
list of enneagram types,0,2,0.00,66.0
list the top 20,0,1,0.00,4.0
live while we're young,0,1,0.00,5.0
lively,0,1,0.00,4.0
lively personality,0,23,0.00,10.4
lizzy pattinson,0,1,0.00,3.0
llama del rey,0,6,0.00,25.3
lo más probable,0,1,0.00,1.0
lo primero,0,1,0.00,4.0
logan paul personality,0,52,0.00,9.3
logan paul profile,0,1,0.00,50.0
logan paul shape,0,1,0.00,21.0
logan paul side profile,0,1,0.00,30.0
looksmaxxing clavicle width,0,8,0.00,3.6
lorraine bracco,0,3,0.00,3.0
lorraine bracco swimsuit photos,0,1,0.00,3.0
los dod,0,1,0.00,1.0
lost top 10,0,1,0.00,4.0
louis thomas hardy,0,1,0.00,3.0
louis tomlinson palaces,0,1,0.00,4.0
love language compatibility chart,0,1,0.00,14.0
lovelace enigma hawking,0,6,0.00,19.3
loyal guardian enneagram,0,1,0.00,47.0
loyal sceptic,0,1,0.00,40.0
loyal skeptic,0,4,0.00,55.8
loyalist enneagram,0,10,0.00,60.0
loyalist personality,0,2,0.00,45.0
loyalist personality type,0,6,0.00,55.3
luciana barroso,0,2,0.00,3.0
lucy founder nicotine,0,1,0.00,1.0
lucy pouches owner,0,1,0.00,1.0
luke winkie,0,5,0.00,43.6
lupita nyong'o speak spanish,0,1,0.00,100.0
"lyrics ""the man who controls everything""",0,5,0.00,5.8
"lyrics ""the man who controls everything"" song",0,2,0.00,6.5
lyrics espresso,0,1,0.00,5.0
lyrics to greased lightning,0,1,0.00,2.0
madelaine petsch childhood,0,1,0.00,10.0
madison beer,0,1,0.00,1.0
madison beer bipolar,0,1,0.00,35.0
madison beer bod,0,3,0.00,10.3
madison beer borderline personality,0,59,0.00,10.0
madison beer borderline personality disorder,0,3,0.00,21.7
madison beer borderline personality disorder diagnosis interview,0,7,0.00,8.6
madison beer bpd,0,28,0.00,11.1
madison beer controversy,0,1,0.00,6.0
madison beer diagnosis,0,51,0.00,9.6
madison beer facts,0,2,0.00,17.5
madison beer industry plant,0,11,0.00,6.8
madison beer iq,0,1,0.00,22.0
madison beer kind,0,1,0.00,10.0
madison beer mbti,0,56,0.00,10.4
madison beer mbti type,0,51,0.00,5.7
madison beer mental health,0,1,0.00,2.0
madison beer personality and public image,0,1,0.00,11.0
madison beer personality disorder,0,9,0.00,12.0
madison beer personality traits,0,19,0.00,6.8
madison beer personality traits interviews,0,8,0.00,9.4
madison beer personality type,0,84,0.00,5.7
madison beer public breakdown,0,3,0.00,10.3
madison beer stance on israel,0,1,0.00,5.0
madison beer type,0,21,0.00,9.0
madonna enneagram,0,1,0.00,3.0
madonna enneagram type,0,1,0.00,3.0
maggie gyllenhaal,0,1,0.00,3.0
maggie thurmon religion,0,1,0.00,36.0
maiken name,0,1,0.00,1.0
maitri enneagram,0,1,0.00,4.0
malcolm x enneagram type source,0,3,0.00,10.3
malik of one direction,0,1,0.00,13.0
man fuck him,0,1,0.00,9.0
manchild meaning sabrina carpenter,0,3,0.00,2.0
mandi gosling,0,1,0.00,3.0
manerisms,0,1,0.00,2.0
manifesting dua lipa,0,3,0.00,3.0
manipulative enneagram,0,21,0.00,6.7
mapother iv,0,2,0.00,17.5
maradona said messi has no personality,0,2,0.00,19.0
marc andreessen essays,0,2,0.00,20.0
marc andreessen young,0,1,0.00,35.0
marc chalamet,0,1,0.00,2.0
marcello hernandez adhd,0,1,0.00,28.0
marcello hernandez catholic,0,6,0.00,8.2
marcello hernandez controversy,0,1,0.00,29.0
marcello hernandez depression,0,1,0.00,10.0
marcello hernandez mbti,0,38,0.00,6.3
marcello hernandez zodiac sign,0,1,0.00,27.0
marcheline bertrand,0,3,0.00,3.0
marcus aurelius personality type,0,19,0.00,8.6
margaret qualley body type,0,1,0.00,3.0
margaret qualley braces,0,1,0.00,1.0
margaret qualley personality,0,4,0.00,9.0
margaret qualley possession,0,1,0.00,12.0
margot robbie,0,1,0.00,8.0
margot robbie character,0,2,0.00,28.0
margot robbie mbti,0,7,0.00,13.7
margot robbie mbti type,0,5,0.00,10.0
margot robbie personality traits,0,9,0.00,6.9
margot robbie personality traits interviews,0,3,0.00,6.3
margot robbie personality type,0,38,0.00,6.2
margot robbie profile,0,3,0.00,48.7
maria pope and bernard arnault,0,1,0.00,9.0
maried?,0,1,0.00,3.0
mariku,0,1,0.00,4.0
marilu henner,0,3,0.00,3.0
marily henner,0,1,0.00,3.0
marilyn monroe alter ego,0,1,0.00,33.0
marilyn monroe and robert de niro,0,2,0.00,25.0
marilyn monroe blood type,0,6,0.00,19.7
marilyn monroe character traits,0,4,0.00,10.8
marilyn monroe characteristics,0,8,0.00,14.9
marilyn monroe jung,0,2,0.00,29.5
marilyn monroe mbti,0,7,0.00,11.3
marilyn monroe mbti type,0,4,0.00,17.0
marilyn monroe personality traits,0,14,0.00,18.1
marilyn monroe personality type,0,238,0.00,9.8
marilyn monroe real personality,0,5,0.00,7.8
marilyn monroe traits,0,4,0.00,15.8
marisa tomei,0,1,0.00,3.0
mark zuckerberg characteristics,0,2,0.00,67.5
mark zuckerberg enneagram,0,33,0.00,10.5
mark zuckerberg is a robot,0,12,0.00,15.1
mark zuckerberg isn't human,0,2,0.00,15.5
mark zuckerberg personality,0,26,0.00,19.5
mark zuckerberg personality traits,0,2,0.00,35.5
mark zuckerberg personality type,0,2,0.00,14.5
mark zuckerberg qualities,0,1,0.00,67.0
mark zuckerberg sociopath,0,2,0.00,18.5
mark zuckerberg strengths,0,2,0.00,43.5
mark zuckerberg traits,0,3,0.00,39.0
"mark zuckerberg, dario amodei, sam altman",0,3,0.00,10.7
markiplier death,0,3,0.00,8.0
markiplier died,0,1,0.00,8.0
markiplier personality type,0,3,0.00,9.7
marriage enneagram compatibility chart,0,10,0.00,8.1
martin luther king flaws,0,1,0.00,58.0
martin luther king jr flaws,0,1,0.00,50.0
martin luther king jr personality,0,7,0.00,60.0
martin luther king jr weaknesses,0,1,0.00,57.0
martin luther king personality,0,9,0.00,45.8
martin luther king personality type,0,3,0.00,12.7
martin luther king weaknesses,0,5,0.00,50.8
matrix compatibility,0,4,0.00,9.0
matrix de compatibilidad,0,1,0.00,10.0
matrix enneagrams,0,2,0.00,7.0
matt damon,0,1,0.00,4.0
matt damon enneagram type,0,14,0.00,8.6
matt damon love scenes,0,1,0.00,2.0
matt damon movies,0,1,0.00,3.0
matt damon nice guy,0,1,0.00,3.0
matt damon personality,0,3,0.00,8.0
matt damon wife and kids,0,1,0.00,5.0
matt danzeisen,0,2,0.00,2.5
matt danzeisen religion,0,1,0.00,31.0
matt smith,0,3,0.00,3.0
matt smith ao3,0,1,0.00,3.0
matt smith ideal type,0,1,0.00,3.0
matt smith mbti,0,13,0.00,8.9
matt smith personality,0,7,0.00,10.0
matt smith spondylosis,0,1,0.00,6.0
matthew mcconaughey,0,3,0.00,3.7
matthew mcconaughey mbti,0,24,0.00,5.1
matthew mcconaughey personality,0,4,0.00,14.0
maurice boucher grimes,0,1,0.00,7.0
maurice boucher grimes father,0,1,0.00,11.0
maxwell psychology,0,1,0.00,11.0
mayt damon kids,0,1,0.00,3.0
mbti,0,2,0.00,2.0
mbti brad pitt,0,1,0.00,21.0
mbti dua lipa,0,3,0.00,12.0
mbti emma watson,0,1,0.00,17.0
mbti hailey bieber,0,2,0.00,18.5
mbti jordan peterson,0,1,0.00,4.0
mbti lionel messi,0,1,0.00,19.0
mbti marilyn monroe,0,2,0.00,8.0
mbti messi,0,3,0.00,8.0
mbti of messi,0,2,0.00,1.0
mbti oliver tree,0,6,0.00,8.0
mbti ryan gosling,0,4,0.00,12.0
mbti sabrina carpenter,0,1,0.00,2.0
mbti vs enneagram,0,2,0.00,39.0
mbti zendaya,0,1,0.00,1.0
mbtiは？,0,2,0.00,3.5
meanest enneagram,0,4,0.00,9.8
meaning of brad pitt,0,1,0.00,37.0
meaningful conversation in relationship,0,2,0.00,66.5
megan fox enneagram,0,19,0.00,8.7
megan fox mbti,0,2,0.00,7.5
megan fox personality,0,11,0.00,8.9
megan fox personality type,0,7,0.00,9.1
megan markle mbti,0,2,0.00,18.5
megan news,0,1,0.00,5.0
meghan,0,1,0.00,3.0
meghan and harry divorce rumors,0,1,0.00,2.0
meghan duchess of sussex,0,1,0.00,3.0
meghan harry london,0,1,0.00,4.0
meghan markle,0,7,0.00,5.7
meghan markle acting career,0,1,0.00,3.0
meghan markle analysis,0,4,0.00,9.3
meghan markle charakter,0,1,0.00,54.0
meghan markle chickens staying california,0,1,0.00,3.0
meghan markle controlling,0,2,0.00,2.5
meghan markle documentary flop,0,3,0.00,3.3
meghan markle estranged father comments,0,1,0.00,3.0
meghan markle father,0,1,0.00,2.0
meghan markle height,0,1,0.00,2.0
meghan markle is a narcissist,0,1,0.00,2.0
meghan markle martha stewart clash,0,1,0.00,3.0
meghan markle mbti,0,8,0.00,14.5
meghan markle mean,0,1,0.00,3.0
meghan markle mental health,0,1,0.00,2.0
meghan markle narcissist,0,5,0.00,3.2
meghan markle narzisstin,0,1,0.00,4.0
meghan markle news,0,4,0.00,2.5
meghan markle parents,0,1,0.00,3.0
meghan markle psychology,0,10,0.00,7.9
meghan markle public setbacks,0,1,0.00,3.0
meghan markle reportedly loses netflix role following intense uk backlash,0,1,0.00,3.0
meghan markle the gentleman,0,2,0.00,5.0
meghan markle the gentlemen,0,6,0.00,3.8
meghan markle true personality,0,21,0.00,9.6
meghan markle uk casting report,0,1,0.00,8.0
meghan markle's wedding dress,0,1,0.00,2.0
meghan narcissist,0,2,0.00,2.5
"meghan, duchess of sussex",0,6,0.00,3.8
"meghan, duchess of sussex children",0,1,0.00,3.0
mehmet behçet pike,0,1,0.00,24.0
mehmet behçet piker wife,0,14,0.00,12.4
mehmet behçet piker wikipedia,0,1,0.00,10.0
mehr,0,1,0.00,1.0
mehr schauspieler,0,1,0.00,6.0
mentalité fallon,0,3,0.00,10.7
meryl streep character,0,1,0.00,2.0
meryl streep enneagram type,0,14,0.00,4.2
meryl streep health issues,0,1,0.00,30.0
meryl streep mbti,0,3,0.00,17.3
meryl streep mean,0,1,0.00,37.0
meryl streep memory loss,0,1,0.00,45.0
meryl streep sick,0,1,0.00,18.0
meryl streep young legs,0,1,0.00,66.0
mesi mbti,0,2,0.00,10.0
messi,0,2,0.00,5.0
messi archetype,0,2,0.00,10.5
messi character,0,41,0.00,25.8
messi character traits,0,8,0.00,26.9
messi characteristics,0,4,0.00,35.0
messi charakter,0,1,0.00,18.0
messi introvert,0,2,0.00,25.0
messi mala persona,0,4,0.00,13.0
messi mbti personality,0,1,0.00,18.0
messi mbti personality type,0,19,0.00,9.1
messi mbti type,0,17,0.00,9.7
messi mute,0,2,0.00,11.0
messi myers briggs,0,19,0.00,8.2
messi pdb,0,3,0.00,10.0
messi personality database,0,1,0.00,10.0
messi personality reddit,0,1,0.00,4.0
messi personality traits,0,4,0.00,18.0
messi personality type mbti,0,1,0.00,11.0
messi quiet personality,0,1,0.00,18.0
messi shy,0,1,0.00,56.0
messi temperament,0,2,0.00,10.0
messi traits,0,2,0.00,26.0
messi type,0,9,0.00,9.4
messi wife mbti,0,3,0.00,7.7
messi's personality,0,13,0.00,14.8
mgk personality,0,11,0.00,8.2
mia goth,0,2,0.00,3.0
michael a. jordan,0,3,0.00,26.3
michael b jordan acting,0,2,0.00,38.0
michael b jordan bad actor,0,1,0.00,17.0
michael b jordan bully,0,1,0.00,6.0
michael b jordan form,0,1,0.00,19.0
michael b jordan is not a good actor,0,1,0.00,18.0
michael b jordan mbti,0,15,0.00,7.1
michael b jordan personality,0,92,0.00,10.3
michael douglas,0,1,0.00,3.0
michael jordan enneagram type,0,2,0.00,19.0
michael jordan personality type,0,1,0.00,20.0
michael keaton,0,2,0.00,4.0
michael seibel age,0,1,0.00,65.0
michael seibel ethnicity,0,3,0.00,18.0
michael seibel family,0,5,0.00,5.2
michael seibel religion,0,23,0.00,7.8
michael seibel wife,0,11,0.00,14.5
michael seibel wife sarah,0,16,0.00,9.4
michael siebel,0,1,0.00,3.0
michelle obama enneagram,0,17,0.00,8.9
michelle obama enneagram type,0,16,0.00,10.7
michelle obama intj,0,1,0.00,37.0
michelle obama mbti,0,4,0.00,30.3
michelle obama personality,0,4,0.00,25.5
michelle obama personality traits,0,2,0.00,41.5
michelle obama personality type,0,17,0.00,21.4
michelle obama traits,0,1,0.00,45.0
mid clavicular,0,1,0.00,20.0
mid clavicular line,0,1,0.00,42.0
mid-clavicular line,0,2,0.00,49.0
mike majlak addiction,0,11,0.00,10.5
mike majlak addiction story,0,2,0.00,10.5
mike majlak drug addiction,0,1,0.00,17.0
mike majlak drugs,0,30,0.00,10.1
mike majlak during addiction,0,10,0.00,11.5
mike majlak heroin,0,11,0.00,11.1
mike majlak high school,0,10,0.00,10.1
mike majlak mom,0,1,0.00,9.0
mike majlak parents,0,5,0.00,11.6
mike majlak sara maughan,0,1,0.00,1.0
mike majlak sober,0,12,0.00,7.3
mike majlak wiki,0,2,0.00,6.0
mike majlak wikipedia,0,1,0.00,9.0
mike majlak young,0,4,0.00,10.5
mike malack,0,20,0.00,9.8
mike maljak,0,1,0.00,2.0
mike seibel,0,1,0.00,13.0
mikey madison,0,1,0.00,3.0
mikey madison childhood,0,22,0.00,9.9
mikey madison disappeared,0,2,0.00,6.0
mikey madison it takes three,0,1,0.00,38.0
mikey madison no social media,0,4,0.00,10.8
mikey madison personality,0,77,0.00,8.7
mikey madison role,0,1,0.00,5.0
mikey madison shy,0,1,0.00,18.0
mila kunis mbti,0,1,0.00,3.0
mila kunis personality,0,7,0.00,9.7
miles teller a nice guy,0,1,0.00,29.0
miles teller acting,0,1,0.00,36.0
miles teller arrogant,0,1,0.00,11.0
miles teller attitude,0,4,0.00,10.5
miles teller difficult to work with,0,2,0.00,31.0
miles teller drama,0,1,0.00,34.0
miles teller ego,0,1,0.00,36.0
miles teller hard to work with,0,3,0.00,28.3
miles teller is a jerk,0,1,0.00,28.0
miles teller looks like,0,1,0.00,23.0
miles teller mbti,0,41,0.00,7.7
miles teller mean,0,2,0.00,40.5
miles teller nose,0,1,0.00,29.0
miles teller personality,0,82,0.00,7.8
miles teller problematic,0,1,0.00,32.0
miles teller problems,0,1,0.00,33.0
miles teller profile,0,2,0.00,43.5
miles teller reputation,0,3,0.00,38.0
miles teller rude,0,1,0.00,19.0
miles teller side profile,0,2,0.00,38.0
miley cyrus,0,2,0.00,5.0
miley cyrus about,0,1,0.00,2.0
miley cyrus birthday,0,1,0.00,2.0
miley cyrus crazy,0,1,0.00,2.0
miley cyrus personality traits,0,5,0.00,21.0
miley cyrus personality type,0,17,0.00,11.1
millie bobbie brown mbti,0,11,0.00,10.4
millie bobby brown iq,0,1,0.00,21.0
millie bobby brown mbti,0,443,0.00,9.9
millie bobby brown mbti type,0,13,0.00,9.1
millie bobby brown personality,0,19,0.00,13.9
millie bobby brown personality traits,0,10,0.00,7.4
"millie bobby brown wikidata_notable_role ""eleven""",0,1,0.00,8.0
milly alcock mbti,0,1,0.00,3.0
milly alcock personality,0,3,0.00,5.7
milly alcock personality type,0,1,0.00,11.0
milly bobby brown mbti,0,1,0.00,10.0
milyen a személyisége?,0,1,0.00,1.0
mindy kaling enneagram,0,36,0.00,10.9
mira murati children,0,1,0.00,11.0
mitski enneagram,0,4,0.00,1.3
miyazaki personality,0,1,0.00,11.0
mlk personality,0,2,0.00,45.5
mlk personality type,0,3,0.00,17.0
mobland season 2,0,1,0.00,1.0
monsanto climate corp ceo,0,7,0.00,29.7
monsters ella langley meaning,0,1,0.00,44.0
more,0,4,0.00,6.3
more actors?,0,1,0.00,61.0
more please,0,1,0.00,3.0
more ppl,0,1,0.00,2.0
morgan wallen,0,7,0.00,8.3
morgan wallen alias,0,1,0.00,11.0
morgan wallen mbti,0,1,0.00,11.0
morgan wallen personality,0,39,0.00,9.1
morgan wallen radio,0,1,0.00,10.0
morgan wallen shakira,0,1,0.00,23.0
most accurate enneagram test,0,70,0.00,25.2
most accurate enneagram test free,0,12,0.00,16.4
most accurate free enneagram test,0,3,0.00,20.3
most common enneagram,0,3,0.00,2.3
most common enneagram pairings,0,1,0.00,8.0
most common enneagram types,0,1,0.00,3.0
most common instinctual variants,0,3,0.00,35.3
most compatible enneagrams,0,4,0.00,9.3
most dangerous enneagram type,0,2,0.00,27.5
most depressed enneagram,0,31,0.00,5.4
most emotional enneagram,0,3,0.00,20.7
most evil enneagram,0,9,0.00,10.2
most hated enneagram type,0,3,0.00,29.0
most introverted enneagram,0,1,0.00,3.0
most narcissistic enneagram,0,5,0.00,11.2
most popular enneagram type,0,1,0.00,3.0
most reliable enneagram test,0,5,0.00,30.4
most selfish enneagram,0,1,0.00,17.0
most stubborn enneagram,0,1,0.00,64.0
most successful enneagram type,0,1,0.00,27.0
mother teresa black and white,0,1,0.00,23.0
movie face off,0,1,0.00,2.0
movies with zendaya,0,1,0.00,2.0
mr beast autism,0,1,0.00,22.0
mr beast has no personality,0,3,0.00,8.0
mr beast lost his old personality after becoming popular,0,18,0.00,8.3
mr beast personality,0,11,0.00,9.4
mr beast personality type,0,28,0.00,10.3
mr beast worldview,0,4,0.00,12.0
mrbeast mbti,0,1,0.00,31.0
mrbeast personality,0,36,0.00,10.1
mrbeast personality traits,0,1,0.00,10.0
mrbeast personality type,0,15,0.00,10.8
"mrbeast wiki ""last to leave circle wins $500,000""",0,1,0.00,9.0
"musician ""dropped out of notre dame""",0,2,0.00,8.5
"musician ""dropped out of notre dame"" singer",0,3,0.00,7.3
"musician ""father was murdered when he was eight""",0,48,0.00,8.0
musician personality type,0,1,0.00,22.0
musk personality type,0,2,0.00,30.0
my boyfriend and i don t have meaningful conversations,0,1,0.00,37.0
my enneagram,0,5,0.00,47.4
my enneagram type,0,407,0.00,44.7
my favorite murder podcast,0,1,0.00,2.0
"my main motivations: loves love my main pain points: doesn’t want to be in pain, a bit delusional. what is the tonight show starring jimmy fallon about and is it worth watching for someone who has never seen it",0,5,0.00,1.0
my name is dark grimes meaning,0,1,0.00,53.0
myers briggs and enneagram,0,8,0.00,47.3
myers briggs and enneagram test,0,4,0.00,68.8
myers briggs enneagram,0,23,0.00,50.3
myers briggs enneagram test,0,3,0.00,59.7
myers briggs or enneagram,0,6,0.00,44.2
myers briggs to enneagram,0,2,0.00,44.5
myers briggs type quiz,0,1,0.00,3.0
myers briggs vs enneagram,0,26,0.00,39.9
más,0,1,0.00,13.0
n portman,0,1,0.00,9.0
n3on disease,0,3,0.00,10.3
n3on loyals,0,13,0.00,3.1
nancy grace mbti,0,1,0.00,3.0
nancy pelosi iq,0,2,0.00,19.0
nancy pelosi personality,0,1,0.00,8.0
nancy pelosi wiki,0,1,0.00,48.0
naomi osaka and kourtney kardashian,0,4,0.00,7.8
napoleon enneagram,0,22,0.00,7.1
nara smith birthday,0,1,0.00,11.0
nara smith mbti,0,5,0.00,6.6
naranjo enneagram,0,1,0.00,3.0
narcissist enneagram,0,1,0.00,14.0
natalie portman,0,1,0.00,3.0
natalie portman character,0,1,0.00,32.0
natalie portman developing,0,1,0.00,23.0
natalie portman enneagram,0,3,0.00,10.0
natalie portman intelligence,0,1,0.00,14.0
natalie portman mbti,0,12,0.00,18.4
natalie portman mbti type,0,1,0.00,12.0
natalie portman personality traits interviews,0,6,0.00,6.8
natalie portman psychology,0,5,0.00,27.0
natasha chernyak lawyer,0,4,0.00,4.5
nate bargatze,0,1,0.00,6.0
nate bargatze theme park nashville,0,1,0.00,9.0
nate boone benson boone,0,1,0.00,69.0
nathalie chamath,0,1,0.00,1.0
nathalie dompe chamath,0,1,0.00,18.0
nathalie dompé children,0,1,0.00,7.0
nathalie dompé husband,0,1,0.00,21.0
nathalie palihapitiya,0,3,0.00,10.0
nathan laskin jon stewart,0,5,0.00,10.4
national portrait gallery charli xcx,0,1,0.00,6.0
negative enneagram,0,7,0.00,24.6
negative enneagram test,0,2,0.00,11.0
negative enneagram types,0,26,0.00,12.5
neil darrow strauss,0,27,0.00,11.5
neil strauss,0,2,0.00,5.0
neil strauss before,0,2,0.00,9.0
neil strauss body count,0,4,0.00,10.5
neil strauss children,0,1,0.00,2.0
neil strauss gra,0,1,0.00,4.0
neil strauss jewish,0,18,0.00,7.9
neil strauss owen cook,0,12,0.00,5.2
neil strauss tyler durden,0,4,0.00,7.8
nein für frauen,0,1,0.00,5.0
neitcha,0,2,0.00,47.5
nerdy cherrywell porn,0,2,0.00,10.0
never met anyone like you ella langley meaning,0,2,0.00,47.0
new enneagram test,0,2,0.00,31.0
newsom psychological,0,1,0.00,51.0
newsom?,0,1,0.00,1.0
nhân vật nào,0,1,0.00,2.0
nick nayersina,0,4,0.00,2.3
nicki minaj personality,0,3,0.00,7.7
nicole kidman,0,1,0.00,62.0
nicole kidman is weird,0,1,0.00,15.0
nicole kidman mbti,0,2,0.00,7.5
nicole kidman personality,0,58,0.00,10.2
nicole kidman personality type,0,94,0.00,9.0
nietzsche enneagram type,0,7,0.00,4.3
nietzsche mbti,0,13,0.00,22.3
nietzsche mbti type,0,5,0.00,8.4
nietzsche pdb,0,1,0.00,10.0
niggas 25 with personas,0,2,0.00,7.0
nights like these benson boone meaning,0,1,0.00,49.0
nikola tesla,0,2,0.00,4.5
nikola tesla and the pigeon,0,1,0.00,11.0
nikola tesla blood type,0,15,0.00,22.3
nikola tesla broke,0,3,0.00,10.0
nikola tesla character traits,0,6,0.00,19.0
nikola tesla characteristics,0,1,0.00,48.0
nikola tesla enneagram,0,4,0.00,4.3
nikola tesla enneagram type,0,8,0.00,3.0
nikola tesla mbti,0,3,0.00,31.3
nikola tesla motivations and fears,0,1,0.00,6.0
nikola tesla personality traits,0,5,0.00,19.2
nikola tesla personality type,0,114,0.00,10.2
nikola tesla work ethic,0,2,0.00,26.5
nine as,0,2,0.00,11.5
nine enneagram,0,5,0.00,39.6
nine enneagram test,0,1,0.00,10.0
nine expert,0,1,0.00,54.0
nine insights,0,4,0.00,40.5
nine maps,0,1,0.00,27.0
nine questions,0,3,0.00,22.3
nine takes,0,37,0.00,3.0
nine types of enneagram,0,1,0.00,28.0
nineinchalpha,0,2,0.00,20.5
nines enneagram,0,1,0.00,26.0
no i mean the members,0,1,0.00,7.0
no links just answer,0,1,0.00,8.0
noah kahan mbti,0,1,0.00,3.0
"noah wyle ""tie"" high school",0,10,0.00,10.5
noah wyle mbti,0,12,0.00,5.8
noah wyle personality,0,18,0.00,6.3
noah wyle photographic memory,0,1,0.00,8.0
noch etwas,0,1,0.00,3.0
noelle deltarune enneagram,0,1,0.00,22.0
non c est pas elle,0,1,0.00,5.0
now details,0,1,0.00,7.0
nrg ronaldo,0,1,0.00,2.0
number 1 enneagram,0,5,0.00,62.4
number 1 personality type,0,1,0.00,47.0
number 2 enneagram,0,1,0.00,51.0
number 3 enneagram,0,5,0.00,31.6
number 4 enneagram,0,3,0.00,59.0
number 5 enneagram,0,7,0.00,56.4
number 6 enneagram,0,8,0.00,63.3
number 6 personality type,0,2,0.00,53.5
number 9 enneagram,0,3,0.00,48.3
number 9 personality type,0,1,0.00,46.0
o de lancome,0,1,0.00,3.0
oba wątki,0,1,0.00,3.0
obama enneagram,0,12,0.00,10.4
obama personality,0,1,0.00,51.0
odessa a'zion,0,3,0.00,3.3
odessa a'zion bobby hill,0,2,0.00,9.0
odessa a'zion industry plant,0,8,0.00,7.5
odessa a'zion last name change,0,1,0.00,11.0
odessa a'zion name change,0,3,0.00,12.0
odessa a'zion why did she change her name,0,1,0.00,10.0
odessa azion name change,0,2,0.00,15.0
odetari mbti,0,1,0.00,3.0
official enneagram test,0,4,0.00,39.0
ohalo david friedberg,0,2,0.00,64.5
ohalo founder,0,1,0.00,68.0
ohalo genetics david friedberg,0,1,0.00,56.0
oke,0,1,0.00,13.0
ok😂,0,1,0.00,2.0
old asmongold,0,1,0.00,11.0
oliver personality,0,1,0.00,9.0
oliver tree,0,44,0.00,3.3
oliver tree alive or dead,0,1,0.00,2.0
oliver tree appearance description,0,1,0.00,11.0
oliver tree autopsy,0,2,0.00,2.0
oliver tree body after crash,0,1,0.00,2.0
oliver tree body image,0,1,0.00,17.0
oliver tree character,0,2,0.00,15.5
oliver tree childhood,0,30,0.00,10.2
oliver tree coroner report,0,1,0.00,3.0
oliver tree cousin wayne,0,5,0.00,12.0
oliver tree crash investigation,0,1,0.00,6.0
oliver tree dead,0,1,0.00,2.0
oliver tree dead body,0,1,0.00,2.0
oliver tree death,0,2,0.00,2.0
oliver tree feet,0,1,0.00,11.0
oliver tree good person,0,1,0.00,3.0
oliver tree iq,0,1,0.00,8.0
oliver tree mbti type,0,2,0.00,8.5
oliver tree mean,0,1,0.00,7.0
oliver tree merch,0,1,0.00,6.0
oliver tree news,0,1,0.00,10.0
oliver tree numerology,0,1,0.00,7.0
oliver tree persona,0,14,0.00,11.1
oliver tree persona names,0,8,0.00,10.0
oliver tree personalities,0,2,0.00,9.0
oliver tree personality,0,122,0.00,6.9
oliver tree personality type,0,26,0.00,4.0
oliver tree personas,0,222,0.00,8.0
oliver tree real face,0,1,0.00,2.0
oliver tree real personality,0,4,0.00,9.5
oliver tree scooter crash,0,1,0.00,2.0
oliver tree sexuality,0,16,0.00,9.5
oliver tree singer,0,1,0.00,3.0
oliver tree teenager,0,1,0.00,11.0
oliver tree thesis,0,1,0.00,8.0
oliver tree wiki english,0,1,0.00,5.0
oliver tree with wings,0,1,0.00,10.0
oliver tree เสียชีวิต,0,1,0.00,1.0
oliver tree メラニー,0,1,0.00,7.0
oliver tree 死亡,0,1,0.00,3.0
oliver treee,0,1,0.00,3.0
oliver trees last words on the helicopter,0,1,0.00,2.0
oliver trees personas,0,14,0.00,7.9
oliver who died in plane crash,0,1,0.00,2.0
olivia cooke birthmark,0,1,0.00,10.0
olivia cooke face shape,0,2,0.00,8.5
olivia cooke personality,0,2,0.00,8.0
olivia cooke six,0,1,0.00,9.0
olivia cooke thick,0,6,0.00,9.0
olivia munn deep fake,0,1,0.00,27.0
olivia munn mbti,0,3,0.00,10.7
olivia munn nude leak,0,1,0.00,41.0
olivia munn personality,0,17,0.00,8.9
olivia munn stepfather,0,4,0.00,10.0
olivia newton john,0,10,0.00,3.0
olivia newton-john,0,2,0.00,3.5
olivia newton-john funeral,0,1,0.00,3.0
olivia rodrigo,0,2,0.00,4.0
olivia rodrigo bizaardvark age,0,1,0.00,2.0
olivia rodrigo enneagram,0,3,0.00,1.7
olivia rodrigo myers briggs,0,1,0.00,4.0
olivier tree,0,1,0.00,3.0
olr,0,1,0.00,2.0
olur,0,1,0.00,5.0
one direction,0,1,0.00,2.0
one direction mbti,0,6,0.00,1.8
one direction night changes,0,1,0.00,4.0
one enneagram,0,5,0.00,58.4
one enneagram type,0,1,0.00,78.0
online enneagram assessment,0,1,0.00,31.0
only fans sky bri,0,1,0.00,10.0
oppenheimer couldn't run a hamburger stand,0,1,0.00,73.0
oppenheimer personality,0,7,0.00,14.7
oppenheimer personality type,0,94,0.00,9.3
opposite of enneagram 3,0,1,0.00,25.0
opposite of enneagram 9,0,1,0.00,42.0
oprah mbti,0,1,0.00,33.0
oprah mean,0,1,0.00,29.0
oprah personality,0,6,0.00,28.0
oprah personality type,0,1,0.00,65.0
oprah winfrey character traits,0,4,0.00,46.0
oprah winfrey characteristics,0,9,0.00,62.3
oprah winfrey enneagram type,0,15,0.00,8.3
oprah winfrey mbti,0,2,0.00,13.0
oprah winfrey mbti type,0,1,0.00,26.0
oprah winfrey personality,0,8,0.00,25.1
oprah winfrey personality traits,0,8,0.00,38.1
oprah winfrey personality type,0,6,0.00,20.2
oprah winfrey traits,0,4,0.00,58.8
oscar maximilian jackman,0,1,0.00,3.0
other 5,0,1,0.00,62.0
other types of love language,0,2,0.00,5.5
oui,0,1,0.00,3.0
overview of enneagram types,0,1,0.00,68.0
owen cook neil strauss,0,4,0.00,6.3
owen harris neistat,0,1,0.00,1.0
owen neistat,0,12,0.00,4.4
owen neistat age,0,1,0.00,1.0
owen neistat college,0,2,0.00,12.5
owen neistat mom,0,9,0.00,1.0
owen neistat robin harris,0,1,0.00,11.0
owen van natta net worth,0,4,0.00,28.0
pagerank larry page,0,1,0.00,56.0
paid enneagram test,0,1,0.00,22.0
pale kreyol,0,1,0.00,7.0
palmer luckey and chris hemsworth,0,1,0.00,11.0
palmer luckey college,0,1,0.00,55.0
palmer luckey copper jacket,0,2,0.00,23.0
palmer luckey cosplay,0,1,0.00,31.0
palmer luckey costume,0,1,0.00,10.0
palmer luckey iq,0,7,0.00,20.7
palmer luckey jacket,0,1,0.00,30.0
palmer luckey mother,0,1,0.00,11.0
palmer luckey paul graham,0,1,0.00,9.0
paloma sandoval height,0,4,0.00,10.8
parents profession,0,1,0.00,6.0
paris hilton and rupert murdoch,0,1,0.00,9.0
paris hilton character,0,1,0.00,16.0
paris hilton intelligent,0,2,0.00,30.5
paris hilton mbti,0,1,0.00,12.0
paris hilton personality,0,18,0.00,8.6
paris hilton personality type,0,4,0.00,5.5
paris hilton real personality,0,11,0.00,9.3
partner kara swisher,0,1,0.00,31.0
party type,0,1,0.00,1.0
patrick jane enneagram,0,1,0.00,1.0
patrick mahomes personality,0,19,0.00,8.2
patrick thiel,0,1,0.00,1.0
patrick-arnault-creation.com,0,2,0.00,34.0
paul giamatti,0,3,0.00,3.3
paul graham paintings,0,1,0.00,38.0
paul graham palmer luckey,0,2,0.00,30.5
paul mescal instagram,0,1,0.00,2.0
paul mescal personality,0,2,0.00,7.5
paul mescal personality type,0,1,0.00,11.0
paul personality,0,1,0.00,1.0
pauletta washington,0,1,0.00,3.0
peacekeeper personality,0,3,0.00,78.3
peacemaker enneagram,0,8,0.00,44.4
peacemaker personality,0,1,0.00,42.0
peacemaker personality type,0,2,0.00,44.5
pedro pascal personality type,0,1,0.00,6.0
peer reviewed enneagram scientific validity,0,1,0.00,9.0
peer reviewed enneagram scientific validity criticism,0,3,0.00,8.7
peer reviewed enneagram scientific validity review,0,32,0.00,10.1
peer reviewed enneagram validity,0,2,0.00,10.0
peer reviewed enneagram validity criticism,0,13,0.00,10.8
peer reviewed enneagram validity reliability review 2020,0,1,0.00,9.0
peer reviewed enneagram validity review,0,1,0.00,11.0
peer reviewed enneagram validity scientific evidence review,0,3,0.00,11.3
peer reviewed enneagram validity study,0,7,0.00,10.3
peer reviewed enneagram validity study review,0,1,0.00,8.0
peer reviewed enneagram validity systematic review,0,3,0.00,10.3
peer reviewed review enneagram scientific validity,0,2,0.00,11.5
peer reviewed review enneagram validity,0,1,0.00,9.0
penelope cruz depression,0,1,0.00,12.0
penelope cruz mbti,0,2,0.00,10.0
people julia fox 4b movement,0,1,0.00,9.0
people like sky bri,0,62,0.00,8.2
percentage of enneagram types,0,6,0.00,12.7
perfectionist enneagram,0,1,0.00,47.0
pero el youtuber,0,1,0.00,3.0
pero reales,0,1,0.00,15.0
persona charli xcx lyrics,0,1,0.00,5.0
personalidad,0,6,0.00,4.8
personalidad de brad pitt,0,1,0.00,37.0
personalidad de ella,0,2,0.00,3.5
personalidad de sabrina carpenter,0,1,0.00,3.0
personalidade,0,4,0.00,5.0
personalidade traços,0,1,0.00,3.0
personalities,0,1,0.00,7.0
personality,0,4,0.00,4.3
personality 1,0,1,0.00,47.0
personality 5,0,5,0.00,45.4
personality 6,0,4,0.00,56.3
personality 9,0,1,0.00,54.0
personality 9 enneagram,0,1,0.00,57.0
personality 9 types,0,2,0.00,34.0
personality ariana grande,0,6,0.00,10.5
personality celebrity,0,1,0.00,89.0
personality famous,0,3,0.00,12.0
personality lamine yamal,0,1,0.00,9.0
personality lana del rey,0,1,0.00,11.0
personality lionel messi,0,4,0.00,19.5
personality of elon musk,0,4,0.00,37.8
personality of jfk,0,3,0.00,21.7
personality of lionel messi,0,2,0.00,22.0
personality of marilyn monroe,0,2,0.00,10.5
personality of messi,0,3,0.00,23.0
personality of steve jobs,0,6,0.00,12.2
personality of winston churchill,0,4,0.00,24.8
personality test 1-9,0,3,0.00,76.0
personality test 5,0,1,0.00,5.0
personality test 6,0,2,0.00,48.0
personality test type 1,0,1,0.00,93.0
personality traits of elon musk,0,1,0.00,75.0
personality traits of steve jobs,0,1,0.00,40.0
personality type,0,2,0.00,3.0
personality type 1,0,8,0.00,58.9
personality type 3,0,7,0.00,36.3
personality type 5,0,10,0.00,42.2
personality type 6,0,5,0.00,56.8
personality type 7,0,1,0.00,57.0
personality type 9,0,4,0.00,57.0
personality type 9 enneagram,0,4,0.00,57.0
personality type elon musk,0,1,0.00,34.0
personality type of albert einstein,0,2,0.00,34.0
personality type of elon musk,0,1,0.00,33.0
personality type of steve jobs,0,11,0.00,10.8
personality types 9,0,1,0.00,77.0
personality wise,0,1,0.00,4.0
personlighed,0,1,0.00,2.0
persoonlijkheid,0,1,0.00,3.0
persönlichkeit?,0,1,0.00,3.0
pete davidson iq,0,4,0.00,9.3
pete davidson master's thesis written about him,0,3,0.00,10.3
pete davidson mbti,0,1,0.00,11.0
pete davidson personality,0,33,0.00,9.4
peter crouch net worth,0,1,0.00,3.0
peter fey,0,1,0.00,2.0
peter parker personality tom holland,0,6,0.00,24.5
peter thiel,0,2,0.00,3.0
peter thiel 9/11,0,1,0.00,42.0
peter thiel anagram,0,4,0.00,25.8
peter thiel asperger,0,1,0.00,42.0
peter thiel enneagram type,0,6,0.00,1.8
peter thiel enneagram type source,0,19,0.00,2.2
peter thiel eyes,0,1,0.00,26.0
peter thiel face,0,3,0.00,31.7
peter thiel face scars,0,1,0.00,27.0
peter thiel grew up where,0,1,0.00,1.0
peter thiel jung,0,1,0.00,50.0
peter thiel mbti,0,7,0.00,20.1
peter thiel mbti entp source,0,7,0.00,10.4
peter thiel mbti official source,0,1,0.00,11.0
peter thiel mbti self reported,0,1,0.00,9.0
peter thiel mbti type,0,5,0.00,9.2
peter thiel mbti type source,0,5,0.00,8.4
peter thiel personality,0,11,0.00,12.7
peter thiel personality traits,0,2,0.00,10.0
peter thiel personality type,0,43,0.00,9.7
peter thiel psychological profile,0,2,0.00,12.0
peter thiel psychology,0,8,0.00,12.9
peter thiel skin,0,1,0.00,28.0
peter thiel sociopath,0,2,0.00,33.5
peter thiel the reptile anagram,0,2,0.00,28.0
peter thiel wife,0,2,0.00,2.0
peter thiel worst takes,0,1,0.00,11.0
phenomenon john travolta,0,1,0.00,4.0
phenomenon movie,0,1,0.00,3.0
pheobe bridgers mbti,0,6,0.00,9.2
phoebe bridgers mbti,0,84,0.00,9.7
phoebe bridgers personality,0,34,0.00,7.1
phoebe bridgers personality type,0,11,0.00,5.0
phoebe?,0,1,0.00,6.0
phoenix personality,0,1,0.00,14.0
phoenix personality traits,0,2,0.00,15.5
pi ole,0,1,0.00,3.0
pink pantheress personality,0,10,0.00,6.6
pink pantheress personality type,0,2,0.00,5.5
pinkpantheress mbti,0,2,0.00,3.0
pinkpantheress mbti type,0,1,0.00,8.0
pinkpantheress personality,0,16,0.00,7.4
pinkpantheress personality type,0,9,0.00,5.3
pliver tree died,0,1,0.00,2.0
pochodzenie,0,1,0.00,10.0
pocketdimes.com,0,2,0.00,30.5
podcast forbes,0,1,0.00,2.0
podcast highest paid,0,1,0.00,1.0
podcasters,0,1,0.00,3.0
podcasters list,0,2,0.00,1.0
"poet ""sealed the room"" suicide 1930s",0,41,0.00,7.7
"poet ""sealed the room"" suicide 1930s poet",0,38,0.00,9.1
pokimane image chest,0,1,0.00,43.0
pokimane personality,0,2,0.00,11.0
politician personality type,0,1,0.00,5.0
polymarket sam altman dario amodei elon musk demis hassabis,0,1,0.00,10.0
popular charlie puth songs,0,1,0.00,9.0
porn sex sky bri,0,1,0.00,4.0
porn skybri,0,5,0.00,3.2
porn with sky bri,0,1,0.00,2.0
porn?,0,1,0.00,1.0
pornhub sky bri,0,2,0.00,7.5
pornhub skybri,0,1,0.00,4.0
porno doly sky,0,1,0.00,8.0
positive outlook enneagram,0,1,0.00,3.0
practical steps on how to break enneagram patterns,0,1,0.00,11.0
presley gerber net worth 2025,0,1,0.00,17.0
presley gerber weight loss,0,1,0.00,3.0
prince changed his name,0,1,0.00,23.0
prince harry,0,1,0.00,6.0
prince harry and meghan hollywood,0,5,0.00,3.2
prince harry blood type,0,2,0.00,31.0
prince harry family uk arrival,0,1,0.00,3.0
prince harry king charles balmoral,0,3,0.00,3.7
prince harry latest,0,1,0.00,5.0
prince harry mbti,0,7,0.00,15.6
prince harry news,0,2,0.00,3.5
prince harry uk public appearance,0,1,0.00,5.0
"prince harry, duke of sussex",0,3,0.00,3.3
prince personality,0,1,0.00,19.0
prince personality type,0,2,0.00,11.5
prince singer personality,0,2,0.00,11.5
prince slave face,0,1,0.00,13.0
princes in the tower,0,1,0.00,4.0
prinz harry charakter,0,1,0.00,3.0
process enneagram,0,1,0.00,80.0
provide sources,0,1,0.00,4.0
psiholoski profil,0,1,0.00,2.0
psychological analysis of elon musk,0,1,0.00,34.0
psychology of elon musk,0,1,0.00,38.0
psychology of jeffrey epstein,0,4,0.00,45.0
psychology today enneagram not scientifically validated,0,5,0.00,10.0
psychology today enneagram scientific evidence,0,34,0.00,9.2
psychology today enneagram scientific validity,0,9,0.00,8.9
pubmed enneagram suicide,0,1,0.00,10.0
puppy love lana del rey,0,1,0.00,6.0
q39666 wikidata,0,1,0.00,8.0
quais outros ?,0,1,0.00,22.0
quakine phoenix,0,1,0.00,2.0
qual a personalidade dela?,0,1,0.00,4.0
qual a religião,0,1,0.00,2.0
qual o mbti dela?,0,1,0.00,9.0
qualities of mark zuckerberg,0,1,0.00,68.0
qualities of oprah winfrey,0,1,0.00,62.0
que defectos tiene?,0,1,0.00,2.0
que eneatipo es messi,0,1,0.00,10.0
que mas?,0,2,0.00,6.5
que significa el numero 4 en el karma,0,1,0.00,2.0
que tan inteligente es?,0,1,0.00,4.0
que tipo de apego tengo?,0,1,0.00,9.0
que tipo de personalidad tiene?,0,1,0.00,3.0
qui sont ses parents,0,1,0.00,1.0
quick enneagram,0,3,0.00,29.0
quick enneagram descriptions,0,1,0.00,51.0
"quote investigator ""he who has a why to live can bear almost any how"" nietzsche",0,8,0.00,9.9
"quote investigator ""he who has a why to live"" nietzsche",0,2,0.00,9.5
rachael speed,0,2,0.00,2.0
rachel mcadams 2006,0,3,0.00,9.3
rachel mcadams personality type,0,3,0.00,5.0
rain man david sacks,0,1,0.00,11.0
raj shamani podcast price,0,1,0.00,4.0
rajatwo high risk,0,8,0.00,27.0
rakai mbti,0,1,0.00,2.0
"rapper ""most successful song"" ""2017"" ""middle school"" bullied",0,6,0.00,8.3
"rapper ""most successful song"" ""2023"" ""2017"" ""bullied""",0,4,0.00,11.0
"rapper ""most successful song"" ""bullied"" ""middle school""",0,14,0.00,10.1
"rapper ""most successful song"" ""bullied"" middle school",0,1,0.00,11.0
"rapper ""most successful song"" ""middle school"" bullied",0,3,0.00,10.3
rara knupps jake paul,0,1,0.00,11.0
rara knupps porn,0,3,0.00,9.0
rarest enneagram type,0,1,0.00,2.0
rarest enneagram type for females,0,1,0.00,3.0
rarest mbti,0,1,0.00,2.0
rarest to most common enneagram,0,1,0.00,3.0
ray dalio and bill gates,0,1,0.00,23.0
ray dalio and emma stone,0,1,0.00,5.0
ray dalio and jane fraser,0,1,0.00,15.0
ray dalio and sergey brin,0,2,0.00,10.0
ray dalio bernard arnault,0,1,0.00,16.0
ray dalio blackrock,0,1,0.00,28.0
ray dalio enneagram type source,0,10,0.00,5.3
ray dalio myers briggs,0,1,0.00,25.0
ray dalio personality test,0,1,0.00,4.0
ray dalio personality type,0,1,0.00,10.0
ray dalio punched boss,0,4,0.00,11.5
ray dalio signature,0,1,0.00,55.0
ray dalio the big short,0,1,0.00,41.0
ray dalio young,0,2,0.00,27.5
ray liotta,0,1,0.00,3.0
reactive enneagram types,0,2,0.00,44.5
reactive types enneagram,0,1,0.00,50.0
reagan,0,1,0.00,3.0
reagan optimism,0,1,0.00,71.0
reagan personality,0,4,0.00,23.0
reagan ridley age,0,1,0.00,3.0
reagan sleepy,0,1,0.00,50.0
reagan?,0,1,0.00,7.0
real enneagram test,0,2,0.00,31.5
real sky bri,0,1,0.00,5.0
real sky bri only fans,0,1,0.00,1.0
real sky bri porn,0,1,0.00,1.0
real sky porn,0,1,0.00,7.0
realiti grimes meaning,0,1,0.00,50.0
reality winner,0,1,0.00,4.0
recessed side profile jd vance,0,1,0.00,48.0
recommend accurate enneagram test options that are available for free,0,30,0.00,11.4
recommend high-quality enneagram tests based on their accuracy and assessment formats,0,2,0.00,17.5
recommended test,0,1,0.00,2.0
red personality,0,1,0.00,3.0
red sparrow jennifer lawrence nude scene,0,1,0.00,64.0
reddit best free enneagram test,0,1,0.00,17.0
reed hastings and travis kalanick,0,3,0.00,3.3
reed hastings leadership style,0,5,0.00,62.0
reg dwight,0,13,0.00,13.2
reg dwight elton john,0,3,0.00,1.0
rejection triad enneagram,0,1,0.00,4.0
relationship conversations,0,7,0.00,40.3
relationship goals for each enneagram number,0,203,0.00,15.0
relationship with parents,0,1,0.00,3.0
relationships conversations,0,27,0.00,33.9
relationships enneagram,0,335,0.00,46.8
reliable enneagram test,0,2,0.00,31.0
renee portnoy,0,1,0.00,3.0
rheti enneagram test,0,1,0.00,4.0
rheti enneagram test free,0,1,0.00,28.0
rheti test code,0,3,0.00,7.0
rheti test free,0,2,0.00,39.5
riccardo amodei,0,4,0.00,18.0
riccardo amodei illness,0,14,0.00,12.0
riccardo amodei leather,0,2,0.00,17.0
ricegum mbti,0,1,0.00,11.0
richest catholic person in the world,0,1,0.00,1.0
richest podcaster,0,1,0.00,1.0
richest podcasters,0,6,0.00,1.0
richest podcasters in the world,0,2,0.00,1.0
right now gracie abrams meaning,0,1,0.00,78.0
rihanna,0,1,0.00,3.0
rihanna attitude,0,8,0.00,18.5
rihanna characteristics,0,9,0.00,11.1
rihanna enneagram,0,22,0.00,10.4
rihanna mbti,0,107,0.00,21.0
rihanna mbti type,0,2,0.00,21.5
rihanna mental health,0,2,0.00,25.0
rihanna seafoam rugby shirt outfit,0,1,0.00,3.0
rihanna weight gain 2026,0,1,0.00,4.0
rihanna's personality,0,15,0.00,6.9
rip julia fox,0,5,0.00,9.2
rip julia fox art show,0,5,0.00,8.4
riz ahmed father didn't want him to act,0,1,0.00,9.0
riz ahmed father disapproved acting career emotional pain,0,2,0.00,16.5
riz ahmed father estranged acting career,0,1,0.00,11.0
riz ahmed father opposed acting career,0,2,0.00,10.0
riz ahmed languages,0,1,0.00,10.0
riz ahmed mbti,0,1,0.00,5.0
riz ahmed merchant taylors,0,1,0.00,12.0
riz ahmed siblings,0,2,0.00,17.0
rizzo grease,0,1,0.00,2.0
rnneagram,0,6,0.00,24.2
roan chappel,0,1,0.00,3.0
robert de niro and saoirse ronan,0,1,0.00,9.0
robert de niro and sundar pichai,0,2,0.00,5.0
"robert greene ""left hand"" ""pounds"" 2018",0,7,0.00,4.3
"robert greene ""left hand"" ""pounds"" stroke",0,6,0.00,4.2
"robert greene ""left hand"" stroke 2018 interview",0,2,0.00,5.0
"robert greene 2018 ""left hand"" ""pounds""",0,21,0.00,4.3
robert greene before stroke,0,1,0.00,36.0
robert greene beliefs,0,1,0.00,50.0
robert greene controversy,0,1,0.00,33.0
robert greene credentials,0,3,0.00,35.7
robert greene criticism,0,1,0.00,37.0
robert greene health issues,0,1,0.00,85.0
robert greene jewish,0,1,0.00,49.0
robert greene mbti,0,20,0.00,12.0
robert greene mbti type,0,29,0.00,10.4
robert greene personality,0,1,0.00,7.0
robert greene personality type,0,71,0.00,8.5
robert greene reviews,0,1,0.00,43.0
robert greene stroke,0,7,0.00,27.9
robert greene writing style,0,1,0.00,45.0
robert joseph karp,0,3,0.00,31.0
robert oppenheimer personality,0,2,0.00,21.5
robert pattinson,0,15,0.00,3.5
robert pattinson character,0,1,0.00,4.0
robert pattinson claudia,0,27,0.00,9.0
robert pattinson horoscope,0,1,0.00,4.0
robert pattinson iq,0,1,0.00,10.0
robert pattinson lies,0,2,0.00,27.5
robert pattinson lies for fun,0,1,0.00,4.0
robert pattinson lies in interviews,0,2,0.00,21.5
robert pattinson lying,0,2,0.00,16.0
robert pattinson mbti,0,13,0.00,10.9
robert pattinson mbti type,0,24,0.00,10.1
robert pattinson myers briggs,0,1,0.00,27.0
robert pattinson nose type,0,1,0.00,3.0
robert pattinson personal life,0,1,0.00,2.0
robert pattinson phenotype,0,1,0.00,75.0
robert pattinson reputation,0,1,0.00,2.0
robert pattinson school,0,1,0.00,2.0
robert pattinson shy,0,1,0.00,45.0
robert pattison personality,0,2,0.00,8.5
robin harris neistat,0,11,0.00,9.2
rod niestad,0,21,0.00,7.6
rodri mbti,0,1,0.00,3.0
roger taylor mbti,0,1,0.00,2.0
romancing the stone,0,1,0.00,5.0
romantic enneagram,0,3,0.00,47.3
romper el círculo reparto,0,1,0.00,2.0
ron boss everline wikipedia,0,1,0.00,8.0
ron cyrus,0,1,0.00,3.0
ronald reagan character traits,0,4,0.00,48.0
ronald reagan characteristics,0,5,0.00,51.0
ronald reagan charisma,0,1,0.00,63.0
ronald reagan favorite color,0,1,0.00,58.0
ronald reagan leadership style,0,5,0.00,75.8
ronald reagan mbti,0,6,0.00,19.3
ronald reagan personality traits,0,1,0.00,29.0
ronald reagan personality type,0,37,0.00,5.6
ronald reagan sad,0,1,0.00,89.0
ronald reagan style,0,1,0.00,44.0
ronald reagan traits,0,1,0.00,53.0
ronaldo personality type,0,4,0.00,8.8
rooney mara,0,1,0.00,3.0
rooney mara interview,0,1,0.00,6.0
rooney mara mbti,0,7,0.00,7.1
rooney mara personality,0,13,0.00,4.0
rooney mara shy,0,1,0.00,8.0
rosemary turner,0,7,0.00,2.0
rosemary turner callum turner,0,1,0.00,22.0
rosser reeves personality traits,0,4,0.00,11.0
"rotten tomatoes wikidata youtube handle ""rottentomatoes""",0,2,0.00,10.5
royal news,0,1,0.00,4.0
royal news today harry and meghan,0,1,0.00,4.0
run it by eva first meaning,0,5,0.00,9.6
rupert grint mbti,0,1,0.00,40.0
rupert murdoch and kendall jenner,0,1,0.00,11.0
rupert murdoch and kourtney kardashian,0,1,0.00,9.0
rupert murdoch and paris hilton,0,3,0.00,9.3
rupert murdoch mbti,0,2,0.00,15.0
ruth bader ginsburg character traits,0,2,0.00,11.0
ruth bader ginsburg iq,0,4,0.00,34.0
ruth bader ginsburg leadership,0,1,0.00,53.0
ruth bader ginsburg leadership style,0,4,0.00,39.0
ruth bader ginsburg mbti,0,4,0.00,7.8
ruth bader ginsburg personality,0,7,0.00,10.7
ruth bader ginsburg selfish,0,1,0.00,22.0
ruth porat and richard branson,0,1,0.00,72.0
ryan gosling,0,1,0.00,2.0
ryan gosling as a person,0,1,0.00,13.0
ryan gosling blood type,0,6,0.00,10.8
ryan gosling character,0,1,0.00,33.0
ryan gosling characters mbti,0,4,0.00,9.0
ryan gosling description,0,1,0.00,4.0
ryan gosling diagnosis,0,1,0.00,31.0
ryan gosling drive mbti,0,3,0.00,13.3
ryan gosling enneagram type,0,11,0.00,4.1
ryan gosling humor,0,2,0.00,3.0
ryan gosling introvert,0,2,0.00,11.0
ryan gosling literally me meaning explained for parents,0,1,0.00,8.0
ryan gosling mbti isfp source,0,1,0.00,9.0
ryan gosling mbti type,0,51,0.00,8.4
ryan gosling myers briggs,0,45,0.00,7.4
ryan gosling pdb,0,3,0.00,10.7
ryan gosling persona,0,2,0.00,11.0
ryan gosling personality traits interviews,0,4,0.00,11.8
ryan gosling?,0,1,0.00,6.0
ryan grim,0,1,0.00,4.0
ryan grim family,0,1,0.00,1.0
ryan grim twitter,0,1,0.00,19.0
ryan grimm,0,1,0.00,2.0
ryan holiday robert greene conversation podcast 2016,0,1,0.00,11.0
ryan holiday robert greene interview 2018,0,1,0.00,7.0
ryan montgomery joe rogan,0,3,0.00,56.7
sa personnalité,0,1,0.00,3.0
sabrina and olivia rodrigo,0,1,0.00,3.0
sabrina carpenter,0,17,0.00,4.1
sabrina carpenter - tears lyrics,0,1,0.00,2.0
sabrina carpenter age,0,2,0.00,2.0
sabrina carpenter analysis,0,3,0.00,9.7
sabrina carpenter don’t smile lyrics,0,1,0.00,2.0
sabrina carpenter ethnicity,0,1,0.00,3.0
sabrina carpenter height,0,2,0.00,2.0
sabrina carpenter instruments,0,1,0.00,3.0
sabrina carpenter jerk off instruction,0,1,0.00,37.0
sabrina carpenter mbti type,0,4,0.00,1.0
sabrina carpenter misandry,0,1,0.00,3.0
sabrina carpenter net worth,0,1,0.00,3.0
sabrina carpenter net worth 2026,0,1,0.00,2.0
sabrina carpenter persona,0,6,0.00,12.3
sabrina carpenter personalidade,0,1,0.00,5.0
sabrina carpenter personality and public image,0,11,0.00,5.8
sabrina carpenter personality description,0,10,0.00,5.1
sabrina carpenter personality public image,0,2,0.00,3.5
sabrina carpenter personality public image interviews,0,5,0.00,7.2
sabrina carpenter personality traits,0,110,0.00,5.3
sabrina carpenter personality traits and public image,0,6,0.00,6.0
sabrina carpenter personality traits and speaking style,0,2,0.00,5.0
sabrina carpenter personality traits description,0,5,0.00,5.4
sabrina carpenter personality traits interview,0,16,0.00,6.6
sabrina carpenter personality traits interview quotes,0,3,0.00,7.0
sabrina carpenter personality traits interview style,0,3,0.00,6.3
sabrina carpenter personality traits interviews,0,69,0.00,5.4
sabrina carpenter personality traits interviews 2024 2025,0,2,0.00,4.5
sabrina carpenter personality traits interviews 2025 2026,0,9,0.00,4.6
sabrina carpenter personality traits public image,0,17,0.00,5.1
sabrina carpenter personality traits real life,0,16,0.00,5.2
sabrina carpenter personality traits real life interviews,0,13,0.00,5.3
sabrina carpenter traits,0,11,0.00,4.9
sabrina carpenter type,0,1,0.00,11.0
"sabrina carpenter wikidata instagram username ""sabrinacarpenter""",0,1,0.00,6.0
"sabrina carpenter wikidata tiktok username ""sabrinacarpenter""",0,2,0.00,6.5
"sabrina carpenter wikidata youtube handle ""sabrinacarpenter""",0,2,0.00,5.5
sabrina carpenter's personality,0,6,0.00,4.8
sabrina carpenter?,0,3,0.00,4.0
sabrina carpernter,0,1,0.00,11.0
sabrina carptener,0,1,0.00,1.0
sabrina carpwnter height,0,1,0.00,2.0
sabrina personality,0,1,0.00,13.0
sabrina type,0,1,0.00,1.0
sabrina?,0,1,0.00,3.0
sadie sink anxiety,0,2,0.00,6.0
sadie sink introvert,0,5,0.00,10.6
sadie sink introvert or extrovert,0,3,0.00,10.0
sadie sink mbti,0,5,0.00,9.8
sadie sink mbti type,0,3,0.00,8.3
sadie sink personality,0,64,0.00,7.0
sadie sink personality traits,0,5,0.00,5.2
sadie sink personality type,0,9,0.00,6.6
sadie sink six,0,1,0.00,10.0
sadie sink type,0,9,0.00,7.9
sadie sink type in men,0,3,0.00,9.0
sadie sink's personality,0,5,0.00,7.8
sam altman character,0,1,0.00,21.0
sam altman controversies personality criticism,0,3,0.00,14.0
sam altman dario amodei demis hassabis elon musk,0,11,0.00,9.3
sam altman dario amodei demis hassabis elon musk ai labs,0,7,0.00,8.7
sam altman demis hassabis dario amodei elon musk,0,3,0.00,10.0
sam altman enneagram type,0,3,0.00,2.3
sam altman is he a good person,0,1,0.00,21.0
sam altman leadership style,0,1,0.00,60.0
sam altman mbti personality type,0,3,0.00,9.3
sam altman mbti type,0,17,0.00,8.4
sam altman pdb,0,6,0.00,8.3
sam altman personality,0,40,0.00,9.3
sam altman personality traits,0,17,0.00,6.6
sam altman personality traits analysis,0,4,0.00,2.8
sam altman personality traits character,0,2,0.00,7.0
sam altman personality traits character description,0,7,0.00,5.3
sam altman personality traits controversies,0,4,0.00,9.5
sam altman personality traits criticism,0,3,0.00,5.3
sam altman personality type,0,63,0.00,8.7
sam altman religion,0,1,0.00,2.0
sam bankman fried autism,0,1,0.00,60.0
sam bankman fried iq,0,5,0.00,32.4
sam bankman fried tyler cowen,0,2,0.00,1.0
sam bankman-fried autism,0,2,0.00,61.0
sam bankman-fried autistic,0,1,0.00,60.0
sam bankman-fried effective altruism,0,1,0.00,10.0
sam bankman-fried iq,0,7,0.00,29.6
samara weaving drugs,0,1,0.00,11.0
samara weaving personality,0,1,0.00,8.0
samy hamdouche,0,2,0.00,53.0
sandy weill,0,1,0.00,3.0
sandy weill and jamie dimon,0,1,0.00,3.0
saoirse ronan and robert de niro,0,3,0.00,10.3
saoirse ronan mbti,0,5,0.00,6.0
saoirse ronan profile,0,2,0.00,33.0
sara maughan mike majlak,0,1,0.00,1.0
sara saffari mbti,0,1,0.00,2.0
sarah carpenter,0,1,0.00,3.0
saturday night fever,0,1,0.00,3.0
satya nadella chengdu,0,1,0.00,97.0
satya nadella mbti,0,1,0.00,1.0
satya nadella religion,0,1,0.00,21.0
satya nadella signature,0,2,0.00,43.5
say yes or no,0,1,0.00,9.0
sbf tyler cohen,0,4,0.00,2.3
scarlet johannson,0,1,0.00,1.0
scarlett johansson,0,2,0.00,3.5
scarlett johansson horoscope,0,1,0.00,4.0
scarlett johansson personality,0,263,0.00,9.0
scarlett johansson personality traits,0,6,0.00,10.0
scarlett johansson personality type,0,82,0.00,8.4
school of rock,0,1,0.00,5.0
school of rock movie music,0,1,0.00,5.0
science behind enneagram,0,7,0.00,28.0
scientific validity enneagram evidence review,0,1,0.00,11.0
scientific validity enneagram peer reviewed criticism,0,3,0.00,11.3
scientific validity enneagram peer reviewed review,0,1,0.00,12.0
scientific validity enneagram psychology source,0,1,0.00,10.0
scientific validity of enneagram peer reviewed,0,1,0.00,10.0
scooter braun mbti,0,8,0.00,10.3
scorpio enneagram,0,11,0.00,9.1
scorpio enneagram type,0,5,0.00,8.8
scott eastwood,0,1,0.00,4.0
scott eastwood height,0,1,0.00,2.0
scott galloway,0,2,0.00,3.0
scripted?,0,1,0.00,3.0
sdyney sweeny,0,1,0.00,5.0
sean evans,0,2,0.00,5.5
sean evans and chris evans,0,1,0.00,3.0
sean evans autistic,0,8,0.00,8.4
sean evans father,0,1,0.00,7.0
sean evans mom,0,3,0.00,1.0
sean evans mother,0,1,0.00,1.0
sean evans zodiac,0,1,0.00,28.0
sean evans zodiac sign,0,1,0.00,27.0
sean palmisano address,0,30,0.00,16.4
sean palmisano inurl:comments,0,1,0.00,10.0
sean palmisano inurl:review,0,1,0.00,6.0
sean palmisano shawn ryan,0,2,0.00,10.0
sean ryan palmisano,0,8,0.00,11.8
sean ryan palmisano inurl:comments,0,1,0.00,19.0
sean ryan palmisano inurl:discussion,0,1,0.00,20.0
sean ryan palmisano inurl:opinion,0,1,0.00,26.0
sean ryan palmisano inurl:review,0,1,0.00,17.0
sebrina,0,1,0.00,7.0
second instinct,0,2,0.00,32.5
sedef piker,0,1,0.00,51.0
seibel michael,0,2,0.00,2.0
seine wurzeln,0,1,0.00,2.0
sekarang,0,1,0.00,13.0
selena gomez,0,10,0.00,6.0
selena gomez character traits,0,8,0.00,5.4
selena gomez characteristics,0,57,0.00,8.0
selena gomez enneagram,0,40,0.00,7.7
selena gomez mbti type,0,1,0.00,15.0
selena gomez myers briggs,0,1,0.00,10.0
selena gomez personality traits and characteristics,0,1,0.00,9.0
selena gomez profile,0,2,0.00,57.5
selena gomez traits,0,6,0.00,7.5
selena mbti,0,1,0.00,7.0
selena personality,0,16,0.00,9.0
selena quintanilla character traits,0,2,0.00,8.5
self pres 6,0,1,0.00,70.0
self preservation 6,0,4,0.00,60.0
self preservation blind enneagram,0,1,0.00,17.0
self preservation enneagram 6,0,1,0.00,68.0
self preservation four,0,2,0.00,58.0
self preservation instinct enneagram,0,5,0.00,49.4
self preservation six,0,1,0.00,62.0
self-preservation four,0,1,0.00,59.0
self-preservation instinct enneagram,0,3,0.00,46.7
sen yaz,0,1,0.00,3.0
sergey brin,0,3,0.00,5.0
sergey brin and sundar pichai,0,3,0.00,17.3
sergey brin assistant contact -site:google.com -site:facebook.com -site:twitter.com -site:instagram.com -site:linkedin.com -site:bayshorecap.com,0,1,0.00,21.0
sergey brin body,0,5,0.00,9.8
sergey brin mbti,0,1,0.00,9.0
sergey brin personal assistant job -site:google.com -site:facebook.com -site:twitter.com -site:instagram.com -site:linkedin.com -site:bayshorecap.com,0,2,0.00,21.0
sergey brin retirement,0,1,0.00,8.0
sergey brin shoes,0,2,0.00,24.5
sergey brin yoga teacher,0,9,0.00,4.2
series a funding,0,1,0.00,3.0
seth rogan mbti,0,1,0.00,7.0
seth rogen personality,0,5,0.00,9.6
seth simons cumtown,0,1,0.00,11.0
seth simons the stavros problem,0,40,0.00,8.0
seven enneagram type,0,1,0.00,69.0
seven phases,0,1,0.00,65.0
seven type,0,2,0.00,50.5
sevens hours intense phase,0,3,0.00,10.0
sevian frangipane engaged,0,2,0.00,15.5
sevian frangipane fiance,0,1,0.00,11.0
sexual 6 enneagram characters,0,1,0.00,42.0
sexual blind enneagram,0,1,0.00,11.0
sexual instinct enneagram,0,1,0.00,45.0
sexual instinctual variant,0,1,0.00,34.0
sexual social self preservation enneagram,0,1,0.00,45.0
sexy sky bri,0,1,0.00,2.0
shadee monique,0,1,0.00,3.0
shallow hal,0,1,0.00,4.0
shane gillis anxiety,0,1,0.00,20.0
shane gillis ethnicity,0,2,0.00,95.5
shane gillis mbti,0,27,0.00,7.6
shane gillis personality,0,9,0.00,5.7
shawn and katie ryan,0,13,0.00,9.4
shawn palmisano,0,186,0.00,9.1
shawn ryan,0,3,0.00,14.7
shawn ryan age,0,1,0.00,1.0
shawn ryan ancestry,0,1,0.00,1.0
shawn ryan and katie jean,0,17,0.00,10.5
shawn ryan boca raton,0,2,0.00,25.0
shawn ryan compound,0,2,0.00,10.0
shawn ryan episode,0,1,0.00,19.0
shawn ryan found dead,0,1,0.00,1.0
shawn ryan guest inurl:review,0,1,0.00,39.0
shawn ryan half japanese,0,23,0.00,8.4
shawn ryan interview,0,3,0.00,8.0
shawn ryan joe rogan,0,1,0.00,24.0
shawn ryan katie,0,1,0.00,1.0
shawn ryan katie jean,0,34,0.00,9.4
shawn ryan live,0,2,0.00,22.5
shawn ryan on joe rogan,0,1,0.00,15.0
shawn ryan palmisano age,0,1,0.00,13.0
shawn ryan palmisano ethnicity,0,2,0.00,5.5
shawn ryan palmisano inurl:article,0,1,0.00,7.0
shawn ryan palmisano inurl:comments,0,2,0.00,8.5
shawn ryan palmisano inurl:opinion,0,1,0.00,11.0
shawn ryan palmisano inurl:review,0,2,0.00,9.0
shawn ryan palmisano net worth,0,1,0.00,9.0
shawn ryan palmisano wife,0,42,0.00,7.0
shawn ryan parents,0,1,0.00,3.0
shawn ryan part japanese,0,1,0.00,9.0
shawn ryan podcaster real name sean palmisano,0,1,0.00,11.0
shawn ryan political views,0,2,0.00,47.0
shawn ryan seal wikipedia,0,5,0.00,35.2
shawn ryan show ending why,0,2,0.00,19.0
shawn ryan show review,0,2,0.00,31.0
shawn ryan stance on israel,0,1,0.00,3.0
shawn ryan suicide,0,9,0.00,8.9
shawn ryan views,0,2,0.00,29.5
shawn ryan watches,0,2,0.00,20.0
shawn ryan wife katie jean,0,81,0.00,10.0
shawn ryan wife katie jean williams,0,10,0.00,7.4
shawn ryans dad,0,1,0.00,1.0
shawn ryans wife,0,5,0.00,4.0
shawnryanshow.com,0,5,0.00,21.2
she came from the sky porn,0,1,0.00,16.0
sheeya cyce,0,1,0.00,29.0
shia labeouf,0,6,0.00,3.7
shia labeouf scar on face,0,1,0.00,11.0
shivon zilis mbti,0,3,0.00,11.0
show me the top 20,0,1,0.00,3.0
show me top 50,0,1,0.00,5.0
si,0,3,0.00,7.0
side effects lyrics zayn,0,1,0.00,3.0
simon sinek mbti,0,43,0.00,8.0
simon sinek parents,0,1,0.00,10.0
simone biles mbti,0,2,0.00,10.0
simone biles personality,0,1,0.00,11.0
"singer ""dropped out of notre dame""",0,2,0.00,9.0
"singer ""father was murdered when he was eight""",0,19,0.00,5.6
sir john gielgud,0,1,0.00,3.0
six enneagram,0,10,0.00,64.4
six enneagram type,0,2,0.00,65.0
six ennegram,0,1,0.00,67.0
six on enneagram,0,3,0.00,55.0
six on the enneagram,0,1,0.00,57.0
sixes enneagram,0,5,0.00,70.8
sjy bri,0,3,0.00,9.3
sjy bri porn,0,3,0.00,5.0
sk bri,0,1,0.00,1.0
ski bri,0,6,0.00,2.7
ski bri age,0,1,0.00,3.0
ski bri quit porn,0,1,0.00,9.0
ski bri retired,0,2,0.00,5.0
skip panettiere,0,1,0.00,3.0
skiy bri porn,0,1,0.00,4.0
sky bree,0,1,0.00,4.0
sky bree porn,0,4,0.00,2.0
sky bree porno,0,1,0.00,4.0
sky bri 2,0,1,0.00,4.0
sky bri 2023,0,3,0.00,8.3
sky bri adult content creator onlyfans,0,1,0.00,5.0
sky bri adult model onlyfans,0,2,0.00,7.0
sky bri adult videos,0,1,0.00,18.0
sky bri age,0,5,0.00,2.0
sky bri alone,0,2,0.00,7.0
sky bri and,0,2,0.00,10.5
sky bri and jake paul dating,0,4,0.00,8.8
sky bri appearance description,0,1,0.00,6.0
sky bri ass,0,1,0.00,3.0
sky bri assistant,0,2,0.00,8.5
sky bri autumn falls,0,1,0.00,10.0
sky bri back,0,1,0.00,6.0
sky bri background,0,1,0.00,5.0
sky bri belly button,0,1,0.00,4.0
sky bri best friend,0,24,0.00,8.6
sky bri bi,0,1,0.00,15.0
sky bri birthday,0,1,0.00,2.0
sky bri body type,0,3,0.00,7.7
sky bri booking,0,3,0.00,11.3
sky bri boy,0,1,0.00,11.0
sky bri career,0,1,0.00,11.0
sky bri cat,0,4,0.00,5.8
sky bri collab,0,2,0.00,3.0
sky bri content,0,3,0.00,10.3
sky bri country,0,2,0.00,8.5
sky bri crazy,0,1,0.00,5.0
sky bri debut,0,1,0.00,3.0
sky bri deeper,0,7,0.00,5.4
sky bri do,0,17,0.00,9.7
sky bri druski,0,2,0.00,3.0
sky bri f,0,4,0.00,10.5
sky bri facial,0,1,0.00,19.0
sky bri fan porn,0,2,0.00,2.0
sky bri first anal,0,1,0.00,2.0
sky bri first porn,0,1,0.00,5.0
sky bri first sex tape,0,1,0.00,6.0
sky bri friend,0,1,0.00,2.0
sky bri friends,0,1,0.00,10.0
sky bri from,0,1,0.00,12.0
sky bri full,0,1,0.00,12.0
sky bri full name,0,5,0.00,9.4
sky bri full porn,0,2,0.00,2.5
sky bri full porno,0,1,0.00,1.0
sky bri full sex videos,0,1,0.00,2.0
sky bri gangbang,0,4,0.00,6.8
sky bri gender,0,6,0.00,8.5
sky bri getting fucked hard,0,2,0.00,4.0
sky bri got,0,4,0.00,8.8
sky bri hard fuck,0,1,0.00,4.0
sky bri hard sex,0,1,0.00,4.0
sky bri has sex,0,1,0.00,8.0
sky bri having sex,0,10,0.00,9.1
sky bri height,0,1,0.00,2.0
sky bri hometown,0,37,0.00,10.7
sky bri house,0,1,0.00,1.0
sky bri husband,0,4,0.00,2.0
sky bri if,0,7,0.00,8.3
sky bri info,0,1,0.00,11.0
sky bri information,0,1,0.00,9.0
sky bri instagram,0,1,0.00,3.0
sky bri jack alter,0,1,0.00,3.0
sky bri lana rhoades,0,1,0.00,5.0
sky bri lancaster,0,10,0.00,6.2
sky bri leaks,0,1,0.00,10.0
sky bri lesbian,0,1,0.00,10.0
sky bri lives,0,1,0.00,11.0
sky bri livestream porn,0,4,0.00,3.8
sky bri maked,0,1,0.00,6.0
sky bri makes,0,1,0.00,8.0
sky bri mbti,0,3,0.00,8.7
sky bri meaning,0,6,0.00,5.5
sky bri monthly income,0,12,0.00,7.3
sky bri mother,0,1,0.00,4.0
sky bri name,0,6,0.00,8.7
sky bri net worth,0,2,0.00,3.0
sky bri new,0,1,0.00,65.0
sky bri new scenes,0,1,0.00,4.0
sky bri now,0,1,0.00,38.0
sky bri nu,0,1,0.00,1.0
sky bri nude,0,9,0.00,6.2
sky bri of,0,1,0.00,9.0
sky bri oftv,0,6,0.00,6.5
sky bri only fans,0,19,0.00,6.8
sky bri onlyfans active 2026,0,9,0.00,5.1
sky bri onlyfans live,0,1,0.00,5.0
sky bri onlyfans sex,0,2,0.00,4.0
sky bri orn,0,1,0.00,2.0
sky bri parents,0,2,0.00,1.0
sky bri passionate,0,12,0.00,9.2
sky bri pirn,0,4,0.00,6.3
sky bri poen,0,2,0.00,5.5
sky bri pon,0,1,0.00,3.0
sky bri ponr,0,1,0.00,8.0
sky bri por,0,1,0.00,4.0
sky bri porb,0,3,0.00,4.7
sky bri porj,0,2,0.00,2.5
sky bri porm,0,6,0.00,4.8
sky bri porn black,0,2,0.00,5.5
sky bri porn hard,0,1,0.00,1.0
sky bri porn on twitter,0,1,0.00,10.0
sky bri porn rough,0,1,0.00,5.0
sky bri porn sex,0,3,0.00,2.7
sky bri porn twitter,0,3,0.00,5.0
sky bri porn.,0,5,0.00,2.8
sky bri pornhub,0,1,0.00,4.0
sky bri porno,0,5,0.00,6.8
sky bri porns,0,1,0.00,3.0
sky bri pornstar,0,1,0.00,6.0
sky bri potn,0,1,0.00,5.0
sky bri private,0,2,0.00,5.5
sky bri pron,0,4,0.00,4.8
sky bri public,0,4,0.00,15.5
sky bri quit,0,10,0.00,10.7
sky bri quit porn,0,27,0.00,9.4
sky bri quit porn?,0,7,0.00,10.1
sky bri r34,0,1,0.00,3.0
sky bri rara knupps,0,2,0.00,9.0
sky bri rara knupps porn,0,5,0.00,3.6
sky bri raw,0,15,0.00,4.7
sky bri real name,0,5,0.00,2.8
sky bri relationships,0,2,0.00,10.0
sky bri religion,0,4,0.00,5.8
sky bri retired from porn,0,4,0.00,8.8
sky bri retired?,0,18,0.00,8.5
sky bri romantic,0,8,0.00,7.9
sky bri s,0,2,0.00,10.0
sky bri school girl porn,0,1,0.00,8.0
sky bri see through,0,3,0.00,8.7
sky bri sex,0,4,0.00,7.5
sky bri sex new,0,1,0.00,9.0
sky bri sex porn,0,6,0.00,5.5
sky bri sex tale,0,1,0.00,8.0
sky bri sex tape,0,2,0.00,5.0
sky bri sex tapes,0,2,0.00,7.0
sky bri sex twitter,0,4,0.00,12.8
sky bri sex videos,0,5,0.00,10.2
sky bri sexuality,0,6,0.00,11.5
sky bri similar,0,1,0.00,17.0
sky bri single,0,10,0.00,8.8
sky bri still active,0,13,0.00,9.8
sky bri still do porn,0,4,0.00,7.5
sky bri stop porn,0,1,0.00,9.0
sky bri story,0,21,0.00,7.7
sky bri t,0,1,0.00,11.0
sky bri tape,0,1,0.00,6.0
sky bri target porn,0,1,0.00,2.0
sky bri target story,0,1,0.00,11.0
sky bri three,0,4,0.00,17.8
sky bri tits,0,2,0.00,8.5
sky bri titts,0,1,0.00,7.0
sky bri twitter porn,0,16,0.00,5.6
sky bri twitter videos,0,1,0.00,25.0
sky bri videos porn,0,1,0.00,3.0
sky bri what does she do,0,10,0.00,10.6
sky bri what happened,0,5,0.00,8.4
sky bri who,0,1,0.00,12.0
sky bri who is,0,8,0.00,8.6
sky bri who is she,0,76,0.00,10.2
sky bri xx,0,1,0.00,4.0
sky bri xxx,0,5,0.00,6.8
sky bri',0,1,0.00,7.0
sky bri.,0,9,0.00,12.1
sky bri. porn,0,2,0.00,6.5
sky bri.full access,0,1,0.00,8.0
sky bri.porn,0,4,0.00,6.3
sky bri:,0,5,0.00,12.6
sky bri?,0,1,0.00,10.0
sky bri\,0,2,0.00,9.0
sky brib,0,2,0.00,11.5
sky brie,0,1,0.00,2.0
sky brii,0,5,0.00,31.2
sky brii porn,0,4,0.00,4.5
sky briporn,0,1,0.00,8.0
sky brj,0,2,0.00,9.0
sky brj porn,0,1,0.00,4.0
sky bro,0,24,0.00,14.6
sky bru,0,11,0.00,13.0
sky hri,0,1,0.00,15.0
sky vri porn,0,1,0.00,4.0
sky-bri,0,1,0.00,11.0
sky.bri,0,2,0.00,14.0
sky.bri porn,0,2,0.00,8.5
skybree.com,0,1,0.00,68.0
skybri,0,15,0.00,19.7
skybri boobs,0,2,0.00,11.0
skybri cam,0,1,0.00,9.0
skybri porb,0,1,0.00,9.0
skybri porn,0,48,0.00,4.7
skybri porn twitter,0,1,0.00,5.0
skybri porno,0,1,0.00,6.0
skybri retired,0,1,0.00,9.0
skybri sex,0,1,0.00,8.0
skybri twitter porn,0,1,0.00,3.0
skybri xxx,0,1,0.00,7.0
skybry porn,0,1,0.00,4.0
skye bri,0,1,0.00,2.0
skye bri porn,0,1,0.00,3.0
skylar bri,0,31,0.00,15.5
skynbri,0,1,0.00,7.0
skyr bri,0,1,0.00,12.0
slayyyter mbti,0,1,0.00,2.0
slky bri,0,1,0.00,21.0
sly bro,0,1,0.00,12.0
smy bri,0,2,0.00,7.0
snoop dogg personality type,0,73,0.00,7.6
so 3 enneagram,0,1,0.00,26.0
so 4 enneagram,0,6,0.00,32.0
so 5 enneagram,0,12,0.00,49.3
so 6 enneagram,0,6,0.00,47.5
so 9 enneagram,0,2,0.00,49.5
so blind enneagram,0,14,0.00,9.3
so blind instinctual variant,0,2,0.00,10.5
so blind vs sp blind,0,2,0.00,21.0
so instinct,0,1,0.00,25.0
so sp,0,1,0.00,26.0
so sp and sx,0,1,0.00,26.0
so sp sx,0,1,0.00,25.0
so sx sp,0,7,0.00,26.6
so true pod,0,1,0.00,5.0
so/sp,0,1,0.00,27.0
so/sp 469,0,2,0.00,25.0
so/sp enneagram,0,1,0.00,31.0
so/sp instinctual variant,0,2,0.00,31.0
so/sx enneagram,0,1,0.00,28.0
so/sx instinctual variant,0,3,0.00,22.7
so/sx/sp,0,2,0.00,28.5
so1 vs sp1,0,1,0.00,15.0
so1 vs sp1 vs sx1,0,3,0.00,17.0
so1 vs sx1 vs sp1,0,2,0.00,20.0
so2 or so3,0,1,0.00,3.0
so3 enneagram,0,1,0.00,3.0
so4 enneagram,0,4,0.00,27.8
so4 enneagram childhood,0,1,0.00,23.0
so4 personality,0,1,0.00,59.0
so4 эннеаграмма персонажи,0,1,0.00,29.0
so5 characters,0,1,0.00,40.0
so5 enneagram,0,14,0.00,49.1
so5 enneagram childhood,0,1,0.00,22.0
so5 personality,0,1,0.00,46.0
so6 childhood,0,1,0.00,24.0
so6 enneagram,0,13,0.00,47.0
so6 enneagram characters,0,1,0.00,37.0
so6 personality,0,2,0.00,47.5
so6 эннеаграмма,0,1,0.00,1.0
so8 vs so9,0,4,0.00,10.3
so8 эннеаграмма,0,1,0.00,1.0
so9 childhood,0,3,0.00,18.7
so9 enneagram là gì,0,1,0.00,1.0
social 2 enneagram,0,1,0.00,28.0
social 3 enneagram,0,2,0.00,21.0
social 4 enneagram,0,20,0.00,29.9
social 4 in detail,0,1,0.00,24.0
social 5 enneagram,0,13,0.00,25.3
social 6 enneagram,0,6,0.00,50.7
social blind enneagram,0,72,0.00,6.1
social enneagram 2,0,1,0.00,37.0
social enneagram 4,0,5,0.00,35.4
social enneagram 5,0,1,0.00,15.0
social enneagram 6,0,1,0.00,47.0
social enneagram 7,0,1,0.00,58.0
social five,0,4,0.00,15.3
social five enneagram,0,1,0.00,56.0
social four enneagram,0,3,0.00,32.3
social instinct,0,2,0.00,73.0
social instinct enneagram,0,1,0.00,47.0
social self preservation sexual enneagram meaning,0,1,0.00,47.0
social sexual enneagram,0,1,0.00,25.0
social sexual self preservation enneagram,0,3,0.00,42.0
social six enneagram,0,2,0.00,43.0
social subtype,0,1,0.00,72.0
social subtype enneagram,0,1,0.00,29.0
social variant enneagram,0,1,0.00,27.0
socioncs,0,1,0.00,1.0
sofia franklyn,0,1,0.00,2.0
sofia vergara meet henry cavill,0,10,0.00,27.7
sofia vergara personality,0,2,0.00,5.0
solipsization psychology or psychosophy or enneagram,0,1,0.00,2.0
sombr height,0,1,0.00,2.0
song sung blue,0,1,0.00,2.0
sophie grégoire,0,1,0.00,3.0
soylent founders,0,1,0.00,1.0
sp 3 enneagram,0,1,0.00,3.0
sp blind vs so blind,0,3,0.00,15.3
sp blind vs sx blind,0,1,0.00,15.0
sp instinct,0,4,0.00,27.8
sp so and sx,0,1,0.00,38.0
sp so enneagram,0,1,0.00,32.0
sp so sx enneagram,0,2,0.00,34.0
sp subtype,0,1,0.00,22.0
sp sx so,0,6,0.00,27.5
sp sx so enneagram,0,2,0.00,30.5
sp sx so test,0,1,0.00,40.0
sp sx test,0,1,0.00,23.0
sp-blind enneagram,0,6,0.00,8.8
sp/so 4,0,1,0.00,9.0
sp/so instinctual variant,0,1,0.00,23.0
sp/so personality,0,1,0.00,26.0
sp/sx 8,0,1,0.00,11.0
sp/sx enneagram,0,3,0.00,32.3
sp/sx enneagram test,0,1,0.00,15.0
sp/sx instinctual variant,0,2,0.00,30.5
sp/sx/so,0,4,0.00,25.8
sp1 enneagram,0,2,0.00,46.0
sp1 enneagram characters,0,1,0.00,40.0
sp1 mbti,0,1,0.00,6.0
sp1 so1 sx1,0,1,0.00,25.0
sp1 vs sp9,0,23,0.00,9.3
sp1 vs sp9 enneagram,0,18,0.00,9.1
sp1 vs sx1 vs so1,0,1,0.00,19.0
sp2 enneagram,0,2,0.00,3.5
sp5 description enneagram,0,1,0.00,48.0
sp5 eneagram,0,1,0.00,45.0
sp5 enneagram,0,21,0.00,41.8
sp5 enneagram characters,0,1,0.00,39.0
sp5 personality,0,1,0.00,42.0
sp5 typology,0,1,0.00,48.0
sp6 childhood,0,2,0.00,27.5
sp8 enneagram,0,2,0.00,3.0
sp9 childhood,0,1,0.00,22.0
sp9 enneagram fanart,0,1,0.00,8.0
sp9 vs so9 vs sx9,0,1,0.00,16.0
sp9 vs sp1,0,1,0.00,7.0
speed,0,1,0.00,1.0
speed internet personality,0,3,0.00,3.0
speed personality,0,74,0.00,8.7
speed personality type,0,19,0.00,9.2
spencer goldman sydney sweeney,0,1,0.00,10.0
spider man tom holland personality,0,2,0.00,11.5
spiderman brand new day,0,2,0.00,6.5
spiritual enneagram,0,3,0.00,50.7
ssky bri,0,1,0.00,22.0
stacey gould adin ross,0,5,0.00,3.0
stalin enneagram,0,8,0.00,8.0
stalin personality type,0,5,0.00,9.4
stavros halkias college degree,0,2,0.00,11.0
stavros halkias ethnicity,0,1,0.00,36.0
stavros halkias family,0,1,0.00,22.0
stavros halkias height and weight,0,1,0.00,17.0
stavros halkias mbti,0,9,0.00,5.6
stavros halkias net worth,0,7,0.00,21.3
stavros halkias test tube baby,0,11,0.00,8.0
stavros weight loss,0,1,0.00,9.0
stephan hawking before als,0,2,0.00,10.0
stephen colbert enneagram,0,2,0.00,11.0
stephen deleonardis parents,0,1,0.00,1.0
stephen hawking before accident,0,52,0.00,10.9
stephen hawking before als,0,865,0.00,11.1
stephen hawking personality,0,84,0.00,8.7
stephen hawking personality traits,0,4,0.00,5.0
stephen hawking personality type,0,5,0.00,9.6
stephen hawking pre als,0,3,0.00,18.3
stephen hawking pre illness,0,1,0.00,37.0
stephen hawking prior to als,0,6,0.00,10.8
stephen hawkings before als,0,3,0.00,11.0
stephen john coogan,0,1,0.00,17.0
"steve carell ""acton"" ""psychiatric nurse""",0,8,0.00,6.8
steve carell and naomi osaka,0,1,0.00,8.0
steve carell childhood,0,2,0.00,10.5
steve carell dave chappelle,0,1,0.00,46.0
"steve carell interview ""acton"" ""psychiatric nurse""",0,7,0.00,7.0
steve carell mbti,0,1,0.00,18.0
steve carell personality,0,61,0.00,8.6
steve carell raised in acton massachusetts interview,0,8,0.00,8.1
steve carell sleeper build,0,1,0.00,11.0
steve jobs and anna wintour,0,1,0.00,72.0
steve jobs as a person,0,1,0.00,31.0
steve jobs character,0,3,0.00,26.0
steve jobs charakter,0,1,0.00,26.0
steve jobs ego,0,2,0.00,26.5
steve jobs emotional intelligence,0,1,0.00,30.0
steve jobs enneagram,0,43,0.00,11.7
steve jobs enneagram type,0,29,0.00,9.9
steve jobs introvert or extrovert,0,1,0.00,34.0
steve jobs narcissist,0,2,0.00,31.0
steve jobs ocd,0,1,0.00,28.0
steve jobs ocpd,0,1,0.00,28.0
steve jobs perfection,0,1,0.00,9.0
steve jobs perfectionist,0,6,0.00,15.2
steve jobs personality description * * * * *,0,1,0.00,11.0
steve jobs personality disorder,0,1,0.00,25.0
steve jobs personality traits,0,8,0.00,26.4
steve jobs personality type,0,33,0.00,12.2
steve jobs psychology,0,3,0.00,25.0
steve jobs psychopath,0,2,0.00,22.5
steve jobs sociopath,0,2,0.00,19.0
steve jobs work ethic,0,3,0.00,34.0
steve tisch political party,0,1,0.00,85.0
steve wozniak personality,0,2,0.00,26.5
steven hawking before als,0,4,0.00,10.8
still the problem tour,0,1,0.00,41.0
stockard channing,0,1,0.00,3.0
stolen from the suburbs,0,1,0.00,3.0
stranger cheat sheet 2025,0,2,0.00,88.5
stress and growth enneagram,0,1,0.00,45.0
stress enneagram,0,2,0.00,40.0
stress types,0,1,0.00,7.0
stressed type,0,1,0.00,33.0
study zendaya,0,2,0.00,28.5
su personalidad,0,2,0.00,6.5
subhuman clavicular,0,1,0.00,7.0
subtype,0,1,0.00,3.0
subtypes of enneagram 4,0,1,0.00,25.0
subtypes of enneagram 5,0,1,0.00,47.0
subtypes of enneagram 9,0,2,0.00,36.0
suche quellen,0,1,0.00,2.0
sufney sweeney,0,1,0.00,4.0
suki waterhouse,0,1,0.00,3.0
suki waterhouse and robert pattinson,0,1,0.00,3.0
suki waterhouse height,0,1,0.00,2.0
sultan of science,0,1,0.00,1.0
summary of each enneagram type,0,2,0.00,63.5
sundar pichai and robert de niro,0,3,0.00,6.3
sundar pichai and sergey brin,0,3,0.00,16.7
sundar pichai iq,0,2,0.00,52.0
sundar pichai iq level,0,2,0.00,39.5
sundar pichai larry page sergey brin,0,1,0.00,18.0
sundar pichai mbti,0,8,0.00,3.0
sundar pichai mbti type,0,3,0.00,10.0
sundar pichai personality,0,2,0.00,10.5
sundar pichai retirement age,0,3,0.00,11.3
sundar pichai yacht,0,2,0.00,9.5
suri noelle,0,1,0.00,3.0
suri takes cruise to court,0,1,0.00,3.0
susan alice buffett,0,1,0.00,8.0
suzanne stabile enneagram test free,0,1,0.00,2.0
sx blind,0,7,0.00,15.0
sx blind enneagram,0,3,0.00,12.7
sx blind vs so blind,0,2,0.00,18.0
sx dom vs sp dom,0,1,0.00,22.0
sx enneagram test,0,1,0.00,22.0
sx instinct,0,1,0.00,38.0
sx instinct enneagram,0,2,0.00,35.5
sx instinctual variant,0,3,0.00,24.0
sx meaning typology,0,1,0.00,25.0
sx so sp,0,5,0.00,27.4
sx sp enneagram,0,5,0.00,26.0
sx subtype enneagram,0,2,0.00,19.0
sx/so instinctual variant,0,3,0.00,16.0
sx/so personality,0,2,0.00,25.5
sx/so subtype,0,1,0.00,16.0
sx/so/sp,0,4,0.00,26.8
sx/sp enneagram,0,3,0.00,29.7
sx/sp instinctual variant,0,3,0.00,24.7
sx/sp personality,0,1,0.00,36.0
sx/sp/so,0,1,0.00,27.0
sx1 vs sx9,0,5,0.00,8.6
sx5 enneagram,0,2,0.00,3.5
sx5 enneagram characters,0,1,0.00,35.0
sx6 enneagram,0,2,0.00,4.0
sx6 enneagram -ai,0,1,0.00,50.0
sx8 enneagram,0,1,0.00,3.0
sx8 enneagram คือ,0,1,0.00,1.0
sx8 vs sx9,0,1,0.00,11.0
sx8 эннеаграмма,0,9,0.00,1.0
sx9 childhood,0,2,0.00,20.0
sydney girl,0,1,0.00,4.0
sydney girl personality,0,5,0.00,6.6
sydney sweeney,0,35,0.00,4.6
sydney sweeney 6th grade,0,1,0.00,11.0
sydney sweeney adhd,0,4,0.00,52.8
sydney sweeney age,0,3,0.00,2.3
sydney sweeney appearance description,0,1,0.00,11.0
sydney sweeney blood type,0,3,0.00,7.0
sydney sweeney description,0,1,0.00,41.0
sydney sweeney distinctive physical features,0,1,0.00,11.0
sydney sweeney dog scene,0,1,0.00,2.0
sydney sweeney image contrast roles,0,1,0.00,27.0
sydney sweeney iq level,0,2,0.00,9.5
sydney sweeney jeans ad,0,1,0.00,2.0
sydney sweeney mbti,0,39,0.00,10.7
sydney sweeney mbti type,0,2,0.00,8.0
sydney sweeney movies,0,1,0.00,3.0
sydney sweeney net worth,0,1,0.00,3.0
sydney sweeney pdb,0,11,0.00,6.7
sydney sweeney personality and public image,0,3,0.00,8.3
sydney sweeney personality interviews,0,1,0.00,6.0
sydney sweeney personality public image,0,7,0.00,4.1
sydney sweeney personality real life,0,2,0.00,9.0
sydney sweeney personality real life interviews,0,1,0.00,6.0
sydney sweeney personality traits,0,11,0.00,6.5
sydney sweeney personality traits 2025 2026 interviews,0,1,0.00,11.0
sydney sweeney personality traits 2026,0,2,0.00,6.0
sydney sweeney personality traits interview,0,14,0.00,6.5
sydney sweeney personality traits interview quotes,0,3,0.00,9.7
sydney sweeney personality traits interviews,0,22,0.00,6.3
sydney sweeney personality traits interviews 2025 2026,0,6,0.00,8.8
sydney sweeney personality traits interviews real life,0,2,0.00,7.0
sydney sweeney personality traits real life,0,12,0.00,6.7
sydney sweeney personality traits real life 2025 2026 interviews,0,2,0.00,6.0
sydney sweeney personality traits real life interviews,0,6,0.00,8.3
sydney sweeney personality type,0,58,0.00,5.3
sydney sweeney profile,0,1,0.00,20.0
sydney sweeney real personality,0,1,0.00,7.0
sydney sweeney real personality traits interviews 2025 2026,0,1,0.00,7.0
sydney sweeney reputation,0,1,0.00,3.0
sydney sweeney sat score,0,1,0.00,34.0
sydney sweeney sports ad,0,2,0.00,3.0
sydney sweeney type,0,1,0.00,8.0
sydney sweeney voyeurs nude,0,1,0.00,22.0
sydney sweeney who is she,0,1,0.00,3.0
systematic review astrology personality predictive validity scientific evidence,0,1,0.00,3.0
systematic review enneagram personality scientific evidence,0,1,0.00,9.0
systematic review enneagram personality scientific validity,0,1,0.00,11.0
systematic review enneagram reliability validity 2021,0,1,0.00,7.0
systematic review enneagram validity reliability 2021,0,1,0.00,12.0
systematic review enneagram validity reliability peer reviewed 2021,0,1,0.00,11.0
sza mbti,0,2,0.00,16.5
sza mbti type,0,1,0.00,11.0
sza personality,0,17,0.00,8.3
sza personality type,0,13,0.00,4.8
személyisége,0,1,0.00,7.0
taboo (2017 tv series),0,1,0.00,2.0
taille jack black,0,1,0.00,3.0
take 9,0,18,0.00,9.8
take enneagram,0,1,0.00,52.0
take me home one direction,0,1,0.00,8.0
take nine,0,1,0.00,15.0
take9,0,14,0.00,54.3
tara knupps,0,1,0.00,10.0
tara mirshokraei,0,2,0.00,2.0
tara podcast girl,0,8,0.00,9.9
tara yumm,0,1,0.00,16.0
tara yummy age,0,4,0.00,24.5
tara yummy before fame,0,1,0.00,11.0
tara yummy bio,0,4,0.00,10.0
tara yummy biography,0,3,0.00,10.3
tara yummy body,0,1,0.00,13.0
tara yummy emo,0,1,0.00,11.0
tara yummy ethnicity,0,31,0.00,12.5
tara yummy famous for,0,1,0.00,11.0
tara yummy farsi,0,2,0.00,9.0
tara yummy high school,0,14,0.00,8.9
tara yummy in high school,0,10,0.00,9.8
tara yummy interview,0,1,0.00,11.0
tara yummy iran,0,3,0.00,12.3
tara yummy job,0,3,0.00,11.0
tara yummy last name,0,2,0.00,13.5
tara yummy mbti,0,15,0.00,9.9
tara yummy muslim,0,1,0.00,27.0
tara yummy name,0,1,0.00,16.0
tara yummy nationality,0,3,0.00,12.3
tara yummy persian,0,13,0.00,9.5
tara yummy personality,0,41,0.00,7.2
tara yummy portrait,0,3,0.00,7.0
tara yummy real last name,0,1,0.00,17.0
tara yummy real name,0,2,0.00,15.5
tara yummy religion,0,3,0.00,11.0
tara yummy surname,0,2,0.00,11.0
tara yummy who is she,0,12,0.00,11.3
tara yummy why is she famous,0,3,0.00,11.0
tara yummy wiki,0,1,0.00,17.0
tara yummy wikipedia,0,1,0.00,17.0
tarayummy ethnicity,0,1,0.00,15.0
tarayummy high school,0,1,0.00,11.0
tarayummy last name,0,1,0.00,20.0
tarayummy mbti,0,6,0.00,7.8
tarayummy real name,0,1,0.00,18.0
taron egerton,0,1,0.00,2.0
tasya van ree net worth,0,3,0.00,9.3
tate mcrae mbti,0,2,0.00,14.5
tate mcrae personality type,0,5,0.00,4.4
taurus enneagram,0,7,0.00,10.0
taylor frankie paul therapist analysis,0,1,0.00,9.0
taylor swift mbti,0,2,0.00,3.0
taylor swift voice type,0,1,0.00,3.0
tbnp,0,1,0.00,3.0
tbpn,0,13,0.00,3.5
tbpn founder,0,2,0.00,1.5
tbpn founders,0,7,0.00,5.4
tbpn guys,0,1,0.00,1.0
tbpn hosts,0,22,0.00,1.1
tbpn john coogan,0,4,0.00,24.3
tbpn jordi,0,1,0.00,7.0
tbpn jordi hays,0,17,0.00,9.7
tbpn meaning,0,1,0.00,3.0
tbpn open ai,0,1,0.00,2.0
tbpn podcast,0,11,0.00,3.4
tbpn podcast hosts,0,3,0.00,1.0
tbpn producer,0,1,0.00,1.0
team enneagram,0,8,0.00,38.9
tell me,0,1,0.00,5.0
tell me about his personality,0,1,0.00,5.0
temperamental personality dark side,0,1,0.00,76.0
temperance noah,0,3,0.00,15.7
tenacious d in the pick of destiny,0,1,0.00,3.0
terrence mann,0,1,0.00,4.0
tesla persona,0,1,0.00,1.0
tesla personality,0,2,0.00,13.0
tesla personality type,0,13,0.00,10.2
tessa tom holland's dog,0,1,0.00,2.0
test code for enneagram institute,0,1,0.00,17.0
test free,0,1,0.00,2.0
testi madison beer dear society,0,1,0.00,53.0
testy,0,1,0.00,7.0
teyana taylor,0,2,0.00,3.0
teyana taylor body type,0,2,0.00,10.5
teyana taylor mbti,0,7,0.00,7.6
teyana taylor personality,0,43,0.00,7.6
teyana taylor sweet 16 cost,0,1,0.00,11.0
teyana taylor voice type,0,53,0.00,8.3
that little effort,0,1,0.00,44.0
that one test with 9 sections,0,20,0.00,40.1
that thing sbf said to tyler cowen,0,1,0.00,1.0
that's so true gracie abrams meaning,0,2,0.00,58.5
thats so true gracie abrams meaning,0,1,0.00,69.0
the 27 tritypes,0,1,0.00,6.0
the 5 big personality traits,0,1,0.00,3.0
the achiever enneagram,0,4,0.00,30.5
the alto knights cast,0,1,0.00,2.0
the best enneagram test,0,6,0.00,33.0
the best free enneagram test,0,2,0.00,20.5
the body holds the score,0,1,0.00,11.0
the challenger enneagram,0,8,0.00,54.9
the challenger enneagram 8,0,2,0.00,50.5
the challenger personality,0,1,0.00,40.0
the challenger personality type,0,4,0.00,49.0
the day oliver tree died,0,1,0.00,2.0
the devil works hard but,0,3,0.00,1.0
the devil works hard but meaning,0,1,0.00,1.0
the devil works harder quote,0,1,0.00,1.0
the different love languages,0,1,0.00,23.0
the disappearance ryan gosling,0,1,0.00,6.0
the dog stars,0,1,0.00,4.0
the enneagram group,0,1,0.00,59.0
the enneagram in love and work,0,2,0.00,31.0
the enneagram institute free test,0,1,0.00,20.0
the enneagram institute test,0,1,0.00,30.0
the enneagram made easy: discover the 9 types of people,0,1,0.00,33.0
the enneagram test,0,1,0.00,3.0
the enneagram types,0,3,0.00,43.3
the four seasons,0,1,0.00,3.0
the french dispatch cast,0,1,0.00,2.0
the game neil strauss characters,0,1,0.00,33.0
the game neil strauss table of contents,0,1,0.00,11.0
the giver enneagram,0,2,0.00,48.0
the helper enneagram,0,4,0.00,54.0
the highest paid podcaster,0,1,0.00,2.0
the highest paid podcasters,0,1,0.00,1.0
the highest-paid podcasters of 2026,0,6,0.00,3.7
the honest enneagram free mp3,0,1,0.00,40.0
the honest enneagram free mp3 download,0,4,0.00,40.3
the honest enneagram free wav,0,2,0.00,19.5
the idealist enneagram,0,2,0.00,66.0
the last one,0,1,0.00,2.0
the love languages,0,1,0.00,30.0
the loyal skeptic,0,1,0.00,73.0
the loyalist archetype,0,1,0.00,47.0
the loyalist enneagram,0,25,0.00,60.8
the loyalist personality type,0,3,0.00,58.0
the maverick enneagram,0,1,0.00,47.0
the method neil strauss,0,1,0.00,15.0
the most accurate enneagram test,0,1,0.00,25.0
the narrative enneagram,0,1,0.00,2.0
the odyssey enneagram,0,1,0.00,57.0
the peacemaker enneagram,0,7,0.00,36.0
the perfectionist enneagram,0,3,0.00,56.0
the performer enneagram,0,1,0.00,49.0
the profile lana del rey,0,4,0.00,53.0
the protector enneagram,0,1,0.00,24.0
the reformer enneagram,0,1,0.00,3.0
the road back to you enneagram test free,0,1,0.00,59.0
the rock personality,0,51,0.00,10.4
the rock personality type,0,33,0.00,11.0
the rock's ego,0,1,0.00,55.0
the romantic enneagram,0,1,0.00,50.0
the second option,0,1,0.00,31.0
the shards,0,1,0.00,4.0
the shawn ryan show,0,1,0.00,13.0
the skeptic enneagram,0,1,0.00,85.0
the stranger cheat sheet,0,2,0.00,95.0
the three instincts enneagram,0,1,0.00,60.0
the time of my life benson boone wiki,0,1,0.00,9.0
the wisdom of enneagram,0,1,0.00,5.0
the wisdom of the enneagram,0,1,0.00,3.0
the worst enneagram type,0,8,0.00,9.8
thea booysen porn,0,1,0.00,10.0
then what about yamal,0,1,0.00,6.0
theo von personality,0,2,0.00,10.0
theo von personality type,0,11,0.00,7.0
thimothy chalamet,0,1,0.00,3.0
thimothée chalamet,0,1,0.00,4.0
things to say to an enneagram 2,0,8,0.00,9.8
things to say to an enneagram 4,0,12,0.00,10.5
things to say to an enneagram 5,0,15,0.00,9.7
things to say to an enneagram 9,0,17,0.00,6.8
things to say to enneagram,0,12,0.00,8.5
things to say to enneagram 2,0,1,0.00,6.0
things to say to enneagram 9,0,2,0.00,6.5
thinker enneagram,0,2,0.00,44.5
thomas chatterton williams emily ratajkowski,0,7,0.00,10.4
thomas cruise,0,1,0.00,45.0
thomas cruise mapother,0,5,0.00,14.8
thomas cruise mapother i,0,3,0.00,20.0
thomas cruise mapother iii,0,10,0.00,20.8
thomas cruise mapother iv,0,11,0.00,14.6
thomas mapother,0,24,0.00,13.8
thomas mapother iii,0,8,0.00,15.6
thomas mapother iv,0,13,0.00,13.6
three enneagram,0,6,0.00,41.3
three enneagram type,0,1,0.00,46.0
three wing two enneagram,0,1,0.00,4.0
thêm nữa đi,0,1,0.00,9.0
tik porn sky bri,0,1,0.00,4.0
tiktok personality,0,1,0.00,5.0
tim cook personality type,0,1,0.00,10.0
tim drake personality,0,2,0.00,3.0
time 2030,0,1,0.00,4.0
timothee chalamet acting style,0,1,0.00,25.0
timothee chalamet adhd,0,3,0.00,2.0
timothee chalamet age,0,3,0.00,3.0
timothee chalamet character,0,3,0.00,8.0
timothee chalamet chlamydia,0,2,0.00,1.0
timothee chalamet favorite movies,0,1,0.00,4.0
timothee chalamet first movie,0,1,0.00,2.0
timothee chalamet first movie age,0,1,0.00,3.0
timothee chalamet height,0,5,0.00,2.4
timothee chalamet hobbies,0,2,0.00,11.5
timothee chalamet horoscope,0,1,0.00,3.0
timothee chalamet jawline,0,1,0.00,2.0
timothee chalamet jerk,0,1,0.00,3.0
timothee chalamet lies of p,0,2,0.00,13.5
timothee chalamet mbti,0,31,0.00,14.5
timothee chalamet mbti type,0,4,0.00,11.0
timothee chalamet mental health,0,1,0.00,3.0
timothee chalamet overrated,0,1,0.00,4.0
timothee chalamet personality,0,180,0.00,9.8
timothee chalamet personality traits,0,4,0.00,10.0
timothee chalamet personality type,0,102,0.00,7.4
timothee chalamet profile,0,8,0.00,25.3
timothee chalamet teeth reddit,0,1,0.00,11.0
timothee chalamet type,0,1,0.00,12.0
timothee chalamet weight,0,1,0.00,2.0
timothee height,0,1,0.00,3.0
timothee mbti,0,1,0.00,2.0
timothy chalamet chlamydia,0,1,0.00,1.0
timothy chalamet mbti,0,1,0.00,9.0
timothy ronald mbti,0,1,0.00,5.0
timothée chalamet,0,2,0.00,4.5
timothée chalamet arrogant,0,1,0.00,3.0
timothée chalamet größe,0,1,0.00,3.0
timothée chalamet height,0,5,0.00,2.2
timothée chalamet herpes,0,3,0.00,1.0
timothée chalamet lies of p,0,1,0.00,18.0
timothée chalamet mbti,0,7,0.00,13.7
timothée chalamet mbti type,0,5,0.00,9.6
timothée chalamet oxford,0,1,0.00,25.0
timothée chalamet personality,0,32,0.00,8.2
timothée chalamet personality traits,0,7,0.00,7.9
timothée chalamet personality traits interviews,0,7,0.00,7.9
timothée chalamet personality type,0,21,0.00,10.1
timothée chalamet profile,0,10,0.00,25.0
timothée chalamet religion,0,1,0.00,2.0
tina brown meghan markle uk return,0,2,0.00,4.5
tina fey,0,11,0.00,3.9
tina fey character,0,1,0.00,8.0
tina fey comedy style,0,3,0.00,8.7
tina fey enneagram type,0,15,0.00,5.5
tina fey husband short,0,1,0.00,3.0
tina fey instagram,0,1,0.00,4.0
tina fey iq,0,5,0.00,3.0
tina fey mbti,0,6,0.00,6.3
tina fey mother,0,1,0.00,2.0
tina fey pantheon,0,2,0.00,7.0
tina fey sarah palin,0,1,0.00,3.0
tina fey weight gain season 6,0,1,0.00,2.0
tipo 3 eneagrama,0,3,0.00,43.3
tipo 7 eneagrama,0,3,0.00,56.7
tired miyazaki,0,1,0.00,17.0
tobey maguire,0,1,0.00,8.0
tom cruise,0,1,0.00,3.0
tom cruise 1976,0,1,0.00,10.0
tom cruise a nice guy,0,1,0.00,2.0
tom cruise blood group,0,22,0.00,7.5
tom cruise blood type,0,6,0.00,5.8
tom cruise crazy,0,2,0.00,3.0
tom cruise human design,0,1,0.00,23.0
tom cruise mapother,0,4,0.00,16.3
tom cruise mapother iv,0,1,0.00,13.0
tom cruise mbti,0,3,0.00,6.3
tom cruise middle name,0,35,0.00,11.7
tom cruise palmistry,0,1,0.00,52.0
tom cruise pdb,0,1,0.00,7.0
tom cruise personality traits,0,9,0.00,6.9
tom cruise profile,0,15,0.00,38.8
tom cruise psychopath,0,1,0.00,3.0
"tom cruise wikidata instagram username ""tomcruise""",0,6,0.00,5.8
tom cruise4,0,1,0.00,45.0
tom hanks age,0,1,0.00,2.0
tom hanks character,0,1,0.00,3.0
tom hanks enneagram,0,1,0.00,6.0
tom hanks imposter syndrome,0,1,0.00,33.0
tom hanks mbti,0,8,0.00,17.0
tom hanks mbti type,0,1,0.00,17.0
tom hanks personality,0,82,0.00,9.4
tom hanks personality type,0,65,0.00,8.5
tom hardy,0,35,0.00,3.5
tom hardy age,0,1,0.00,2.0
tom hardy behaviour,0,1,0.00,33.0
tom hardy black hawk down character,0,2,0.00,29.5
tom hardy character,0,1,0.00,11.0
tom hardy intrinsically feminine,0,1,0.00,12.0
tom hardy mbti,0,7,0.00,13.6
tom hardy personality type,0,59,0.00,6.3
tom hardy power,0,1,0.00,8.0
tom hardy profile,0,1,0.00,42.0
tom hardy teeth,0,1,0.00,2.0
tom hardy wife,0,3,0.00,2.7
tom hardy?,0,1,0.00,2.0
tom hiddleston enneagram,0,5,0.00,4.6
tom hiddleston mbti,0,7,0.00,16.9
tom hiddleston mbti type,0,1,0.00,11.0
tom hiddleston personality,0,38,0.00,10.6
tom hiddleston personality type,0,172,0.00,9.2
tom holand,0,1,0.00,1.0
tom holland,0,8,0.00,2.9
tom holland age in 2012,0,1,0.00,3.0
tom holland and zendaya,0,2,0.00,2.0
tom holland and zendaya wedding photos,0,1,0.00,2.0
tom holland blood type,0,1,0.00,9.0
tom holland character,0,1,0.00,30.0
tom holland character traits,0,10,0.00,11.3
tom holland characteristics,0,2,0.00,1.5
tom holland dancing ballet,0,1,0.00,2.0
tom holland dancing in billy elliot,0,1,0.00,2.0
tom holland dating history,0,1,0.00,3.0
tom holland family net worth,0,1,0.00,3.0
tom holland father name,0,1,0.00,3.0
tom holland height in feet,0,1,0.00,2.0
tom holland in tsunami movie,0,1,0.00,2.0
tom holland interview,0,1,0.00,2.0
tom holland iq,0,2,0.00,15.5
tom holland is he nice,0,1,0.00,3.0
tom holland mbti,0,15,0.00,18.1
tom holland mbti type,0,2,0.00,13.0
tom holland net worth,0,1,0.00,3.0
tom holland parents,0,1,0.00,3.0
tom holland parents jobs,0,1,0.00,100.0
tom holland pdb,0,2,0.00,24.0
tom holland personality,0,152,0.00,9.7
tom holland personality traits,0,9,0.00,13.3
tom holland personality type,0,584,0.00,10.5
tom holland peter parker personality,0,1,0.00,11.0
tom holland profile,0,1,0.00,49.0
tom holland richmond london,0,1,0.00,2.0
tom holland spider man personality,0,5,0.00,17.8
tom holland spider man personality type,0,3,0.00,11.3
tom holland spiderman personality,0,7,0.00,10.1
tom holland traits,0,2,0.00,11.0
tom holland type,0,5,0.00,12.0
tom holland umbrella,0,1,0.00,2.0
tom holland whats that explained,0,1,0.00,11.0
tom holland zendaya,0,2,0.00,2.0
tom holland zendaya height,0,1,0.00,3.0
tom holland's personality,0,2,0.00,9.0
tom hughes,0,1,0.00,3.0
tom mapother,0,17,0.00,18.0
tom skerritt,0,1,0.00,3.0
tomcruise.com,0,1,0.00,30.0
tomcrysis,0,4,0.00,25.5
tommy devito,0,1,0.00,2.0
tommy mapother,0,1,0.00,16.0
tony robbins enneagram type,0,2,0.00,17.0
top 10 highest paid podcasters,0,5,0.00,1.0
top 10 paid podcasters,0,2,0.00,3.0
top 10 podcasters,0,1,0.00,1.0
top 10 podcasts in the world,0,1,0.00,3.0
top 20,0,2,0.00,3.0
top 20 highest paid podcasters,0,3,0.00,1.0
top 20 paid podcasters,0,1,0.00,1.0
top 25 list,0,1,0.00,6.0
top earning podcasters 2026,0,1,0.00,1.0
top earning podcasts,0,3,0.00,1.0
top earning podcasts 2026,0,2,0.00,1.0
top paid podcaster,0,1,0.00,1.0
top paid podcasters,0,8,0.00,1.0
top paid podcasters 2026,0,4,0.00,2.5
top podcast earners,0,3,0.00,1.0
top podcast earnings,0,1,0.00,1.0
top podcast money makers,0,1,0.00,1.0
top podcasters 2026,0,1,0.00,1.0
top podcasts forbes,0,1,0.00,1.0
top rated podcasts,0,1,0.00,2.0
top ten list,0,1,0.00,4.0
totally free enneagram test,0,1,0.00,37.0
tough relationship,0,2,0.00,68.0
tpbn,0,1,0.00,2.0
tracey mcshane wikipedia,0,1,0.00,20.0
tracie beer height,0,1,0.00,17.0
traits of jfk,0,1,0.00,37.0
traits of john f kennedy,0,2,0.00,46.5
traits of oprah winfrey,0,1,0.00,63.0
traits of winston churchill,0,4,0.00,44.3
travis barker mbti,0,1,0.00,3.0
travis kalanick and jeff bezos,0,2,0.00,7.5
travis kelce intelligence,0,1,0.00,13.0
travis kelce mbti,0,3,0.00,19.0
travis kelce personality,0,31,0.00,7.1
travis kelce personality traits,0,1,0.00,7.0
travis kelce personality type,0,16,0.00,6.7
travis kelce profile,0,1,0.00,20.0
travis kelce type,0,7,0.00,9.1
travis scott social sentiment last 72 hours,0,3,0.00,10.0
travis walton,0,1,0.00,4.0
travolta movie phenomenon,0,1,0.00,2.0
trent sweeney,0,2,0.00,2.5
trevor noah mbti,0,8,0.00,10.0
trevor noah personality,0,37,0.00,7.8
triple competency enneagram,0,1,0.00,6.0
triple withdrawn,0,1,0.00,23.0
trisha malik,0,1,0.00,3.0
tritype,0,1,0.00,8.0
tritype combinations,0,1,0.00,20.0
truity enneagram alternative,0,9,0.00,31.0
truity enneagram test free,0,6,0.00,10.8
truly free enneagram test,0,1,0.00,32.0
trump enneagram,0,1,0.00,28.0
trump personality analysis,0,2,0.00,43.0
trump personality type mbti,0,1,0.00,31.0
truthful robert pattinson,0,1,0.00,9.0
tucker carlson beliefs,0,4,0.00,89.3
tucker carlson confused,0,2,0.00,23.5
tucker carlson has lost his mind,0,1,0.00,53.0
tucker carlson is a grifter,0,1,0.00,28.0
tucker carlson is crazy,0,1,0.00,27.0
tucker carlson opinion,0,1,0.00,64.0
tucker carlson opinions,0,1,0.00,40.0
tucker carlson personality type,0,6,0.00,8.5
tucker carlson side profile,0,1,0.00,51.0
tucker carlson sucks,0,1,0.00,24.0
tucker carlson views,0,1,0.00,36.0
tucker carlson weird,0,1,0.00,52.0
tyler cowan,0,1,0.00,3.0
tyler cowen,0,1,0.00,4.0
tyler cowen daughter,0,2,0.00,11.0
tyler cowen sam bankman fried,0,1,0.00,2.0
tyler cowen wife,0,1,0.00,4.0
tyler cowen wife natasha,0,1,0.00,9.0
tyler durden neil strauss,0,4,0.00,8.8
tyler durden the game neil strauss,0,9,0.00,7.6
tyler the creator enneagram,0,8,0.00,13.8
typ 5 enneagramm,0,2,0.00,14.5
typ osobowosci,0,1,0.00,6.0
type,0,1,0.00,4.0
type 1 enneagram,0,32,0.00,58.0
type 1 enneagram careers,0,8,0.00,23.8
type 1 enneagram characters,0,2,0.00,39.0
type 1 enneagram description,0,3,0.00,53.3
type 1 enneagram personality,0,2,0.00,65.5
type 1 enneagram traits,0,1,0.00,68.0
type 1 people,0,3,0.00,46.0
type 1 perfectionist,0,1,0.00,45.0
type 1 perfectionist enneagram,0,1,0.00,38.0
type 1 personalities,0,2,0.00,48.0
type 1 personality,0,11,0.00,51.4
type 1 personality disorder,0,1,0.00,24.0
type 1 personality enneagram,0,8,0.00,61.4
type 1 personality traits,0,3,0.00,60.0
type 1 reformer,0,1,0.00,55.0
type 1 reformer personality,0,1,0.00,60.0
type 1 relationship meaning,0,2,0.00,9.5
type 1s,0,1,0.00,37.0
type 2 celebrities,0,3,0.00,35.7
type 2 core fear,0,1,0.00,35.0
type 2 diabetes press releases july 2026 after:2026-07-07,0,1,0.00,7.0
type 2 diabetes scientific articles july 2026 after:2026-07-07,0,1,0.00,6.0
type 2 enegram,0,1,0.00,3.0
type 2 enneagram,0,28,0.00,37.3
type 2 enneagram characters,0,3,0.00,48.7
type 2 ennegram,0,1,0.00,3.0
type 2 helper enneagram,0,1,0.00,3.0
type 2 on the enneagram,0,1,0.00,49.0
type 2 personality,0,4,0.00,40.3
type 2 personality disorder,0,3,0.00,68.7
type 2 personality disorders,0,1,0.00,76.0
type 2 personality enneagram,0,4,0.00,54.3
type 2 the helper,0,3,0.00,50.7
type 3,0,3,0.00,33.3
type 3 (the achiever),0,1,0.00,24.0
type 3 achiever,0,1,0.00,24.0
type 3 characters,0,1,0.00,55.0
type 3 ennagram,0,3,0.00,56.3
type 3 enneagram,0,107,0.00,31.4
type 3 enneagram careers,0,3,0.00,59.3
type 3 enneagram celebrities,0,153,0.00,9.1
type 3 enneagram characteristics,0,1,0.00,44.0
type 3 enneagram characters,0,1,0.00,45.0
type 3 enneagram description,0,4,0.00,32.3
type 3 ennegram,0,1,0.00,26.0
type 3 meaning,0,1,0.00,21.0
type 3 person,0,1,0.00,23.0
type 3 personality,0,23,0.00,37.1
type 3 personality disorder,0,4,0.00,27.8
type 3 personality enneagram,0,1,0.00,42.0
type 3 the achiever,0,2,0.00,23.0
type 4,0,2,0.00,47.5
type 4 celebrities,0,6,0.00,22.2
type 4 characters,0,2,0.00,44.5
type 4 depression,0,4,0.00,10.0
type 4 disintegration,0,2,0.00,29.5
type 4 enegram,0,1,0.00,49.0
type 4 enneagram,0,36,0.00,35.8
type 4 enneagram careers,0,3,0.00,29.0
type 4 enneagram celebrities,0,46,0.00,11.5
type 4 enneagram characters,0,1,0.00,53.0
type 4 ennegram,0,3,0.00,56.7
type 4 people,0,1,0.00,72.0
type 4 personality enneagram,0,1,0.00,3.0
type 4 subtypes,0,1,0.00,43.0
type 5,0,20,0.00,48.3
type 5 celebrities,0,8,0.00,19.9
type 5 characters,0,2,0.00,43.0
type 5 core fear,0,1,0.00,60.0
type 5 disintegration,0,23,0.00,10.3
type 5 ennagram,0,3,0.00,48.3
type 5 enneagram,0,32,0.00,49.6
type 5 enneagram careers,0,1,0.00,59.0
type 5 enneagram celebrities,0,46,0.00,9.2
type 5 enneagram characters,0,3,0.00,46.0
type 5 enneagram description,0,1,0.00,69.0
type 5 enneagram personality,0,4,0.00,55.3
type 5 enneagramme,0,2,0.00,59.0
type 5 ennegram,0,1,0.00,63.0
type 5 instinctual variants,0,1,0.00,30.0
type 5 people,0,1,0.00,55.0
type 5 personality,0,21,0.00,35.2
type 5 personality traits,0,7,0.00,63.6
type 5 subtypes,0,1,0.00,44.0
type 6,0,29,0.00,70.6
type 6 (the loyalist),0,2,0.00,58.0
type 6 characters,0,3,0.00,41.7
type 6 disintegration,0,1,0.00,39.0
type 6 enneagram,0,49,0.00,63.9
type 6 enneagram careers,0,7,0.00,68.0
type 6 enneagram celebrities,0,12,0.00,14.3
type 6 enneagram characters,0,1,0.00,46.0
type 6 enneagram description,0,4,0.00,77.3
type 6 enneagram famous people,0,1,0.00,11.0
type 6 enneagram personality,0,2,0.00,59.0
type 6 enneagramme,0,4,0.00,59.8
type 6 ennegram,0,3,0.00,68.3
type 6 in stress,0,2,0.00,47.5
type 6 loyalist,0,3,0.00,44.0
type 6 loyalist enneagram,0,4,0.00,61.3
type 6 loyalist mbti,0,2,0.00,51.0
type 6 personality,0,15,0.00,60.0
type 6 personality enneagram,0,4,0.00,63.0
type 6 so,0,3,0.00,42.7
type 6 the loyalist,0,6,0.00,58.3
type 7,0,12,0.00,51.3
type 7 characters,0,3,0.00,40.7
type 7 enneagram,0,5,0.00,58.8
type 7 enneagram celebrities,0,53,0.00,10.9
type 7 enneagram characters,0,4,0.00,47.3
type 7 enthusiast,0,1,0.00,52.0
type 7 fun,0,1,0.00,51.0
type 7 personality,0,2,0.00,53.5
type 7 stos,0,1,0.00,74.0
type 8 challenger,0,2,0.00,42.0
type 8 challenger personality,0,1,0.00,44.0
type 8 enneagram,0,1,0.00,3.0
type 8 enneagram characters,0,1,0.00,43.0
type 8 personality,0,1,0.00,3.0
type 8 the challenger,0,1,0.00,33.0
type 9,0,9,0.00,36.3
type 9 celebrities,0,2,0.00,11.0
type 9 characters,0,3,0.00,41.3
type 9 core fear,0,1,0.00,28.0
type 9 enneagram,0,72,0.00,39.2
type 9 enneagram characters,0,6,0.00,45.0
type 9 enneagram description,0,1,0.00,82.0
type 9 enneagram personality,0,2,0.00,56.5
type 9 enneagramme,0,1,0.00,83.0
type 9 models,0,3,0.00,10.0
type 9 personality,0,10,0.00,31.6
type 9 personality enneagram,0,1,0.00,65.0
type 9 personality traits,0,1,0.00,62.0
type 9 subtypes,0,1,0.00,43.0
type 9 the peacemaker,0,3,0.00,14.3
type a celebrities,0,2,0.00,24.0
type a personality celebrities,0,3,0.00,15.0
type a-3,0,2,0.00,13.0
type aspects,0,1,0.00,28.0
type de personnalité,0,1,0.00,3.0
type eight,0,1,0.00,64.0
type five enneagram,0,23,0.00,74.1
type five personality,0,3,0.00,60.0
type four,0,1,0.00,42.0
type four enneagram,0,10,0.00,53.4
type nine,0,1,0.00,41.0
type nine enneagram,0,34,0.00,46.6
type of avoidant attachment styles,0,1,0.00,52.0
type of three,0,1,0.00,36.0
type one enneagram,0,19,0.00,68.3
type one personality,0,6,0.00,58.0
type seven,0,1,0.00,66.0
type six enneagram,0,18,0.00,73.1
type six personality,0,3,0.00,66.3
type three,0,3,0.00,42.3
type three enneagram,0,22,0.00,35.5
type three personality,0,4,0.00,31.0
type two enneagram,0,3,0.00,50.0
type two personality disorder,0,3,0.00,69.7
type-9,0,1,0.00,57.0
types 5,0,4,0.00,44.3
types 6,0,2,0.00,58.5
types 7,0,2,0.00,32.0
types of conversation in relationship,0,1,0.00,28.0
types of conversations in a relationship,0,1,0.00,24.0
types of enneagram 6,0,4,0.00,55.3
types of flexes,0,2,0.00,9.5
types of love language,0,2,0.00,26.0
tính cách,0,5,0.00,6.6
ulker sedef piker,0,2,0.00,35.5
und der bruder,0,1,0.00,9.0
und eminem,0,1,0.00,1.0
und heute?,0,1,0.00,5.0
und sabrina,0,1,0.00,9.0
under the influence casey neistat,0,1,0.00,5.0
understanding enneagram communication styles in relationships,0,5,0.00,9.4
unhealthy 3 enneagram,0,1,0.00,29.0
unhealthy 6 enneagram,0,2,0.00,49.5
unhealthy 7 enneagram,0,1,0.00,38.0
unhealthy 9 enneagram,0,5,0.00,35.6
unhealthy e1,0,1,0.00,1.0
unhealthy enneagram,0,12,0.00,9.8
unhealthy enneagram 2,0,1,0.00,31.0
unhealthy enneagram 3,0,2,0.00,34.5
unhealthy enneagram 6,0,3,0.00,47.0
unhealthy enneagram 9,0,9,0.00,42.6
unhealthy enneagram subtypes,0,3,0.00,9.0
unhealthy enneagrams,0,38,0.00,8.9
unhealthy so2 enneagram,0,1,0.00,20.0
unhealthy sp3 enneagram,0,1,0.00,1.0
unhealthy traits of enneagram 9,0,177,0.00,15.6
unhealthy type 9,0,1,0.00,6.0
untouchable beyonce,0,1,0.00,4.0
usually kai,0,1,0.00,11.0
vampire olivia rodrigo,0,1,0.00,4.0
vanessa kirby,0,1,0.00,3.0
velvet sledgehammer meaning,0,2,0.00,8.5
very toxic enneagram 3 traits,0,3,0.00,10.7
verywell mind enneagram lacks scientific evidence,0,12,0.00,6.8
verywell mind enneagram lacks scientific validation,0,73,0.00,8.4
verywell mind enneagram lacks strong scientific validation,0,6,0.00,8.8
verywell mind enneagram not scientifically validated,0,36,0.00,10.5
verywell mind enneagram scientific evidence,0,26,0.00,10.3
verywell mind enneagram scientific validation,0,10,0.00,10.8
verywell mind enneagram scientific validity,0,3,0.00,10.7
verywell mind enneagram scientifically validated,0,7,0.00,10.0
victoria justice personality,0,10,0.00,10.1
vigilance elite podcast inurl:review,0,1,0.00,35.0
virgo enneagram type,0,1,0.00,12.0
vista america,0,1,0.00,2.0
visual enneagram 1,0,1,0.00,55.0
visual enneagram 2,0,1,0.00,57.0
visual enneagram 6,0,2,0.00,64.5
visual enneagram 7,0,1,0.00,76.0
visual enneagram 9,0,2,0.00,57.5
vivian jenna wilson mbti,0,7,0.00,9.9
vivian wilson mbti,0,2,0.00,10.0
vrai ?,0,1,0.00,2.0
w prawdziwym życiu,0,1,0.00,4.0
waardenburg syndrome anya taylor joy,0,3,0.00,32.0
waardenburg syndrome jackie kennedy,0,2,0.00,19.5
wario amodei,0,1,0.00,1.0
warren buffett human design,0,1,0.00,16.0
warren buffett mbti,0,3,0.00,34.3
warren buffett personality,0,3,0.00,23.3
warren buffett personality traits,0,1,0.00,42.0
warren buffett personality type,0,10,0.00,12.7
was agatha christie a good person,0,1,0.00,61.0
was albert einstein a good person,0,1,0.00,28.0
was albert einstein gay,0,2,0.00,40.5
was alex hormozi born rich,0,1,0.00,11.0
was alexis bledel pregnant in a year in the life,0,1,0.00,12.0
was andrew tates dad in the cia,0,1,0.00,1.0
was bob dylan a good person,0,4,0.00,17.3
was dua lipa born in london,0,1,0.00,2.0
was einstein a womanizer,0,1,0.00,47.0
was einstein gay,0,2,0.00,50.5
was einstein gay?,0,1,0.00,57.0
was einstien gay,0,1,0.00,51.0
was he addicted to cocaine,0,1,0.00,9.0
was he an alcoholic,0,1,0.00,5.0
was ishowspeed suicidal,0,1,0.00,11.0
was ist elon musk,0,1,0.00,10.0
was jackie kennedy a nice person,0,1,0.00,6.0
was jackie kennedy intelligent,0,1,0.00,39.0
was jfk an introvert,0,3,0.00,10.7
was jfk charismatic,0,3,0.00,32.0
was jfk shy,0,10,0.00,11.4
was kara swisher ever married to a man,0,1,0.00,1.0
was marilyn monroe a good person,0,3,0.00,18.0
was megan markle a good actress,0,1,0.00,3.0
was meghan markle a yacht girl,0,1,0.00,3.0
was messi mute,0,5,0.00,9.2
was mike majlak homeless,0,4,0.00,6.3
was mother teresa a christian,0,2,0.00,87.5
was nikola tesla a good person,0,1,0.00,19.0
was oliver tree a good person,0,8,0.00,14.6
was oliver tree a kind person,0,1,0.00,8.0
was oliver tree kind,0,7,0.00,8.9
was oliver tree left handed,0,4,0.00,8.5
was oliver tree straight,0,1,0.00,8.0
was oliver tree's death an accident,0,1,0.00,2.0
was oliver trees death an accident,0,1,0.00,2.0
was oppenheimer a good person,0,4,0.00,29.5
was oppenheimer schizophrenic,0,1,0.00,51.0
was steve jobs a good person,0,4,0.00,27.5
was steve jobs a psychopath,0,1,0.00,28.0
was steve jobs a sociopath,0,2,0.00,22.0
was steve jobs an introvert,0,3,0.00,24.3
was the march on washington successful,0,1,0.00,3.0
was tom holland a heavy drinker,0,1,0.00,2.0
was tom holland in billy elliot,0,1,0.00,2.0
wat is haar karakter,0,1,0.00,3.0
wat zijn de symptomen van,0,1,0.00,11.0
watson personality,0,1,0.00,9.0
wayne malik,0,1,0.00,9.0
we made it lyrics louis tomlinson,0,1,0.00,3.0
wealthiest podcasters,0,2,0.00,2.0
wedding robert pattinson wife and kids,0,1,0.00,3.0
welche quelle,0,1,0.00,1.0
welcome back kotter,0,1,0.00,4.0
welcome back kotter song,0,1,0.00,2.0
well,0,1,0.00,8.0
well known personality,0,1,0.00,10.0
well she,0,1,0.00,4.0
wer hat ki erfunden,0,1,0.00,2.0
wer ist jack black,0,1,0.00,2.0
wer noch ?,0,1,0.00,14.0
wh vragen,0,1,0.00,9.0
what 8s,0,1,0.00,10.0
what about agatha christie,0,1,0.00,2.0
what about aubrey plaza,0,1,0.00,1.0
what about brad pitt?,0,1,0.00,2.0
what about halsey?,0,1,0.00,5.0
what about her onlyfans?,0,1,0.00,2.0
what about his family?,0,1,0.00,8.0
what about kai,0,1,0.00,3.0
what about katy perry?,0,1,0.00,3.0
what about lana del rey,0,1,0.00,2.0
what about lana rhoades,0,1,0.00,6.0
what about marilyn,0,1,0.00,2.0
what about meryl streep,0,1,0.00,5.0
what about messi,0,1,0.00,7.0
what about natalie portman,0,1,0.00,2.0
what about pedro pascal,0,1,0.00,5.0
what about sabrina,0,1,0.00,2.0
what about sabrina carpenter,0,1,0.00,3.0
what about tina fey,0,1,0.00,2.0
what about tom cruise,0,1,0.00,3.0
what about tom hanks,0,1,0.00,7.0
what about tom hiddleston,0,1,0.00,2.0
what about tom holland,0,1,0.00,3.0
what about zara larsson,0,2,0.00,3.5
what about zayn,0,1,0.00,26.0
what about zendaya,0,2,0.00,7.5
what age did asmongold start streaming,0,8,0.00,8.1
what are all the love languages,0,1,0.00,2.0
what are charli xcx's core sonic characteristics?,0,3,0.00,13.3
what are enneagram types,0,2,0.00,35.5
what are enneagrams,0,1,0.00,3.0
what are his attributes,0,1,0.00,2.0
what are recessed clavicles,0,1,0.00,11.0
what are the 9 types of the enneagram test,0,2,0.00,60.5
what are the defining characteristics of oliver tree's artistic style?,0,10,0.00,10.8
what are the different love languages,0,3,0.00,8.7
what are the enneagram personality types,0,1,0.00,95.0
what are the enneagram types,0,1,0.00,60.0
what are the key elements of druski's comedic style?,0,13,0.00,8.2
what are the nine enneagram types,0,1,0.00,67.0
what are the types of enneagram,0,1,0.00,66.0
what are the types of love languages,0,1,0.00,16.0
what are their politics,0,1,0.00,2.0
what artistic qualities defined oliver tree's work?,0,6,0.00,7.2
what autoimmune disease does tara yummy have,0,1,0.00,11.0
what body type does tate mcrae have,0,1,0.00,11.0
what can zendaya do,0,1,0.00,20.0
what career did bad bunny briefly pursue,0,7,0.00,6.1
what career did bad bunny briefly pursue?,0,1,0.00,8.0
what celebrities are enneagram 2,0,11,0.00,8.3
what color are john travolta's eyes,0,1,0.00,3.0
what culture did sabrina carpenter mock,0,1,0.00,5.0
what defines sabrina carpenter's signature style?,0,1,0.00,3.0
what did asmongold do before streaming,0,11,0.00,9.4
what did bernard arnault study,0,2,0.00,11.0
what did casey neistat do,0,4,0.00,10.0
what did everlast say about eminem's daughter,0,1,0.00,51.0
what did grimes study,0,2,0.00,20.5
what did jackie kennedy die of,0,3,0.00,10.7
what did matt damon cut out of his diet,0,1,0.00,3.0
what did miles teller do,0,1,0.00,36.0
what did sbf say to tyler cowen,0,1,0.00,1.0
what disease does john travolta have,0,2,0.00,3.0
what does 5 disintegrate to,0,1,0.00,11.0
what does a healthy enneagram 2 look like,0,1,0.00,61.0
what does an enneagram 6 go to in stress,0,2,0.00,82.5
what does asmongold do,0,2,0.00,13.5
what does asmongold mean,0,1,0.00,15.0
what does b34m mean,0,5,0.00,8.0
what does charli xcx mean,0,4,0.00,53.3
what does charli xcx stand for,0,1,0.00,63.0
what does charlie puth have,0,1,0.00,23.0
what does clavicular inject in his face,0,1,0.00,35.0
what does dave portnoy do,0,3,0.00,45.0
what does david portnoy do,0,1,0.00,47.0
what does doechii mean,0,3,0.00,36.0
what does emma chamberlain do,0,1,0.00,48.0
what does enneagram 1 go to in stress,0,1,0.00,84.0
what does enneagram 1 mean,0,1,0.00,47.0
what does enneagram 3 integrate to,0,1,0.00,24.0
what does enneagram 4 mean,0,1,0.00,38.0
what does enneagram 5 disintegration to,0,2,0.00,11.0
what does enneagram 6 go to in stress,0,2,0.00,51.0
what does enneagram 7 mean,0,1,0.00,3.0
what does equalizer mean,0,1,0.00,2.0
what does hailey bieber do,0,1,0.00,43.0
what does lana del rey mean,0,1,0.00,51.0
what does larry page do,0,1,0.00,1.0
what does logan paul do,0,1,0.00,49.0
what does mark zuckerberg do,0,1,0.00,55.0
what does my enneagram mean,0,1,0.00,60.0
what does paris hilton do,0,1,0.00,39.0
what does prince harry do for a living,0,1,0.00,3.0
what does she do now,0,3,0.00,7.0
what does sky bri do,0,42,0.00,10.8
what does sky bri do for a living,0,19,0.00,9.4
what does sky bri do for work,0,15,0.00,10.5
what does sky bri do now,0,46,0.00,11.0
what does tara yummy do,0,2,0.00,15.0
what does tara yummy do for work,0,14,0.00,11.5
what does the xcx in charli xcx mean,0,1,0.00,45.0
what does tucker carlson believe,0,1,0.00,67.0
what does type 9 enneagram mean,0,1,0.00,39.0
what does xcx mean charli,0,3,0.00,42.7
what does xcx mean in charli,0,1,0.00,32.0
what does xcx mean in charli xcx,0,1,0.00,44.0
what does zendaya do,0,2,0.00,30.0
what drugs does clavicular do,0,2,0.00,10.0
what elements define ella langley's unique country music style?,0,2,0.00,9.5
what elements define oliver tree's unique artistic persona?,0,5,0.00,9.0
what elements of your job do you find most difficult,0,1,0.00,74.0
what ennagram am i,0,1,0.00,57.0
what enneagram,0,2,0.00,33.0
what enneagram am i,0,4,0.00,36.3
what enneagram are you,0,1,0.00,65.0
what enneagram disintegrates to 4,0,5,0.00,10.4
what enneagram is amy poehler,0,6,0.00,2.3
what enneagram is dolly parton,0,1,0.00,11.0
what enneagram is donald trump,0,1,0.00,26.0
what enneagram is most compatible with 4,0,1,0.00,13.0
what enneagram is most likely to be a narcissist,0,15,0.00,11.3
what enneagram is most likely to have bpd,0,40,0.00,7.6
what enneagram is obama,0,45,0.00,9.1
what enneagram is taylor swift,0,2,0.00,7.5
what enneagram is tina fey,0,64,0.00,6.1
what enneagram is trump,0,2,0.00,29.0
what enneagram number am i,0,1,0.00,44.0
what enneagram test is actually free,0,2,0.00,10.0
what enneagram type am i,0,4,0.00,29.0
what enneagram type is dolly parton,0,3,0.00,10.0
what enneagram type is donald trump,0,2,0.00,13.5
what enneagram type is most likely to be a narcissist,0,35,0.00,11.3
what enneagram type is the most common,0,1,0.00,2.0
what enneagram types are most compatible,0,2,0.00,14.5
what enneagram would have the best chance of beating fear and hunger without a guide?,0,1,0.00,59.0
what enneagrams are compatible,0,3,0.00,11.7
what enneagrams are most compatible,0,1,0.00,14.0
what ennegram am i,0,1,0.00,54.0
what ethnicity is leila hormozi,0,10,0.00,8.4
what ethnicity is tara yummy,0,4,0.00,12.8
what factors explain the collective success of kai cenat and amp?,0,2,0.00,20.0
what fraternity was caleb hearon in,0,3,0.00,14.0
what game did caseoh blow up on,0,1,0.00,10.0
what genre does lana del rey sing,0,1,0.00,56.0
what genre is bob dylan,0,2,0.00,81.5
what genre is ella langley,0,1,0.00,46.0
what genre is lana del rey,0,1,0.00,49.0
what happen to sky bri,0,2,0.00,8.5
what happened between meghan markle and kate middleton,0,1,0.00,2.0
what happened to casey neistat,0,1,0.00,28.0
what happened to emma chamberlain,0,2,0.00,38.0
what happened to john travoltas son,0,1,0.00,2.0
what happened to kai cenat,0,1,0.00,3.0
what happened to shawn ryan in sedona,0,1,0.00,10.0
what happened to sky bri,0,147,0.00,9.6
what happened to sky bri?,0,2,0.00,8.0
what happened to skybri,0,17,0.00,9.8
what happened to theo von in sweet dreams,0,2,0.00,24.0
what height is dua lipa,0,1,0.00,2.0
what high school did asmongold go to,0,2,0.00,10.0
what high school did sky bri go to,0,1,0.00,8.0
what high school did tara yummy go to,0,11,0.00,9.6
what i want morgan wallen meaning,0,1,0.00,40.0
what is 4 enneagram,0,2,0.00,45.0
what is 9 enneagram,0,1,0.00,37.0
what is a 1 enneagram,0,3,0.00,79.0
what is a 2 in enneagram,0,1,0.00,3.0
what is a 3 enneagram,0,2,0.00,42.0
what is a 3 on enneagram,0,1,0.00,40.0
what is a 3 on the enneagram,0,2,0.00,40.0
what is a 4 on the enneagram,0,1,0.00,52.0
what is a 5 enneagram,0,1,0.00,70.0
what is a 5 on the enneagram,0,1,0.00,61.0
what is a 6 enneagram,0,1,0.00,76.0
what is a 9 enneagram,0,3,0.00,36.0
what is a hardy personality,0,2,0.00,51.0
what is a six enneagram,0,1,0.00,66.0
what is a type 1 personality,0,1,0.00,61.0
what is a type 3,0,1,0.00,32.0
what is a type 5,0,2,0.00,54.5
what is a type 5 enneagram,0,3,0.00,54.3
what is a type 5 personality,0,1,0.00,53.0
what is a type 6 enneagram,0,1,0.00,60.0
what is alex cooper famous for,0,2,0.00,52.5
what is alexis bledel like in real life,0,1,0.00,14.0
what is amy poehler's enneagram number,0,1,0.00,3.0
what is an 8 on the enneagram,0,1,0.00,3.0
what is an enneagram 3,0,6,0.00,49.5
what is an enneagram 4,0,2,0.00,27.0
what is an enneagram 5,0,3,0.00,61.3
what is an enneagram 9,0,1,0.00,48.0
what is an enneagram number,0,1,0.00,3.0
what is an ennegram 6,0,1,0.00,59.0
what is an entp,0,1,0.00,2.0
what is an oprah,0,1,0.00,30.0
what is ariana grande's,0,1,0.00,12.0
what is ariana grande's personality,0,36,0.00,10.0
what is ariana grande's personality type,0,13,0.00,8.9
what is ashby's real name,0,27,0.00,9.3
what is ashbys real name,0,1,0.00,10.0
what is asmongold,0,3,0.00,1.7
what is aubrey plaza like in real life,0,1,0.00,10.0
what is beyonce's personality,0,4,0.00,10.3
what is billie eilish like in real life,0,1,0.00,16.0
what is billie eilish personality,0,18,0.00,10.3
what is billie eilish's personality,0,23,0.00,8.3
what is billie eilish's personality type,0,10,0.00,9.8
what is blake lively like in real life,0,2,0.00,2.0
what is brad pitt like in real life,0,1,0.00,4.0
what is brad pitt's personality like,0,12,0.00,9.8
what is cillian murphy known for,0,1,0.00,30.0
what is cillian murphy like in real life,0,20,0.00,10.8
what is considered matt damon's best movie,0,1,0.00,3.0
what is dave portnoy known for,0,2,0.00,58.5
what is depp,0,1,0.00,20.0
what is dolly parton's personality type,0,8,0.00,10.0
what is donald trump's personality type,0,2,0.00,36.0
what is drake's personality,0,13,0.00,8.2
what is drake's type,0,10,0.00,11.2
what is drakes type,0,14,0.00,10.1
what is dwayne johnson like in real life,0,1,0.00,5.0
what is each enneagram type,0,1,0.00,59.0
what is ella langley's vocal range,0,1,0.00,40.0
what is elon musk myers briggs,0,1,0.00,45.0
what is elon musk personality type,0,2,0.00,28.5
what is elon musk's personality type,0,1,0.00,23.0
what is elon musk's personality type?,0,1,0.00,35.0
what is eminem's personality,0,5,0.00,11.0
what is emma chamberlain up to,0,1,0.00,48.0
what is emma chamberlain's middle name,0,2,0.00,11.0
what is emma watson's personality,0,24,0.00,5.3
what is enneagram,0,1,0.00,3.0
what is enneagram 1,0,3,0.00,61.0
what is enneagram 3,0,4,0.00,43.0
what is enneagram 4,0,4,0.00,45.8
what is enneagram 5,0,2,0.00,58.5
what is enneagram 6,0,4,0.00,63.5
what is enneagram 9,0,3,0.00,38.7
what is enneagram type 3,0,1,0.00,31.0
what is enneagram type 5,0,1,0.00,71.0
what is ennegram 3,0,1,0.00,44.0
what is ennegram 4,0,1,0.00,41.0
what is ennegram 5,0,1,0.00,57.0
what is ennegram 6,0,1,0.00,71.0
what is gracie abrams,0,1,0.00,7.0
what is gracie abrams real name,0,1,0.00,39.0
what is grimes,0,2,0.00,30.5
what is grimes famous for,0,1,0.00,48.0
what is grimes known for,0,1,0.00,64.0
what is gwyneth paltrow like in real life,0,2,0.00,27.5
what is hailey bieber famous for,0,4,0.00,53.8
what is hailey bieber known for,0,2,0.00,54.0
what is her characteristic,0,1,0.00,2.0
what is her maiden name,0,1,0.00,3.0
what is her personality,0,1,0.00,3.0
what is her personality like,0,1,0.00,2.0
what is her personality type,0,2,0.00,5.5
what is his personality,0,1,0.00,3.0
what is his personality type,0,1,0.00,3.0
what is ishowspeed like in real life,0,3,0.00,13.7
what is ishowspeed personality,0,15,0.00,7.7
what is ishowspeed's biggest fear,0,6,0.00,9.8
what is ishowspeed's personality,0,18,0.00,6.8
what is jack black's iq,0,3,0.00,8.3
what is jack blacks iq,0,1,0.00,3.0
what is jeff bezos like,0,5,0.00,21.8
what is jennifer lopez like,0,2,0.00,11.5
what is jimmy fallon like in real life,0,1,0.00,26.0
what is jimmy fallon syndrome,0,1,0.00,21.0
what is joaquin phoenix like in real life,0,2,0.00,21.0
what is john travolta like in real life,0,3,0.00,11.3
what is johnny depp famous for,0,1,0.00,6.0
what is johnny depp like in real life,0,2,0.00,12.0
what is johnny depp's personality type,0,8,0.00,11.1
what is justin bieber's blood type,0,1,0.00,19.0
what is justin bieber's personality,0,1,0.00,9.0
what is kai cenat iq,0,1,0.00,28.0
what is kai cenat known for,0,1,0.00,61.0
what is kylie jenner's personality,0,13,0.00,8.5
what is lamine yamal personality,0,2,0.00,7.5
what is lamine yamals birthday,0,2,0.00,11.0
what is lamine yamals personality,0,1,0.00,6.0
what is ldar blackpill,0,1,0.00,70.0
what is leonardo dicaprio like,0,1,0.00,26.0
what is leonardo dicaprio like in real life,0,2,0.00,28.0
what is lionel messi personality,0,3,0.00,18.0
what is lionel messi personality like,0,1,0.00,13.0
what is logan paul like in real life,0,2,0.00,10.5
what is love language,0,12,0.00,6.3
what is love language in a relationship,0,698,0.00,7.8
what is love language mean in a relationship,0,95,0.00,7.4
what is madison beer diagnosed with,0,1,0.00,11.0
what is madison beer diagnosed with?,0,6,0.00,10.5
what is madison beer known for,0,2,0.00,43.0
what is mark zuckerberg like,0,4,0.00,24.5
what is mark zuckerberg like as a person,0,1,0.00,14.0
what is mark zuckerberg like in real life,0,2,0.00,21.0
what is matt damon like in real life,0,1,0.00,3.0
what is meant by sydney girl,0,1,0.00,3.0
what is meghan markle like,0,2,0.00,15.0
what is meghan markle like in real life,0,1,0.00,3.0
what is meghan markle really like,0,3,0.00,6.7
what is messi like as a person,0,11,0.00,29.0
what is messi mbti,0,1,0.00,18.0
what is messi personality,0,1,0.00,18.0
what is messi personality type,0,53,0.00,8.2
what is messi's personality,0,5,0.00,15.4
what is messi's personality like,0,8,0.00,22.1
what is messis personality like,0,1,0.00,13.0
what is my anagram,0,2,0.00,73.5
what is my ennagram,0,1,0.00,53.0
what is my enneagram,0,10,0.00,58.6
what is my enneagram number,0,1,0.00,64.0
what is my enneagram type,0,348,0.00,61.1
what is my enneagram type?,0,1,0.00,58.0
what is my instinctual variant,0,4,0.00,34.8
what is olivia rodrigo's vocal range,0,1,0.00,3.0
what is paris hilton known for,0,1,0.00,35.0
what is rihanna like in real life,0,1,0.00,20.0
what is ronald reagan's favorite color,0,1,0.00,70.0
what is sabrina carpenter like in real life,0,1,0.00,16.0
what is sabrina carpenter's personality,0,35,0.00,4.8
what is sabrina carpenters personality,0,9,0.00,4.8
what is sabrina carpenters type,0,3,0.00,9.3
what is sadie sink's personality,0,4,0.00,7.5
what is sadie sink's type,0,4,0.00,6.3
what is sadie sinks type,0,4,0.00,7.3
what is sam altman like,0,2,0.00,40.5
what is scarlett johansson like in real life,0,1,0.00,30.0
what is sean evans spice tolerance,0,1,0.00,11.0
what is selena gomez like in real life,0,1,0.00,49.0
what is sky bri,0,5,0.00,10.0
what is sky bri doing now,0,41,0.00,10.3
what is sky bri up to,0,13,0.00,10.0
what is so i about charli xcx,0,1,0.00,39.0
what is spider man's personality,0,1,0.00,11.0
what is sx/so,0,1,0.00,4.0
what is sydney sweeney like in real life,0,1,0.00,2.0
what is sydney sweeney's iq,0,2,0.00,9.0
what is tara yummy ethnicity,0,11,0.00,11.0
what is tara yummy famous for,0,1,0.00,12.0
what is tara yummy real name,0,1,0.00,14.0
what is tara yummys ethnicity,0,17,0.00,10.6
what is tara yummys job,0,1,0.00,10.0
what is tara yummys last name,0,2,0.00,18.5
what is the best enneagram test,0,5,0.00,32.6
what is the best free enneagram test,0,12,0.00,13.9
what is the deal with tucker carlson,0,1,0.00,59.0
what is the different love languages,0,1,0.00,7.0
what is the enfj personality type,0,1,0.00,3.0
what is the enneagram 2,0,1,0.00,43.0
what is the enneagram 3,0,32,0.00,42.4
what is the enneagram 4,0,19,0.00,39.1
what is the enneagram 5,0,1,0.00,61.0
what is the enneagram 6,0,1,0.00,52.0
what is the enneagram 9,0,5,0.00,41.4
what is the most accurate enneagram test,0,13,0.00,22.3
what is the most accurate free enneagram test,0,2,0.00,11.5
what is the song lacy by olivia rodrigo about,0,1,0.00,3.0
what is the ubermensch,0,1,0.00,2.0
what is timothee chalamet known for,0,3,0.00,20.0
what is timothée chalamet known for,0,1,0.00,20.0
what is tina fey,0,1,0.00,2.0
what is tina fey doing now,0,1,0.00,2.0
what is tina fey like in real life,0,15,0.00,8.7
what is tom cruise like in real life,0,2,0.00,2.5
what is tom hardy like in real life,0,1,0.00,22.0
what is tom hardy working on now,0,1,0.00,3.0
what is tom holland like in real life,0,2,0.00,2.0
what is tom holland's personality,0,37,0.00,8.6
what is tom holland's personality like,0,8,0.00,9.6
what is tom holland's personality type,0,18,0.00,9.2
what is tom hollands mbti,0,1,0.00,25.0
what is tom hollands personality,0,5,0.00,9.4
what is travis kelce like,0,1,0.00,14.0
what is type 1 personality,0,1,0.00,55.0
what is type 3 enneagram,0,1,0.00,35.0
what is type 3 personality,0,2,0.00,25.0
what is type 5 enneagram,0,1,0.00,58.0
what is type 6 enneagram,0,2,0.00,63.5
what is type 7,0,1,0.00,35.0
what is type 9,0,4,0.00,41.3
what is type 9 enneagram,0,1,0.00,35.0
what is wrong with tucker carlson,0,1,0.00,35.0
what is your enneagram,0,2,0.00,52.5
what is your enneagram type?,0,2,0.00,62.5
what is your love language,0,1,0.00,25.0
what is zendaya fatigue,0,1,0.00,11.0
what is zendaya like in real life,0,4,0.00,16.5
what is zendaya's personality type,0,32,0.00,8.0
what is zendayas body type,0,2,0.00,33.5
what is zoe kravitz like,0,3,0.00,9.0
what jungian architype does brad putt emulate in f1,0,1,0.00,5.0
what key experiences shaped oliver tree’s artistic persona?,0,3,0.00,10.7
what kind of actor is johnny depp,0,1,0.00,19.0
what kind of person is ariana grande,0,18,0.00,10.3
what kind of person is blake lively,0,23,0.00,10.0
what kind of person is brad pitt,0,18,0.00,9.0
what kind of person is elon musk,0,2,0.00,61.0
what kind of person is jennifer lopez,0,12,0.00,10.6
what kind of person is johnny depp,0,55,0.00,8.2
what kind of person is meghan markle,0,8,0.00,9.8
what kind of person is messi,0,2,0.00,18.0
what kind of person is ryan gosling,0,6,0.00,10.2
what kind of person is tom cruise,0,43,0.00,7.6
what kind of person is tom cruise?,0,36,0.00,8.8
what kind of person is tom holland,0,1,0.00,9.0
what kind of person is travis kelce,0,1,0.00,9.0
what kind of person was marilyn monroe,0,5,0.00,8.2
what kind of person was nikola tesla,0,2,0.00,31.5
what kind of personality does donald trump have,0,1,0.00,4.0
what kind of personality does messi have,0,3,0.00,11.0
what language does tara yummy speak,0,1,0.00,11.0
what languages does lupita nyong'o speak,0,1,0.00,79.0
what languages does tara yummy speak,0,2,0.00,10.0
what makes ishowspeed so influential?,0,2,0.00,1.0
what makes ray dalio angry?,0,2,0.00,8.0
what makes sean evans such an engaging host?,0,1,0.00,8.0
what makes timothee chalamet a good actor,0,2,0.00,23.5
what makes zendaya so special,0,1,0.00,20.0
what mbti is messi,0,6,0.00,9.8
what mbti is robert pattinson,0,1,0.00,11.0
what mbti is ryan gosling,0,10,0.00,8.9
what mbti is sabrina carpenter,0,1,0.00,4.0
what mbti is zendaya,0,4,0.00,16.5
what mbti type,0,1,0.00,2.0
what medium did frida kahlo use,0,2,0.00,97.5
what mental illness does lana del rey have,0,1,0.00,32.0
what movies has sabrina carpenter starred in,0,1,0.00,8.0
what my enneagram,0,2,0.00,50.5
what nationality is ella langley,0,1,0.00,2.0
what nationality is ilona maher,0,1,0.00,2.0
what nationality is matt damon's wife,0,1,0.00,3.0
what nationality is tara yummy,0,29,0.00,9.7
what personality type,0,1,0.00,6.0
what personality type is ariana grande,0,30,0.00,9.6
what personality type is beyonce,0,4,0.00,10.8
what personality type is bill gates,0,1,0.00,12.0
what personality type is billie eilish,0,18,0.00,9.7
what personality type is cillian murphy,0,13,0.00,11.1
what personality type is dolly parton,0,4,0.00,10.3
what personality type is donald trump,0,2,0.00,29.0
what personality type is elon musk,0,4,0.00,24.8
what personality type is eminem,0,5,0.00,10.0
what personality type is emma watson,0,17,0.00,8.0
what personality type is gerard way,0,1,0.00,4.0
what personality type is gordon ramsay,0,1,0.00,7.0
what personality type is jennifer lawrence,0,46,0.00,9.8
what personality type is keanu reeves,0,18,0.00,10.8
what personality type is lana del rey,0,58,0.00,10.2
what personality type is meghan markle,0,5,0.00,6.0
what personality type is robert pattinson,0,13,0.00,8.0
what personality type is ryan gosling,0,59,0.00,6.5
what personality type is sabrina carpenter,0,20,0.00,6.0
what personality type is steve jobs,0,1,0.00,16.0
what personality type is tom hiddleston,0,5,0.00,10.2
what personality type is tom holland,0,96,0.00,10.4
what personality type is trump,0,1,0.00,32.0
what personality type is zendaya,0,74,0.00,9.4
what personality type was dolly parton,0,2,0.00,10.5
what personality type was marilyn monroe,0,1,0.00,8.0
what personality type was steve jobs,0,1,0.00,15.0
what race is tara yummy,0,1,0.00,18.0
what religion is casey neistat,0,1,0.00,20.0
what religion is jamie dimon,0,1,0.00,3.0
what religion is tara yummy,0,4,0.00,11.0
what state does asmongold live in,0,1,0.00,15.0
what style of art is frida kahlo,0,1,0.00,93.0
what type of enneagram am i,0,1,0.00,53.0
what type of genre is lana del rey,0,1,0.00,51.0
what type of girl is madison beer,0,3,0.00,9.3
what type of music does alex warren sing,0,5,0.00,9.0
what type of music is bob dylan,0,1,0.00,69.0
what vocal range is melanie martinez,0,1,0.00,3.0
what voice type is miley cyrus,0,1,0.00,3.0
what was bob dylan like,0,2,0.00,23.0
what was his highschool,0,1,0.00,5.0
what was jackie kennedy like,0,2,0.00,23.5
what was jacob elordi's big break,0,1,0.00,3.0
what was jfk jr really like,0,1,0.00,99.0
what was jfk's personality,0,1,0.00,24.0
what was john travolta's first movie,0,1,0.00,2.0
what was madison beer diagnosed with,0,3,0.00,11.0
what was madison beer diagnosed with?,0,7,0.00,11.0
what was madison beer diagnosed with? explain what bpd is,0,1,0.00,11.0
what was marilyn monroe like,0,1,0.00,21.0
what was marilyn monroe like as a person,0,1,0.00,13.0
what was marilyn monroe's personality,0,4,0.00,12.0
what was marilyn monroe's personality like,0,50,0.00,10.9
what was nietzsche like as a person,0,13,0.00,12.0
what was nikola tesla's personality like,0,9,0.00,10.2
what was oliver trees personality,0,1,0.00,7.0
what was ronald reagan's favorite color,0,2,0.00,76.0
what was stephen hawking's personality like,0,2,0.00,9.5
what was steve jobs like as a person,0,54,0.00,26.6
what was steve jobs personality like,0,1,0.00,23.0
what was timothee chalamet breakout role,0,1,0.00,21.0
what was timothee chalamet's breakout role,0,2,0.00,21.5
what work has alex cooper had done,0,1,0.00,39.0
what year,0,1,0.00,10.0
what year did jackie o die,0,1,0.00,5.0
what's his middle name,0,1,0.00,4.0
what's his personality,0,1,0.00,10.0
what's my enneagram,0,5,0.00,27.6
what's my enneagram number,0,1,0.00,4.0
what's my enneagram type,0,3,0.00,38.7
what's the best enneagram test,0,71,0.00,26.3
what's the best free enneagram test,0,2,0.00,34.0
what's the deal with tucker carlson,0,2,0.00,65.0
what's the personality,0,1,0.00,4.0
what's wrong with drewski,0,1,0.00,9.0
what's wrong with tucker carlson,0,1,0.00,51.0
what's your love language,0,2,0.00,10.5
whatever happened to tom cruise,0,5,0.00,9.6
whats drakes type,0,1,0.00,8.0
whats going on with shawn ryan,0,1,0.00,44.0
whats her personality,0,1,0.00,4.0
whats her type,0,1,0.00,3.0
whats my enneagram,0,7,0.00,22.0
whats the best enneagram test,0,1,0.00,33.0
whats the most common tritype,0,1,0.00,3.0
whats the worst enneagram type,0,12,0.00,9.6
whats wrong with shawn ryan,0,1,0.00,11.0
whats your enneagram,0,1,0.00,54.0
what’s her personality like,0,1,0.00,2.0
when,0,2,0.00,9.0
when did asmongold become popular,0,1,0.00,15.0
when did asmongold start streaming,0,12,0.00,10.2
when did bernard arnault buy louis vuitton,0,1,0.00,8.0
when did druski graduate high school,0,1,0.00,10.0
when did hasan piker move to turkey,0,1,0.00,9.0
when did he get sober,0,1,0.00,8.0
when did he say that,0,1,0.00,2.0
when did jack black start acting,0,1,0.00,2.0
when did nikola tesla die,0,3,0.00,11.0
when did robert greene have a stroke,0,1,0.00,39.0
when did sam altman come out,0,1,0.00,1.0
when did she quit,0,6,0.00,7.7
when did she stop,0,1,0.00,10.0
when did sky bri quit,0,8,0.00,8.3
when did sky bri quit porn,0,31,0.00,9.7
when did sky bri retire,0,48,0.00,9.1
when did sky bri start porn,0,13,0.00,9.5
when did tara yummy get famous,0,2,0.00,11.0
when is adam sandler's birthday,0,6,0.00,9.3
when is lamine yamals birthday,0,4,0.00,9.8
when was asmongold born,0,5,0.00,1.0
when was this?,0,1,0.00,8.0
where are claviculars parents,0,1,0.00,3.0
where can i take a free enneagram test,0,1,0.00,48.0
where did alex hormozi go to high school,0,3,0.00,6.0
where did ashby florence go to college,0,9,0.00,9.6
where did asmongold go to college,0,5,0.00,9.2
where did asmongold go to high school,0,4,0.00,10.0
where did asmongold grow up,0,7,0.00,10.0
where did brooke monk go to high school,0,7,0.00,10.6
where did caleb hearon grew up,0,1,0.00,9.0
where did caleb hearon grow up,0,3,0.00,11.0
where did casey neistat go to college,0,1,0.00,24.0
where did dario amodei grew up,0,1,0.00,11.0
where did dua and callum meet,0,1,0.00,3.0
where did ella langley go to college,0,1,0.00,10.0
where did enneagram come from,0,4,0.00,63.0
where did hasan piker go to high school,0,1,0.00,1.0
where did he go to hs,0,1,0.00,4.0
where did john coogan go to college,0,6,0.00,9.8
where did jon stewart grow up,0,1,0.00,11.0
where did peter thiel grow up,0,2,0.00,1.0
where did sky bri go to high school,0,13,0.00,8.8
where did tara yummy go to high school,0,19,0.00,10.6
where did tara yummy grew up,0,2,0.00,12.0
where did tara yummy grow up,0,5,0.00,11.0
"where did the name ""google"" come from?",0,2,0.00,59.0
where did they meet,0,1,0.00,6.0
where do 2s go in stress,0,3,0.00,25.3
where do 7s go in stress,0,2,0.00,37.5
where do 8s go in stress,0,1,0.00,48.0
where does ashby live,0,9,0.00,10.7
where does bobbi althoff live,0,7,0.00,10.0
where does david friedberg live,0,1,0.00,35.0
where does enneagram 1 go in stress,0,1,0.00,48.0
where does enneagram 2 go in stress,0,1,0.00,40.0
where does enneagram 3 go in stress,0,1,0.00,42.0
where does enneagram 4 go in stress,0,1,0.00,34.0
where does enneagram 5 go in stress,0,1,0.00,48.0
where does enneagram 7 go in stress,0,1,0.00,48.0
where does enneagram 9 go in stress,0,1,0.00,36.0
where does kara swisher live,0,1,0.00,3.0
where does lex fridman live,0,5,0.00,25.0
where does lily tomlin live,0,1,0.00,3.0
where does matt damon live,0,1,0.00,3.0
where does peter thiel live now,0,1,0.00,3.0
where does robert pattinson live,0,1,0.00,3.0
where does tom cruise live in uk,0,1,0.00,3.0
where does tom cruise live now,0,1,0.00,2.0
where is alex hormozi from,0,1,0.00,2.0
where is ashby from,0,42,0.00,9.2
where is asmongold from,0,3,0.00,12.0
where is callum turner from,0,1,0.00,2.0
where is david friedberg from,0,1,0.00,38.0
where is david goggins from,0,1,0.00,1.0
where is hailey bieber from,0,1,0.00,14.0
where is ilona maher from,0,1,0.00,3.0
where is lex fridman from,0,2,0.00,1.0
where is sarah ferguson living now,0,1,0.00,2.0
where is sky bri from,0,1,0.00,1.0
where is sky bri now,0,1,0.00,23.0
where is tara yummy from,0,4,0.00,14.5
where is tara yummy from ethnicity,0,1,0.00,12.0
where is zendaya from,0,1,0.00,2.0
where taking,0,1,0.00,31.0
where was caleb hearon born,0,1,0.00,7.0
where was chappell roan raised,0,1,0.00,3.0
where was david friedberg born,0,27,0.00,10.0
where was peter thiel born and raised,0,1,0.00,2.0
where was tara yummy born,0,1,0.00,13.0
which dating apps go beyond male and female in profile settings?,0,1,0.00,12.0
which enneagram,0,3,0.00,23.3
which enneagram am i,0,3,0.00,55.0
which enneagram disintegrates to 8,0,1,0.00,1.0
which enneagram is most likely to be a narcissist,0,109,0.00,11.4
which enneagram is most likely to be a psychopath,0,151,0.00,6.0
which enneagram is most likely to be autistic,0,122,0.00,7.3
which enneagram is most likely to have adhd,0,58,0.00,4.9
which enneagram is most likely to have bpd,0,15,0.00,7.5
which enneagram is the most emotional,0,2,0.00,15.0
which enneagram is the most insecure,0,2,0.00,22.0
which enneagram is the most manipulative,0,62,0.00,4.7
which enneagram is the most narcissistic,0,6,0.00,11.3
which enneagram is the most selfish,0,1,0.00,10.0
which enneagram is the rarest,0,1,0.00,3.0
which enneagram test is actually free,0,1,0.00,12.0
which enneagram test is best,0,2,0.00,33.5
which enneagram test is most accurate,0,2,0.00,18.5
which enneagram type,0,1,0.00,64.0
which enneagram type am i,0,1,0.00,59.0
which enneagram type is most likely to be a narcissist,0,39,0.00,11.2
which enneagram type is most narcissistic,0,1,0.00,13.0
which enneagram type is the most selfish,0,6,0.00,9.5
which enneagram types are most compatible,0,3,0.00,13.3
which enneagrams are compatible,0,4,0.00,8.8
which enneagrams are most compatible,0,2,0.00,7.5
which is more likely,0,1,0.00,2.0
which is most reliable?,0,1,0.00,15.0
which is the most accurate,0,1,0.00,7.0
which is the worst enneagram type,0,1,0.00,10.0
which one is actually free,0,1,0.00,15.0
which one is the best,0,1,0.00,5.0
which personality type is most likely to have adhd,0,1,0.00,11.0
which ryan gosling character are you,0,1,0.00,45.0
"which tech startups has sergey brin recently funded, and what potential do they have for future growth?",0,1,0.00,97.0
which timothee chalamet character are you,0,1,0.00,30.0
white feather hawk tail deer hunter meaning,0,1,0.00,3.0
whitney heard henriquez,0,2,0.00,8.5
who are ashby and ben,0,1,0.00,9.0
who are john travolta's parents,0,1,0.00,3.0
who are the anchors,0,1,0.00,2.0
who are the highest paid podcasters,0,3,0.00,2.0
who came up with the enneagram,0,1,0.00,64.0
who created enneagram,0,1,0.00,58.0
who created the enneagram,0,2,0.00,64.0
who did olivia rodrigo write stupid song about,0,1,0.00,3.0
who does miles teller look like,0,1,0.00,1.0
who else died with oliver tree,0,1,0.00,11.0
who hasn't finished hot ones,0,1,0.00,60.0
who invented enneagram,0,1,0.00,52.0
who invented the enneagram,0,6,0.00,53.0
who is 2,0,1,0.00,5.0
who is 7 years by charli xcx about,0,1,0.00,47.0
who is andrew tait,0,1,0.00,2.0
who is ashby,0,4,0.00,12.0
who is ashby florence,0,24,0.00,9.8
who is asmongold,0,9,0.00,15.3
who is asmongold?,0,1,0.00,8.0
who is broken by ella langley about,0,1,0.00,29.0
who is callum turner,0,4,0.00,2.8
who is callum turner married to,0,1,0.00,2.0
who is carina zavline,0,17,0.00,9.1
who is charli xcx persona about,0,2,0.00,26.5
who is charli xcx?,0,1,0.00,39.0
who is charlie xcx,0,1,0.00,48.0
who is chuyin fuerza regida,0,1,0.00,2.0
who is david friedberg,0,3,0.00,39.3
who is david portnoy,0,1,0.00,70.0
who is dillon,0,1,0.00,9.0
who is door number 3 alex cooper,0,1,0.00,19.0
who is ella langley,0,2,0.00,40.0
who is gracie abrams related to,0,1,0.00,24.0
who is grimes,0,5,0.00,48.4
who is grimes?,0,1,0.00,45.0
who is jeff bezos,0,1,0.00,13.0
who is jim lana del rey,0,2,0.00,43.5
who is john coogan,0,2,0.00,9.5
who is john travolta married to,0,1,0.00,2.0
who is john travolta with now,0,1,0.00,3.0
who is jordi hays,0,30,0.00,5.2
who is kara swisher,0,1,0.00,54.0
who is kara swisher husband,0,2,0.00,26.5
who is kara swisher married to,0,5,0.00,20.4
who is kara swisher's ex wife,0,2,0.00,31.0
who is larry page?,0,1,0.00,12.0
who is leila hormozi,0,1,0.00,38.0
who is never met anyone like you about,0,1,0.00,58.0
who is paul logan,0,3,0.00,40.3
who is shawn ryan politics,0,1,0.00,95.0
who is shawn ryan's wife? tell me more about katie jean,0,2,0.00,15.5
who is shawn ryans wife,0,2,0.00,10.0
who is sky bri,0,20,0.00,13.6
who is slim shady alex cooper,0,2,0.00,35.5
who is tara yummy,0,7,0.00,18.7
who is tara yummy?,0,1,0.00,2.0
who is tara yummys cameraman,0,10,0.00,9.8
who is tarayummy,0,2,0.00,17.0
who is the highest paid podcaster,0,4,0.00,1.0
who is the highest paid podcaster?,0,1,0.00,12.0
who is the host,0,1,0.00,1.0
who is the nicest kardashian in real life? describe kourtney kardashian's personality,0,1,0.00,9.0
who is the person,0,1,0.00,3.0
who is the richest podcaster,0,1,0.00,1.0
who is timothy chalamet dating,0,1,0.00,3.0
who is tina fey married to,0,1,0.00,1.0
who is tom hollands wife,0,1,0.00,2.0
who is tyler cowen,0,1,0.00,2.0
who is zayn from one direction,0,2,0.00,11.0
who made the enneagram,0,1,0.00,51.0
who owns lucy breakers,0,1,0.00,1.0
who owns lucy nicotine,0,4,0.00,1.0
who owns lucy nicotine pouches,0,2,0.00,1.0
who owns lucy pouches,0,1,0.00,1.0
who owns tbpn,0,3,0.00,1.0
who sky bri,0,4,0.00,11.3
who was charles marsillac,0,1,0.00,5.0
who was he engaged to,0,1,0.00,6.0
who wrote the book the game,0,1,0.00,10.0
who wrote the game,0,44,0.00,9.5
whos dave portnoy,0,2,0.00,56.0
why are harry and meghan coming back to uk,0,1,0.00,2.0
why asmongold,0,1,0.00,4.0
why asmongold live like that,0,1,0.00,8.0
why can't caseoh follow anyone on twitch,0,2,0.00,10.5
why cant millie bobby brown have kids,0,1,0.00,22.0
why cillian murphy is called worst celebrity,0,1,0.00,8.0
why did adela name her album prima,0,1,0.00,10.0
why did agatha christie disappear,0,2,0.00,54.0
why did alexis bledel stop acting,0,1,0.00,12.0
why did alysa liu quit skating,0,1,0.00,8.0
why did elon musk attend brother wedding during operational hell,0,1,0.00,49.0
why did emma chamberlain and tucker break up,0,1,0.00,73.0
why did emma chamberlain quit youtube,0,1,0.00,8.0
why did hasan and janice break up,0,2,0.00,7.0
why did he step away,0,1,0.00,5.0
why did jeff baena commit suicide,0,1,0.00,3.0
why did lady gaga cover her face,0,21,0.00,9.7
why did lady gaga hide her face for so long,0,36,0.00,9.8
why did mikey madison disappear,0,42,0.00,4.0
why did miles teller take a break from acting,0,1,0.00,28.0
why did nikola tesla die poor,0,6,0.00,6.7
why did shane gillis leave elon,0,1,0.00,11.0
why did she leave,0,1,0.00,7.0
why did she quit,0,1,0.00,9.0
why did she quit her job,0,1,0.00,9.0
why did she stop,0,1,0.00,8.0
why did sky bri quit,0,18,0.00,6.1
why did sky bri quit porn,0,60,0.00,9.1
why did tucker carlson change his views,0,1,0.00,32.0
why did victoria justice never make it big,0,1,0.00,30.0
why did zara larsson and brian break up,0,3,0.00,8.7
why did zara larsson and brian whittaker break up,0,1,0.00,12.0
why did zendaya quit music,0,2,0.00,13.5
why didn't khabib go for 30-0,0,1,0.00,7.0
why didn't the queen like meghan markle? describe meghan's personality traits,0,1,0.00,7.0
why do dating apps sometimes feel harder even with a solid profile?,0,79,0.00,8.5
why do i overeat when stressed,0,1,0.00,9.0
why do people care about ishowspeed,0,1,0.00,11.0
why do people go on dr phil,0,2,0.00,20.0
why do people like asmongold,0,3,0.00,18.7
why do people like benson boone,0,2,0.00,29.5
why do people like diary of a wimpy kid,0,1,0.00,3.0
why do people like hailey bieber,0,7,0.00,10.0
why do people like ishowspeed,0,3,0.00,15.0
why do people like jack black,0,5,0.00,9.2
why do people like kai cenat,0,2,0.00,28.5
why do people like logan paul,0,3,0.00,14.0
why do people like oprah,0,1,0.00,27.0
why do people like tucker carlson,0,1,0.00,36.0
why do people like zendaya so much,0,1,0.00,6.0
why do people love oprah,0,3,0.00,16.7
why do people say that,0,1,0.00,1.0
why do people watch asmongold,0,3,0.00,13.3
why do so many people hate meghan markle,0,1,0.00,2.0
why do some people have 2 phones,0,2,0.00,6.5
why do unhealthy enneagram fives hate closeness,0,1,0.00,17.0
why do women hate sydney sweeney,0,1,0.00,3.0
why does alexis bledel look so old,0,1,0.00,44.0
why does asmongold live like that,0,55,0.00,6.9
why does brooke monk keep posting old videos,0,1,0.00,10.0
why does callum turner not have instagram,0,1,0.00,3.0
why does carmen make people distort,0,1,0.00,28.0
why does ella langley always wear boots,0,1,0.00,3.0
why does ella langley shake her head,0,3,0.00,15.3
why does eminem blink so much,0,1,0.00,15.0
why does harry want to return to uk,0,1,0.00,3.0
why does he act the way he does,0,1,0.00,4.0
why does ishowspeed act the way he does,0,95,0.00,7.4
why does jake gyllenhaal always get sad roles,0,19,0.00,9.8
why does kara swisher always wear sunglasses,0,1,0.00,30.0
why does kara swisher wear sunglasses,0,1,0.00,35.0
why does lex fridman talk so slowly,0,1,0.00,10.0
why does marc andreessen breathe like that,0,1,0.00,11.0
why does mark zuckerberg look like a robot,0,55,0.00,9.1
why does mark zuckerberg look like that,0,3,0.00,12.0
why does mikey madison look like that,0,1,0.00,19.0
why does oliver tree look like that,0,1,0.00,5.0
why does oliver tree use such unique artistic personas?,0,2,0.00,9.5
why does peter thiel look like that,0,2,0.00,22.5
why does robert pattinson have scars on his face,0,1,0.00,3.0
why does ryan gosling always play sad characters,0,28,0.00,8.2
why does ryan gosling play lonely characters,0,4,0.00,6.3
why does ryan gosling play sad characters,0,12,0.00,9.8
why does sam altman look like that,0,4,0.00,22.5
why does she do porn,0,1,0.00,6.0
why does speed act like that,0,26,0.00,7.0
why does tina fey look different,0,1,0.00,12.0
why does zuckerberg look like that,0,2,0.00,9.0
why doesn't caseoh play with sketch anymore,0,1,0.00,11.0
why doesn't matthew mcconaughey act anymore,0,1,0.00,72.0
why doesn't mikey madison have social media,0,1,0.00,20.0
why doesn't shia labeouf act anymore,0,7,0.00,10.4
why doesn't zendaya take anyone's hand,0,1,0.00,33.0
why don't people like hasan piker,0,1,0.00,66.0
why don't people like timothee chalamet,0,1,0.00,3.0
why don't people like zoe kravitz,0,1,0.00,22.0
why gordon ramsay is famous,0,1,0.00,10.0
why hailey bieber is famous,0,1,0.00,47.0
why has anna wintour never changed her hair,0,1,0.00,7.0
why i show speed is famous,0,1,0.00,4.0
why is adin ross popular,0,1,0.00,17.0
why is adin ross so popular,0,2,0.00,21.5
why is alex cooper famous,0,1,0.00,59.0
why is alex cooper so popular,0,4,0.00,47.8
why is anya taylor joy in everything,0,1,0.00,23.0
why is asmongold called the roach king,0,1,0.00,3.0
why is asmongold popular,0,3,0.00,15.0
why is asmongold so popular,0,1,0.00,14.0
why is aubrey plaza so weird,0,11,0.00,8.6
why is benson boone so hot,0,1,0.00,26.0
why is benson boone so popular,0,1,0.00,61.0
why is blake lively so mean,0,1,0.00,3.0
why is brittany broski famous,0,1,0.00,30.0
why is cillian murphy so private,0,11,0.00,5.3
why is cillian murphy so serious,0,20,0.00,8.6
why is clavicle called clavicular,0,1,0.00,20.0
why is clavicular so weak,0,1,0.00,18.0
why is dave portnoy famous,0,2,0.00,47.0
why is druski everywhere,0,1,0.00,32.0
why is druski in everything,0,1,0.00,11.0
why is eminem always serious,0,2,0.00,10.0
why is eminem so feared,0,1,0.00,14.0
why is everyone obsessed with zendaya,0,1,0.00,24.0
why is grimes famous,0,2,0.00,58.0
why is hailey beiber famous,0,1,0.00,55.0
why is hailey bieber famous,0,9,0.00,49.4
why is hailey bieber so popular,0,3,0.00,20.0
why is hasan piker so controversial,0,1,0.00,29.0
why is he called asmongold,0,1,0.00,1.0
why is ishowspeed,0,7,0.00,2.6
why is ishowspeed always screaming,0,6,0.00,7.8
why is ishowspeed crazy,0,2,0.00,10.5
why is ishowspeed famous,0,2,0.00,6.5
why is ishowspeed so calm now,0,10,0.00,10.1
why is ishowspeed so chaotic,0,14,0.00,8.9
why is ishowspeed so crazy,0,2,0.00,10.0
why is ishowspeed so energetic,0,63,0.00,4.1
why is ishowspeed so hyper,0,10,0.00,6.3
why is ishowspeed so loud,0,66,0.00,4.6
why is ishowspeed so popular,0,2,0.00,3.0
why is ishowspeed so weird,0,4,0.00,6.5
why is it hard to draw zendaya,0,1,0.00,3.0
why is jack black,0,2,0.00,7.0
why is jack black in so many movies,0,4,0.00,12.5
why is jack black so funny,0,59,0.00,6.3
why is jack black so weird,0,1,0.00,6.0
why is johnny depp famous,0,2,0.00,19.0
why is johnny depp so famous,0,2,0.00,18.5
why is lex fridman so popular,0,2,0.00,13.5
why is madison beer popular,0,1,0.00,40.0
why is mark zuckerberg,0,1,0.00,40.0
why is mark zuckerberg so awkward,0,2,0.00,14.0
why is mark zuckerberg so robotic,0,30,0.00,6.5
why is mark zuckerberg so strange,0,5,0.00,9.0
why is mark zuckerberg so uncanny,0,3,0.00,7.7
why is mark zuckerberg so weird,0,28,0.00,9.3
why is mark zuckerberg weird,0,1,0.00,10.0
why is natalie portman famous,0,1,0.00,43.0
why is nicole kidman in everything,0,48,0.00,10.1
why is nicole kidman so weird,0,1,0.00,29.0
why is odessa a'zion last name different,0,1,0.00,10.0
why is pinkpantheress famous,0,2,0.00,8.0
why is prince harry returning to uk,0,1,0.00,2.0
why is robert pattinson called shovel face,0,2,0.00,15.5
why is ryan gosling so relatable,0,3,0.00,18.0
why is sam altman so ugly,0,1,0.00,13.0
why is scarlett johansson so popular,0,2,0.00,21.0
why is shawn ryan famous,0,1,0.00,24.0
why is shia labeouf bad,0,1,0.00,3.0
why is sky bri so hot,0,8,0.00,8.1
why is tara yummy famous,0,4,0.00,10.3
why is tarayummy famous,0,4,0.00,11.0
why is timothee chalamet in everything,0,1,0.00,11.0
why is tom holland so hot,0,1,0.00,23.0
why is zendaya a good role model,0,1,0.00,18.0
why is zendaya good at everything,0,1,0.00,11.0
why is zendaya in everything,0,5,0.00,14.2
why is zuckerberg so weird,0,8,0.00,8.9
why ishowspeed talks loudly in restaurant,0,1,0.00,31.0
why isn't madison beer more popular,0,1,0.00,31.0
why jeff,0,1,0.00,22.0
why jordi,0,21,0.00,7.3
why kai,0,2,0.00,19.0
why nikola tesla died broke,0,1,0.00,11.0
why people don't like meghan markle,0,1,0.00,3.0
why she joined,0,1,0.00,6.0
why was nikola tesla broke,0,1,0.00,11.0
why was prince so short,0,1,0.00,10.0
why was shane gillis asked to leave elon,0,2,0.00,10.5
why were jackie kennedy's eyes so far apart,0,2,0.00,24.5
why withdrawal,0,1,0.00,9.0
wie ist ihr charakter,0,1,0.00,6.0
wie ist ihr charakter?,0,1,0.00,5.0
wie ist ihre persönlichkeit,0,1,0.00,5.0
wie ist messi als mensch,0,1,0.00,1.0
wie kommt das,0,1,0.00,4.0
wiecej,0,3,0.00,2.0
wiecej ciekawostek,0,1,0.00,4.0
wife kara swisher family,0,1,0.00,25.0
wife personality,0,1,0.00,1.0
wiki krystal ball,0,1,0.00,30.0
wiki lupita nyong'o,0,1,0.00,54.0
wikipedia asmongold,0,1,0.00,4.0
wikipedia christopher nolan filmography,0,1,0.00,5.0
wildflower heart ella langley lyrics,0,2,0.00,10.0
will tobey maguire spider-man be in doomsday,0,1,0.00,3.0
winston churchill character,0,3,0.00,34.0
winston churchill character traits,0,3,0.00,47.7
winston churchill characteristics,0,1,0.00,38.0
winston churchill childhood,0,1,0.00,5.0
winston churchill enneagram type,0,2,0.00,6.5
winston churchill mbti,0,8,0.00,18.0
winston churchill mbti type,0,2,0.00,16.0
winston churchill personality,0,19,0.00,26.8
winston churchill personality traits,0,4,0.00,40.8
winston churchill personality type,0,57,0.00,7.7
winston churchill traits,0,2,0.00,52.5
wisdom of the enneagram,0,1,0.00,4.0
with love meghan,0,1,0.00,2.0
with your words,0,1,0.00,8.0
withdrawn enneagram,0,1,0.00,21.0
withdrawn enneagram types,0,1,0.00,24.0
withdrawn type enneagram,0,7,0.00,18.6
wnneagram 3,0,1,0.00,44.0
wonhee vocal range,0,1,0.00,3.0
words to describe dua lipa,0,1,0.00,6.0
words to describe leonardo dicaprio,0,2,0.00,14.0
words to describe selena gomez,0,5,0.00,13.0
words to describe tom cruise,0,10,0.00,8.0
words to describe tom holland,0,8,0.00,7.4
work love language,0,1,0.00,11.0
world no 10 podcaster,0,1,0.00,3.0
world no 2 podcaster,0,1,0.00,1.0
world top 10 podcaster name,0,1,0.00,3.0
worst enneagram,0,32,0.00,9.9
worst enneagram pairings,0,10,0.00,19.8
worst enneagram type,0,210,0.00,10.0
www truity com test enneagram personality test,0,1,0.00,98.0
xanadu,0,1,0.00,2.0
xcx hamster,0,14,0.00,9.7
xcx meaning,0,1,0.00,30.0
xcx meaning charli,0,3,0.00,48.3
xqc mental health,0,4,0.00,10.5
xqc personality,0,12,0.00,8.9
xqc personality type,0,7,0.00,7.3
xやってる？,0,1,0.00,2.0
y benson boone,0,1,0.00,2.0
y brad pitt?,0,1,0.00,9.0
y combinator partners,0,1,0.00,7.0
y como es el?,0,1,0.00,3.0
y cual es su personalidad,0,2,0.00,4.0
y dua lipa,0,1,0.00,5.0
y lloro?,0,1,0.00,2.0
y mesi,0,1,0.00,3.0
y messi?,0,1,0.00,2.0
y messi??,0,1,0.00,4.0
y penélope cruz,0,1,0.00,3.0
y por que es asi,0,1,0.00,2.0
y porque,0,1,0.00,5.0
y rihanna,0,1,0.00,5.0
y sabrina carpenter?,0,2,0.00,5.0
y selena gomez,0,1,0.00,15.0
y si familia?,0,1,0.00,3.0
y su personalidad?,0,1,0.00,9.0
y un actor,0,1,0.00,9.0
y/n,0,1,0.00,6.0
yamal personality,0,1,0.00,9.0
yana cowen,0,2,0.00,15.5
yang zhilin forbes,0,1,0.00,22.0
yang zhilin height,0,1,0.00,5.0
yang zhilin interview,0,1,0.00,10.0
yang zhilin wife,0,1,0.00,11.0
yaphet kotto,0,1,0.00,3.0
yaron.li,0,7,0.00,50.4
yea,0,1,0.00,2.0
yes,0,11,0.00,9.2
yes do that,0,1,0.00,2.0
yes or no,0,2,0.00,6.5
yes please breakdown,0,1,0.00,7.0
yes q,0,1,0.00,5.0
yes.,0,1,0.00,3.0
yoko ono mbti,0,1,0.00,2.0
you tell me,0,1,0.00,3.0
young asmongold,0,6,0.00,11.0
young dario amodei,0,5,0.00,12.4
young john travolta,0,2,0.00,2.0
young kai cenat,0,1,0.00,22.0
young kara swisher,0,1,0.00,25.0
young mike majlak,0,2,0.00,9.0
your enneagram,0,1,0.00,46.0
your enneagram coach type 3,0,2,0.00,29.0
your enneagram coach type 6,0,1,0.00,34.0
your enneagram coach type 9,0,6,0.00,38.8
your enneagram results,0,1,0.00,46.0
your enneagram type,0,1,0.00,65.0
youre the one that i want lyrics,0,1,0.00,3.0
yrsss,0,1,0.00,14.0
zach bryan personality,0,13,0.00,8.1
zach bryan political affiliation,0,1,0.00,74.0
zach rawr,0,1,0.00,5.0
zachariah hoyt,0,4,0.00,2.3
zachery ty bryan wiki,0,1,0.00,2.0
zack from one direction,0,1,0.00,13.0
zack hoyt,0,2,0.00,3.0
zack hoyt age,0,2,0.00,9.0
zackrawr,0,3,0.00,4.0
zackrawrr,0,13,0.00,4.1
zany personality,0,2,0.00,48.0
zara beth boyfriend,0,1,0.00,2.0
zara larsson birth chart,0,1,0.00,4.0
zara larsson breakup,0,1,0.00,10.0
zara larsson brian whittaker,0,1,0.00,10.0
zara larsson leg workout,0,1,0.00,4.0
zara larsson mbti,0,16,0.00,2.4
zara larsson mbti type,0,1,0.00,5.0
zara larsson midnight sun,0,1,0.00,3.0
zara larsson nude,0,1,0.00,20.0
zara larsson nudes,0,1,0.00,13.0
zara larsson personality type,0,72,0.00,5.3
zayn malik,0,2,0.00,4.0
zayn malik biography,0,2,0.00,5.0
zayn malik blood type,0,3,0.00,8.3
zayn malik eye lashes,0,1,0.00,2.0
zayn malik height,0,1,0.00,9.0
zayn malik mbti,0,24,0.00,5.7
zayn mbti,0,2,0.00,6.5
zayn personality,0,27,0.00,8.4
zayn personality type,0,1,0.00,5.0
zayne from one direction,0,1,0.00,13.0
zenda,0,1,0.00,12.0
zendaya,0,11,0.00,4.8
zendaya ?,0,1,0.00,6.0
zendaya and nicole kidman unpack 'putting yourself through trauma' by acting,0,3,0.00,48.3
zendaya and tom holland,0,1,0.00,2.0
zendaya angry,0,1,0.00,2.0
zendaya annoying,0,1,0.00,5.0
zendaya archetype,0,1,0.00,11.0
zendaya attitude,0,1,0.00,11.0
zendaya blood type,0,9,0.00,9.2
zendaya character traits,0,7,0.00,10.9
zendaya characteristics,0,1,0.00,44.0
zendaya color season,0,1,0.00,6.0
zendaya confidence,0,1,0.00,3.0
zendaya different emotions,0,2,0.00,19.5
zendaya enneagram type,0,40,0.00,5.9
zendaya fatigue,0,1,0.00,11.0
zendaya größe,0,2,0.00,3.0
zendaya height,0,1,0.00,2.0
zendaya introvert,0,13,0.00,9.4
zendaya isnt a good actress,0,1,0.00,30.0
zendaya likes and dislikes,0,2,0.00,11.5
zendaya mbti,0,53,0.00,18.3
zendaya mbti personality type,0,2,0.00,6.5
zendaya mbti type,0,8,0.00,10.0
zendaya media training,0,4,0.00,22.5
zendaya myers briggs,0,1,0.00,13.0
zendaya nice,0,1,0.00,3.0
zendaya obsession,0,3,0.00,20.7
zendaya origine,0,1,0.00,2.0
zendaya paradox,0,1,0.00,11.0
zendaya pdb,0,2,0.00,12.0
zendaya personality traits,0,30,0.00,10.3
zendaya personality traits interviews,0,17,0.00,7.4
zendaya press tour interviews new film pr strategy analysis,0,2,0.00,11.0
zendaya regime,0,1,0.00,47.0
zendaya shy,0,2,0.00,15.0
zendaya six,0,1,0.00,10.0
zendaya surname,0,1,0.00,2.0
zendaya symmetrical face,0,1,0.00,2.0
zendaya taille,0,2,0.00,2.0
zendaya tom holland mbti,0,1,0.00,39.0
zendaya traits,0,2,0.00,10.0
zendaya type,0,5,0.00,9.2
zendaya typecast,0,1,0.00,27.0
zendaya work ethic,0,2,0.00,22.0
zendaya's personality,0,118,0.00,9.1
zendays mbti,0,1,0.00,39.0
zhao lusi mbti,0,1,0.00,4.0
zijn karakter,0,1,0.00,8.0
zodiac and enneagram,0,4,0.00,5.8
zoe kravitz as a teenager,0,1,0.00,11.0
zoe kravitz personality,0,36,0.00,8.0
zoe kravitz personality reddit,0,1,0.00,3.0
zoe kravitz personality type,0,30,0.00,7.0
zoe kravitz profile,0,1,0.00,47.0
zoe kravitz young,0,5,0.00,41.4
zoe kravitz younger,0,2,0.00,40.0
zoë kravitz mbti,0,1,0.00,11.0
zuckerberg is a robot,0,1,0.00,15.0
è aggressiva,0,1,0.00,4.0
ücretleri ne kadar,0,1,0.00,3.0
μία φωτογραφία,0,1,0.00,1.0
ναι,0,1,0.00,5.0
ο μεσι;,0,1,0.00,2.0
τι άνθρωπος και τι χαρακτήρας είναι;,0,6,0.00,4.5
τι σημαινει,0,1,0.00,2.0
τι χαρακτήρας και τι άνθρωπος είναι;,0,1,0.00,1.0
τραβολτα,0,1,0.00,5.0
а в школе,0,1,0.00,5.0
а дженифер лопес,0,1,0.00,1.0
а марк цукерберг,0,1,0.00,2.0
а месси,0,2,0.00,1.0
а подтип,0,1,0.00,1.0
а поч так,0,1,0.00,4.0
а том,0,1,0.00,3.0
а характер какой,0,1,0.00,2.0
блейк лайвли,0,1,0.00,3.0
брад пит,0,1,0.00,7.0
бред пит,0,1,0.00,1.0
всё,0,1,0.00,1.0
второй вопрос,0,1,0.00,4.0
да,0,2,0.00,4.5
да кажи,0,1,0.00,2.0
да как влияет,0,1,0.00,2.0
двете,0,1,0.00,4.0
детектор лжи,0,1,0.00,3.0
джек блэк,0,3,0.00,5.0
джон кеннеди,0,1,0.00,2.0
другие аспекты,0,1,0.00,2.0
его характер,0,1,0.00,3.0
ее характер,0,1,0.00,6.0
ещё,0,1,0.00,1.0
ещё комментарии,0,1,0.00,2.0
женщина изменила,0,1,0.00,2.0
зачем он это делал?,0,1,0.00,1.0
известные личности,0,1,0.00,5.0
какая она по характеру,0,1,0.00,4.0
какой,0,1,0.00,2.0
какой он в жизни?,0,1,0.00,7.0
какой он человек,0,1,0.00,1.0
какой у него тип личности?,0,2,0.00,1.5
какой у него характер,0,1,0.00,2.0
какой у него характер?,0,1,0.00,2.0
какой у нее характер,0,1,0.00,8.0
какой у неё характер,0,1,0.00,3.0
книга рекордов гиннеса,0,1,0.00,2.0
кто еще,0,1,0.00,1.0
мбти,0,1,0.00,3.0
можно по подробнее?,0,1,0.00,1.0
ницше,0,1,0.00,3.0
ну например,0,1,0.00,2.0
откуда цитата?,0,1,0.00,8.0
первое,0,1,0.00,5.0
по дате рождения,0,1,0.00,2.0
подтип,0,1,0.00,13.0
поподробнее,0,1,0.00,8.0
почему,0,1,0.00,3.0
распоряжалкин тина фей,0,1,0.00,2.0
расстройства,0,1,0.00,2.0
роупмаксить,0,1,0.00,1.0
рускт,0,1,0.00,2.0
сатья наделла,0,1,0.00,58.0
силиан мерфи,0,1,0.00,1.0
скарлетт йоханссон,0,1,0.00,2.0
со1 эннеатип,0,1,0.00,1.0
сп3 эннеаграмма,0,1,0.00,1.0
сп8 эннеаграмма,0,1,0.00,1.0
сх 5 эннеаграмма,0,2,0.00,1.0
сх 8 эннеаграмма,0,5,0.00,1.0
сх8 эннеа,0,1,0.00,1.0
сх8 эннеаграмма,0,3,0.00,1.0
тип личности ishowspeed,0,1,0.00,10.0
точно?,0,1,0.00,1.0
умер ли оливер три или это хайп,0,1,0.00,1.0
характеристики его,0,1,0.00,1.0
хочу узнать,0,1,0.00,2.0
ще,0,1,0.00,8.0
это прл?,0,1,0.00,5.0
я про характер,0,1,0.00,2.0
אופי,0,1,0.00,6.0
גרייסי אברמס,0,1,0.00,8.0
כן,0,1,0.00,1.0
לייטון מיסטר,0,1,0.00,5.0
נו,0,1,0.00,1.0
שניהם,0,1,0.00,6.0
أجب,0,1,0.00,5.0
ابحث وقولي,0,1,0.00,9.0
اجل,0,1,0.00,6.0
اريانا غراندي,0,1,0.00,7.0
اقصد mbti,0,1,0.00,14.0
المغنية بيلي ايليش,0,1,0.00,8.0
النرجسي,0,1,0.00,5.0
انماط المشاهير,0,1,0.00,38.0
ايما واتسن,0,1,0.00,3.0
ايما واتسون,0,1,0.00,6.0
بله,0,1,0.00,2.0
تارا یامی,0,1,0.00,11.0
ترامب,0,1,0.00,10.0
توم هولاند,0,1,0.00,7.0
حدثني عنها اكثر,0,1,0.00,11.0
ديفد,0,1,0.00,5.0
ذا روك,0,1,0.00,9.0
ذكاءه,0,1,0.00,9.0
زانديا,0,1,0.00,9.0
زين مالك,0,1,0.00,5.0
سيلينا غوميز,0,1,0.00,9.0
شخصيتة,0,1,0.00,7.0
شخصيته,0,1,0.00,7.0
شخصيتها,0,6,0.00,5.5
شخصيه ميسي,0,1,0.00,10.0
صفات,0,1,0.00,3.0
طيب ابحث,0,1,0.00,7.0
طيب زوجته,0,1,0.00,8.0
طيب ميسي,0,1,0.00,7.0
غيره,0,1,0.00,4.0
كيف شخصيتها,0,1,0.00,2.0
كيف هي شخصيته,0,1,0.00,8.0
لا اقصد هو,0,1,0.00,7.0
لينكات,0,1,0.00,2.0
ما شخصيته,0,1,0.00,7.0
ما هو نمطه,0,1,0.00,5.0
ما هي الأسباب,0,1,0.00,2.0
ماذا عن براد بيت,0,2,0.00,6.5
ماذا عن ميسي,0,1,0.00,5.0
ماهي شخصيتها,0,2,0.00,3.0
متاكد,0,3,0.00,5.7
متاكد؟,0,2,0.00,8.0
معاصرة,0,1,0.00,3.0
ميسي,0,3,0.00,6.3
نعم,0,3,0.00,15.0
نمط شخصيتها,0,1,0.00,8.0
نمط ميسي mbti,0,3,0.00,11.0
نمطها,0,1,0.00,8.0
هايلي,0,1,0.00,3.0
هل مارك زوكربيرج روبوت,0,7,0.00,30.9
هل ميسي انطوائي,0,1,0.00,6.0
وزوجته,0,1,0.00,10.0
وسبيد,0,1,0.00,6.0
وسيلينا غوميز,0,1,0.00,6.0
ولامين,0,1,0.00,5.0
وما سبب هذا,0,1,0.00,8.0
وماذا عن ميسي؟,0,1,0.00,4.0
وميسي,0,1,0.00,6.0
وميسي؟,0,1,0.00,8.0
আর কি কি,0,1,0.00,2.0
นิสัย,0,1,0.00,2.0
นิสัยของเขา,0,1,0.00,3.0
เกินขอบเขต,0,1,0.00,1.0
เขาเป็นคนยังไง,0,1,0.00,2.0
เคนดัล,0,1,0.00,3.0
เซนดายา,0,1,0.00,5.0
เล่าอีก,0,1,0.00,1.0
ไคลี่,0,1,0.00,3.0
"’ having a mixed identity in hollywood and being mentored by tom cruise""",0,11,0.00,11.9
こうさつ,0,1,0.00,11.0
どんな人だったの？,0,2,0.00,9.5
どんな人柄,0,1,0.00,1.0
どんな人柄ですか,0,1,0.00,4.0
どんな性格,0,1,0.00,1.0
どんな性格の人？,0,1,0.00,10.0
もっと教えて,0,1,0.00,5.0
アニャ・テイラー＝ジョイ,0,1,0.00,3.0
アリアナ 性格,0,1,0.00,1.0
エニアグラム 珍しい,0,1,0.00,6.0
エマワトソン,0,1,0.00,2.0
エマ・ワトソン 性格,0,1,0.00,3.0
エミネム,0,9,0.00,2.9
エミネム どんな人,0,1,0.00,6.0
エミネム キム 何があった,0,1,0.00,3.0
エミネム 優しい,0,1,0.00,3.0
エミネム 性格,0,2,0.00,57.0
エミネム 現在,0,1,0.00,3.0
オリバー ツリー 性格,0,3,0.00,1.0
オリバーツリー,0,1,0.00,3.0
オリバーツリー どんな人,0,1,0.00,3.0
オリバーツリー 性格,0,24,0.00,1.7
オリバーツリー性格,0,11,0.00,1.5
オリバーツリー最後の言葉,0,1,0.00,3.0
オリバー・ツリー 炎上,0,1,0.00,3.0
カイリージェンナー,0,2,0.00,3.0
カイリー・ジェンナー,0,1,0.00,2.0
キリアン マーフィー 性格,0,1,0.00,1.0
キリアン マーフィー 若い頃,0,1,0.00,4.0
キリアンマーフィー,0,2,0.00,4.0
キリアンマーフィー かっこいい,0,1,0.00,4.0
キリアンマーフィー 身長,0,1,0.00,4.0
クリスチャンベール 筋肉,0,1,0.00,3.0
サブリナ カーペンター 性格,0,1,0.00,53.0
サブリナは？,0,1,0.00,2.0
サブリナカーペンター,0,1,0.00,7.0
サブリナカーペンター mbti,0,1,0.00,6.0
サム アルトマン 性格,0,1,0.00,68.0
サムアルトマン 性格,0,1,0.00,70.0
シドニー スウィーニー 性格,0,5,0.00,3.8
ジャスティンビーバー,0,3,0.00,3.3
ジャスティンビーバー 子供 何人,0,1,0.00,3.0
スカーレット ヨハンソン 性格,0,1,0.00,77.0
スクーターブラウン,0,1,0.00,3.0
ゼイン マリク,0,1,0.00,4.0
ゼイン マリク 脱退 理由,0,1,0.00,3.0
タイプは？,0,1,0.00,4.0
トム ハーディ,0,3,0.00,3.7
トム ハーディ 奥さん,0,1,0.00,2.0
トム ハーディ 映画 テレビ番組,0,1,0.00,2.0
トム·ハーディ,0,1,0.00,3.0
トムハーディ,0,8,0.00,3.6
トムハーディ 筋肉,0,1,0.00,8.0
トム・ハーディ,0,15,0.00,3.5
ドクター ドレー スティル・d.r.e.,0,1,0.00,3.0
ナイル ホーラン,0,3,0.00,3.7
ナイル・ホーラン,0,2,0.00,4.0
ビヨンセ 性格,0,1,0.00,46.0
ブラッドピット,0,1,0.00,3.0
ブレイク・ライブリー 性格,0,2,0.00,3.0
ヘイリー ビーバー,0,1,0.00,3.0
ヘイリー ビーバー 性格,0,2,0.00,48.5
ヘイリービーバー,0,4,0.00,3.0
ヘイリービーバー 性格,0,3,0.00,4.3
ヘイリービーバー 若い頃,0,1,0.00,2.0
ヘイリー・ビーバー,0,6,0.00,3.2
ボブ ディラン,0,3,0.00,3.0
ボブディラン,0,15,0.00,3.1
ボブディラン ファッション,0,1,0.00,6.0
ボブディランの歌,0,1,0.00,2.0
ボブデュラン,0,1,0.00,4.0
ボブ・ディラン,0,1,0.00,3.0
マッドマックス トム・ハーディ,0,1,0.00,5.0
ミスタービースト 性格,0,2,0.00,1.0
メッシ mbti,0,2,0.00,1.0
メッシ 性格,0,1,0.00,1.0
メッシは？,0,1,0.00,1.0
メーガン 性格,0,2,0.00,1.5
メーガン妃 性格,0,29,0.00,1.0
ヤンキー？,0,1,0.00,2.0
ラナデルレイ 性格,0,1,0.00,1.0
ラナ・デル・レイ,0,1,0.00,3.0
リアム ペイン,0,1,0.00,3.0
リアーナ,0,1,0.00,3.0
リアーナ 事件,0,1,0.00,3.0
レオナルド ディカプリオ,0,1,0.00,2.0
レオナルドディカプリオ,0,2,0.00,3.5
ワン ダイレクション ナイル いじめ,0,1,0.00,3.0
ワンダイレクション,0,3,0.00,2.7
ワンダイレクション オーディション,0,1,0.00,3.0
ワンダイレクション メンバー,0,2,0.00,2.0
ワンダイレクション 映画,0,1,0.00,3.0
ワン・ダイレクション,0,1,0.00,4.0
人柄は？,0,1,0.00,8.0
人格は？,0,1,0.00,4.0
人物像は,0,1,0.00,17.0
人間性は？,0,1,0.00,2.0
他是什麼mbti,0,1,0.00,6.0
他有英文名字嗎,0,1,0.00,10.0
他的mbti是什麼,0,1,0.00,3.0
他的性格,0,1,0.00,9.0
個性,0,1,0.00,1.0
原因は?,0,1,0.00,4.0
学歴は？,0,1,0.00,2.0
実際は？,0,1,0.00,7.0
性格,0,13,0.00,4.9
性格とか,0,1,0.00,7.0
性格とかは？,0,1,0.00,3.0
性格は,0,2,0.00,5.0
性格はいい？,0,1,0.00,2.0
性格は？,0,8,0.00,3.4
有喔,0,1,0.00,12.0
有照片吗,0,1,0.00,18.0
現在は？,0,1,0.00,6.0
真實性格,0,1,0.00,6.0
血型,0,1,0.00,2.0
行動は？,0,1,0.00,3.0
리오넬 메시 mbti,0,1,0.00,1.0
메시,0,2,0.00,4.5
성격,0,3,0.00,6.3
성격은?,0,1,0.00,3.0
셀레나고메즈,0,1,0.00,7.0
순다르피차이,0,1,0.00,5.0
실제 성격,0,2,0.00,2.5
실제성격,0,1,0.00,1.0
인성,0,2,0.00,5.0
젠데이아 성격,0,3,0.00,1.0
카이 mbti,0,1,0.00,2.0
톰 홀랜드 성격,0,1,0.00,8.0
해리는?,0,1,0.00,2.0
확실해?,0,1,0.00,16.0
