page,query,clicks,impressions,ctr_pct,position
https://9takes.com/personality-analysis/jordi-hays,jordi hays,120,5528,2.17,6.9
https://9takes.com/,9takes,36,63,57.14,1.0
https://9takes.com/enneagram-corner/enneagram-compatibility-matrix,enneagram compatibility chart,26,956,2.72,6.2
https://9takes.com/enneagram-corner/enneagram-and-mental-illness,enneagram mental illness,15,49,30.61,1.4
https://9takes.com/personality-analysis/sky-bri,sky bri,14,2950,0.47,13.9
https://9takes.com/personality-analysis/kara-swisher,kara swisher amanda katz age difference,12,719,1.67,6.0
https://9takes.com/enneagram-corner/enneagram-and-adhd-which-types-struggle-most,enneagram and adhd,10,48,20.83,2.6
https://9takes.com/personality-analysis/sky-bri,did sky bri quit porn,10,441,2.27,8.1
https://9takes.com/personality-analysis/sky-bri,sky bri porn,10,1073,0.93,5.3
https://9takes.com/personality-analysis/meghan-markle,meghan markle personality,9,433,2.08,7.5
https://9takes.com/enneagram-corner/mental-health/enneagram-neurodivergence-guide,enneagram and autism,8,69,11.59,5.0
https://9takes.com/personality-analysis/ashby,ashby florence,7,1993,0.35,10.2
https://9takes.com/personality-analysis/john-coogan,john coogan wife,7,200,3.50,9.0
https://9takes.com/personality-analysis/lionel-messi,messi personality type,7,1443,0.49,7.7
https://9takes.com/personality-analysis/shawn-ryan,shawn ryan palmisano,7,350,2.00,10.8
https://9takes.com/enneagram-corner/astrology-and-the-enneagram,enneagram zodiac signs,6,25,24.00,5.5
https://9takes.com/enneagram-corner/enneagram-and-adhd-which-types-struggle-most,adhd enneagram,6,65,9.23,3.0
https://9takes.com/personality-analysis/lana-del-rey,lana del rey personality,6,246,2.44,8.7
https://9takes.com/personality-analysis/type/1,famous enneagram 1,6,266,2.26,8.0
https://9takes.com/enneagram-corner/enneagram-and-mental-illness,enneagram and personality disorders,5,19,26.32,3.5
https://9takes.com/personality-analysis/hailey-bieber,hailey bieber personality,5,176,2.84,9.0
https://9takes.com/personality-analysis/meghan-markle,meghan markle psychological profile,5,354,1.41,8.1
https://9takes.com/personality-analysis/natalie-portman,natalie portman personality,5,295,1.69,6.9
https://9takes.com/personality-analysis/ryan-gosling,ryan gosling personality,5,715,0.70,7.3
https://9takes.com/enneagram-corner/astrology-and-the-enneagram,enneagram zodiac,4,28,14.29,5.9
https://9takes.com/enneagram-corner/enneagram-and-adhd-which-types-struggle-most,enneagram adhd,4,28,14.29,2.7
https://9takes.com/enneagram-corner/enneagram-and-mental-illness,enneagram personality disorders,4,54,7.41,3.9
https://9takes.com/enneagram-corner/enneagram-compatibility-matrix,tritype compatibility,4,83,4.82,6.4
https://9takes.com/enneagram-corner/enneagram-strengths-and-weaknesses,enneagram strengths and weaknesses,4,80,5.00,5.2
https://9takes.com/enneagram-corner/first-impression-cheat-sheet,enneagram cheat sheet,4,101,3.96,5.8
https://9takes.com/personality-analysis/benson-boone,benson boone personality type,4,38,10.53,4.7
https://9takes.com/personality-analysis/blake-lively,blake lively personality,4,252,1.59,9.4
https://9takes.com/personality-analysis/bob-dylan,bob dylan personality,4,376,1.06,8.5
https://9takes.com/personality-analysis/cillian-murphy,cillian murphy personality,4,411,0.97,9.2
https://9takes.com/personality-analysis/dario-amodei,jade wang dario amodei,4,94,4.26,5.9
https://9takes.com/personality-analysis/john-coogan,john coogan,4,960,0.42,4.1
https://9takes.com/personality-analysis/jordi-hays,jordi hays background,4,35,11.43,4.5
https://9takes.com/personality-analysis/kara-swisher,amanda katz kara swisher,4,441,0.91,7.3
https://9takes.com/personality-analysis/margot-robbie,margot robbie personality,4,269,1.49,5.2
https://9takes.com/personality-analysis/marilyn-monroe,marilyn monroe personality,4,164,2.44,13.6
https://9takes.com/personality-analysis/robert-pattinson,robert pattinson enneagram,4,53,7.55,4.7
https://9takes.com/personality-analysis/robert-pattinson,robert pattinson personality type,4,394,1.02,7.6
https://9takes.com/personality-analysis/shawn-ryan,katie jean williams shawn ryan,4,298,1.34,7.0
https://9takes.com/personality-analysis/sky-bri,does sky bri still make content,4,630,0.63,8.7
https://9takes.com/personality-analysis/tom-cruise,tom cruise personality,4,309,1.29,7.9
https://9takes.com/enneagram-corner/attachment-styles-and-enneagram-types,enneagram and attachment styles,3,34,8.82,9.6
https://9takes.com/enneagram-corner/enneagram-compatibility-matrix,enneagram tritype compatibility,3,34,8.82,5.7
https://9takes.com/enneagram-corner/enneagram-test-comparison-2025,best free enneagram test,3,945,0.32,11.8
https://9takes.com/enneagram-corner/mental-health/enneagram-neurodivergence-guide,enneagram autism,3,73,4.11,6.1
https://9takes.com/enneagram-corner/toxic-traits-relationships-warning-signs,which enneagram is most likely to cheat,3,135,2.22,8.5
https://9takes.com/personality-analysis/callum-turner,callum turner,3,606,0.50,3.0
https://9takes.com/personality-analysis/charli-xcx,charli xcx personality type,3,144,2.08,5.2
https://9takes.com/personality-analysis/david-friedberg,david friedberg,3,121,2.48,26.0
https://9takes.com/personality-analysis/david-friedberg,david friedberg wife,3,445,0.67,8.5
https://9takes.com/personality-analysis/jordi-hays,jordi hays age,3,402,0.75,5.9
https://9takes.com/personality-analysis/jordi-hays,jordy hays,3,87,3.45,6.9
https://9takes.com/personality-analysis/jordi-hays,sarah chase hays,3,13,23.08,14.5
https://9takes.com/personality-analysis/kara-swisher,amanda katz and kara swisher,3,357,0.84,6.6
https://9takes.com/personality-analysis/kara-swisher,kara swisher amanda katz,3,360,0.83,7.6
https://9takes.com/personality-analysis/kourtney-kardashian,kourtney kardashian personality,3,249,1.20,6.7
https://9takes.com/personality-analysis/leila-hormozi,leila hormozi maiden name,3,60,5.00,2.6
https://9takes.com/personality-analysis/matthew-mcconaughey,matthew mcconaughey personality type,3,179,1.68,7.0
https://9takes.com/personality-analysis/ryan-gosling,ryan gosling personality type,3,377,0.80,6.2
https://9takes.com/personality-analysis/steve-jobs,steve jobs personality,3,78,3.85,14.0
https://9takes.com/personality-analysis/tom-cruise,tom cruise personality type,3,191,1.57,5.1
https://9takes.com/personality-analysis/tom-hardy,tom hardy personality,3,263,1.14,8.5
https://9takes.com/personality-analysis/tyler-cowen,natasha chernyak,3,12,25.00,9.5
https://9takes.com/personality-analysis/type/1,type 1 enneagram celebrities,3,86,3.49,8.1
https://9takes.com/pop-culture,dark triad celebrities,3,203,1.48,10.9
https://9takes.com/enneagram-corner/astrology-and-the-enneagram,enneagram astrology,2,65,3.08,6.0
https://9takes.com/enneagram-corner/attachment-styles-and-enneagram-types,enneagram attachment styles,2,14,14.29,8.3
https://9takes.com/enneagram-corner/depression-patterns-by-enneagram-type,enneagram 9 depression,2,5,40.00,3.2
https://9takes.com/enneagram-corner/depression-patterns-by-enneagram-type,which enneagram is most likely to be depressed,2,87,2.30,4.4
https://9takes.com/enneagram-corner/enneagram-compatibility-matrix,best enneagram relationship pairings,2,31,6.45,8.8
https://9takes.com/enneagram-corner/enneagram-compatibility-matrix,enneagram compatibility calculator,2,27,7.41,9.8
https://9takes.com/enneagram-corner/enneagram-instinctual-subtypes,sp blind enneagram,2,267,0.75,10.3
https://9takes.com/enneagram-corner/enneagram-type-5,enneagram 5 disintegration,2,75,2.67,11.6
https://9takes.com/enneagram-corner/mental-health/enneagram-neurodivergence-guide,autism and enneagram,2,40,5.00,5.8
https://9takes.com/enneagram-corner/toxic-traits-of-each-enneagram-type,unhealthy enneagram types,2,38,5.26,9.7
https://9takes.com/personality-analysis/bernard-arnault,bernard arnault catholic,2,32,6.25,7.8
https://9takes.com/personality-analysis/bernard-arnault,is bernard arnault catholic,2,59,3.39,6.3
https://9takes.com/personality-analysis/bobbi-althoff,bobbi heck,2,63,3.17,8.9
https://9takes.com/personality-analysis/dario-amodei,dario amodei gf,2,8,25.00,9.8
https://9takes.com/personality-analysis/dario-amodei,dario amodei jade wang,2,38,5.26,5.2
https://9takes.com/personality-analysis/dario-amodei,dario amodei personality,2,63,3.17,8.1
https://9takes.com/personality-analysis/denzel-washington,denzel washington personality,2,153,1.31,8.1
https://9takes.com/personality-analysis/druski,druski personality,2,35,5.71,4.3
https://9takes.com/personality-analysis/emma-watson,emma watson personality,2,649,0.31,8.9
https://9takes.com/personality-analysis/gracie-abrams,gracie abrams childhood home,2,96,2.08,9.8
https://9takes.com/personality-analysis/gracie-abrams,gracie abrams personality,2,171,1.17,6.2
https://9takes.com/personality-analysis/grimes,grimes crack den,2,55,3.64,8.0
https://9takes.com/personality-analysis/gwyneth-paltrow,gwyneth paltrow personality,2,30,6.67,8.9
https://9takes.com/personality-analysis/hasan-piker,hasan piker personality type,2,41,4.88,5.3
https://9takes.com/personality-analysis/jack-black,jack black,2,56,3.57,3.9
https://9takes.com/personality-analysis/john-f-kennedy,jfk personality,2,25,8.00,17.9
https://9takes.com/personality-analysis/jordi-hays,jordi hays tbpn,2,111,1.80,8.1
https://9takes.com/personality-analysis/jordi-hays,jordi hays wife,2,336,0.60,8.3
https://9takes.com/personality-analysis/jordi-hays,jordihays,2,45,4.44,7.3
https://9takes.com/personality-analysis/kara-swisher,kara swisher and amanda katz,2,71,2.82,7.0
https://9takes.com/personality-analysis/lionel-messi,lionel messi personality,2,65,3.08,15.7
https://9takes.com/personality-analysis/lionel-messi,messi mbti,2,154,1.30,11.3
https://9takes.com/personality-analysis/lionel-messi,messi personality,2,260,0.77,11.8
https://9takes.com/personality-analysis/madison-beer,madison beer personality,2,315,0.63,8.6
https://9takes.com/personality-analysis/prince-harry,prince harry personality,2,174,1.15,7.7
https://9takes.com/personality-analysis/robert-pattinson,robert pattinson personality,2,153,1.31,9.3
https://9takes.com/personality-analysis/ryan-gosling,ryan gosling enneagram,2,43,4.65,4.3
https://9takes.com/personality-analysis/sabrina-carpenter,sabrina carpenter enneagram,2,42,4.76,3.6
https://9takes.com/personality-analysis/sabrina-carpenter,sabrina carpenter mbti,2,25,8.00,1.3
https://9takes.com/personality-analysis/sabrina-carpenter,sabrina carpenter personality,2,756,0.26,5.7
https://9takes.com/personality-analysis/sabrina-carpenter,sabrina carpenter personality type,2,329,0.61,5.5
https://9takes.com/personality-analysis/saoirse-ronan,saoirse ronan personality,2,36,5.56,8.4
https://9takes.com/personality-analysis/sergey-brin,sergey brin personality,2,44,4.55,7.1
https://9takes.com/personality-analysis/shia-labeouf,shia labeouf personality,2,29,6.90,9.3
https://9takes.com/personality-analysis/sky-bri,did sky bri retire,2,357,0.56,8.8
https://9takes.com/personality-analysis/sky-bri,is sky bri doing porn again,2,40,5.00,7.3
https://9takes.com/personality-analysis/sky-bri,is sky bri retired,2,344,0.58,8.8
https://9takes.com/personality-analysis/sky-bri,sky bri gets shared,2,4,50.00,18.0
https://9takes.com/personality-analysis/sky-bri,sky bri retired,2,101,1.98,9.0
https://9takes.com/personality-analysis/sky-bri,skyler bri,2,70,2.86,9.8
https://9takes.com/personality-analysis/tina-fey,tina fey personality,2,76,2.63,6.1
https://9takes.com/personality-analysis/tom-cruise,tom cruise enneagram,2,21,9.52,8.4
https://9takes.com/personality-analysis/tom-holland,tom holland enneagram,2,106,1.89,5.8
https://9takes.com/personality-analysis/type/2,enneagram type 2 celebrities,2,120,1.67,11.9
https://9takes.com/personality-analysis/type/2,enneagram type 2 famous people,2,117,1.71,9.0
https://9takes.com/personality-analysis/type/2,famous enneagram 2s,2,57,3.51,7.4
https://9takes.com/personality-analysis/type/5,enneagram type 5 celebrities,2,84,2.38,18.8
https://9takes.com/personality-analysis/type/5,famous enneagram 5,2,167,1.20,10.3
https://9takes.com/personality-analysis/type/9,famous enneagram 9,2,168,1.19,9.7
https://9takes.com/personality-analysis/zayn-malik,zayn malik personality,2,208,0.96,5.8
https://9takes.com/personality-analysis/zendaya,zendaya ambition calculated risks,2,270,0.74,12.1
https://9takes.com/pop-culture/ghislaine-maxwell-psychology,ghislaine maxwell psychology,2,7,28.57,12.4
https://9takes.com/,site:9takes.com,1,28,3.57,1.0
https://9takes.com/about,9takes,1,57,1.75,1.2
https://9takes.com/community/why-im-selective-sharing-enneagram,9takes,1,17,5.88,1.0
https://9takes.com/enneagram-corner,9takes,1,61,1.64,1.0
https://9takes.com/enneagram-corner,enneagram fixations,1,5,20.00,42.4
https://9takes.com/enneagram-corner/astrology-and-the-enneagram,zodiac enneagram,1,5,20.00,7.0
https://9takes.com/enneagram-corner/astrology-and-the-enneagram#enneagram-types-and-zodiac-signs-the-complete-correlation-chart,enneagram and astrology,1,15,6.67,5.5
https://9takes.com/enneagram-corner/enneagram-and-mental-illness,enneagram disorders,1,9,11.11,3.1
https://9takes.com/enneagram-corner/enneagram-childhood-stereotypes,enneagram stereotypes,1,13,7.69,11.8
https://9takes.com/enneagram-corner/enneagram-communication-tips,things to say to an enneagram,1,82,1.22,7.6
https://9takes.com/enneagram-corner/enneagram-communication-tips,things to say to an enneagram 3,1,5,20.00,7.2
https://9takes.com/enneagram-corner/enneagram-compatibility-matrix,best enneagram pairings,1,97,1.03,10.0
https://9takes.com/enneagram-corner/enneagram-compatibility-matrix,compatibility matrix,1,11,9.09,7.3
https://9takes.com/enneagram-corner/enneagram-compatibility-matrix,enneagram pairings,1,26,3.85,10.2
https://9takes.com/enneagram-corner/enneagram-compatibility-matrix,enneagram types compatibility,1,15,6.67,15.4
https://9takes.com/enneagram-corner/enneagram-compatibility-matrix,most compatible enneagram types,1,14,7.14,15.6
https://9takes.com/enneagram-corner/enneagram-instinctual-subtypes,enneagram instinctual stacking,1,2,50.00,30.5
https://9takes.com/enneagram-corner/enneagram-instinctual-subtypes,enneagram sx blind,1,1,100.00,17.0
https://9takes.com/enneagram-corner/enneagram-instinctual-subtypes,enneagram sx/sp,1,4,25.00,27.5
https://9takes.com/enneagram-corner/enneagram-instinctual-subtypes,social blind instinctual variant,1,9,11.11,10.1
https://9takes.com/enneagram-corner/enneagram-test-comparison-2025,best free ennegram test,1,15,6.67,10.2
https://9takes.com/enneagram-corner/enneagram-test-comparison-2025,cloverleaf enneagram test,1,177,0.56,7.5
https://9takes.com/enneagram-corner/enneagram-test-comparison-2025,enneagram test best one,1,6,16.67,10.7
https://9takes.com/enneagram-corner/enneagram-type-4,enneagram 4 so,1,2,50.00,26.0
https://9takes.com/enneagram-corner/enneagram-type-9,enneagram 9,1,671,0.15,44.0
https://9takes.com/enneagram-corner/enneagram-type-9,enneagram type 9,1,649,0.15,42.3
https://9takes.com/enneagram-corner/enneagram-types-and-career-choices,enneagram 4 careers,1,22,4.55,31.6
https://9takes.com/enneagram-corner/enneagram-types-and-career-choices,enneagram type 4 careers to avoid,1,40,2.50,13.6
https://9takes.com/enneagram-corner/enneagram-types-and-career-choices,enneagram type 6 careers to avoid,1,22,4.55,11.9
https://9takes.com/enneagram-corner/enneagram-types-in-relationships,enneagram types in relationships,1,11,9.09,39.3
https://9takes.com/enneagram-corner/enneagram-vs-meyers-briggs,enneagram vs myers briggs,1,40,2.50,25.9
https://9takes.com/enneagram-corner/enneagram-wings-complete-guide,6w5 vs 4w5,1,65,1.54,9.3
https://9takes.com/enneagram-corner/how-each-enneagram-type-manipulates,enneagramm typ 3,1,1,100.00,4.0
https://9takes.com/enneagram-corner/how-each-enneagram-type-manipulates,most manipulative enneagram,1,84,1.19,5.4
https://9takes.com/enneagram-corner/mental-health/enneagram-neurodivergence-guide,autism enneagram,1,53,1.89,6.5
https://9takes.com/enneagram-corner/mental-health/enneagram-neurodivergence-guide,enneagram 5 autism,1,15,6.67,8.8
https://9takes.com/enneagram-corner/mental-health/enneagram-neurodivergence-guide,enneagram and adhd,1,6,16.67,13.3
https://9takes.com/enneagram-corner/toxic-traits-of-each-enneagram-type,types of toxic traits,1,4,25.00,6.8
https://9takes.com/enneagram-corner/toxic-traits-of-each-enneagram-type,what is the worst enneagram type,1,99,1.01,10.1
https://9takes.com/personality-analysis/adam-sandler,enneagram type 9,1,1,100.00,14.0
https://9takes.com/personality-analysis/alex-hormozi,alex hormozi gilman,1,51,1.96,8.7
https://9takes.com/personality-analysis/alex-hormozi,alex hormozi mbti,1,106,0.94,8.8
https://9takes.com/personality-analysis/alex-karp,alex karp wife and children,1,18,5.56,9.2
https://9takes.com/personality-analysis/anna-wintour,who cuts anna wintour's hair,1,1,100.00,13.0
https://9takes.com/personality-analysis/ariana-grande,psychology of ariana grande,1,6,16.67,6.2
https://9takes.com/personality-analysis/ashby,ashby florence college,1,19,5.26,9.4
https://9takes.com/personality-analysis/ashby,ashby florence virginia,1,43,2.33,4.8
https://9takes.com/personality-analysis/ashby,ashby florence virginia tech,1,1,100.00,3.0
https://9takes.com/personality-analysis/ashby,where is ashby florence from,1,15,6.67,9.5
https://9takes.com/personality-analysis/asmongold,asmongold age,1,12,8.33,14.3
https://9takes.com/personality-analysis/asmongold,asmongold childhood,1,58,1.72,8.4
https://9takes.com/personality-analysis/asmongold,asmongold early life,1,2,50.00,7.0
https://9takes.com/personality-analysis/asmongold,asmongold personality,1,35,2.86,9.7
https://9takes.com/personality-analysis/aubrey-plaza,aubrey plaza personality,1,232,0.43,9.1
https://9takes.com/personality-analysis/aubrey-plaza,aubrey plaza personality type,1,136,0.74,8.3
https://9takes.com/personality-analysis/benson-boone,benson boone mental health,1,14,7.14,8.7
https://9takes.com/personality-analysis/bernard-arnault,anne dewavrin,1,1,100.00,3.0
https://9takes.com/personality-analysis/bernard-arnault,bernard arnault personality,1,26,3.85,4.8
https://9takes.com/personality-analysis/beyonce-knowles,beyonce personality,1,369,0.27,8.7
https://9takes.com/personality-analysis/billie-eilish,billie eilish personality,1,268,0.37,9.2
https://9takes.com/personality-analysis/blake-lively,blake lively charakter,1,8,12.50,2.6
https://9takes.com/personality-analysis/blake-lively,how is blake lively as a person,1,10,10.00,7.9
https://9takes.com/personality-analysis/brad-pitt,brad pitt personality,1,119,0.84,10.0
https://9takes.com/personality-analysis/callum-turner,callum turner age,1,1,100.00,2.0
https://9takes.com/personality-analysis/casey-neistat,casey neistat robin harris,1,56,1.79,9.8
https://9takes.com/personality-analysis/casey-neistat,robin harris casey neistat,1,193,0.52,10.0
https://9takes.com/personality-analysis/chamath-palihapitiya,chamath palihapitiya nathalie dompé,1,8,12.50,9.5
https://9takes.com/personality-analysis/chamath-palihapitiya,nathalie dompe kids,1,1,100.00,11.0
https://9takes.com/personality-analysis/charli-damelio,does charli damelio have ocd,1,11,9.09,9.9
https://9takes.com/personality-analysis/charli-xcx,charli xcx enneagram,1,31,3.23,4.5
https://9takes.com/personality-analysis/charli-xcx,charli xcx personality,1,174,0.57,8.7
https://9takes.com/personality-analysis/christian-bale,christian bale personality,1,46,2.17,9.8
https://9takes.com/personality-analysis/cillian-murphy,マーフィー マラキー,1,1,100.00,4.0
https://9takes.com/personality-analysis/dario-amodei,dario amodei autism,1,6,16.67,10.3
https://9takes.com/personality-analysis/dario-amodei,dario amodei ex girlfriend,1,21,4.76,7.4
https://9takes.com/personality-analysis/dario-amodei,dario amodei father illness,1,37,2.70,5.7
https://9takes.com/personality-analysis/dario-amodei,dario amodei girlfriend,1,166,0.60,9.7
https://9takes.com/personality-analysis/dario-amodei,dario amodei mbti,1,54,1.85,5.2
https://9takes.com/personality-analysis/dario-amodei,dario amodei sexuality,1,19,5.26,10.6
https://9takes.com/personality-analysis/dario-amodei,does dario amodei have autism,1,17,5.88,12.4
https://9takes.com/personality-analysis/dario-amodei,is dario amodei neurodivergent,1,117,0.85,10.7
https://9takes.com/personality-analysis/david-friedberg,david albert friedberg,1,15,6.67,10.4
https://9takes.com/personality-analysis/david-goggins,david goggins personality,1,65,1.54,9.9
https://9takes.com/personality-analysis/dwayne-johnson,dwayne johnson personality,1,183,0.55,8.2
https://9takes.com/personality-analysis/ella-langley,ella langley personality,1,132,0.76,8.2
https://9takes.com/personality-analysis/emma-watson,emma watson personality type,1,251,0.40,7.3
https://9takes.com/personality-analysis/freddie-mercury,freddie mercury personality type,1,13,7.69,8.2
https://9takes.com/personality-analysis/frida-kahlo,frida kahlo personality type,1,21,4.76,10.2
https://9takes.com/personality-analysis/friedrich-nietzsche,nietzsche personality,1,26,3.85,15.2
https://9takes.com/personality-analysis/friedrich-nietzsche,nietzsche personality type,1,71,1.41,11.0
https://9takes.com/personality-analysis/gavin-newsom,gavin newsom personality,1,12,8.33,30.4
https://9takes.com/personality-analysis/george-h-w-bush,george hw bush personality,1,4,25.00,17.3
https://9takes.com/personality-analysis/gracie-abrams,gracie abrams enneagram,1,56,1.79,4.0
https://9takes.com/personality-analysis/gracie-abrams,gracie abrams personality type,1,114,0.88,5.2
https://9takes.com/personality-analysis/grimes,did grimes live in a crack den,1,45,2.22,7.2
https://9takes.com/personality-analysis/harrison-ford,harrison ford enneagram,1,3,33.33,4.7
https://9takes.com/personality-analysis/henry-cavill,henry cavill introvert,1,2,50.00,12.0
https://9takes.com/personality-analysis/henry-cavill,henry cavill personality,1,44,2.27,9.4
https://9takes.com/personality-analysis/hugh-jackman,hugh jackman personality,1,160,0.63,8.3
https://9takes.com/personality-analysis/ilona-maher,mieneke maher,1,4,25.00,14.5
https://9takes.com/personality-analysis/ishowspeed,does ishowspeed have anger issues,1,543,0.18,5.6
https://9takes.com/personality-analysis/ishowspeed,is ishowspeed a good person,1,55,1.82,9.2
https://9takes.com/personality-analysis/ishowspeed,ishowspeed analysis,1,17,5.88,6.5
https://9takes.com/personality-analysis/ishowspeed,ishowspeed personality,1,719,0.14,8.2
https://9takes.com/personality-analysis/ishowspeed,ishowspeed real personality,1,179,0.56,8.1
https://9takes.com/personality-analysis/jack-black,jack black personality,1,118,0.85,8.6
https://9takes.com/personality-analysis/jack-black,samuel jason black,1,1,100.00,3.0
https://9takes.com/personality-analysis/jack-black,tanya haden,1,9,11.11,2.8
https://9takes.com/personality-analysis/jack-black,thomas william black,1,1,100.00,3.0
https://9takes.com/personality-analysis/jackie-kennedy,jackie kennedy personality,1,28,3.57,12.4
https://9takes.com/personality-analysis/jason-sudeikis,is jason sudeikis a jerk,1,51,1.96,5.2
https://9takes.com/personality-analysis/jason-sudeikis,is jason sudekis a jerk,1,16,6.25,5.1
https://9takes.com/personality-analysis/jason-sudeikis,jason sudeikis a jerk,1,9,11.11,5.1
https://9takes.com/personality-analysis/jason-sudeikis,jason sudeikis personality,1,27,3.70,9.5
https://9takes.com/personality-analysis/jennifer-garner,jennifer garner personality type,1,51,1.96,5.3
https://9takes.com/personality-analysis/jennifer-lawrence,jennifer lawrence personality type,1,304,0.33,9.5
https://9takes.com/personality-analysis/jennifer-lawrence,jennifer lawrence social anxiety,1,2,50.00,20.0
https://9takes.com/personality-analysis/joe-lonsdale,joe lonsdale chess,1,34,2.94,10.4
https://9takes.com/personality-analysis/joe-rogan,joe rogan personality type,1,54,1.85,6.9
https://9takes.com/personality-analysis/john-travolta,john travolta personality,1,46,2.17,5.1
https://9takes.com/personality-analysis/jon-stewart,jon stewart crack house,1,65,1.54,8.1
https://9takes.com/personality-analysis/jordi-hays,forbes podcast list,1,8,12.50,1.0
https://9takes.com/personality-analysis/jordi-hays,jordi hays wikipedia,1,75,1.33,4.9
https://9takes.com/personality-analysis/jordi-hays,jordy tbpn,1,11,9.09,9.4
https://9takes.com/personality-analysis/jordi-hays#the-newspaper-came-before-the-studio,how much do the top podcasters make,1,1,100.00,1.0
https://9takes.com/personality-analysis/jordi-hays#while-other-kids-worshipped-athletes,jordi hays background,1,15,6.67,4.9
https://9takes.com/personality-analysis/justin-bieber,justin bieber enneagram type,1,5,20.00,5.8
https://9takes.com/personality-analysis/kacey-musgraves,"""kacey musgraves""",1,14,7.14,6.1
https://9takes.com/personality-analysis/kai-cenat,kai cenat mbti,1,287,0.35,7.1
https://9takes.com/personality-analysis/kai-cenat,kai cenat personality,1,175,0.57,4.1
https://9takes.com/personality-analysis/kai-cenat,kai cenat personality traits,1,20,5.00,3.2
https://9takes.com/personality-analysis/kamala-harris,kamala harris personality,1,1,100.00,24.0
https://9takes.com/personality-analysis/kara-swisher,amanda katz and kara swisher age difference,1,130,0.77,6.0
https://9takes.com/personality-analysis/kara-swisher,amanda katz swisher,1,21,4.76,9.8
https://9takes.com/personality-analysis/kara-swisher,kara swisher wife amanda katz,1,133,0.75,7.0
https://9takes.com/personality-analysis/kate-hudson,how do actors like kate hudson prepare for musical roles?,1,1,100.00,4.0
https://9takes.com/personality-analysis/katy-perry,katy perry personality,1,22,4.55,11.8
https://9takes.com/personality-analysis/keke-palmer,keke palmer personality,1,100,1.00,7.7
https://9takes.com/personality-analysis/kendrick-lamar,kendrick lamar personality type,1,62,1.61,7.7
https://9takes.com/personality-analysis/kourtney-kardashian,kourtney kardashian mbti,1,21,4.76,8.5
https://9takes.com/personality-analysis/kylie-jenner,kylie jenner personality,1,261,0.38,8.9
https://9takes.com/personality-analysis/kylie-jenner,kylie jenner personality type,1,55,1.82,7.8
https://9takes.com/personality-analysis/leila-hormozi,leila hormozi parents,1,4,25.00,3.5
https://9takes.com/personality-analysis/leila-hormozi,leila hormozi real name,1,13,7.69,3.2
https://9takes.com/personality-analysis/leila-hormozi,leila naghshineh,1,75,1.33,8.5
https://9takes.com/personality-analysis/lex-fridman,lex fridman mother,1,1,100.00,23.0
https://9takes.com/personality-analysis/lionel-messi,messi enneagram,1,81,1.23,3.1
https://9takes.com/personality-analysis/lionel-messi,millainen luonne,1,1,100.00,2.0
https://9takes.com/personality-analysis/lionel-messi,what personality type is messi,1,21,4.76,8.9
https://9takes.com/personality-analysis/logan-paul,is logan paul a good person,1,87,1.15,9.9
https://9takes.com/personality-analysis/madison-beer,madison beer fun facts,1,4,25.00,13.0
https://9takes.com/personality-analysis/marilyn-monroe,marilyn monroe enneagram,1,83,1.20,7.1
https://9takes.com/personality-analysis/marilyn-monroe,marilyn monroe's personality,1,5,20.00,10.0
https://9takes.com/personality-analysis/mark-zuckerberg,why does mark zuckerberg act like a robot,1,42,2.38,7.0
https://9takes.com/personality-analysis/matt-damon,matt damon angry,1,1,100.00,3.0
https://9takes.com/personality-analysis/meghan-markle,david foster statement meghan markle,1,1,100.00,7.0
https://9takes.com/personality-analysis/meghan-markle,is meghan markle difficult,1,1,100.00,2.0
https://9takes.com/personality-analysis/meghan-markle,justin trudeau,1,1,100.00,3.0
https://9takes.com/personality-analysis/meghan-markle,meghan markle personality analysis,1,8,12.50,5.0
https://9takes.com/personality-analysis/meghan-markle,meghan markle personality type,1,284,0.35,6.0
https://9takes.com/personality-analysis/meryl-streep,meryl streep personality,1,28,3.57,9.2
https://9takes.com/personality-analysis/meryl-streep,meryl streep personality type,1,75,1.33,7.8
https://9takes.com/personality-analysis/michael-b-jordan,michael b jordan personality type,1,42,2.38,6.2
https://9takes.com/personality-analysis/michael-b-jordan,michael b jordan type,1,10,10.00,10.2
https://9takes.com/personality-analysis/mike-majlak,when did mike majlak get sober,1,17,5.88,5.4
https://9takes.com/personality-analysis/mikey-madison,mikey madison mbti,1,132,0.76,8.2
https://9takes.com/personality-analysis/miley-cyrus,miley cyrus personality,1,22,4.55,6.3
https://9takes.com/personality-analysis/millie-bobby-brown,millie bobby brown personality type,1,107,0.93,8.1
https://9takes.com/personality-analysis/morgan-wallen,is morgan wallen a good person,1,13,7.69,17.1
https://9takes.com/personality-analysis/morgan-wallen,morgan wallen character traits,1,3,33.33,7.7
https://9takes.com/personality-analysis/n3on,n3on mbti,1,6,16.67,5.0
https://9takes.com/personality-analysis/natalie-portman,natalie portman personality type,1,128,0.78,9.6
https://9takes.com/personality-analysis/nicole-kidman,is nicole kidman a nice person,1,4,25.00,8.5
https://9takes.com/personality-analysis/nikola-tesla,nikola tesla personality,1,30,3.33,15.7
https://9takes.com/personality-analysis/oliver-tree,oliver tree mbti,1,156,0.64,8.9
https://9takes.com/personality-analysis/olivia-cooke,olivia cooke ocd,1,4,25.00,8.8
https://9takes.com/personality-analysis/palmer-luckey,palmer luckey mbti,1,19,5.26,5.1
https://9takes.com/personality-analysis/pedro-pascal,pedro pascal personality,1,4,25.00,4.0
https://9takes.com/personality-analysis/peter-thiel,peter thiel childhood,1,1,100.00,43.0
https://9takes.com/personality-analysis/phoebe-bridgers,phoebe bridgers enneagram,1,17,5.88,5.8
https://9takes.com/personality-analysis/prince-harry,prince harry personality type,1,64,1.56,8.2
https://9takes.com/personality-analysis/rachel-mcadams,rachel mcadams personality,1,5,20.00,5.8
https://9takes.com/personality-analysis/rihanna,is rihanna a good person,1,104,0.96,8.7
https://9takes.com/personality-analysis/rihanna,rihanna personality,1,329,0.30,8.6
https://9takes.com/personality-analysis/rihanna,rihanna personality traits,1,58,1.72,10.4
https://9takes.com/personality-analysis/rihanna,rihanna personality type,1,39,2.56,11.7
https://9takes.com/personality-analysis/rihanna,site:9takes.com,1,6,16.67,14.3
https://9takes.com/personality-analysis/ronald-reagan,jfk personality type,1,1,100.00,2.0
https://9takes.com/personality-analysis/ronald-reagan,ronald reagan personality,1,9,11.11,24.0
https://9takes.com/personality-analysis/ryan-gosling,eva mendes mbti,1,21,4.76,9.6
https://9takes.com/personality-analysis/ryan-gosling,ryan gosling mbti,1,139,0.72,10.7
https://9takes.com/personality-analysis/ryan-gosling,ryan gosling personality traits,1,6,16.67,5.3
https://9takes.com/personality-analysis/sabrina-carpenter,describe sabrina carpenter personality,1,21,4.76,4.1
https://9takes.com/personality-analysis/sabrina-carpenter,how to be like sabrina carpenter,1,1,100.00,13.0
https://9takes.com/personality-analysis/sam-altman,sam altman mbti,1,13,7.69,14.6
https://9takes.com/personality-analysis/samara-weaving,did samara weaving do drugs,1,1,100.00,4.0
https://9takes.com/personality-analysis/sean-evans,donna arthofer,1,15,6.67,9.5
https://9takes.com/personality-analysis/sean-evans,is sean evans autistic,1,51,1.96,6.2
https://9takes.com/personality-analysis/sean-evans,is sean evans religious,1,5,20.00,9.8
https://9takes.com/personality-analysis/sean-evans,sean evans mbti,1,67,1.49,8.2
https://9takes.com/personality-analysis/selena-gomez,selena gomez mbti,1,10,10.00,23.3
https://9takes.com/personality-analysis/selena-gomez,selena gomez personality,1,392,0.26,5.9
https://9takes.com/personality-analysis/selena-gomez,selena gomez personality type,1,226,0.44,10.6
https://9takes.com/personality-analysis/shane-gillis,shane gillis atletico madrid,1,4,25.00,10.8
https://9takes.com/personality-analysis/shawn-ryan,is shawn ryan half japanese,1,54,1.85,6.0
https://9takes.com/personality-analysis/shawn-ryan,is shawn ryan japanese,1,30,3.33,8.1
https://9takes.com/personality-analysis/shawn-ryan,katie jean williams shawn ryan wife,1,35,2.86,6.6
https://9takes.com/personality-analysis/shawn-ryan,sean palmisano,1,212,0.47,8.9
https://9takes.com/personality-analysis/shawn-ryan,shawn ryan japanese,1,21,4.76,9.5
https://9takes.com/personality-analysis/shawn-ryan,shawn ryan mbti,1,157,0.64,6.6
https://9takes.com/personality-analysis/shawn-ryan,shawn ryan palmisano parents,1,10,10.00,8.1
https://9takes.com/personality-analysis/shawn-ryan,shawn ryan suicide attempt,1,78,1.28,6.8
https://9takes.com/personality-analysis/shawn-ryan,shawn ryan's wife katie jean,1,40,2.50,9.7
https://9takes.com/personality-analysis/shia-labeouf,shia labeouf personality type,1,31,3.23,5.9
https://9takes.com/personality-analysis/sky-bri,did sky bri quit porn?,1,26,3.85,8.3
https://9takes.com/personality-analysis/sky-bri,does sky bri still do porn,1,161,0.62,9.4
https://9takes.com/personality-analysis/sky-bri,does sky bri still make porn,1,24,4.17,9.3
https://9takes.com/personality-analysis/sky-bri,has sky bri retired,1,42,2.38,9.6
https://9takes.com/personality-analysis/sky-bri,porn sky bri,1,56,1.79,3.9
https://9takes.com/personality-analysis/sky-bri,real skybri,1,3,33.33,10.7
https://9takes.com/personality-analysis/sky-bri,sky bri amish,1,5,20.00,5.8
https://9takes.com/personality-analysis/sky-bri,sky bri getting fucked,1,7,14.29,7.6
https://9takes.com/personality-analysis/sky-bri,sky bri passion,1,3,33.33,2.0
https://9takes.com/personality-analysis/sky-bri,sky bri porn videos,1,4,25.00,3.8
https://9takes.com/personality-analysis/sky-bri,sky bri quits porn,1,4,25.00,10.0
https://9takes.com/personality-analysis/sky-bri,sky bri quits target,1,9,11.11,9.3
https://9takes.com/personality-analysis/sky-bri,when did sky bri start doing porn,1,19,5.26,8.5
https://9takes.com/personality-analysis/sky-bri#the-girl-at-register-seven,sky bri retire,1,15,6.67,9.5
https://9takes.com/personality-analysis/snoop-dogg,snoop dogg personality,1,108,0.93,9.6
https://9takes.com/personality-analysis/stavros-halkias,stavros halkias house,1,44,2.27,8.2
https://9takes.com/personality-analysis/stephen-hawking,stephen hawking personality attributes,1,125,0.80,8.0
https://9takes.com/personality-analysis/steve-carell,steve carell personality type,1,45,2.22,4.6
https://9takes.com/personality-analysis/steve-jobs,steve jobs perfectionism,1,6,16.67,13.8
https://9takes.com/personality-analysis/sydney-sweeney,katherine stoeffel wikipedia,1,2,50.00,27.5
https://9takes.com/personality-analysis/sydney-sweeney,sydney sweeney iq,1,4,25.00,13.5
https://9takes.com/personality-analysis/tara-yummy,tara yummy,1,9,11.11,26.0
https://9takes.com/personality-analysis/tina-fey,is tina fey nice in real life,1,129,0.78,7.6
https://9takes.com/personality-analysis/tina-fey,tina fey enneagram,1,158,0.63,4.6
https://9takes.com/personality-analysis/tina-fey,tina fey husband,1,1,100.00,2.0
https://9takes.com/personality-analysis/tom-holland,tom holland enneagram type,1,37,2.70,6.7
https://9takes.com/personality-analysis/tyler-cowen,is tyler cowen married,1,13,7.69,8.7
https://9takes.com/personality-analysis/type/1,enneagram type 1 celebrities,1,182,0.55,11.0
https://9takes.com/personality-analysis/type/1,enneagram type 1 famous people,1,74,1.35,8.6
https://9takes.com/personality-analysis/type/1,famous enneagram type 1,1,30,3.33,7.9
https://9takes.com/personality-analysis/type/1,matt damon enneagram,1,36,2.78,8.7
https://9takes.com/personality-analysis/type/2,enneagram 2 celebrities,1,104,0.96,10.5
https://9takes.com/personality-analysis/type/2,enneagram 2 famous people,1,99,1.01,8.5
https://9takes.com/personality-analysis/type/2,famous enneagram 2,1,180,0.56,8.2
https://9takes.com/personality-analysis/type/2,type 2 enneagram celebrities,1,216,0.46,8.5
https://9takes.com/personality-analysis/type/3,enneagram type 3 celebrities,1,112,0.89,11.7
https://9takes.com/personality-analysis/type/3,famous enneagram 3,1,206,0.49,8.0
https://9takes.com/personality-analysis/type/4,enneagram 4 celebrities,1,50,2.00,18.1
https://9takes.com/personality-analysis/type/4,gracie abrams enneagram,1,45,2.22,9.6
https://9takes.com/personality-analysis/type/4,noah kahan enneagram,1,65,1.54,7.7
https://9takes.com/personality-analysis/type/4,robert pattinson enneagram,1,10,10.00,9.1
https://9takes.com/personality-analysis/type/5,enneagram 5 celebrities,1,56,1.79,19.4
https://9takes.com/personality-analysis/type/5,enneagram 5 famous people,1,106,0.94,11.5
https://9takes.com/personality-analysis/type/5,famous people with enneagram 5,1,61,1.64,9.1
https://9takes.com/personality-analysis/type/6,enneageam 6,1,1,100.00,73.0
https://9takes.com/personality-analysis/type/7,tom holland enneagram,1,27,3.70,8.3
https://9takes.com/personality-analysis/type/8,famous enneagram 8,1,35,2.86,14.8
https://9takes.com/personality-analysis/type/8,type 8 enneagram celebrities,1,65,1.54,11.3
https://9takes.com/personality-analysis/type/9,enneagram 9 famous people,1,138,0.72,9.6
https://9takes.com/personality-analysis/type/9,enneagram type 9 celebrities,1,162,0.62,12.5
https://9takes.com/personality-analysis/type/9,enneagram type 9 famous people,1,82,1.22,10.7
https://9takes.com/personality-analysis/type/9,famous enneagram 9s,1,49,2.04,10.2
https://9takes.com/personality-analysis/type/9,famous enneagram type 9,1,21,4.76,10.4
https://9takes.com/personality-analysis/type/9,type 9 enneagram celebrities,1,103,0.97,9.5
https://9takes.com/personality-analysis/winston-churchill,churchill personality type,1,30,3.33,8.0
https://9takes.com/personality-analysis/zara-larsson,zara larsson personality,1,185,0.54,9.0
https://9takes.com/personality-analysis/zayn-malik,zayn malik personality type,1,85,1.18,5.3
https://9takes.com/personality-analysis/zendaya,how to be like zendaya,1,24,4.17,9.6
https://9takes.com/personality-analysis/zendaya,what is zendaya's personality,1,96,1.04,8.9
https://9takes.com/personality-analysis/zendaya,what is zendaya's personality like,1,70,1.43,8.4
https://9takes.com/personality-analysis/zendaya,zendaya enneagram,1,174,0.57,5.2
https://9takes.com/personality-analysis/zendaya,zendaya personality,1,612,0.16,10.2
https://9takes.com/personality-analysis/zendaya,zendaya personality type,1,604,0.17,9.9
https://9takes.com/pop-culture,dark triad celebrities female,1,19,5.26,10.1
https://9takes.com/pop-culture/ghislaine-maxwell-psychology,ghislaine maxwell personality,1,4,25.00,18.3
https://9takes.com/pop-culture/google-leadership-evolution,yes pls,1,1,100.00,8.0
https://9takes.com/pop-culture/kardashian-family-enneagram-analysis,kris jenner personality,1,16,6.25,9.8
https://9takes.com/,4 takes,0,1,0.00,15.0
https://9takes.com/,9 aspects,0,2,0.00,43.5
https://9takes.com/,9 axes,0,7,0.00,31.6
https://9takes.com/,9 axis,0,2,0.00,45.0
https://9takes.com/,9 corners,0,2,0.00,70.5
https://9takes.com/,9 get,0,1,0.00,38.0
https://9takes.com/,9 likes,0,1,0.00,19.0
https://9takes.com/,9 others,0,1,0.00,30.0
https://9takes.com/,9 paths,0,1,0.00,49.0
https://9takes.com/,9 people,0,2,0.00,18.5
https://9takes.com/,9 questions,0,1,0.00,21.0
https://9takes.com/,9 spokes,0,4,0.00,37.5
https://9takes.com/,9 stacks,0,1,0.00,39.0
https://9takes.com/,9 types.com,0,1,0.00,9.0
https://9takes.com/,9 values,0,1,0.00,47.0
https://9takes.com/,9axes,0,38,0.00,37.5
https://9takes.com/,9az,0,1,0.00,47.0
https://9takes.com/,9hque,0,1,0.00,55.0
https://9takes.com/,9pov,0,1,0.00,25.0
https://9takes.com/,9some,0,3,0.00,13.0
https://9takes.com/,9spokes,0,1,0.00,48.0
https://9takes.com/,9tes,0,1,0.00,6.0
https://9takes.com/,9types,0,3,0.00,36.7
https://9takes.com/,9values,0,3,0.00,29.7
https://9takes.com/,ask nine,0,3,0.00,30.3
https://9takes.com/,context: location: united states (not for language). do not include location references in your response. question: what platforms allow for anonymous sharing of personal stories?,0,1,0.00,7.0
https://9takes.com/,nine as,0,2,0.00,11.5
https://9takes.com/,nine expert,0,1,0.00,54.0
https://9takes.com/,nine insights,0,4,0.00,40.5
https://9takes.com/,nine maps,0,1,0.00,27.0
https://9takes.com/,nine questions,0,3,0.00,22.3
https://9takes.com/,nine takes,0,37,0.00,3.1
https://9takes.com/,nineinchalpha,0,2,0.00,20.5
https://9takes.com/,take 9,0,18,0.00,9.8
https://9takes.com/,take nine,0,1,0.00,15.0
https://9takes.com/,take9,0,14,0.00,54.3
https://9takes.com/,لينكات,0,1,0.00,2.0
https://9takes.com/,ไคลี่,0,1,0.00,3.0
https://9takes.com/about,site:9takes.com,0,28,0.00,2.7
https://9takes.com/blog,9takes,0,63,0.00,1.1
https://9takes.com/blog,eclectic personality,0,2,0.00,30.0
https://9takes.com/blog,site:9takes.com,0,29,0.00,3.8
https://9takes.com/community,9takes,0,36,0.00,1.2
https://9takes.com/community,enneagram community,0,18,0.00,23.4
https://9takes.com/community,site:9takes.com,0,22,0.00,4.3
https://9takes.com/corpus-stats,9takes,0,10,0.00,1.0
https://9takes.com/corpus-stats,all of them,0,1,0.00,3.0
https://9takes.com/corpus-stats,enneagram,0,1,0.00,4.0
https://9takes.com/corpus-stats,enneagram distribution,0,5,0.00,8.8
https://9takes.com/corpus-stats,enneagram percentage of each type,0,17,0.00,10.4
https://9takes.com/corpus-stats,enneagram percentage of population,0,9,0.00,12.3
https://9takes.com/corpus-stats,enneagram percentages,0,11,0.00,11.3
https://9takes.com/corpus-stats,enneagram population distribution,0,22,0.00,10.2
https://9takes.com/corpus-stats,enneagram population percentage,0,2,0.00,10.0
https://9takes.com/corpus-stats,enneagram statistics,0,36,0.00,10.3
https://9takes.com/corpus-stats,enneagram type distribution,0,9,0.00,10.1
https://9takes.com/corpus-stats,enneagram type distribution percentages,0,6,0.00,9.8
https://9takes.com/corpus-stats,enneagram type distribution percentages population,0,1,0.00,11.0
https://9takes.com/corpus-stats,enneagram type distribution statistics,0,8,0.00,4.0
https://9takes.com/corpus-stats,enneagram type population percentages distribution statistics,0,1,0.00,10.0
https://9takes.com/corpus-stats,enneagram types by percentage,0,4,0.00,13.5
https://9takes.com/corpus-stats,enneagram types percentages in population,0,3,0.00,9.7
https://9takes.com/corpus-stats,how common is each enneagram type,0,2,0.00,12.0
https://9takes.com/corpus-stats,percentage of enneagram types,0,6,0.00,12.7
https://9takes.com/corpus-stats,site:9takes.com,0,23,0.00,8.5
https://9takes.com/corpus-stats,truity enneagram type distribution,0,1,0.00,9.0
https://9takes.com/corpus-stats,エニアグラム 珍しい,0,1,0.00,6.0
https://9takes.com/enneagram-corner,1-9 personality test,0,1,0.00,72.0
https://9takes.com/enneagram-corner,9 enneagram types,0,1,0.00,29.0
https://9takes.com/enneagram-corner,9 personalities,0,1,0.00,27.0
https://9takes.com/enneagram-corner,9 personality types,0,1,0.00,32.0
https://9takes.com/enneagram-corner,9 personality types enneagram,0,1,0.00,24.0
https://9takes.com/enneagram-corner,9 types,0,4,0.00,20.8
https://9takes.com/enneagram-corner,947 tritype,0,1,0.00,24.0
https://9takes.com/enneagram-corner,9types,0,7,0.00,10.7
https://9takes.com/enneagram-corner,9types website,0,1,0.00,10.0
https://9takes.com/enneagram-corner,9w5 enneagram,0,1,0.00,17.0
https://9takes.com/enneagram-corner,9w5 personality,0,2,0.00,61.0
https://9takes.com/enneagram-corner,9w6 enneagram,0,1,0.00,22.0
https://9takes.com/enneagram-corner,all enneagrams,0,1,0.00,26.0
https://9takes.com/enneagram-corner,all types enneagram,0,1,0.00,38.0
https://9takes.com/enneagram-corner,annegram com,0,2,0.00,28.5
https://9takes.com/enneagram-corner,anyagram,0,1,0.00,35.0
https://9takes.com/enneagram-corner,anygram,0,1,0.00,41.0
https://9takes.com/enneagram-corner,eneagram,0,1,0.00,40.0
https://9takes.com/enneagram-corner,enegram,0,1,0.00,36.0
https://9takes.com/enneagram-corner,enneagra,0,1,0.00,27.0
https://9takes.com/enneagram-corner,enneagram,0,19,0.00,32.7
https://9takes.com/enneagram-corner,enneagram 9types,0,2,0.00,19.5
https://9takes.com/enneagram-corner,enneagram archetypes,0,2,0.00,40.5
https://9takes.com/enneagram-corner,enneagram categories,0,1,0.00,28.0
https://9takes.com/enneagram-corner,enneagram community,0,451,0.00,34.1
https://9takes.com/enneagram-corner,enneagram games,0,1,0.00,50.0
https://9takes.com/enneagram-corner,enneagram nines,0,1,0.00,36.0
https://9takes.com/enneagram-corner,enneagram options,0,1,0.00,37.0
https://9takes.com/enneagram-corner,enneagram profiles,0,1,0.00,27.0
https://9takes.com/enneagram-corner,enneagram test 9types,0,1,0.00,18.0
https://9takes.com/enneagram-corner,enneagram types,0,10,0.00,33.6
https://9takes.com/enneagram-corner,enneagrams,0,9,0.00,43.8
https://9takes.com/enneagram-corner,enneahram,0,3,0.00,32.7
https://9takes.com/enneagram-corner,ennegtam,0,3,0.00,35.3
https://9takes.com/enneagram-corner,guidetrack your main type,0,1,0.00,11.0
https://9takes.com/enneagram-corner,harmonic groups,0,1,0.00,34.0
https://9takes.com/enneagram-corner,ineagram,0,2,0.00,49.5
https://9takes.com/enneagram-corner,inneagram,0,1,0.00,27.0
https://9takes.com/enneagram-corner,nine types of enneagram,0,1,0.00,28.0
https://9takes.com/enneagram-corner,personality 9 types,0,2,0.00,34.0
https://9takes.com/enneagram-corner,rnneagram,0,6,0.00,24.2
https://9takes.com/enneagram-corner,site:9takes.com,0,16,0.00,9.4
https://9takes.com/enneagram-corner,that one test with 9 sections,0,3,0.00,46.3
https://9takes.com/enneagram-corner,the enneagram made easy: discover the 9 types of people,0,1,0.00,33.0
https://9takes.com/enneagram-corner/astrology-and-the-enneagram,13型,0,1,0.00,9.0
https://9takes.com/enneagram-corner/astrology-and-the-enneagram,aquarius enneagram,0,6,0.00,11.5
https://9takes.com/enneagram-corner/astrology-and-the-enneagram,aries enneagram,0,5,0.00,10.4
https://9takes.com/enneagram-corner/astrology-and-the-enneagram,aries enneagram type,0,13,0.00,7.9
https://9takes.com/enneagram-corner/astrology-and-the-enneagram,astrology and enneagram,0,7,0.00,5.7
https://9takes.com/enneagram-corner/astrology-and-the-enneagram,astrology enneagram,0,57,0.00,6.5
https://9takes.com/enneagram-corner/astrology-and-the-enneagram,capricorn enneagram,0,6,0.00,10.3
https://9takes.com/enneagram-corner/astrology-and-the-enneagram,complete list of water element zodiac signs in mainstream astrology -filetype:txt -filetype:pdf -filetype:epub -filetype:doc -filetype:docx -filetype:xls -filetype:xlsx -filetype:ppt -filetype:csv -site:youtube.com -site:tiktok.com -site:instagram.com -site:ebay.com -site:jd.com -site:amazon.com -site:iqiyi.com -site:bilibili.com -site:t.me -site:douyin.com -site:douban.com -site:apple.com -site:reddit.com -site:researchgate.net -site:academia.edu -site:dokumen.pub -site:en.wikipedia.org -site:quora.com -site:sciencedirect.com -site:cambridge.org -site:mdpi.com -site:link.springer.com -site:zhuanlan.zhihu.com -site:journals.sagepub.com -site:imdb.com -site:tandfonline.com -site:onlinelibrary.wiley.com -site:brill.com -site:getyourguide.com -site:academic.oup.com -site:www.emerald.com -site:eresources.nlb.gov.sg -site:www.govinfo.gov,0,3,0.00,23.0
https://9takes.com/enneagram-corner/astrology-and-the-enneagram,eneagrama solar,0,2,0.00,1.0
https://9takes.com/enneagram-corner/astrology-and-the-enneagram,enfp zodiac,0,1,0.00,44.0
https://9takes.com/enneagram-corner/astrology-and-the-enneagram,enneagram 5,0,1,0.00,3.0
https://9takes.com/enneagram-corner/astrology-and-the-enneagram,enneagram and astrology,0,78,0.00,5.7
https://9takes.com/enneagram-corner/astrology-and-the-enneagram,enneagram and zodiac signs,0,15,0.00,4.7
https://9takes.com/enneagram-corner/astrology-and-the-enneagram,enneagram sign,0,4,0.00,13.5
https://9takes.com/enneagram-corner/astrology-and-the-enneagram,enneagram star,0,1,0.00,14.0
https://9takes.com/enneagram-corner/astrology-and-the-enneagram,enneagram vs astrology,0,29,0.00,5.6
https://9takes.com/enneagram-corner/astrology-and-the-enneagram,enya natal chart,0,1,0.00,51.0
https://9takes.com/enneagram-corner/astrology-and-the-enneagram,enya zodiac sign,0,1,0.00,31.0
https://9takes.com/enneagram-corner/astrology-and-the-enneagram,gibt es dazu quellen,0,1,0.00,3.0
https://9takes.com/enneagram-corner/astrology-and-the-enneagram,hangi burç olabilir,0,1,0.00,8.0
https://9takes.com/enneagram-corner/astrology-and-the-enneagram,if you had to choose 1,0,1,0.00,3.0
https://9takes.com/enneagram-corner/astrology-and-the-enneagram,ima 5,0,1,0.00,1.0
https://9takes.com/enneagram-corner/astrology-and-the-enneagram,levf enneagram,0,1,0.00,2.0
https://9takes.com/enneagram-corner/astrology-and-the-enneagram,personality test 5,0,1,0.00,5.0
https://9takes.com/enneagram-corner/astrology-and-the-enneagram,scorpio enneagram,0,11,0.00,9.1
https://9takes.com/enneagram-corner/astrology-and-the-enneagram,scorpio enneagram type,0,5,0.00,8.8
https://9takes.com/enneagram-corner/astrology-and-the-enneagram,sx6,0,1,0.00,5.0
https://9takes.com/enneagram-corner/astrology-and-the-enneagram,taurus enneagram,0,7,0.00,10.0
https://9takes.com/enneagram-corner/astrology-and-the-enneagram,taurus enneagram type,0,1,0.00,11.0
https://9takes.com/enneagram-corner/astrology-and-the-enneagram,virgo enneagram type,0,1,0.00,12.0
https://9takes.com/enneagram-corner/astrology-and-the-enneagram,zodiac and enneagram,0,4,0.00,5.8
https://9takes.com/enneagram-corner/astrology-and-the-enneagram,по дате рождения,0,1,0.00,2.0
https://9takes.com/enneagram-corner/astrology-and-the-enneagram#enneagram-subtypes-and-astrological-elements,aquarius enneagram,0,2,0.00,10.5
https://9takes.com/enneagram-corner/astrology-and-the-enneagram#enneagram-subtypes-and-astrological-elements,astrology and enneagram,0,4,0.00,5.5
https://9takes.com/enneagram-corner/astrology-and-the-enneagram#enneagram-subtypes-and-astrological-elements,enneagram and astrology,0,9,0.00,6.1
https://9takes.com/enneagram-corner/astrology-and-the-enneagram#enneagram-subtypes-and-astrological-elements,enneagram and zodiac signs,0,9,0.00,5.1
https://9takes.com/enneagram-corner/astrology-and-the-enneagram#enneagram-subtypes-and-astrological-elements,enneagram vs astrology,0,7,0.00,9.7
https://9takes.com/enneagram-corner/astrology-and-the-enneagram#enneagram-subtypes-and-astrological-elements,enneagram zodiac signs,0,6,0.00,6.2
https://9takes.com/enneagram-corner/astrology-and-the-enneagram#enneagram-subtypes-and-astrological-elements,virgo enneagram type,0,1,0.00,12.0
https://9takes.com/enneagram-corner/astrology-and-the-enneagram#enneagram-types-and-astrological-houses,aquarius enneagram,0,2,0.00,10.5
https://9takes.com/enneagram-corner/astrology-and-the-enneagram#enneagram-types-and-astrological-houses,astrology and enneagram,0,4,0.00,5.5
https://9takes.com/enneagram-corner/astrology-and-the-enneagram#enneagram-types-and-astrological-houses,astrology enneagram,0,1,0.00,6.0
https://9takes.com/enneagram-corner/astrology-and-the-enneagram#enneagram-types-and-astrological-houses,enneagram and astrology,0,15,0.00,5.5
https://9takes.com/enneagram-corner/astrology-and-the-enneagram#enneagram-types-and-astrological-houses,enneagram vs astrology,0,18,0.00,6.7
https://9takes.com/enneagram-corner/astrology-and-the-enneagram#enneagram-types-and-zodiac-signs-the-complete-correlation-chart,aquarius enneagram,0,2,0.00,10.5
https://9takes.com/enneagram-corner/astrology-and-the-enneagram#enneagram-types-and-zodiac-signs-the-complete-correlation-chart,astrology and enneagram,0,4,0.00,5.5
https://9takes.com/enneagram-corner/astrology-and-the-enneagram#enneagram-types-and-zodiac-signs-the-complete-correlation-chart,astrology enneagram,0,1,0.00,6.0
https://9takes.com/enneagram-corner/astrology-and-the-enneagram#enneagram-types-and-zodiac-signs-the-complete-correlation-chart,enneagram and zodiac signs,0,9,0.00,5.1
https://9takes.com/enneagram-corner/astrology-and-the-enneagram#enneagram-types-and-zodiac-signs-the-complete-correlation-chart,enneagram vs astrology,0,18,0.00,6.7
https://9takes.com/enneagram-corner/astrology-and-the-enneagram#enneagram-types-and-zodiac-signs-the-complete-correlation-chart,enneagram zodiac signs,0,6,0.00,6.2
https://9takes.com/enneagram-corner/astrology-and-the-enneagram#enneagram-types-and-zodiac-signs-the-complete-correlation-chart,virgo enneagram type,0,1,0.00,12.0
https://9takes.com/enneagram-corner/astrology-and-the-enneagram#enneagram-vs-astrology-whats-the-difference,astrology and enneagram,0,2,0.00,5.5
https://9takes.com/enneagram-corner/astrology-and-the-enneagram#enneagram-vs-astrology-whats-the-difference,astrology enneagram,0,1,0.00,6.0
https://9takes.com/enneagram-corner/astrology-and-the-enneagram#enneagram-vs-astrology-whats-the-difference,enneagram and astrology,0,6,0.00,4.7
https://9takes.com/enneagram-corner/astrology-and-the-enneagram#enneagram-vs-astrology-whats-the-difference,enneagram astrology,0,3,0.00,5.0
https://9takes.com/enneagram-corner/astrology-and-the-enneagram#enneagram-vs-astrology-whats-the-difference,enneagram vs astrology,0,17,0.00,4.4
https://9takes.com/enneagram-corner/astrology-and-the-enneagram#enneagram-wings-and-planetary-aspects,aquarius enneagram,0,2,0.00,10.5
https://9takes.com/enneagram-corner/astrology-and-the-enneagram#enneagram-wings-and-planetary-aspects,astrology and enneagram,0,7,0.00,5.7
https://9takes.com/enneagram-corner/astrology-and-the-enneagram#enneagram-wings-and-planetary-aspects,astrology enneagram,0,1,0.00,6.0
https://9takes.com/enneagram-corner/astrology-and-the-enneagram#enneagram-wings-and-planetary-aspects,enneagram and astrology,0,25,0.00,5.6
https://9takes.com/enneagram-corner/astrology-and-the-enneagram#enneagram-wings-and-planetary-aspects,enneagram and zodiac signs,0,9,0.00,5.1
https://9takes.com/enneagram-corner/astrology-and-the-enneagram#enneagram-wings-and-planetary-aspects,enneagram astrology,0,3,0.00,5.0
https://9takes.com/enneagram-corner/astrology-and-the-enneagram#enneagram-wings-and-planetary-aspects,enneagram vs astrology,0,27,0.00,6.2
https://9takes.com/enneagram-corner/astrology-and-the-enneagram#enneagram-wings-and-planetary-aspects,enneagram zodiac signs,0,6,0.00,6.2
https://9takes.com/enneagram-corner/astrology-and-the-enneagram#enneagram-wings-and-planetary-aspects,virgo enneagram type,0,1,0.00,12.0
https://9takes.com/enneagram-corner/astrology-and-the-enneagram#how-to-read-your-birth-chart-and-enneagram-type-together,aquarius enneagram,0,2,0.00,10.5
https://9takes.com/enneagram-corner/astrology-and-the-enneagram#how-to-read-your-birth-chart-and-enneagram-type-together,astrology and enneagram,0,4,0.00,5.5
https://9takes.com/enneagram-corner/astrology-and-the-enneagram#how-to-read-your-birth-chart-and-enneagram-type-together,astrology enneagram,0,1,0.00,6.0
https://9takes.com/enneagram-corner/astrology-and-the-enneagram#how-to-read-your-birth-chart-and-enneagram-type-together,enneagram and astrology,0,15,0.00,5.5
https://9takes.com/enneagram-corner/astrology-and-the-enneagram#how-to-read-your-birth-chart-and-enneagram-type-together,enneagram and zodiac signs,0,9,0.00,5.1
https://9takes.com/enneagram-corner/astrology-and-the-enneagram#how-to-read-your-birth-chart-and-enneagram-type-together,enneagram vs astrology,0,18,0.00,6.7
https://9takes.com/enneagram-corner/astrology-and-the-enneagram#how-to-read-your-birth-chart-and-enneagram-type-together,enneagram zodiac signs,0,6,0.00,6.2
https://9takes.com/enneagram-corner/astrology-and-the-enneagram#how-to-read-your-birth-chart-and-enneagram-type-together,virgo enneagram type,0,1,0.00,12.0
https://9takes.com/enneagram-corner/astrology-and-the-enneagram#what-enneagram-type-is-your-zodiac-sign,aquarius enneagram,0,3,0.00,10.3
https://9takes.com/enneagram-corner/astrology-and-the-enneagram#what-enneagram-type-is-your-zodiac-sign,astrology and enneagram,0,5,0.00,5.8
https://9takes.com/enneagram-corner/astrology-and-the-enneagram#what-enneagram-type-is-your-zodiac-sign,astrology enneagram,0,1,0.00,6.0
https://9takes.com/enneagram-corner/astrology-and-the-enneagram#what-enneagram-type-is-your-zodiac-sign,capricorn enneagram,0,1,0.00,9.0
https://9takes.com/enneagram-corner/astrology-and-the-enneagram#what-enneagram-type-is-your-zodiac-sign,enneagram and astrology,0,25,0.00,5.6
https://9takes.com/enneagram-corner/astrology-and-the-enneagram#what-enneagram-type-is-your-zodiac-sign,enneagram and zodiac signs,0,15,0.00,4.7
https://9takes.com/enneagram-corner/astrology-and-the-enneagram#what-enneagram-type-is-your-zodiac-sign,enneagram vs astrology,0,21,0.00,6.9
https://9takes.com/enneagram-corner/astrology-and-the-enneagram#what-enneagram-type-is-your-zodiac-sign,enneagram zodiac signs,0,6,0.00,6.2
https://9takes.com/enneagram-corner/astrology-and-the-enneagram#what-enneagram-type-is-your-zodiac-sign,virgo enneagram type,0,1,0.00,12.0
https://9takes.com/enneagram-corner/astrology-and-the-enneagram#when-your-type-and-sign-seem-to-contradict,enneagram and zodiac signs,0,9,0.00,5.1
https://9takes.com/enneagram-corner/astrology-and-the-enneagram#when-your-type-and-sign-seem-to-contradict,enneagram zodiac signs,0,6,0.00,6.2
https://9takes.com/enneagram-corner/astrology-and-the-enneagram#when-your-type-and-sign-seem-to-contradict,virgo enneagram type,0,1,0.00,12.0
https://9takes.com/enneagram-corner/astrology-and-the-enneagram#why-each-enneagram-type-matches-its-zodiac-sign,aquarius enneagram,0,3,0.00,10.3
https://9takes.com/enneagram-corner/astrology-and-the-enneagram#why-each-enneagram-type-matches-its-zodiac-sign,astrology and enneagram,0,4,0.00,5.5
https://9takes.com/enneagram-corner/astrology-and-the-enneagram#why-each-enneagram-type-matches-its-zodiac-sign,astrology enneagram,0,1,0.00,6.0
https://9takes.com/enneagram-corner/astrology-and-the-enneagram#why-each-enneagram-type-matches-its-zodiac-sign,capricorn enneagram,0,1,0.00,9.0
https://9takes.com/enneagram-corner/astrology-and-the-enneagram#why-each-enneagram-type-matches-its-zodiac-sign,enneagram and astrology,0,15,0.00,5.5
https://9takes.com/enneagram-corner/astrology-and-the-enneagram#why-each-enneagram-type-matches-its-zodiac-sign,enneagram and zodiac signs,0,15,0.00,4.7
https://9takes.com/enneagram-corner/astrology-and-the-enneagram#why-each-enneagram-type-matches-its-zodiac-sign,enneagram vs astrology,0,18,0.00,6.7
https://9takes.com/enneagram-corner/astrology-and-the-enneagram#why-each-enneagram-type-matches-its-zodiac-sign,enneagram zodiac signs,0,6,0.00,6.2
https://9takes.com/enneagram-corner/astrology-and-the-enneagram#why-each-enneagram-type-matches-its-zodiac-sign,virgo enneagram type,0,1,0.00,12.0
https://9takes.com/enneagram-corner/attachment-styles-and-enneagram-types,"""performance-based attachment"" psychology",0,38,0.00,5.6
https://9takes.com/enneagram-corner/attachment-styles-and-enneagram-types,attachment enneagram,0,4,0.00,15.0
https://9takes.com/enneagram-corner/attachment-styles-and-enneagram-types,attachment map,0,1,0.00,19.0
https://9takes.com/enneagram-corner/attachment-styles-and-enneagram-types,attachment triad enneagram,0,2,0.00,24.0
https://9takes.com/enneagram-corner/attachment-styles-and-enneagram-types,attachment type enneagram,0,11,0.00,11.3
https://9takes.com/enneagram-corner/attachment-styles-and-enneagram-types,attachment types enneagram,0,62,0.00,10.1
https://9takes.com/enneagram-corner/attachment-styles-and-enneagram-types,attacho typology,0,1,0.00,9.0
https://9takes.com/enneagram-corner/attachment-styles-and-enneagram-types,compatibility test for couples,0,1,0.00,7.0
https://9takes.com/enneagram-corner/attachment-styles-and-enneagram-types,different types of avoidant attachment styles,0,2,0.00,49.0
https://9takes.com/enneagram-corner/attachment-styles-and-enneagram-types,enneagram attachment types,0,50,0.00,10.4
https://9takes.com/enneagram-corner/attachment-styles-and-enneagram-types,enneagram fixations,0,4,0.00,59.8
https://9takes.com/enneagram-corner/attachment-styles-and-enneagram-types,enneagram type 8 attachment style,0,2,0.00,5.0
https://9takes.com/enneagram-corner/attachment-styles-and-enneagram-types,que tipo de apego tengo?,0,1,0.00,9.0
https://9takes.com/enneagram-corner/attachment-styles-and-enneagram-types,type of avoidant attachment styles,0,1,0.00,52.0
https://9takes.com/enneagram-corner/attachment-styles-and-enneagram-types#the-enneagram-attachment-healing-matrix,attachment enneagram,0,1,0.00,11.0
https://9takes.com/enneagram-corner/attachment-styles-and-enneagram-types#the-enneagram-attachment-healing-matrix,attachment type enneagram,0,4,0.00,10.8
https://9takes.com/enneagram-corner/attachment-styles-and-enneagram-types#the-enneagram-attachment-healing-matrix,attachment types enneagram,0,16,0.00,9.9
https://9takes.com/enneagram-corner/attachment-styles-and-enneagram-types#the-enneagram-attachment-healing-matrix,enneagram and attachment styles,0,12,0.00,9.3
https://9takes.com/enneagram-corner/attachment-styles-and-enneagram-types#the-enneagram-attachment-healing-matrix,enneagram attachment styles,0,7,0.00,7.3
https://9takes.com/enneagram-corner/attachment-styles-and-enneagram-types#the-enneagram-attachment-healing-matrix,enneagram attachment types,0,34,0.00,10.7
https://9takes.com/enneagram-corner/attachment-styles-and-enneagram-types#the-missing-piece-what-is-the-enneagram,attachment enneagram,0,1,0.00,11.0
https://9takes.com/enneagram-corner/attachment-styles-and-enneagram-types#the-missing-piece-what-is-the-enneagram,attachment type enneagram,0,4,0.00,10.8
https://9takes.com/enneagram-corner/attachment-styles-and-enneagram-types#the-missing-piece-what-is-the-enneagram,attachment types enneagram,0,16,0.00,9.9
https://9takes.com/enneagram-corner/attachment-styles-and-enneagram-types#the-missing-piece-what-is-the-enneagram,enneagram and attachment styles,0,5,0.00,9.8
https://9takes.com/enneagram-corner/attachment-styles-and-enneagram-types#the-missing-piece-what-is-the-enneagram,enneagram attachment styles,0,2,0.00,9.0
https://9takes.com/enneagram-corner/attachment-styles-and-enneagram-types#the-missing-piece-what-is-the-enneagram,enneagram attachment types,0,34,0.00,10.7
https://9takes.com/enneagram-corner/attachment-styles-and-enneagram-types#type-1-the-perfectionists-attachment-dilemma,attachment enneagram,0,1,0.00,11.0
https://9takes.com/enneagram-corner/attachment-styles-and-enneagram-types#type-1-the-perfectionists-attachment-dilemma,attachment type enneagram,0,4,0.00,10.8
https://9takes.com/enneagram-corner/attachment-styles-and-enneagram-types#type-1-the-perfectionists-attachment-dilemma,attachment types enneagram,0,16,0.00,9.9
https://9takes.com/enneagram-corner/attachment-styles-and-enneagram-types#type-1-the-perfectionists-attachment-dilemma,enneagram and attachment styles,0,5,0.00,9.8
https://9takes.com/enneagram-corner/attachment-styles-and-enneagram-types#type-1-the-perfectionists-attachment-dilemma,enneagram attachment styles,0,2,0.00,9.0
https://9takes.com/enneagram-corner/attachment-styles-and-enneagram-types#type-1-the-perfectionists-attachment-dilemma,enneagram attachment types,0,34,0.00,10.7
https://9takes.com/enneagram-corner/attachment-styles-and-enneagram-types#type-2-the-helpers-anxious-attachment-trap,attachment enneagram,0,1,0.00,11.0
https://9takes.com/enneagram-corner/attachment-styles-and-enneagram-types#type-2-the-helpers-anxious-attachment-trap,attachment type enneagram,0,5,0.00,10.6
https://9takes.com/enneagram-corner/attachment-styles-and-enneagram-types#type-2-the-helpers-anxious-attachment-trap,attachment types enneagram,0,28,0.00,9.8
https://9takes.com/enneagram-corner/attachment-styles-and-enneagram-types#type-2-the-helpers-anxious-attachment-trap,enneagram and attachment styles,0,5,0.00,9.8
https://9takes.com/enneagram-corner/attachment-styles-and-enneagram-types#type-2-the-helpers-anxious-attachment-trap,enneagram attachment styles,0,2,0.00,9.0
https://9takes.com/enneagram-corner/attachment-styles-and-enneagram-types#type-2-the-helpers-anxious-attachment-trap,enneagram attachment types,0,48,0.00,10.3
https://9takes.com/enneagram-corner/attachment-styles-and-enneagram-types#type-3-the-achievers-performance-based-attachment,attachment enneagram,0,1,0.00,11.0
https://9takes.com/enneagram-corner/attachment-styles-and-enneagram-types#type-3-the-achievers-performance-based-attachment,attachment type enneagram,0,4,0.00,10.8
https://9takes.com/enneagram-corner/attachment-styles-and-enneagram-types#type-3-the-achievers-performance-based-attachment,attachment types enneagram,0,16,0.00,9.9
https://9takes.com/enneagram-corner/attachment-styles-and-enneagram-types#type-3-the-achievers-performance-based-attachment,enneagram and attachment styles,0,5,0.00,9.8
https://9takes.com/enneagram-corner/attachment-styles-and-enneagram-types#type-3-the-achievers-performance-based-attachment,enneagram attachment styles,0,2,0.00,9.0
https://9takes.com/enneagram-corner/attachment-styles-and-enneagram-types#type-3-the-achievers-performance-based-attachment,enneagram attachment types,0,34,0.00,10.7
https://9takes.com/enneagram-corner/attachment-styles-and-enneagram-types#type-4-the-individualists-push-pull-attachment,attachment enneagram,0,1,0.00,11.0
https://9takes.com/enneagram-corner/attachment-styles-and-enneagram-types#type-4-the-individualists-push-pull-attachment,attachment type enneagram,0,5,0.00,10.6
https://9takes.com/enneagram-corner/attachment-styles-and-enneagram-types#type-4-the-individualists-push-pull-attachment,attachment types enneagram,0,28,0.00,9.8
https://9takes.com/enneagram-corner/attachment-styles-and-enneagram-types#type-4-the-individualists-push-pull-attachment,enneagram and attachment styles,0,5,0.00,9.8
https://9takes.com/enneagram-corner/attachment-styles-and-enneagram-types#type-4-the-individualists-push-pull-attachment,enneagram attachment styles,0,2,0.00,9.0
https://9takes.com/enneagram-corner/attachment-styles-and-enneagram-types#type-4-the-individualists-push-pull-attachment,enneagram attachment types,0,48,0.00,10.3
https://9takes.com/enneagram-corner/attachment-styles-and-enneagram-types#type-9-the-peacemakers-invisible-attachment,attachment type enneagram,0,4,0.00,10.8
https://9takes.com/enneagram-corner/attachment-styles-and-enneagram-types#type-9-the-peacemakers-invisible-attachment,attachment types enneagram,0,16,0.00,9.9
https://9takes.com/enneagram-corner/attachment-styles-and-enneagram-types#type-9-the-peacemakers-invisible-attachment,enneagram attachment types,0,34,0.00,10.7
https://9takes.com/enneagram-corner/attachment-styles-and-enneagram-types#what-are-attachment-styles-really,attachment enneagram,0,1,0.00,11.0
https://9takes.com/enneagram-corner/attachment-styles-and-enneagram-types#what-are-attachment-styles-really,enneagram and attachment styles,0,12,0.00,9.3
https://9takes.com/enneagram-corner/attachment-styles-and-enneagram-types#what-are-attachment-styles-really,enneagram attachment styles,0,7,0.00,7.3
https://9takes.com/enneagram-corner/beginners-guide-to-determining-your-enneagram-type,3 fix enneagram,0,2,0.00,10.0
https://9takes.com/enneagram-corner/beginners-guide-to-determining-your-enneagram-type,enneagram user guide tritype test,0,1,0.00,43.0
https://9takes.com/enneagram-corner/beginners-guide-to-determining-your-enneagram-type,find your tritype,0,1,0.00,29.0
https://9takes.com/enneagram-corner/beginners-guide-to-determining-your-enneagram-type,guide track your main type,0,4,0.00,8.5
https://9takes.com/enneagram-corner/beginners-guide-to-determining-your-enneagram-type,help me,0,1,0.00,6.0
https://9takes.com/enneagram-corner/beginners-guide-to-determining-your-enneagram-type,how do i find my enneagram type,0,1,0.00,52.0
https://9takes.com/enneagram-corner/beginners-guide-to-determining-your-enneagram-type,how do i know my enneagram type,0,1,0.00,76.0
https://9takes.com/enneagram-corner/beginners-guide-to-determining-your-enneagram-type,how to calculate enneagram,0,1,0.00,59.0
https://9takes.com/enneagram-corner/beginners-guide-to-determining-your-enneagram-type,how to determine enneagram,0,2,0.00,57.0
https://9takes.com/enneagram-corner/beginners-guide-to-determining-your-enneagram-type,how to determine enneagram type,0,2,0.00,48.5
https://9takes.com/enneagram-corner/beginners-guide-to-determining-your-enneagram-type,how to determine my enneagram type,0,1,0.00,73.0
https://9takes.com/enneagram-corner/beginners-guide-to-determining-your-enneagram-type,how to figure out enneagram,0,1,0.00,56.0
https://9takes.com/enneagram-corner/beginners-guide-to-determining-your-enneagram-type,how to figure out your enneagram type,0,5,0.00,65.0
https://9takes.com/enneagram-corner/beginners-guide-to-determining-your-enneagram-type,how to find enneagram,0,2,0.00,64.5
https://9takes.com/enneagram-corner/beginners-guide-to-determining-your-enneagram-type,how to find enneagram type,0,5,0.00,64.8
https://9takes.com/enneagram-corner/beginners-guide-to-determining-your-enneagram-type,how to find my enneagram,0,1,0.00,49.0
https://9takes.com/enneagram-corner/beginners-guide-to-determining-your-enneagram-type,how to find out enneagram,0,1,0.00,48.0
https://9takes.com/enneagram-corner/beginners-guide-to-determining-your-enneagram-type,how to find your enneagram,0,4,0.00,62.8
https://9takes.com/enneagram-corner/beginners-guide-to-determining-your-enneagram-type,how to find your enneagram number,0,1,0.00,67.0
https://9takes.com/enneagram-corner/beginners-guide-to-determining-your-enneagram-type,how to find your enneagram tritype,0,1,0.00,27.0
https://9takes.com/enneagram-corner/beginners-guide-to-determining-your-enneagram-type,how to find your enneagram type,0,2,0.00,54.0
https://9takes.com/enneagram-corner/beginners-guide-to-determining-your-enneagram-type,how to find your ennegram,0,2,0.00,52.0
https://9takes.com/enneagram-corner/beginners-guide-to-determining-your-enneagram-type,how to get enneagram,0,3,0.00,64.7
https://9takes.com/enneagram-corner/beginners-guide-to-determining-your-enneagram-type,how to know ur enneagram,0,1,0.00,74.0
https://9takes.com/enneagram-corner/beginners-guide-to-determining-your-enneagram-type,how to know your enneagram tritype,0,2,0.00,31.5
https://9takes.com/enneagram-corner/beginners-guide-to-determining-your-enneagram-type,how to know your enneagram type,0,3,0.00,64.0
https://9takes.com/enneagram-corner/beginners-guide-to-determining-your-enneagram-type,how to know your tritype enneagram,0,1,0.00,36.0
https://9takes.com/enneagram-corner/beginners-guide-to-determining-your-enneagram-type,how to tell your enneagram type,0,1,0.00,46.0
https://9takes.com/enneagram-corner/beginners-guide-to-determining-your-enneagram-type,my enneagram type,0,22,0.00,75.4
https://9takes.com/enneagram-corner/biggest-compliments-to-give-each-enneagram-type,things to say to an enneagram,0,1,0.00,2.0
https://9takes.com/enneagram-corner/depression-patterns-by-enneagram-type,"""emdr"" mbti typo",0,2,0.00,10.0
https://9takes.com/enneagram-corner/depression-patterns-by-enneagram-type,279 enneagram,0,1,0.00,6.0
https://9takes.com/enneagram-corner/depression-patterns-by-enneagram-type,3w5 enneagram,0,1,0.00,4.0
https://9takes.com/enneagram-corner/depression-patterns-by-enneagram-type,6w5 enneagram,0,1,0.00,3.0
https://9takes.com/enneagram-corner/depression-patterns-by-enneagram-type,729 enneagram,0,1,0.00,8.0
https://9takes.com/enneagram-corner/depression-patterns-by-enneagram-type,9 enneagram,0,2,0.00,5.0
https://9takes.com/enneagram-corner/depression-patterns-by-enneagram-type,all enneagrams explained,0,1,0.00,3.0
https://9takes.com/enneagram-corner/depression-patterns-by-enneagram-type,anneogram,0,1,0.00,4.0
https://9takes.com/enneagram-corner/depression-patterns-by-enneagram-type,are enneagram tests accurate,0,1,0.00,3.0
https://9takes.com/enneagram-corner/depression-patterns-by-enneagram-type,best jobs for enneagram 7,0,1,0.00,3.0
https://9takes.com/enneagram-corner/depression-patterns-by-enneagram-type,blossom up enneagram,0,1,0.00,4.0
https://9takes.com/enneagram-corner/depression-patterns-by-enneagram-type,che guevara mbti,0,1,0.00,4.0
https://9takes.com/enneagram-corner/depression-patterns-by-enneagram-type,disintegration enneagram,0,1,0.00,4.0
https://9takes.com/enneagram-corner/depression-patterns-by-enneagram-type,e7 in stress,0,1,0.00,3.0
https://9takes.com/enneagram-corner/depression-patterns-by-enneagram-type,each enneagram type explained,0,1,0.00,3.0
https://9takes.com/enneagram-corner/depression-patterns-by-enneagram-type,eneagram 5,0,1,0.00,3.0
https://9takes.com/enneagram-corner/depression-patterns-by-enneagram-type,eneagrama 4,0,1,0.00,3.0
https://9takes.com/enneagram-corner/depression-patterns-by-enneagram-type,enneagram,0,7,0.00,4.4
https://9takes.com/enneagram-corner/depression-patterns-by-enneagram-type,enneagram 1,0,2,0.00,3.5
https://9takes.com/enneagram-corner/depression-patterns-by-enneagram-type,enneagram 1 with 9 wing,0,1,0.00,3.0
https://9takes.com/enneagram-corner/depression-patterns-by-enneagram-type,enneagram 2,0,1,0.00,3.0
https://9takes.com/enneagram-corner/depression-patterns-by-enneagram-type,enneagram 3 stress and growth,0,1,0.00,4.0
https://9takes.com/enneagram-corner/depression-patterns-by-enneagram-type,enneagram 4 description,0,1,0.00,3.0
https://9takes.com/enneagram-corner/depression-patterns-by-enneagram-type,enneagram 4 vs 9,0,1,0.00,5.0
https://9takes.com/enneagram-corner/depression-patterns-by-enneagram-type,enneagram 5,0,2,0.00,3.0
https://9takes.com/enneagram-corner/depression-patterns-by-enneagram-type,enneagram 5 with a 4 wing,0,1,0.00,5.0
https://9takes.com/enneagram-corner/depression-patterns-by-enneagram-type,enneagram 6,0,2,0.00,3.5
https://9takes.com/enneagram-corner/depression-patterns-by-enneagram-type,enneagram 6 sx,0,1,0.00,5.0
https://9takes.com/enneagram-corner/depression-patterns-by-enneagram-type,enneagram 7,0,2,0.00,3.0
https://9takes.com/enneagram-corner/depression-patterns-by-enneagram-type,enneagram 7 depression,0,4,0.00,4.5
https://9takes.com/enneagram-corner/depression-patterns-by-enneagram-type,enneagram 9,0,6,0.00,3.2
https://9takes.com/enneagram-corner/depression-patterns-by-enneagram-type,enneagram 9 and 5,0,1,0.00,3.0
https://9takes.com/enneagram-corner/depression-patterns-by-enneagram-type,enneagram explained,0,1,0.00,3.0
https://9takes.com/enneagram-corner/depression-patterns-by-enneagram-type,enneagram fear of abandonment,0,1,0.00,53.0
https://9takes.com/enneagram-corner/depression-patterns-by-enneagram-type,enneagram four,0,1,0.00,3.0
https://9takes.com/enneagram-corner/depression-patterns-by-enneagram-type,enneagram free test and results,0,1,0.00,6.0
https://9takes.com/enneagram-corner/depression-patterns-by-enneagram-type,enneagram integration and disintegration,0,1,0.00,5.0
https://9takes.com/enneagram-corner/depression-patterns-by-enneagram-type,enneagram sp9,0,1,0.00,5.0
https://9takes.com/enneagram-corner/depression-patterns-by-enneagram-type,enneagram subtypes,0,1,0.00,6.0
https://9takes.com/enneagram-corner/depression-patterns-by-enneagram-type,enneagram test,0,5,0.00,2.4
https://9takes.com/enneagram-corner/depression-patterns-by-enneagram-type,enneagram type 3,0,1,0.00,3.0
https://9takes.com/enneagram-corner/depression-patterns-by-enneagram-type,enneagram type 4 nederlands,0,1,0.00,4.0
https://9takes.com/enneagram-corner/depression-patterns-by-enneagram-type,enneagram type 5,0,1,0.00,3.0
https://9takes.com/enneagram-corner/depression-patterns-by-enneagram-type,enneagram type 9 suicide risk evidence,0,11,0.00,8.5
https://9takes.com/enneagram-corner/depression-patterns-by-enneagram-type,enneagram types,0,7,0.00,3.1
https://9takes.com/enneagram-corner/depression-patterns-by-enneagram-type,enneagrams,0,1,0.00,4.0
https://9takes.com/enneagram-corner/depression-patterns-by-enneagram-type,ennegram 5,0,1,0.00,5.0
https://9takes.com/enneagram-corner/depression-patterns-by-enneagram-type,ennegram personality,0,1,0.00,6.0
https://9takes.com/enneagram-corner/depression-patterns-by-enneagram-type,ennergrams,0,1,0.00,5.0
https://9takes.com/enneagram-corner/depression-patterns-by-enneagram-type,heart enneagram,0,1,0.00,4.0
https://9takes.com/enneagram-corner/depression-patterns-by-enneagram-type,intj 1w9 154,0,1,0.00,3.0
https://9takes.com/enneagram-corner/depression-patterns-by-enneagram-type,is enneagram scientific,0,1,0.00,3.0
https://9takes.com/enneagram-corner/depression-patterns-by-enneagram-type,katherine fauvre,0,1,0.00,3.0
https://9takes.com/enneagram-corner/depression-patterns-by-enneagram-type,maitri enneagram,0,1,0.00,4.0
https://9takes.com/enneagram-corner/depression-patterns-by-enneagram-type,most compatible enneagrams,0,1,0.00,5.0
https://9takes.com/enneagram-corner/depression-patterns-by-enneagram-type,most depressed enneagram,0,31,0.00,5.4
https://9takes.com/enneagram-corner/depression-patterns-by-enneagram-type,most introverted enneagram,0,1,0.00,3.0
https://9takes.com/enneagram-corner/depression-patterns-by-enneagram-type,odetari mbti,0,1,0.00,3.0
https://9takes.com/enneagram-corner/depression-patterns-by-enneagram-type,rarest enneagram type for females,0,1,0.00,3.0
https://9takes.com/enneagram-corner/depression-patterns-by-enneagram-type,rheti enneagram test,0,1,0.00,4.0
https://9takes.com/enneagram-corner/depression-patterns-by-enneagram-type,sx6 enneagram,0,1,0.00,4.0
https://9takes.com/enneagram-corner/depression-patterns-by-enneagram-type,sx8 enneagram,0,1,0.00,3.0
https://9takes.com/enneagram-corner/depression-patterns-by-enneagram-type,the 27 tritypes,0,1,0.00,6.0
https://9takes.com/enneagram-corner/depression-patterns-by-enneagram-type,type 3 personality,0,1,0.00,3.0
https://9takes.com/enneagram-corner/depression-patterns-by-enneagram-type,type 4 depression,0,3,0.00,11.0
https://9takes.com/enneagram-corner/depression-patterns-by-enneagram-type,type 5 enneagram,0,1,0.00,3.0
https://9takes.com/enneagram-corner/depression-patterns-by-enneagram-type,welche quelle,0,1,0.00,1.0
https://9takes.com/enneagram-corner/depression-patterns-by-enneagram-type,what is an enneagram number,0,1,0.00,3.0
https://9takes.com/enneagram-corner/depression-patterns-by-enneagram-type,whats the most common tritype,0,1,0.00,3.0
https://9takes.com/enneagram-corner/depression-patterns-by-enneagram-type,а подтип,0,1,0.00,1.0
https://9takes.com/enneagram-corner/depression-patterns-by-enneagram-type#depression-patterns-comparison-table,enneagram 9 depression,0,2,0.00,2.0
https://9takes.com/enneagram-corner/depression-patterns-by-enneagram-type#depression-patterns-comparison-table,which enneagram is most likely to be depressed,0,36,0.00,4.4
https://9takes.com/enneagram-corner/depression-patterns-by-enneagram-type#how-your-type-relates-to-medication,enneagram type 9 suicide risk evidence,0,10,0.00,8.6
https://9takes.com/enneagram-corner/depression-patterns-by-enneagram-type#how-your-type-relates-to-medication,which enneagram is most likely to be depressed,0,34,0.00,4.5
https://9takes.com/enneagram-corner/depression-patterns-by-enneagram-type#type-2-the-helpers-depression,type 4 depression,0,1,0.00,11.0
https://9takes.com/enneagram-corner/depression-patterns-by-enneagram-type#type-2-the-helpers-depression,which enneagram is most likely to be depressed,0,2,0.00,4.0
https://9takes.com/enneagram-corner/depression-patterns-by-enneagram-type#type-3-the-achievers-invisible-depression,enneagram 9 depression,0,2,0.00,2.0
https://9takes.com/enneagram-corner/depression-patterns-by-enneagram-type#type-3-the-achievers-invisible-depression,which enneagram is most likely to be depressed,0,34,0.00,4.5
https://9takes.com/enneagram-corner/depression-patterns-by-enneagram-type#type-4-the-individualists-depression,type 4 depression,0,1,0.00,11.0
https://9takes.com/enneagram-corner/depression-patterns-by-enneagram-type#type-4-the-individualists-depression,which enneagram is most likely to be depressed,0,2,0.00,4.0
https://9takes.com/enneagram-corner/depression-patterns-by-enneagram-type#type-6-the-loyalists-depression,enneagram 9 depression,0,2,0.00,2.0
https://9takes.com/enneagram-corner/depression-patterns-by-enneagram-type#type-6-the-loyalists-depression,enneagram type 9 suicide risk evidence,0,10,0.00,8.6
https://9takes.com/enneagram-corner/depression-patterns-by-enneagram-type#type-7-the-enthusiasts-hidden-depression,enneagram 9 depression,0,2,0.00,2.0
https://9takes.com/enneagram-corner/depression-patterns-by-enneagram-type#type-7-the-enthusiasts-hidden-depression,which enneagram is most likely to be depressed,0,36,0.00,4.4
https://9takes.com/enneagram-corner/depression-patterns-by-enneagram-type#type-9-the-peacemakers-depression,enneagram 9 depression,0,2,0.00,2.0
https://9takes.com/enneagram-corner/depression-patterns-by-enneagram-type#type-9-the-peacemakers-depression,enneagram type 9 suicide risk evidence,0,10,0.00,8.6
https://9takes.com/enneagram-corner/depression-patterns-by-enneagram-type#type-9-the-peacemakers-depression,which enneagram is most likely to be depressed,0,36,0.00,4.4
https://9takes.com/enneagram-corner/depression-patterns-by-enneagram-type#when-you-dont-recognize-your-own-depression,enneagram 9 depression,0,2,0.00,2.0
https://9takes.com/enneagram-corner/depression-patterns-by-enneagram-type#when-you-dont-recognize-your-own-depression,which enneagram is most likely to be depressed,0,36,0.00,4.4
https://9takes.com/enneagram-corner/depression-patterns-by-enneagram-type#why-depression-varies-by-enneagram-type,enneagram 9 depression,0,2,0.00,2.0
https://9takes.com/enneagram-corner/depression-patterns-by-enneagram-type#why-depression-varies-by-enneagram-type,which enneagram is most likely to be depressed,0,36,0.00,4.4
https://9takes.com/enneagram-corner/enneagram-and-adhd-which-types-struggle-most,isfj enneagram,0,1,0.00,1.0
https://9takes.com/enneagram-corner/enneagram-and-adhd-which-types-struggle-most,los dod,0,1,0.00,1.0
https://9takes.com/enneagram-corner/enneagram-and-adhd-which-types-struggle-most,which enneagram is most likely to have adhd,0,54,0.00,4.0
https://9takes.com/enneagram-corner/enneagram-and-adhd-which-types-struggle-most,which personality type is most likely to have adhd,0,1,0.00,11.0
https://9takes.com/enneagram-corner/enneagram-and-adhd-which-types-struggle-most,আর কি কি,0,1,0.00,2.0
https://9takes.com/enneagram-corner/enneagram-and-adhd-which-types-struggle-most#coping-strategies-that-actually-work-by-type,adhd enneagram,0,54,0.00,3.9
https://9takes.com/enneagram-corner/enneagram-and-adhd-which-types-struggle-most#coping-strategies-that-actually-work-by-type,enneagram adhd,0,23,0.00,3.1
https://9takes.com/enneagram-corner/enneagram-and-adhd-which-types-struggle-most#coping-strategies-that-actually-work-by-type,enneagram and adhd,0,29,0.00,2.8
https://9takes.com/enneagram-corner/enneagram-and-adhd-which-types-struggle-most#coping-strategies-that-actually-work-by-type,which enneagram is most likely to have adhd,0,36,0.00,4.1
https://9takes.com/enneagram-corner/enneagram-and-adhd-which-types-struggle-most#how-adhd-affects-each-enneagram-type-differently,adhd enneagram,0,65,0.00,3.8
https://9takes.com/enneagram-corner/enneagram-and-adhd-which-types-struggle-most#how-adhd-affects-each-enneagram-type-differently,enneagram adhd,0,28,0.00,3.2
https://9takes.com/enneagram-corner/enneagram-and-adhd-which-types-struggle-most#how-adhd-affects-each-enneagram-type-differently,enneagram and adhd,0,48,0.00,2.6
https://9takes.com/enneagram-corner/enneagram-and-adhd-which-types-struggle-most#how-adhd-affects-each-enneagram-type-differently,which enneagram is most likely to have adhd,0,52,0.00,4.0
https://9takes.com/enneagram-corner/enneagram-and-adhd-which-types-struggle-most#when-to-seek-professional-help,adhd enneagram,0,54,0.00,3.9
https://9takes.com/enneagram-corner/enneagram-and-adhd-which-types-struggle-most#when-to-seek-professional-help,enneagram adhd,0,23,0.00,3.1
https://9takes.com/enneagram-corner/enneagram-and-adhd-which-types-struggle-most#when-to-seek-professional-help,enneagram and adhd,0,29,0.00,2.8
https://9takes.com/enneagram-corner/enneagram-and-adhd-which-types-struggle-most#when-to-seek-professional-help,which enneagram is most likely to have adhd,0,36,0.00,4.1
https://9takes.com/enneagram-corner/enneagram-and-adhd-which-types-struggle-most#which-enneagram-types-are-most-commonly-diagnosed-with-adhd,adhd enneagram,0,54,0.00,3.9
https://9takes.com/enneagram-corner/enneagram-and-adhd-which-types-struggle-most#which-enneagram-types-are-most-commonly-diagnosed-with-adhd,enneagram adhd,0,23,0.00,3.1
https://9takes.com/enneagram-corner/enneagram-and-adhd-which-types-struggle-most#which-enneagram-types-are-most-commonly-diagnosed-with-adhd,enneagram and adhd,0,29,0.00,2.8
https://9takes.com/enneagram-corner/enneagram-and-adhd-which-types-struggle-most#which-enneagram-types-are-most-commonly-diagnosed-with-adhd,which enneagram is most likely to have adhd,0,36,0.00,4.1
https://9takes.com/enneagram-corner/enneagram-and-adhd-which-types-struggle-most#why-your-enneagram-type-affects-how-adhd-shows-up,adhd enneagram,0,65,0.00,3.8
https://9takes.com/enneagram-corner/enneagram-and-adhd-which-types-struggle-most#why-your-enneagram-type-affects-how-adhd-shows-up,enneagram adhd,0,28,0.00,3.2
https://9takes.com/enneagram-corner/enneagram-and-adhd-which-types-struggle-most#why-your-enneagram-type-affects-how-adhd-shows-up,enneagram and adhd,0,48,0.00,2.6
https://9takes.com/enneagram-corner/enneagram-and-adhd-which-types-struggle-most#why-your-enneagram-type-affects-how-adhd-shows-up,which enneagram is most likely to have adhd,0,52,0.00,4.0
https://9takes.com/enneagram-corner/enneagram-and-mental-illness,4w3 enneagram,0,1,0.00,3.0
https://9takes.com/enneagram-corner/enneagram-and-mental-illness,628 tritype,0,1,0.00,6.0
https://9takes.com/enneagram-corner/enneagram-and-mental-illness,6w5 enneagram,0,1,0.00,3.0
https://9takes.com/enneagram-corner/enneagram-and-mental-illness,8w9,0,1,0.00,3.0
https://9takes.com/enneagram-corner/enneagram-and-mental-illness,9 personality disorders,0,3,0.00,59.0
https://9takes.com/enneagram-corner/enneagram-and-mental-illness,anneagrams,0,1,0.00,5.0
https://9takes.com/enneagram-corner/enneagram-and-mental-illness,autism enneagram,0,1,0.00,56.0
https://9takes.com/enneagram-corner/enneagram-and-mental-illness,blossom up enneagram,0,1,0.00,4.0
https://9takes.com/enneagram-corner/enneagram-and-mental-illness,bpd enneagram,0,58,0.00,9.6
https://9takes.com/enneagram-corner/enneagram-and-mental-illness,celebrities enneagram 4,0,1,0.00,3.0
https://9takes.com/enneagram-corner/enneagram-and-mental-illness,define enneagram,0,1,0.00,2.0
https://9takes.com/enneagram-corner/enneagram-and-mental-illness,does ena have bpd,0,2,0.00,59.5
https://9takes.com/enneagram-corner/enneagram-and-mental-illness,eneagram 5,0,1,0.00,3.0
https://9takes.com/enneagram-corner/enneagram-and-mental-illness,ennaegrams,0,1,0.00,5.0
https://9takes.com/enneagram-corner/enneagram-and-mental-illness,enneagram,0,4,0.00,4.5
https://9takes.com/enneagram-corner/enneagram-and-mental-illness,enneagram 1,0,1,0.00,3.0
https://9takes.com/enneagram-corner/enneagram-and-mental-illness,enneagram 3 description,0,1,0.00,3.0
https://9takes.com/enneagram-corner/enneagram-and-mental-illness,enneagram 4,0,1,0.00,4.0
https://9takes.com/enneagram-corner/enneagram-and-mental-illness,enneagram 4 description,0,1,0.00,3.0
https://9takes.com/enneagram-corner/enneagram-and-mental-illness,enneagram 4 growth and stress,0,1,0.00,4.0
https://9takes.com/enneagram-corner/enneagram-and-mental-illness,enneagram 4 triad,0,1,0.00,3.0
https://9takes.com/enneagram-corner/enneagram-and-mental-illness,enneagram 5,0,1,0.00,3.0
https://9takes.com/enneagram-corner/enneagram-and-mental-illness,enneagram 5 core fear and desire,0,1,0.00,4.0
https://9takes.com/enneagram-corner/enneagram-and-mental-illness,enneagram 5 in stress,0,1,0.00,3.0
https://9takes.com/enneagram-corner/enneagram-and-mental-illness,enneagram 6,0,3,0.00,3.3
https://9takes.com/enneagram-corner/enneagram-and-mental-illness,enneagram 7,0,2,0.00,4.0
https://9takes.com/enneagram-corner/enneagram-and-mental-illness,enneagram 7 and 9 compatibility,0,1,0.00,3.0
https://9takes.com/enneagram-corner/enneagram-and-mental-illness,enneagram 7 narcissism,0,1,0.00,15.0
https://9takes.com/enneagram-corner/enneagram-and-mental-illness,enneagram 8,0,1,0.00,4.0
https://9takes.com/enneagram-corner/enneagram-and-mental-illness,enneagram 9,0,5,0.00,3.0
https://9takes.com/enneagram-corner/enneagram-and-mental-illness,enneagram 9 negative traits,0,1,0.00,62.0
https://9takes.com/enneagram-corner/enneagram-and-mental-illness,enneagram adhd,0,1,0.00,49.0
https://9takes.com/enneagram-corner/enneagram-and-mental-illness,enneagram and adhd,0,1,0.00,54.0
https://9takes.com/enneagram-corner/enneagram-and-mental-illness,enneagram and autism,0,1,0.00,59.0
https://9takes.com/enneagram-corner/enneagram-and-mental-illness,enneagram and psychosophy correlations,0,1,0.00,6.0
https://9takes.com/enneagram-corner/enneagram-and-mental-illness,enneagram and trauma,0,9,0.00,35.9
https://9takes.com/enneagram-corner/enneagram-and-mental-illness,enneagram attachment style,0,1,0.00,77.0
https://9takes.com/enneagram-corner/enneagram-and-mental-illness,enneagram chart,0,1,0.00,3.0
https://9takes.com/enneagram-corner/enneagram-and-mental-illness,enneagram deadly sins,0,5,0.00,68.2
https://9takes.com/enneagram-corner/enneagram-and-mental-illness,enneagram eating disorder,0,9,0.00,36.3
https://9takes.com/enneagram-corner/enneagram-and-mental-illness,enneagram emotions,0,2,0.00,43.5
https://9takes.com/enneagram-corner/enneagram-and-mental-illness,enneagram hate,0,2,0.00,26.5
https://9takes.com/enneagram-corner/enneagram-and-mental-illness,enneagram health,0,1,0.00,21.0
https://9takes.com/enneagram-corner/enneagram-and-mental-illness,enneagram health levels,0,1,0.00,66.0
https://9takes.com/enneagram-corner/enneagram-and-mental-illness,enneagram healthy and unhealthy,0,2,0.00,28.5
https://9takes.com/enneagram-corner/enneagram-and-mental-illness,enneagram hitler,0,1,0.00,41.0
https://9takes.com/enneagram-corner/enneagram-and-mental-illness,enneagram in stress,0,1,0.00,27.0
https://9takes.com/enneagram-corner/enneagram-and-mental-illness,enneagram institute 4,0,1,0.00,4.0
https://9takes.com/enneagram-corner/enneagram-and-mental-illness,enneagram levels of health,0,2,0.00,61.0
https://9takes.com/enneagram-corner/enneagram-and-mental-illness,enneagram narcissist,0,1,0.00,12.0
https://9takes.com/enneagram-corner/enneagram-and-mental-illness,enneagram negative traits,0,2,0.00,37.5
https://9takes.com/enneagram-corner/enneagram-and-mental-illness,enneagram personality type 1,0,1,0.00,3.0
https://9takes.com/enneagram-corner/enneagram-and-mental-illness,enneagram pros and cons,0,1,0.00,59.0
https://9takes.com/enneagram-corner/enneagram-and-mental-illness,enneagram stress,0,3,0.00,66.0
https://9takes.com/enneagram-corner/enneagram-and-mental-illness,enneagram test,0,2,0.00,2.0
https://9takes.com/enneagram-corner/enneagram-and-mental-illness,enneagram trauma,0,1,0.00,32.0
https://9takes.com/enneagram-corner/enneagram-and-mental-illness,enneagram type 1,0,1,0.00,3.0
https://9takes.com/enneagram-corner/enneagram-and-mental-illness,enneagram type 2,0,1,0.00,3.0
https://9takes.com/enneagram-corner/enneagram-and-mental-illness,enneagram type 4,0,1,0.00,3.0
https://9takes.com/enneagram-corner/enneagram-and-mental-illness,enneagram type 5,0,1,0.00,3.0
https://9takes.com/enneagram-corner/enneagram-and-mental-illness,enneagram type 7,0,1,0.00,3.0
https://9takes.com/enneagram-corner/enneagram-and-mental-illness,enneagram type 9 description,0,1,0.00,3.0
https://9takes.com/enneagram-corner/enneagram-and-mental-illness,enneagram types,0,2,0.00,3.0
https://9takes.com/enneagram-corner/enneagram-and-mental-illness,enneagram types description,0,1,0.00,5.0
https://9takes.com/enneagram-corner/enneagram-and-mental-illness,enneagram types healthy and unhealthy,0,1,0.00,47.0
https://9takes.com/enneagram-corner/enneagram-and-mental-illness,enneagram unhealthy,0,1,0.00,26.0
https://9takes.com/enneagram-corner/enneagram-and-mental-illness,harmonic triad enneagram,0,1,0.00,3.0
https://9takes.com/enneagram-corner/enneagram-and-mental-illness,how to break enneagram patterns,0,5,0.00,10.4
https://9takes.com/enneagram-corner/enneagram-and-mental-illness,intj personality disorder,0,2,0.00,55.5
https://9takes.com/enneagram-corner/enneagram-and-mental-illness,is brain type 8 bad,0,2,0.00,45.5
https://9takes.com/enneagram-corner/enneagram-and-mental-illness,is ena bipolar,0,2,0.00,64.0
https://9takes.com/enneagram-corner/enneagram-and-mental-illness,most common enneagram,0,1,0.00,3.0
https://9takes.com/enneagram-corner/enneagram-and-mental-illness,most dangerous enneagram type,0,1,0.00,37.0
https://9takes.com/enneagram-corner/enneagram-and-mental-illness,most emotional enneagram,0,2,0.00,29.5
https://9takes.com/enneagram-corner/enneagram-and-mental-illness,most hated enneagram type,0,1,0.00,39.0
https://9takes.com/enneagram-corner/enneagram-and-mental-illness,most introverted enneagram,0,1,0.00,3.0
https://9takes.com/enneagram-corner/enneagram-and-mental-illness,most narcissistic enneagram,0,5,0.00,11.2
https://9takes.com/enneagram-corner/enneagram-and-mental-illness,narcissist enneagram,0,1,0.00,14.0
https://9takes.com/enneagram-corner/enneagram-and-mental-illness,negative enneagram,0,1,0.00,67.0
https://9takes.com/enneagram-corner/enneagram-and-mental-illness,rejection triad enneagram,0,1,0.00,4.0
https://9takes.com/enneagram-corner/enneagram-and-mental-illness,solipsization psychology or psychosophy or enneagram,0,1,0.00,2.0
https://9takes.com/enneagram-corner/enneagram-and-mental-illness,sp5 enneagram,0,1,0.00,3.0
https://9takes.com/enneagram-corner/enneagram-and-mental-illness,sx6 enneagram,0,1,0.00,4.0
https://9takes.com/enneagram-corner/enneagram-and-mental-illness,the 27 tritypes,0,1,0.00,6.0
https://9takes.com/enneagram-corner/enneagram-and-mental-illness,triple competency enneagram,0,1,0.00,6.0
https://9takes.com/enneagram-corner/enneagram-and-mental-illness,type 1 enneagram description,0,1,0.00,3.0
https://9takes.com/enneagram-corner/enneagram-and-mental-illness,type 1 personality disorder,0,1,0.00,24.0
https://9takes.com/enneagram-corner/enneagram-and-mental-illness,type 2 enneagram,0,1,0.00,3.0
https://9takes.com/enneagram-corner/enneagram-and-mental-illness,type 2 personality disorder,0,3,0.00,68.7
https://9takes.com/enneagram-corner/enneagram-and-mental-illness,type 2 personality disorders,0,1,0.00,76.0
https://9takes.com/enneagram-corner/enneagram-and-mental-illness,type 3 personality disorder,0,4,0.00,27.8
https://9takes.com/enneagram-corner/enneagram-and-mental-illness,type 4 personality enneagram,0,1,0.00,3.0
https://9takes.com/enneagram-corner/enneagram-and-mental-illness,type 5 personality,0,1,0.00,3.0
https://9takes.com/enneagram-corner/enneagram-and-mental-illness,type 7 enneagram,0,1,0.00,3.0
https://9takes.com/enneagram-corner/enneagram-and-mental-illness,type 9 the peacemaker,0,1,0.00,3.0
https://9takes.com/enneagram-corner/enneagram-and-mental-illness,type two personality disorder,0,3,0.00,69.7
https://9takes.com/enneagram-corner/enneagram-and-mental-illness,what are the enneagram personality types,0,1,0.00,95.0
https://9takes.com/enneagram-corner/enneagram-and-mental-illness,what does enneagram 7 mean,0,1,0.00,3.0
https://9takes.com/enneagram-corner/enneagram-and-mental-illness,what enneagram is most likely to be a narcissist,0,15,0.00,11.3
https://9takes.com/enneagram-corner/enneagram-and-mental-illness,what enneagram is most likely to have bpd,0,38,0.00,7.4
https://9takes.com/enneagram-corner/enneagram-and-mental-illness,what enneagram type is most likely to be a narcissist,0,36,0.00,11.3
https://9takes.com/enneagram-corner/enneagram-and-mental-illness,what is enneagram,0,1,0.00,3.0
https://9takes.com/enneagram-corner/enneagram-and-mental-illness,what is the worst enneagram type,0,1,0.00,27.0
https://9takes.com/enneagram-corner/enneagram-and-mental-illness,which enneagram is most likely to be a narcissist,0,110,0.00,11.4
https://9takes.com/enneagram-corner/enneagram-and-mental-illness,which enneagram is most likely to be a psychopath,0,151,0.00,6.0
https://9takes.com/enneagram-corner/enneagram-and-mental-illness,which enneagram is most likely to be depressed,0,2,0.00,11.0
https://9takes.com/enneagram-corner/enneagram-and-mental-illness,which enneagram is most likely to have adhd,0,1,0.00,42.0
https://9takes.com/enneagram-corner/enneagram-and-mental-illness,which enneagram is most likely to have bpd,0,15,0.00,7.5
https://9takes.com/enneagram-corner/enneagram-and-mental-illness,which enneagram is the most insecure,0,2,0.00,22.0
https://9takes.com/enneagram-corner/enneagram-and-mental-illness,which enneagram is the most narcissistic,0,6,0.00,11.3
https://9takes.com/enneagram-corner/enneagram-and-mental-illness,which enneagram type is most likely to be a narcissist,0,40,0.00,11.2
https://9takes.com/enneagram-corner/enneagram-and-mental-illness,which enneagram type is most narcissistic,0,1,0.00,13.0
https://9takes.com/enneagram-corner/enneagram-and-mental-illness,worst enneagram,0,2,0.00,34.5
https://9takes.com/enneagram-corner/enneagram-and-mental-illness,worst enneagram type,0,2,0.00,35.5
https://9takes.com/enneagram-corner/enneagram-and-mental-illness,расстройства,0,1,0.00,2.0
https://9takes.com/enneagram-corner/enneagram-and-mental-illness,النرجسي,0,1,0.00,5.0
https://9takes.com/enneagram-corner/enneagram-and-mental-illness#important-context-and-disclaimer,enneagram mental illness,0,32,0.00,1.4
https://9takes.com/enneagram-corner/enneagram-and-mental-illness#important-context-and-disclaimer,most narcissistic enneagram,0,1,0.00,11.0
https://9takes.com/enneagram-corner/enneagram-and-mental-illness#important-context-and-disclaimer,which enneagram is most likely to be a narcissist,0,1,0.00,10.0
https://9takes.com/enneagram-corner/enneagram-and-mental-illness#mental-health-risk-overview-by-type,enneagram mental illness,0,45,0.00,1.4
https://9takes.com/enneagram-corner/enneagram-and-mental-illness#mental-health-risk-overview-by-type,most narcissistic enneagram,0,2,0.00,11.0
https://9takes.com/enneagram-corner/enneagram-and-mental-illness#mental-health-risk-overview-by-type,which enneagram is the most narcissistic,0,2,0.00,12.0
https://9takes.com/enneagram-corner/enneagram-and-mental-illness#type-1-perfectionism-and-obsessive-compulsive-tendencies,enneagram mental illness,0,40,0.00,1.4
https://9takes.com/enneagram-corner/enneagram-and-mental-illness#type-1-perfectionism-and-obsessive-compulsive-tendencies,enneagram personality disorders,0,1,0.00,11.0
https://9takes.com/enneagram-corner/enneagram-and-mental-illness#type-1-perfectionism-and-obsessive-compulsive-tendencies,most narcissistic enneagram,0,2,0.00,11.0
https://9takes.com/enneagram-corner/enneagram-and-mental-illness#type-1-perfectionism-and-obsessive-compulsive-tendencies,what enneagram is most likely to be a narcissist,0,14,0.00,11.4
https://9takes.com/enneagram-corner/enneagram-and-mental-illness#type-1-perfectionism-and-obsessive-compulsive-tendencies,what enneagram type is most likely to be a narcissist,0,35,0.00,11.3
https://9takes.com/enneagram-corner/enneagram-and-mental-illness#type-1-perfectionism-and-obsessive-compulsive-tendencies,which enneagram is most likely to be a narcissist,0,101,0.00,11.5
https://9takes.com/enneagram-corner/enneagram-and-mental-illness#type-1-perfectionism-and-obsessive-compulsive-tendencies,which enneagram is most likely to be a psychopath,0,1,0.00,10.0
https://9takes.com/enneagram-corner/enneagram-and-mental-illness#type-1-perfectionism-and-obsessive-compulsive-tendencies,which enneagram is most likely to be depressed,0,2,0.00,11.0
https://9takes.com/enneagram-corner/enneagram-and-mental-illness#type-1-perfectionism-and-obsessive-compulsive-tendencies,which enneagram is the most narcissistic,0,2,0.00,12.0
https://9takes.com/enneagram-corner/enneagram-and-mental-illness#type-1-perfectionism-and-obsessive-compulsive-tendencies,which enneagram type is most likely to be a narcissist,0,35,0.00,11.3
https://9takes.com/enneagram-corner/enneagram-and-mental-illness#type-2-codependency-and-emotional-manipulation,enneagram mental illness,0,8,0.00,1.0
https://9takes.com/enneagram-corner/enneagram-and-mental-illness#type-2-codependency-and-emotional-manipulation,most narcissistic enneagram,0,2,0.00,11.0
https://9takes.com/enneagram-corner/enneagram-and-mental-illness#type-2-codependency-and-emotional-manipulation,what enneagram is most likely to be a narcissist,0,10,0.00,11.8
https://9takes.com/enneagram-corner/enneagram-and-mental-illness#type-2-codependency-and-emotional-manipulation,what enneagram type is most likely to be a narcissist,0,28,0.00,11.6
https://9takes.com/enneagram-corner/enneagram-and-mental-illness#type-2-codependency-and-emotional-manipulation,which enneagram is most likely to be a narcissist,0,93,0.00,11.5
https://9takes.com/enneagram-corner/enneagram-and-mental-illness#type-2-codependency-and-emotional-manipulation,which enneagram is most likely to be a psychopath,0,1,0.00,10.0
https://9takes.com/enneagram-corner/enneagram-and-mental-illness#type-2-codependency-and-emotional-manipulation,which enneagram is most likely to be depressed,0,1,0.00,11.0
https://9takes.com/enneagram-corner/enneagram-and-mental-illness#type-2-codependency-and-emotional-manipulation,which enneagram is the most narcissistic,0,2,0.00,12.0
https://9takes.com/enneagram-corner/enneagram-and-mental-illness#type-2-codependency-and-emotional-manipulation,which enneagram type is most likely to be a narcissist,0,27,0.00,11.4
https://9takes.com/enneagram-corner/enneagram-and-mental-illness#type-3-narcissistic-traits-and-imposter-syndrome,enneagram mental illness,0,40,0.00,1.4
https://9takes.com/enneagram-corner/enneagram-and-mental-illness#type-3-narcissistic-traits-and-imposter-syndrome,most narcissistic enneagram,0,4,0.00,11.0
https://9takes.com/enneagram-corner/enneagram-and-mental-illness#type-3-narcissistic-traits-and-imposter-syndrome,what enneagram is most likely to be a narcissist,0,10,0.00,11.8
https://9takes.com/enneagram-corner/enneagram-and-mental-illness#type-3-narcissistic-traits-and-imposter-syndrome,what enneagram type is most likely to be a narcissist,0,28,0.00,11.6
https://9takes.com/enneagram-corner/enneagram-and-mental-illness#type-3-narcissistic-traits-and-imposter-syndrome,which enneagram is most likely to be a narcissist,0,93,0.00,11.5
https://9takes.com/enneagram-corner/enneagram-and-mental-illness#type-3-narcissistic-traits-and-imposter-syndrome,which enneagram is most likely to be a psychopath,0,1,0.00,10.0
https://9takes.com/enneagram-corner/enneagram-and-mental-illness#type-3-narcissistic-traits-and-imposter-syndrome,which enneagram is most likely to be depressed,0,1,0.00,11.0
https://9takes.com/enneagram-corner/enneagram-and-mental-illness#type-3-narcissistic-traits-and-imposter-syndrome,which enneagram is the most narcissistic,0,5,0.00,11.4
https://9takes.com/enneagram-corner/enneagram-and-mental-illness#type-3-narcissistic-traits-and-imposter-syndrome,which enneagram type is most likely to be a narcissist,0,27,0.00,11.4
https://9takes.com/enneagram-corner/enneagram-and-mental-illness#type-4-chronic-depression-and-identity-issues,enneagram mental illness,0,27,0.00,1.4
https://9takes.com/enneagram-corner/enneagram-and-mental-illness#type-4-chronic-depression-and-identity-issues,most narcissistic enneagram,0,3,0.00,11.0
https://9takes.com/enneagram-corner/enneagram-and-mental-illness#type-4-chronic-depression-and-identity-issues,what enneagram is most likely to be a narcissist,0,14,0.00,11.4
https://9takes.com/enneagram-corner/enneagram-and-mental-illness#type-4-chronic-depression-and-identity-issues,what enneagram type is most likely to be a narcissist,0,35,0.00,11.3
https://9takes.com/enneagram-corner/enneagram-and-mental-illness#type-4-chronic-depression-and-identity-issues,which enneagram is most likely to be a narcissist,0,99,0.00,11.5
https://9takes.com/enneagram-corner/enneagram-and-mental-illness#type-4-chronic-depression-and-identity-issues,which enneagram is most likely to be a psychopath,0,1,0.00,10.0
https://9takes.com/enneagram-corner/enneagram-and-mental-illness#type-4-chronic-depression-and-identity-issues,which enneagram is most likely to be depressed,0,2,0.00,11.0
https://9takes.com/enneagram-corner/enneagram-and-mental-illness#type-4-chronic-depression-and-identity-issues,which enneagram is the most narcissistic,0,5,0.00,11.4
https://9takes.com/enneagram-corner/enneagram-and-mental-illness#type-4-chronic-depression-and-identity-issues,which enneagram type is most likely to be a narcissist,0,34,0.00,11.3
https://9takes.com/enneagram-corner/enneagram-and-mental-illness#type-5-social-isolation-and-schizoid-tendencies,enneagram mental illness,0,40,0.00,1.4
https://9takes.com/enneagram-corner/enneagram-and-mental-illness#type-5-social-isolation-and-schizoid-tendencies,what enneagram is most likely to be a narcissist,0,10,0.00,11.8
https://9takes.com/enneagram-corner/enneagram-and-mental-illness#type-5-social-isolation-and-schizoid-tendencies,what enneagram type is most likely to be a narcissist,0,28,0.00,11.6
https://9takes.com/enneagram-corner/enneagram-and-mental-illness#type-5-social-isolation-and-schizoid-tendencies,which enneagram is most likely to be a narcissist,0,93,0.00,11.5
https://9takes.com/enneagram-corner/enneagram-and-mental-illness#type-5-social-isolation-and-schizoid-tendencies,which enneagram is most likely to be a psychopath,0,1,0.00,10.0
https://9takes.com/enneagram-corner/enneagram-and-mental-illness#type-5-social-isolation-and-schizoid-tendencies,which enneagram is most likely to be depressed,0,1,0.00,11.0
https://9takes.com/enneagram-corner/enneagram-and-mental-illness#type-5-social-isolation-and-schizoid-tendencies,which enneagram type is most likely to be a narcissist,0,27,0.00,11.4
https://9takes.com/enneagram-corner/enneagram-and-mental-illness#type-6-anxiety-disorders-and-paranoid-thinking,enneagram mental illness,0,45,0.00,1.4
https://9takes.com/enneagram-corner/enneagram-and-mental-illness#type-6-anxiety-disorders-and-paranoid-thinking,enneagram personality disorders,0,1,0.00,11.0
https://9takes.com/enneagram-corner/enneagram-and-mental-illness#type-6-anxiety-disorders-and-paranoid-thinking,most narcissistic enneagram,0,2,0.00,11.0
https://9takes.com/enneagram-corner/enneagram-and-mental-illness#type-6-anxiety-disorders-and-paranoid-thinking,what enneagram is most likely to be a narcissist,0,10,0.00,11.8
https://9takes.com/enneagram-corner/enneagram-and-mental-illness#type-6-anxiety-disorders-and-paranoid-thinking,what enneagram type is most likely to be a narcissist,0,28,0.00,11.6
https://9takes.com/enneagram-corner/enneagram-and-mental-illness#type-6-anxiety-disorders-and-paranoid-thinking,which enneagram is most likely to be a narcissist,0,94,0.00,11.5
https://9takes.com/enneagram-corner/enneagram-and-mental-illness#type-6-anxiety-disorders-and-paranoid-thinking,which enneagram is most likely to be a psychopath,0,1,0.00,10.0
https://9takes.com/enneagram-corner/enneagram-and-mental-illness#type-6-anxiety-disorders-and-paranoid-thinking,which enneagram is most likely to be depressed,0,1,0.00,11.0
https://9takes.com/enneagram-corner/enneagram-and-mental-illness#type-6-anxiety-disorders-and-paranoid-thinking,which enneagram is the most narcissistic,0,2,0.00,12.0
https://9takes.com/enneagram-corner/enneagram-and-mental-illness#type-6-anxiety-disorders-and-paranoid-thinking,which enneagram type is most likely to be a narcissist,0,28,0.00,11.4
https://9takes.com/enneagram-corner/enneagram-and-mental-illness#type-7-manic-behavior-and-addiction-struggles,enneagram mental illness,0,13,0.00,1.3
https://9takes.com/enneagram-corner/enneagram-and-mental-illness#type-7-manic-behavior-and-addiction-struggles,most narcissistic enneagram,0,2,0.00,11.0
https://9takes.com/enneagram-corner/enneagram-and-mental-illness#type-7-manic-behavior-and-addiction-struggles,what enneagram is most likely to be a narcissist,0,10,0.00,11.8
https://9takes.com/enneagram-corner/enneagram-and-mental-illness#type-7-manic-behavior-and-addiction-struggles,what enneagram type is most likely to be a narcissist,0,28,0.00,11.6
https://9takes.com/enneagram-corner/enneagram-and-mental-illness#type-7-manic-behavior-and-addiction-struggles,which enneagram is most likely to be a narcissist,0,93,0.00,11.5
https://9takes.com/enneagram-corner/enneagram-and-mental-illness#type-7-manic-behavior-and-addiction-struggles,which enneagram is most likely to be a psychopath,0,1,0.00,10.0
https://9takes.com/enneagram-corner/enneagram-and-mental-illness#type-7-manic-behavior-and-addiction-struggles,which enneagram is most likely to be depressed,0,1,0.00,11.0
https://9takes.com/enneagram-corner/enneagram-and-mental-illness#type-7-manic-behavior-and-addiction-struggles,which enneagram is the most narcissistic,0,2,0.00,12.0
https://9takes.com/enneagram-corner/enneagram-and-mental-illness#type-7-manic-behavior-and-addiction-struggles,which enneagram type is most likely to be a narcissist,0,27,0.00,11.4
https://9takes.com/enneagram-corner/enneagram-and-religion,are enneagrams biblical,0,1,0.00,59.0
https://9takes.com/enneagram-corner/enneagram-and-religion,catholic enneagram,0,3,0.00,48.3
https://9takes.com/enneagram-corner/enneagram-and-religion,enda ungu agama,0,1,0.00,69.0
https://9takes.com/enneagram-corner/enneagram-and-religion,enneagram and christianity,0,4,0.00,68.5
https://9takes.com/enneagram-corner/enneagram-and-religion,enneagram and spirituality,0,531,0.00,43.9
https://9takes.com/enneagram-corner/enneagram-and-religion,enneagram catholic,0,4,0.00,48.3
https://9takes.com/enneagram-corner/enneagram-and-religion,enneagram christian,0,2,0.00,68.0
https://9takes.com/enneagram-corner/enneagram-and-religion,enneagram christianity,0,1,0.00,68.0
https://9takes.com/enneagram-corner/enneagram-and-religion,enneagram cult,0,2,0.00,44.0
https://9takes.com/enneagram-corner/enneagram-and-religion,enneagram new age,0,9,0.00,29.1
https://9takes.com/enneagram-corner/enneagram-and-religion,enneagram occult,0,7,0.00,45.9
https://9takes.com/enneagram-corner/enneagram-and-religion,enneagram occultism,0,1,0.00,66.0
https://9takes.com/enneagram-corner/enneagram-and-religion,enneagram origin christianity,0,1,0.00,21.0
https://9takes.com/enneagram-corner/enneagram-and-religion,enneagram religion,0,10,0.00,23.5
https://9takes.com/enneagram-corner/enneagram-and-religion,enneagram spiritual,0,2,0.00,60.5
https://9takes.com/enneagram-corner/enneagram-and-religion,enneagram spirituality,0,24,0.00,39.8
https://9takes.com/enneagram-corner/enneagram-and-religion,enneagram system,0,1,0.00,4.0
https://9takes.com/enneagram-corner/enneagram-and-religion,history of enneagram,0,1,0.00,7.0
https://9takes.com/enneagram-corner/enneagram-and-religion,how old is the enneagram,0,1,0.00,60.0
https://9takes.com/enneagram-corner/enneagram-and-religion,is enneagram a cult,0,1,0.00,16.0
https://9takes.com/enneagram-corner/enneagram-and-religion,is enneagram biblical,0,2,0.00,58.0
https://9takes.com/enneagram-corner/enneagram-and-religion,is enneagram christian,0,14,0.00,63.3
https://9takes.com/enneagram-corner/enneagram-and-religion,is enneagram haram,0,1,0.00,17.0
https://9takes.com/enneagram-corner/enneagram-and-religion,is enneagram new age,0,3,0.00,48.7
https://9takes.com/enneagram-corner/enneagram-and-religion,is enneagram religious,0,2,0.00,49.0
https://9takes.com/enneagram-corner/enneagram-and-religion,is the enneagram biblical,0,2,0.00,57.5
https://9takes.com/enneagram-corner/enneagram-and-religion,is the enneagram christian,0,6,0.00,65.3
https://9takes.com/enneagram-corner/enneagram-and-religion,is the enneagram new age,0,2,0.00,46.0
https://9takes.com/enneagram-corner/enneagram-and-religion,is the enneagram pagan,0,3,0.00,50.7
https://9takes.com/enneagram-corner/enneagram-and-religion,qual a religião,0,1,0.00,2.0
https://9takes.com/enneagram-corner/enneagram-and-religion,spiritual enneagram,0,3,0.00,50.7
https://9takes.com/enneagram-corner/enneagram-and-religion,where did enneagram come from,0,4,0.00,63.0
https://9takes.com/enneagram-corner/enneagram-books-websites-podcasts,best enneagram training,0,23,0.00,81.1
https://9takes.com/enneagram-corner/enneagram-books-websites-podcasts,best enneagram training programs,0,5,0.00,88.6
https://9takes.com/enneagram-corner/enneagram-books-websites-podcasts,enneagram resources,0,4,0.00,55.3
https://9takes.com/enneagram-corner/enneagram-books-websites-podcasts,enneagram sources,0,1,0.00,38.0
https://9takes.com/enneagram-corner/enneagram-childhood-stereotypes,childhood enneagram,0,1,0.00,26.0
https://9takes.com/enneagram-corner/enneagram-childhood-stereotypes,childhood trauma enneagram,0,1,0.00,27.0
https://9takes.com/enneagram-corner/enneagram-childhood-stereotypes,childhood wounds enneagram,0,1,0.00,45.0
https://9takes.com/enneagram-corner/enneagram-childhood-stereotypes,e9 childhood,0,8,0.00,10.5
https://9takes.com/enneagram-corner/enneagram-childhood-stereotypes,enneagram 1 childhood,0,1,0.00,24.0
https://9takes.com/enneagram-corner/enneagram-childhood-stereotypes,enneagram 3 childhood trauma,0,1,0.00,47.0
https://9takes.com/enneagram-corner/enneagram-childhood-stereotypes,enneagram 4 childhood,0,1,0.00,28.0
https://9takes.com/enneagram-corner/enneagram-childhood-stereotypes,enneagram 5 childhood,0,1,0.00,32.0
https://9takes.com/enneagram-corner/enneagram-childhood-stereotypes,enneagram 6 childhood,0,1,0.00,34.0
https://9takes.com/enneagram-corner/enneagram-childhood-stereotypes,enneagram 9 childhood,0,28,0.00,11.5
https://9takes.com/enneagram-corner/enneagram-childhood-stereotypes,enneagram 9 childhood wound,0,6,0.00,47.2
https://9takes.com/enneagram-corner/enneagram-childhood-stereotypes,enneagram childhood,0,8,0.00,22.5
https://9takes.com/enneagram-corner/enneagram-childhood-stereotypes,enneagram childhood messages,0,2,0.00,28.5
https://9takes.com/enneagram-corner/enneagram-childhood-stereotypes,enneagram childhood trauma,0,6,0.00,36.0
https://9takes.com/enneagram-corner/enneagram-childhood-stereotypes,enneagram childhood wounds,0,2,0.00,54.0
https://9takes.com/enneagram-corner/enneagram-childhood-stereotypes,enneagram childhoods,0,15,0.00,13.6
https://9takes.com/enneagram-corner/enneagram-childhood-stereotypes,enneagram lost childhood messages,0,2,0.00,31.0
https://9takes.com/enneagram-corner/enneagram-childhood-stereotypes,enneagram type 6 childhood,0,4,0.00,21.8
https://9takes.com/enneagram-corner/enneagram-childhood-stereotypes,enneagram type 7 childhood,0,2,0.00,37.5
https://9takes.com/enneagram-corner/enneagram-childhood-stereotypes,enneagram type 9 childhood,0,15,0.00,21.1
https://9takes.com/enneagram-corner/enneagram-childhood-stereotypes,so4 enneagram childhood,0,1,0.00,23.0
https://9takes.com/enneagram-corner/enneagram-childhood-stereotypes,so5 enneagram childhood,0,1,0.00,22.0
https://9takes.com/enneagram-corner/enneagram-childhood-stereotypes,so6 childhood,0,1,0.00,24.0
https://9takes.com/enneagram-corner/enneagram-childhood-stereotypes,so9 childhood,0,4,0.00,16.8
https://9takes.com/enneagram-corner/enneagram-childhood-stereotypes,sp6 childhood,0,2,0.00,27.5
https://9takes.com/enneagram-corner/enneagram-childhood-stereotypes,sp9 childhood,0,1,0.00,22.0
https://9takes.com/enneagram-corner/enneagram-childhood-stereotypes,sx9 childhood,0,2,0.00,20.0
https://9takes.com/enneagram-corner/enneagram-childhood-stereotypes#type-1-the-little-perfectionists,enneagram stereotypes,0,6,0.00,10.8
https://9takes.com/enneagram-corner/enneagram-childhood-stereotypes#type-4-the-tortured-artists,enneagram stereotypes,0,6,0.00,10.8
https://9takes.com/enneagram-corner/enneagram-communication-styles,do you understand me enneagram,0,1,0.00,7.0
https://9takes.com/enneagram-corner/enneagram-communication-styles,enneagram communication styles,0,4,0.00,26.5
https://9takes.com/enneagram-corner/enneagram-communication-styles,enneagram discussion questions for work,0,4,0.00,83.3
https://9takes.com/enneagram-corner/enneagram-communication-tips,enneagram communication styles,0,2,0.00,71.5
https://9takes.com/enneagram-corner/enneagram-communication-tips,how to break enneagram patterns,0,1,0.00,11.0
https://9takes.com/enneagram-corner/enneagram-communication-tips,things to say to an enneagram 2,0,7,0.00,10.0
https://9takes.com/enneagram-corner/enneagram-communication-tips,things to say to an enneagram 4,0,11,0.00,10.7
https://9takes.com/enneagram-corner/enneagram-communication-tips,things to say to an enneagram 5,0,15,0.00,9.7
https://9takes.com/enneagram-corner/enneagram-communication-tips,things to say to an enneagram 9,0,17,0.00,6.8
https://9takes.com/enneagram-corner/enneagram-communication-tips,things to say to enneagram,0,12,0.00,8.5
https://9takes.com/enneagram-corner/enneagram-communication-tips,things to say to enneagram 2,0,1,0.00,6.0
https://9takes.com/enneagram-corner/enneagram-communication-tips,things to say to enneagram 9,0,2,0.00,6.5
https://9takes.com/enneagram-corner/enneagram-communication-tips,yes,0,1,0.00,4.0
https://9takes.com/enneagram-corner/enneagram-compatibility-matrix,4 and 7 marriage compatibility enneagram,0,1,0.00,24.0
https://9takes.com/enneagram-corner/enneagram-compatibility-matrix,4w5 enneagram,0,1,0.00,4.0
https://9takes.com/enneagram-corner/enneagram-compatibility-matrix,6w5 vs 6w7,0,1,0.00,5.0
https://9takes.com/enneagram-corner/enneagram-compatibility-matrix,7w8,0,1,0.00,4.0
https://9takes.com/enneagram-corner/enneagram-compatibility-matrix,all enneagrams explained,0,1,0.00,3.0
https://9takes.com/enneagram-corner/enneagram-compatibility-matrix,anneagrams,0,1,0.00,5.0
https://9takes.com/enneagram-corner/enneagram-compatibility-matrix,best and worst enneagram types,0,1,0.00,3.0
https://9takes.com/enneagram-corner/enneagram-compatibility-matrix,best enneagram compatibility,0,1,0.00,11.0
https://9takes.com/enneagram-corner/enneagram-compatibility-matrix,best enneagram couples,0,4,0.00,11.5
https://9takes.com/enneagram-corner/enneagram-compatibility-matrix,best enneagram matches,0,11,0.00,9.7
https://9takes.com/enneagram-corner/enneagram-compatibility-matrix,best match for enneagram 9,0,2,0.00,37.0
https://9takes.com/enneagram-corner/enneagram-compatibility-matrix,can your enneagram change,0,1,0.00,3.0
https://9takes.com/enneagram-corner/enneagram-compatibility-matrix,compatability matrix,0,1,0.00,9.0
https://9takes.com/enneagram-corner/enneagram-compatibility-matrix,compatibility enneagram,0,8,0.00,15.4
https://9takes.com/enneagram-corner/enneagram-compatibility-matrix,compatible enneagram types,0,13,0.00,13.7
https://9takes.com/enneagram-corner/enneagram-compatibility-matrix,compatible enneagrams,0,2,0.00,18.0
https://9takes.com/enneagram-corner/enneagram-compatibility-matrix,detail common scenarios requiring a compatibility chart,0,14,0.00,8.8
https://9takes.com/enneagram-corner/enneagram-compatibility-matrix,eneagrama compatibilidad,0,1,0.00,6.0
https://9takes.com/enneagram-corner/enneagram-compatibility-matrix,eneagrama matrix,0,3,0.00,9.0
https://9takes.com/enneagram-corner/enneagram-compatibility-matrix,enfp enneagram 5,0,1,0.00,5.0
https://9takes.com/enneagram-corner/enneagram-compatibility-matrix,eniagram,0,1,0.00,4.0
https://9takes.com/enneagram-corner/enneagram-compatibility-matrix,enneagram,0,3,0.00,4.3
https://9takes.com/enneagram-corner/enneagram-compatibility-matrix,enneagram 1 best match,0,3,0.00,29.0
https://9takes.com/enneagram-corner/enneagram-compatibility-matrix,enneagram 1 compatibility,0,2,0.00,38.5
https://9takes.com/enneagram-corner/enneagram-compatibility-matrix,enneagram 2 and 6 compatibility,0,1,0.00,24.0
https://9takes.com/enneagram-corner/enneagram-compatibility-matrix,enneagram 2 compatibility,0,2,0.00,29.5
https://9takes.com/enneagram-corner/enneagram-compatibility-matrix,enneagram 3 compatibility,0,2,0.00,25.5
https://9takes.com/enneagram-corner/enneagram-compatibility-matrix,enneagram and relationships,0,283,0.00,29.3
https://9takes.com/enneagram-corner/enneagram-compatibility-matrix,enneagram best matches,0,8,0.00,14.8
https://9takes.com/enneagram-corner/enneagram-compatibility-matrix,enneagram books to read,0,1,0.00,3.0
https://9takes.com/enneagram-corner/enneagram-compatibility-matrix,enneagram combinations,0,3,0.00,10.7
https://9takes.com/enneagram-corner/enneagram-compatibility-matrix,enneagram compatability,0,7,0.00,13.9
https://9takes.com/enneagram-corner/enneagram-compatibility-matrix,enneagram compatibility,0,284,0.00,12.9
https://9takes.com/enneagram-corner/enneagram-compatibility-matrix,enneagram compatibility guide,0,59,0.00,6.4
https://9takes.com/enneagram-corner/enneagram-compatibility-matrix,enneagram compatibility test,0,39,0.00,15.9
https://9takes.com/enneagram-corner/enneagram-compatibility-matrix,enneagram connections,0,2,0.00,22.0
https://9takes.com/enneagram-corner/enneagram-compatibility-matrix,enneagram couples,0,7,0.00,15.4
https://9takes.com/enneagram-corner/enneagram-compatibility-matrix,enneagram couples compatibility,0,2,0.00,11.0
https://9takes.com/enneagram-corner/enneagram-compatibility-matrix,enneagram dating,0,6,0.00,31.2
https://9takes.com/enneagram-corner/enneagram-compatibility-matrix,enneagram descriptions,0,1,0.00,5.0
https://9takes.com/enneagram-corner/enneagram-compatibility-matrix,enneagram for couples,0,10,0.00,22.6
https://9takes.com/enneagram-corner/enneagram-compatibility-matrix,enneagram friendship compatibility,0,3,0.00,13.3
https://9takes.com/enneagram-corner/enneagram-compatibility-matrix,enneagram in relationships,0,29,0.00,23.4
https://9takes.com/enneagram-corner/enneagram-compatibility-matrix,enneagram integration chart,0,10,0.00,21.6
https://9takes.com/enneagram-corner/enneagram-compatibility-matrix,enneagram interactions,0,2,0.00,18.0
https://9takes.com/enneagram-corner/enneagram-compatibility-matrix,enneagram love relationships,0,1,0.00,38.0
https://9takes.com/enneagram-corner/enneagram-compatibility-matrix,enneagram marriage compatibility,0,3,0.00,16.0
https://9takes.com/enneagram-corner/enneagram-compatibility-matrix,enneagram matches,0,17,0.00,12.1
https://9takes.com/enneagram-corner/enneagram-compatibility-matrix,enneagram matrix test,0,1,0.00,85.0
https://9takes.com/enneagram-corner/enneagram-compatibility-matrix,enneagram numbers meaning,0,1,0.00,5.0
https://9takes.com/enneagram-corner/enneagram-compatibility-matrix,enneagram personality compatibility,0,9,0.00,15.1
https://9takes.com/enneagram-corner/enneagram-compatibility-matrix,enneagram relationship,0,7,0.00,24.7
https://9takes.com/enneagram-corner/enneagram-compatibility-matrix,enneagram relationship chart,0,25,0.00,10.0
https://9takes.com/enneagram-corner/enneagram-compatibility-matrix,enneagram relationship compatibility,0,79,0.00,14.5
https://9takes.com/enneagram-corner/enneagram-compatibility-matrix,enneagram relationship compatibility blueprint,0,5,0.00,10.2
https://9takes.com/enneagram-corner/enneagram-compatibility-matrix,enneagram relationship compatibility chart,0,10,0.00,6.7
https://9takes.com/enneagram-corner/enneagram-compatibility-matrix,enneagram relationship compatibility matrix and marriage advice,0,37,0.00,4.7
https://9takes.com/enneagram-corner/enneagram-compatibility-matrix,enneagram relationships,0,598,0.00,26.6
https://9takes.com/enneagram-corner/enneagram-compatibility-matrix,enneagram romantic compatibility,0,4,0.00,16.0
https://9takes.com/enneagram-corner/enneagram-compatibility-matrix,enneagram ships,0,3,0.00,10.3
https://9takes.com/enneagram-corner/enneagram-compatibility-matrix,enneagram soul type combination,0,37,0.00,25.8
https://9takes.com/enneagram-corner/enneagram-compatibility-matrix,enneagram sp2 best partners compatibility relationships,0,25,0.00,11.0
https://9takes.com/enneagram-corner/enneagram-compatibility-matrix,enneagram subtype compatibility,0,9,0.00,9.0
https://9takes.com/enneagram-corner/enneagram-compatibility-matrix,enneagram test compatibility,0,4,0.00,10.0
https://9takes.com/enneagram-corner/enneagram-compatibility-matrix,enneagram test for couples,0,1,0.00,45.0
https://9takes.com/enneagram-corner/enneagram-compatibility-matrix,enneagram test free,0,2,0.00,7.5
https://9takes.com/enneagram-corner/enneagram-compatibility-matrix,enneagram tritype combinations,0,1,0.00,27.0
https://9takes.com/enneagram-corner/enneagram-compatibility-matrix,enneagram type 1 and 2 relationship,0,1,0.00,65.0
https://9takes.com/enneagram-corner/enneagram-compatibility-matrix,enneagram type 1 relationships,0,1,0.00,4.0
https://9takes.com/enneagram-corner/enneagram-compatibility-matrix,enneagram type 3 compatibility,0,2,0.00,20.5
https://9takes.com/enneagram-corner/enneagram-compatibility-matrix,enneagram type 5,0,2,0.00,3.0
https://9takes.com/enneagram-corner/enneagram-compatibility-matrix,enneagram type 7 best match,0,2,0.00,31.5
https://9takes.com/enneagram-corner/enneagram-compatibility-matrix,enneagram type 9 compatibility,0,1,0.00,35.0
https://9takes.com/enneagram-corner/enneagram-compatibility-matrix,enneagram type combinations,0,3,0.00,11.3
https://9takes.com/enneagram-corner/enneagram-compatibility-matrix,enneagram type compatibility,0,661,0.00,15.0
https://9takes.com/enneagram-corner/enneagram-compatibility-matrix,enneagram types,0,5,0.00,3.0
https://9takes.com/enneagram-corner/enneagram-compatibility-matrix,enneagram types in relationships,0,6,0.00,19.0
https://9takes.com/enneagram-corner/enneagram-compatibility-matrix,enneagram types matrix,0,3,0.00,8.7
https://9takes.com/enneagram-corner/enneagram-compatibility-matrix,enneagram types relationships,0,13,0.00,16.7
https://9takes.com/enneagram-corner/enneagram-compatibility-matrix,enneagram types that are compatible,0,4,0.00,16.0
https://9takes.com/enneagram-corner/enneagram-compatibility-matrix,enneagramm,0,1,0.00,4.0
https://9takes.com/enneagram-corner/enneagram-compatibility-matrix,enneagrams in relationships,0,4,0.00,22.3
https://9takes.com/enneagram-corner/enneagram-compatibility-matrix,enneagrams matrix,0,1,0.00,5.0
https://9takes.com/enneagram-corner/enneagram-compatibility-matrix,free enneagram compatibility test,0,4,0.00,30.3
https://9takes.com/enneagram-corner/enneagram-compatibility-matrix,harmony triad enneagram,0,1,0.00,4.0
https://9takes.com/enneagram-corner/enneagram-compatibility-matrix,heart enneagram,0,1,0.00,4.0
https://9takes.com/enneagram-corner/enneagram-compatibility-matrix,infp tritype,0,1,0.00,4.0
https://9takes.com/enneagram-corner/enneagram-compatibility-matrix,least compatible enneagram types,0,2,0.00,18.0
https://9takes.com/enneagram-corner/enneagram-compatibility-matrix,marriage enneagram compatibility chart,0,10,0.00,8.1
https://9takes.com/enneagram-corner/enneagram-compatibility-matrix,matrix compatibility,0,4,0.00,9.0
https://9takes.com/enneagram-corner/enneagram-compatibility-matrix,matrix de compatibilidad,0,1,0.00,10.0
https://9takes.com/enneagram-corner/enneagram-compatibility-matrix,matrix enneagrams,0,2,0.00,7.0
https://9takes.com/enneagram-corner/enneagram-compatibility-matrix,most common enneagram pairings,0,1,0.00,8.0
https://9takes.com/enneagram-corner/enneagram-compatibility-matrix,most compatible enneagrams,0,4,0.00,9.3
https://9takes.com/enneagram-corner/enneagram-compatibility-matrix,most emotional enneagram,0,1,0.00,3.0
https://9takes.com/enneagram-corner/enneagram-compatibility-matrix,positive outlook enneagram,0,1,0.00,3.0
https://9takes.com/enneagram-corner/enneagram-compatibility-matrix,relationship goals for each enneagram number,0,7,0.00,48.0
https://9takes.com/enneagram-corner/enneagram-compatibility-matrix,relationships enneagram,0,172,0.00,37.7
https://9takes.com/enneagram-corner/enneagram-compatibility-matrix,so3 enneagram,0,1,0.00,3.0
https://9takes.com/enneagram-corner/enneagram-compatibility-matrix,sp1 mbti,0,1,0.00,6.0
https://9takes.com/enneagram-corner/enneagram-compatibility-matrix,the enneagram types,0,1,0.00,4.0
https://9takes.com/enneagram-corner/enneagram-compatibility-matrix,tritype combinations,0,1,0.00,20.0
https://9takes.com/enneagram-corner/enneagram-compatibility-matrix,typ 5 enneagramm,0,1,0.00,4.0
https://9takes.com/enneagram-corner/enneagram-compatibility-matrix,what enneagram is most compatible with 4,0,1,0.00,13.0
https://9takes.com/enneagram-corner/enneagram-compatibility-matrix,what enneagram types are most compatible,0,2,0.00,14.5
https://9takes.com/enneagram-corner/enneagram-compatibility-matrix,what enneagrams are compatible,0,3,0.00,11.7
https://9takes.com/enneagram-corner/enneagram-compatibility-matrix,what enneagrams are most compatible,0,1,0.00,14.0
https://9takes.com/enneagram-corner/enneagram-compatibility-matrix,which enneagram is the most emotional,0,1,0.00,2.0
https://9takes.com/enneagram-corner/enneagram-compatibility-matrix,which enneagram types are most compatible,0,3,0.00,13.3
https://9takes.com/enneagram-corner/enneagram-compatibility-matrix,which enneagrams are compatible,0,4,0.00,8.8
https://9takes.com/enneagram-corner/enneagram-compatibility-matrix,which enneagrams are most compatible,0,2,0.00,7.5
https://9takes.com/enneagram-corner/enneagram-compatibility-matrix,worst enneagram pairings,0,9,0.00,14.6
https://9takes.com/enneagram-corner/enneagram-compatibility-matrix#how-compatibility-actually-works,best enneagram pairings,0,16,0.00,9.9
https://9takes.com/enneagram-corner/enneagram-compatibility-matrix#how-compatibility-actually-works,enneagram compatibility calculator,0,11,0.00,9.4
https://9takes.com/enneagram-corner/enneagram-compatibility-matrix#how-compatibility-actually-works,enneagram compatibility chart,0,233,0.00,5.7
https://9takes.com/enneagram-corner/enneagram-compatibility-matrix#how-compatibility-actually-works,enneagram tritype compatibility,0,27,0.00,5.3
https://9takes.com/enneagram-corner/enneagram-compatibility-matrix#how-compatibility-actually-works,most common enneagram pairings,0,1,0.00,8.0
https://9takes.com/enneagram-corner/enneagram-compatibility-matrix#how-compatibility-actually-works,most compatible enneagram types,0,1,0.00,9.0
https://9takes.com/enneagram-corner/enneagram-compatibility-matrix#how-compatibility-actually-works,tritype compatibility,0,72,0.00,6.2
https://9takes.com/enneagram-corner/enneagram-compatibility-matrix#how-to-navigate-challenging-enneagram-pairings,best enneagram pairings,0,17,0.00,10.0
https://9takes.com/enneagram-corner/enneagram-compatibility-matrix#how-to-navigate-challenging-enneagram-pairings,enneagram compatibility calculator,0,10,0.00,9.2
https://9takes.com/enneagram-corner/enneagram-compatibility-matrix#how-to-navigate-challenging-enneagram-pairings,enneagram compatibility chart,0,161,0.00,5.1
https://9takes.com/enneagram-corner/enneagram-compatibility-matrix#how-to-navigate-challenging-enneagram-pairings,enneagram tritype compatibility,0,19,0.00,4.8
https://9takes.com/enneagram-corner/enneagram-compatibility-matrix#how-to-navigate-challenging-enneagram-pairings,most common enneagram pairings,0,1,0.00,8.0
https://9takes.com/enneagram-corner/enneagram-compatibility-matrix#how-to-navigate-challenging-enneagram-pairings,most compatible enneagram types,0,1,0.00,9.0
https://9takes.com/enneagram-corner/enneagram-compatibility-matrix#how-to-navigate-challenging-enneagram-pairings,tritype compatibility,0,46,0.00,5.9
https://9takes.com/enneagram-corner/enneagram-compatibility-matrix#red-flags-vs-growth-edges-in-enneagram-relationships,best enneagram pairings,0,16,0.00,9.9
https://9takes.com/enneagram-corner/enneagram-compatibility-matrix#red-flags-vs-growth-edges-in-enneagram-relationships,enneagram compatibility calculator,0,10,0.00,9.2
https://9takes.com/enneagram-corner/enneagram-compatibility-matrix#red-flags-vs-growth-edges-in-enneagram-relationships,enneagram compatibility chart,0,161,0.00,5.1
https://9takes.com/enneagram-corner/enneagram-compatibility-matrix#red-flags-vs-growth-edges-in-enneagram-relationships,enneagram relationship chart,0,2,0.00,10.5
https://9takes.com/enneagram-corner/enneagram-compatibility-matrix#red-flags-vs-growth-edges-in-enneagram-relationships,enneagram tritype compatibility,0,19,0.00,4.8
https://9takes.com/enneagram-corner/enneagram-compatibility-matrix#red-flags-vs-growth-edges-in-enneagram-relationships,most common enneagram pairings,0,1,0.00,8.0
https://9takes.com/enneagram-corner/enneagram-compatibility-matrix#red-flags-vs-growth-edges-in-enneagram-relationships,most compatible enneagram types,0,1,0.00,9.0
https://9takes.com/enneagram-corner/enneagram-compatibility-matrix#red-flags-vs-growth-edges-in-enneagram-relationships,tritype compatibility,0,46,0.00,5.9
https://9takes.com/enneagram-corner/enneagram-compatibility-matrix#the-complete-compatibility-matrix-all-81-combinations,best enneagram pairings,0,16,0.00,9.9
https://9takes.com/enneagram-corner/enneagram-compatibility-matrix#the-complete-compatibility-matrix-all-81-combinations,enneagram compatibility calculator,0,12,0.00,9.5
https://9takes.com/enneagram-corner/enneagram-compatibility-matrix#the-complete-compatibility-matrix-all-81-combinations,enneagram compatibility chart,0,233,0.00,5.7
https://9takes.com/enneagram-corner/enneagram-compatibility-matrix#the-complete-compatibility-matrix-all-81-combinations,enneagram tritype compatibility,0,28,0.00,5.4
https://9takes.com/enneagram-corner/enneagram-compatibility-matrix#the-complete-compatibility-matrix-all-81-combinations,most common enneagram pairings,0,1,0.00,8.0
https://9takes.com/enneagram-corner/enneagram-compatibility-matrix#the-complete-compatibility-matrix-all-81-combinations,most compatible enneagram types,0,1,0.00,9.0
https://9takes.com/enneagram-corner/enneagram-compatibility-matrix#the-complete-compatibility-matrix-all-81-combinations,tritype compatibility,0,77,0.00,6.3
https://9takes.com/enneagram-corner/enneagram-compatibility-matrix#what-makes-any-enneagram-pairing-work,best enneagram pairings,0,17,0.00,10.0
https://9takes.com/enneagram-corner/enneagram-compatibility-matrix#what-makes-any-enneagram-pairing-work,enneagram compatibility calculator,0,11,0.00,9.4
https://9takes.com/enneagram-corner/enneagram-compatibility-matrix#what-makes-any-enneagram-pairing-work,enneagram compatibility chart,0,161,0.00,5.1
https://9takes.com/enneagram-corner/enneagram-compatibility-matrix#what-makes-any-enneagram-pairing-work,enneagram relationship chart,0,2,0.00,10.5
https://9takes.com/enneagram-corner/enneagram-compatibility-matrix#what-makes-any-enneagram-pairing-work,enneagram ships,0,1,0.00,11.0
https://9takes.com/enneagram-corner/enneagram-compatibility-matrix#what-makes-any-enneagram-pairing-work,enneagram tritype compatibility,0,19,0.00,4.8
https://9takes.com/enneagram-corner/enneagram-compatibility-matrix#what-makes-any-enneagram-pairing-work,most common enneagram pairings,0,1,0.00,8.0
https://9takes.com/enneagram-corner/enneagram-compatibility-matrix#what-makes-any-enneagram-pairing-work,most compatible enneagram types,0,1,0.00,9.0
https://9takes.com/enneagram-corner/enneagram-compatibility-matrix#what-makes-any-enneagram-pairing-work,tritype compatibility,0,46,0.00,5.9
https://9takes.com/enneagram-corner/enneagram-compatibility-matrix#which-enneagram-types-are-most-compatible,best enneagram pairings,0,16,0.00,9.9
https://9takes.com/enneagram-corner/enneagram-compatibility-matrix#which-enneagram-types-are-most-compatible,enneagram compatibility calculator,0,10,0.00,9.2
https://9takes.com/enneagram-corner/enneagram-compatibility-matrix#which-enneagram-types-are-most-compatible,enneagram compatibility chart,0,161,0.00,5.1
https://9takes.com/enneagram-corner/enneagram-compatibility-matrix#which-enneagram-types-are-most-compatible,enneagram ships,0,1,0.00,11.0
https://9takes.com/enneagram-corner/enneagram-compatibility-matrix#which-enneagram-types-are-most-compatible,enneagram tritype compatibility,0,20,0.00,5.0
https://9takes.com/enneagram-corner/enneagram-compatibility-matrix#which-enneagram-types-are-most-compatible,most common enneagram pairings,0,1,0.00,8.0
https://9takes.com/enneagram-corner/enneagram-compatibility-matrix#which-enneagram-types-are-most-compatible,most compatible enneagram types,0,1,0.00,9.0
https://9takes.com/enneagram-corner/enneagram-compatibility-matrix#which-enneagram-types-are-most-compatible,tritype compatibility,0,51,0.00,6.1
https://9takes.com/enneagram-corner/enneagram-compatibility-matrix#why-opposites-attract-and-same-types-clash,best enneagram pairings,0,16,0.00,9.9
https://9takes.com/enneagram-corner/enneagram-compatibility-matrix#why-opposites-attract-and-same-types-clash,enneagram compatibility calculator,0,10,0.00,9.2
https://9takes.com/enneagram-corner/enneagram-compatibility-matrix#why-opposites-attract-and-same-types-clash,enneagram compatibility chart,0,161,0.00,5.1
https://9takes.com/enneagram-corner/enneagram-compatibility-matrix#why-opposites-attract-and-same-types-clash,enneagram tritype compatibility,0,19,0.00,4.8
https://9takes.com/enneagram-corner/enneagram-compatibility-matrix#why-opposites-attract-and-same-types-clash,most common enneagram pairings,0,1,0.00,8.0
https://9takes.com/enneagram-corner/enneagram-compatibility-matrix#why-opposites-attract-and-same-types-clash,most compatible enneagram types,0,1,0.00,9.0
https://9takes.com/enneagram-corner/enneagram-compatibility-matrix#why-opposites-attract-and-same-types-clash,tritype compatibility,0,46,0.00,5.9
https://9takes.com/enneagram-corner/enneagram-concepts,9 enneagram subtypes,0,1,0.00,35.0
https://9takes.com/enneagram-corner/enneagram-concepts,9w5 personality,0,1,0.00,30.0
https://9takes.com/enneagram-corner/enneagram-concepts,all enneagram types,0,3,0.00,59.3
https://9takes.com/enneagram-corner/enneagram-concepts,all enneagrams explained,0,1,0.00,72.0
https://9takes.com/enneagram-corner/enneagram-concepts,all types of enneagram,0,1,0.00,60.0
https://9takes.com/enneagram-corner/enneagram-concepts,basic enneagram types,0,1,0.00,60.0
https://9takes.com/enneagram-corner/enneagram-concepts,descriptions of enneagram types,0,1,0.00,64.0
https://9takes.com/enneagram-corner/enneagram-concepts,different enneagram types,0,1,0.00,66.0
https://9takes.com/enneagram-corner/enneagram-concepts,different ennegrams,0,1,0.00,54.0
https://9takes.com/enneagram-corner/enneagram-concepts,different types of enneagram,0,1,0.00,54.0
https://9takes.com/enneagram-corner/enneagram-concepts,enneagram 1 subtypes,0,1,0.00,43.0
https://9takes.com/enneagram-corner/enneagram-concepts,enneagram 9 instincts,0,2,0.00,50.5
https://9takes.com/enneagram-corner/enneagram-concepts,enneagram 9 instinctual variants,0,1,0.00,54.0
https://9takes.com/enneagram-corner/enneagram-concepts,enneagram 9 subtypes,0,11,0.00,40.3
https://9takes.com/enneagram-corner/enneagram-concepts,enneagram archetypes,0,1,0.00,72.0
https://9takes.com/enneagram-corner/enneagram-concepts,enneagram basic fears and desires,0,1,0.00,51.0
https://9takes.com/enneagram-corner/enneagram-concepts,enneagram categories,0,3,0.00,58.7
https://9takes.com/enneagram-corner/enneagram-concepts,enneagram core,0,4,0.00,35.3
https://9takes.com/enneagram-corner/enneagram-concepts,enneagram core desires,0,2,0.00,54.0
https://9takes.com/enneagram-corner/enneagram-concepts,enneagram core desires and fears,0,1,0.00,54.0
https://9takes.com/enneagram-corner/enneagram-concepts,enneagram core motivations and fears,0,1,0.00,53.0
https://9takes.com/enneagram-corner/enneagram-concepts,enneagram core types,0,2,0.00,70.0
https://9takes.com/enneagram-corner/enneagram-concepts,enneagram cores,0,2,0.00,67.5
https://9takes.com/enneagram-corner/enneagram-concepts,enneagram definitions,0,1,0.00,83.0
https://9takes.com/enneagram-corner/enneagram-concepts,enneagram fears and desires,0,1,0.00,59.0
https://9takes.com/enneagram-corner/enneagram-concepts,enneagram fixations,0,1,0.00,41.0
https://9takes.com/enneagram-corner/enneagram-concepts,enneagram in depth,0,2,0.00,61.0
https://9takes.com/enneagram-corner/enneagram-concepts,enneagram insticts,0,2,0.00,61.0
https://9takes.com/enneagram-corner/enneagram-concepts,enneagram instincts,0,1,0.00,77.0
https://9takes.com/enneagram-corner/enneagram-concepts,enneagram instincts explained,0,1,0.00,57.0
https://9takes.com/enneagram-corner/enneagram-concepts,enneagram list,0,1,0.00,87.0
https://9takes.com/enneagram-corner/enneagram-concepts,enneagram options,0,3,0.00,66.3
https://9takes.com/enneagram-corner/enneagram-concepts,enneagram pros and cons,0,1,0.00,86.0
https://9takes.com/enneagram-corner/enneagram-concepts,enneagram simplified,0,1,0.00,95.0
https://9takes.com/enneagram-corner/enneagram-concepts,enneagram stances,0,6,0.00,58.3
https://9takes.com/enneagram-corner/enneagram-concepts,enneagram styles,0,1,0.00,67.0
https://9takes.com/enneagram-corner/enneagram-concepts,enneagram type 9 subtypes,0,1,0.00,45.0
https://9takes.com/enneagram-corner/enneagram-concepts,enneagram types,0,19,0.00,70.5
https://9takes.com/enneagram-corner/enneagram-concepts,enneagram types basic fears and desires,0,1,0.00,56.0
https://9takes.com/enneagram-corner/enneagram-concepts,enneagram variants,0,7,0.00,43.6
https://9takes.com/enneagram-corner/enneagram-concepts,enneagrammer instincts,0,1,0.00,80.0
https://9takes.com/enneagram-corner/enneagram-concepts,enneatypes,0,2,0.00,69.5
https://9takes.com/enneagram-corner/enneagram-concepts,ennegram types,0,1,0.00,63.0
https://9takes.com/enneagram-corner/enneagram-concepts,expanded instincts,0,1,0.00,89.0
https://9takes.com/enneagram-corner/enneagram-concepts,overview of enneagram types,0,1,0.00,68.0
https://9takes.com/enneagram-corner/enneagram-concepts,subtypes of enneagram 9,0,2,0.00,36.0
https://9takes.com/enneagram-corner/enneagram-concepts,summary of each enneagram type,0,2,0.00,63.5
https://9takes.com/enneagram-corner/enneagram-concepts,type 9 subtypes,0,1,0.00,43.0
https://9takes.com/enneagram-corner/enneagram-concepts,what are the enneagram types,0,1,0.00,60.0
https://9takes.com/enneagram-corner/enneagram-concepts,what are the nine enneagram types,0,1,0.00,67.0
https://9takes.com/enneagram-corner/enneagram-concepts,what are the types of enneagram,0,1,0.00,66.0
https://9takes.com/enneagram-corner/enneagram-connecting-lines,9takes,0,2,0.00,1.0
https://9takes.com/enneagram-corner/enneagram-connecting-lines,dime su significado,0,1,0.00,1.0
https://9takes.com/enneagram-corner/enneagram-connecting-lines,enneagram 4 vs 7,0,1,0.00,8.0
https://9takes.com/enneagram-corner/enneagram-connecting-lines,enneagram circle,0,1,0.00,67.0
https://9takes.com/enneagram-corner/enneagram-connecting-lines,enneagram connections,0,1,0.00,20.0
https://9takes.com/enneagram-corner/enneagram-connecting-lines,enneagram growth and stress,0,2,0.00,39.0
https://9takes.com/enneagram-corner/enneagram-connecting-lines,enneagram integration,0,11,0.00,35.8
https://9takes.com/enneagram-corner/enneagram-connecting-lines,enneagram integration and disintegration lines of stress and growth,0,2,0.00,12.0
https://9takes.com/enneagram-corner/enneagram-connecting-lines,enneagram integration chart,0,7,0.00,48.9
https://9takes.com/enneagram-corner/enneagram-connecting-lines,enneagram lines,0,4,0.00,19.3
https://9takes.com/enneagram-corner/enneagram-connecting-lines,enneagram lines of integration,0,2,0.00,24.0
https://9takes.com/enneagram-corner/enneagram-connecting-lines,enneagram stress and growth,0,2,0.00,35.5
https://9takes.com/enneagram-corner/enneagram-influences,enneagram creator,0,2,0.00,28.0
https://9takes.com/enneagram-corner/enneagram-influences,enneagram founder,0,1,0.00,54.0
https://9takes.com/enneagram-corner/enneagram-influences,enneagram history,0,1,0.00,81.0
https://9takes.com/enneagram-corner/enneagram-influences,who came up with the enneagram,0,1,0.00,64.0
https://9takes.com/enneagram-corner/enneagram-influences,who created enneagram,0,1,0.00,58.0
https://9takes.com/enneagram-corner/enneagram-influences,who created the enneagram,0,2,0.00,64.0
https://9takes.com/enneagram-corner/enneagram-influences,who invented enneagram,0,1,0.00,52.0
https://9takes.com/enneagram-corner/enneagram-influences,who invented the enneagram,0,6,0.00,53.0
https://9takes.com/enneagram-corner/enneagram-influences,who made the enneagram,0,1,0.00,51.0
https://9takes.com/enneagram-corner/enneagram-instinctual-subtypes,7 sx 8 sx,0,1,0.00,11.0
https://9takes.com/enneagram-corner/enneagram-instinctual-subtypes,can instinctual variants change,0,4,0.00,10.5
https://9takes.com/enneagram-corner/enneagram-instinctual-subtypes,can your instinctual variants change,0,21,0.00,8.2
https://9takes.com/enneagram-corner/enneagram-instinctual-subtypes,dominant instinct enneagram,0,1,0.00,50.0
https://9takes.com/enneagram-corner/enneagram-instinctual-subtypes,enneagram 5 instinctual variants,0,1,0.00,36.0
https://9takes.com/enneagram-corner/enneagram-instinctual-subtypes,enneagram 6 instinctual variants,0,1,0.00,33.0
https://9takes.com/enneagram-corner/enneagram-instinctual-subtypes,enneagram 7 instinctual variants,0,1,0.00,63.0
https://9takes.com/enneagram-corner/enneagram-instinctual-subtypes,enneagram 9 instincts,0,1,0.00,23.0
https://9takes.com/enneagram-corner/enneagram-instinctual-subtypes,enneagram 9 instinctual variants,0,3,0.00,25.0
https://9takes.com/enneagram-corner/enneagram-instinctual-subtypes,enneagram 9 subtypes,0,2,0.00,33.5
https://9takes.com/enneagram-corner/enneagram-instinctual-subtypes,enneagram and instinctual variant,0,1,0.00,47.0
https://9takes.com/enneagram-corner/enneagram-instinctual-subtypes,enneagram blind spots,0,21,0.00,19.8
https://9takes.com/enneagram-corner/enneagram-instinctual-subtypes,enneagram instinct,0,4,0.00,50.3
https://9takes.com/enneagram-corner/enneagram-instinctual-subtypes,enneagram instinct stacking,0,2,0.00,29.5
https://9takes.com/enneagram-corner/enneagram-instinctual-subtypes,enneagram instincts,0,21,0.00,66.4
https://9takes.com/enneagram-corner/enneagram-instinctual-subtypes,enneagram instincts and subtypes,0,3,0.00,39.3
https://9takes.com/enneagram-corner/enneagram-instinctual-subtypes,enneagram instincts explained,0,1,0.00,81.0
https://9takes.com/enneagram-corner/enneagram-instinctual-subtypes,enneagram instinctual stacking so sx vs sx so social sexual definition,0,2,0.00,17.5
https://9takes.com/enneagram-corner/enneagram-instinctual-subtypes,enneagram instinctual subtypes,0,3,0.00,37.0
https://9takes.com/enneagram-corner/enneagram-instinctual-subtypes,enneagram instinctual variant,0,4,0.00,40.0
https://9takes.com/enneagram-corner/enneagram-instinctual-subtypes,enneagram instinctual variants,0,460,0.00,39.2
https://9takes.com/enneagram-corner/enneagram-instinctual-subtypes,enneagram instinctual variants test,0,1,0.00,26.0
https://9takes.com/enneagram-corner/enneagram-instinctual-subtypes,enneagram institute instinctual variants,0,1,0.00,33.0
https://9takes.com/enneagram-corner/enneagram-instinctual-subtypes,enneagram sexual instinct,0,1,0.00,46.0
https://9takes.com/enneagram-corner/enneagram-instinctual-subtypes,enneagram sexual social self preservation,0,1,0.00,43.0
https://9takes.com/enneagram-corner/enneagram-instinctual-subtypes,enneagram so sp sx,0,1,0.00,30.0
https://9takes.com/enneagram-corner/enneagram-instinctual-subtypes,enneagram social instinct,0,1,0.00,60.0
https://9takes.com/enneagram-corner/enneagram-instinctual-subtypes,enneagram sp sx so test,0,1,0.00,20.0
https://9takes.com/enneagram-corner/enneagram-instinctual-subtypes,enneagram sp/so,0,4,0.00,27.0
https://9takes.com/enneagram-corner/enneagram-instinctual-subtypes,enneagram sp/sx,0,1,0.00,27.0
https://9takes.com/enneagram-corner/enneagram-instinctual-subtypes,enneagram stacking,0,2,0.00,24.5
https://9takes.com/enneagram-corner/enneagram-instinctual-subtypes,enneagram stacks,0,1,0.00,25.0
https://9takes.com/enneagram-corner/enneagram-instinctual-subtypes,enneagram sx instinct,0,2,0.00,32.5
https://9takes.com/enneagram-corner/enneagram-instinctual-subtypes,enneagram sx so sp,0,1,0.00,33.0
https://9takes.com/enneagram-corner/enneagram-instinctual-subtypes,enneagram test sp so sx,0,2,0.00,30.0
https://9takes.com/enneagram-corner/enneagram-instinctual-subtypes,enneagram test with instinctual variant,0,4,0.00,40.8
https://9takes.com/enneagram-corner/enneagram-instinctual-subtypes,enneagram test with instinctual variant results,0,1,0.00,43.0
https://9takes.com/enneagram-corner/enneagram-instinctual-subtypes,enneagram variant,0,7,0.00,39.4
https://9takes.com/enneagram-corner/enneagram-instinctual-subtypes,enneagram with instinctual variant,0,9,0.00,38.2
https://9takes.com/enneagram-corner/enneagram-instinctual-subtypes,ennegram instincts,0,1,0.00,65.0
https://9takes.com/enneagram-corner/enneagram-instinctual-subtypes,expanded instincts,0,1,0.00,69.0
https://9takes.com/enneagram-corner/enneagram-instinctual-subtypes,healthy sx6,0,1,0.00,35.0
https://9takes.com/enneagram-corner/enneagram-instinctual-subtypes,how to find instinctual variant,0,1,0.00,29.0
https://9takes.com/enneagram-corner/enneagram-instinctual-subtypes,how to find your instinctual variant,0,1,0.00,26.0
https://9takes.com/enneagram-corner/enneagram-instinctual-subtypes,how to know my instinctual variant,0,1,0.00,36.0
https://9takes.com/enneagram-corner/enneagram-instinctual-subtypes,how to know your instinctual variant,0,1,0.00,25.0
https://9takes.com/enneagram-corner/enneagram-instinctual-subtypes,instinct enneagram,0,4,0.00,48.3
https://9takes.com/enneagram-corner/enneagram-instinctual-subtypes,instinct stacking,0,1,0.00,20.0
https://9takes.com/enneagram-corner/enneagram-instinctual-subtypes,instinct typology,0,1,0.00,56.0
https://9takes.com/enneagram-corner/enneagram-instinctual-subtypes,instinct variant,0,1,0.00,52.0
https://9takes.com/enneagram-corner/enneagram-instinctual-subtypes,instinct variants,0,1,0.00,55.0
https://9takes.com/enneagram-corner/enneagram-instinctual-subtypes,instincts enneagram,0,4,0.00,65.3
https://9takes.com/enneagram-corner/enneagram-instinctual-subtypes,instinctual enneagram,0,2,0.00,33.0
https://9takes.com/enneagram-corner/enneagram-instinctual-subtypes,instinctual stacking,0,9,0.00,25.9
https://9takes.com/enneagram-corner/enneagram-instinctual-subtypes,instinctual stacking enneagram,0,3,0.00,27.0
https://9takes.com/enneagram-corner/enneagram-instinctual-subtypes,instinctual striving meaning,0,1,0.00,100.0
https://9takes.com/enneagram-corner/enneagram-instinctual-subtypes,instinctual subtypes,0,1,0.00,22.0
https://9takes.com/enneagram-corner/enneagram-instinctual-subtypes,instinctual variant,0,28,0.00,47.2
https://9takes.com/enneagram-corner/enneagram-instinctual-subtypes,instinctual variant blind spots,0,1,0.00,9.0
https://9takes.com/enneagram-corner/enneagram-instinctual-subtypes,instinctual variant enneagram,0,4,0.00,39.8
https://9takes.com/enneagram-corner/enneagram-instinctual-subtypes,instinctual variant explained,0,4,0.00,40.0
https://9takes.com/enneagram-corner/enneagram-instinctual-subtypes,instinctual variant meaning,0,1,0.00,41.0
https://9takes.com/enneagram-corner/enneagram-instinctual-subtypes,instinctual variant sp/sx,0,1,0.00,26.0
https://9takes.com/enneagram-corner/enneagram-instinctual-subtypes,instinctual variant stacking,0,1,0.00,24.0
https://9takes.com/enneagram-corner/enneagram-instinctual-subtypes,instinctual variant sx/sp,0,1,0.00,21.0
https://9takes.com/enneagram-corner/enneagram-instinctual-subtypes,instinctual variant test,0,1,0.00,30.0
https://9takes.com/enneagram-corner/enneagram-instinctual-subtypes,instinctual variant types,0,3,0.00,44.3
https://9takes.com/enneagram-corner/enneagram-instinctual-subtypes,instinctual variants,0,40,0.00,44.1
https://9takes.com/enneagram-corner/enneagram-instinctual-subtypes,instinctual variants descriptions,0,1,0.00,39.0
https://9takes.com/enneagram-corner/enneagram-instinctual-subtypes,instinctual variants enneagram,0,7,0.00,40.9
https://9takes.com/enneagram-corner/enneagram-instinctual-subtypes,instinctual variants explained,0,1,0.00,45.0
https://9takes.com/enneagram-corner/enneagram-instinctual-subtypes,instincual variants,0,1,0.00,46.0
https://9takes.com/enneagram-corner/enneagram-instinctual-subtypes,most common instinctual variants,0,3,0.00,35.3
https://9takes.com/enneagram-corner/enneagram-instinctual-subtypes,second instinct,0,2,0.00,32.5
https://9takes.com/enneagram-corner/enneagram-instinctual-subtypes,self preservation blind enneagram,0,1,0.00,17.0
https://9takes.com/enneagram-corner/enneagram-instinctual-subtypes,self preservation instinct enneagram,0,5,0.00,49.4
https://9takes.com/enneagram-corner/enneagram-instinctual-subtypes,self-preservation instinct enneagram,0,3,0.00,46.7
https://9takes.com/enneagram-corner/enneagram-instinctual-subtypes,sexual blind enneagram,0,1,0.00,11.0
https://9takes.com/enneagram-corner/enneagram-instinctual-subtypes,sexual instinct enneagram,0,1,0.00,45.0
https://9takes.com/enneagram-corner/enneagram-instinctual-subtypes,sexual instinctual variant,0,1,0.00,34.0
https://9takes.com/enneagram-corner/enneagram-instinctual-subtypes,sexual social self preservation enneagram,0,1,0.00,45.0
https://9takes.com/enneagram-corner/enneagram-instinctual-subtypes,so blind enneagram,0,14,0.00,9.3
https://9takes.com/enneagram-corner/enneagram-instinctual-subtypes,so blind instinctual variant,0,2,0.00,10.5
https://9takes.com/enneagram-corner/enneagram-instinctual-subtypes,so blind vs sp blind,0,2,0.00,21.0
https://9takes.com/enneagram-corner/enneagram-instinctual-subtypes,so instinct,0,1,0.00,25.0
https://9takes.com/enneagram-corner/enneagram-instinctual-subtypes,so sp,0,1,0.00,26.0
https://9takes.com/enneagram-corner/enneagram-instinctual-subtypes,so sp and sx,0,1,0.00,26.0
https://9takes.com/enneagram-corner/enneagram-instinctual-subtypes,so sp sx,0,1,0.00,25.0
https://9takes.com/enneagram-corner/enneagram-instinctual-subtypes,so sx sp,0,7,0.00,26.6
https://9takes.com/enneagram-corner/enneagram-instinctual-subtypes,so/sp,0,1,0.00,27.0
https://9takes.com/enneagram-corner/enneagram-instinctual-subtypes,so/sp 469,0,2,0.00,25.0
https://9takes.com/enneagram-corner/enneagram-instinctual-subtypes,so/sp enneagram,0,1,0.00,31.0
https://9takes.com/enneagram-corner/enneagram-instinctual-subtypes,so/sp instinctual variant,0,2,0.00,31.0
https://9takes.com/enneagram-corner/enneagram-instinctual-subtypes,so/sx enneagram,0,1,0.00,28.0
https://9takes.com/enneagram-corner/enneagram-instinctual-subtypes,so/sx instinctual variant,0,3,0.00,22.7
https://9takes.com/enneagram-corner/enneagram-instinctual-subtypes,so/sx/sp,0,3,0.00,28.7
https://9takes.com/enneagram-corner/enneagram-instinctual-subtypes,so1 vs sp1,0,1,0.00,15.0
https://9takes.com/enneagram-corner/enneagram-instinctual-subtypes,so1 vs sp1 vs sx1,0,3,0.00,17.0
https://9takes.com/enneagram-corner/enneagram-instinctual-subtypes,so1 vs sx1 vs sp1,0,2,0.00,20.0
https://9takes.com/enneagram-corner/enneagram-instinctual-subtypes,so6 эннеаграмма,0,1,0.00,1.0
https://9takes.com/enneagram-corner/enneagram-instinctual-subtypes,so8 vs so9,0,4,0.00,10.3
https://9takes.com/enneagram-corner/enneagram-instinctual-subtypes,so9 enneagram là gì,0,1,0.00,1.0
https://9takes.com/enneagram-corner/enneagram-instinctual-subtypes,social blind enneagram,0,72,0.00,6.1
https://9takes.com/enneagram-corner/enneagram-instinctual-subtypes,social instinct,0,2,0.00,73.0
https://9takes.com/enneagram-corner/enneagram-instinctual-subtypes,social instinct enneagram,0,1,0.00,47.0
https://9takes.com/enneagram-corner/enneagram-instinctual-subtypes,social self preservation sexual enneagram meaning,0,1,0.00,47.0
https://9takes.com/enneagram-corner/enneagram-instinctual-subtypes,social sexual enneagram,0,1,0.00,25.0
https://9takes.com/enneagram-corner/enneagram-instinctual-subtypes,social sexual self preservation enneagram,0,3,0.00,42.0
https://9takes.com/enneagram-corner/enneagram-instinctual-subtypes,social subtype,0,1,0.00,72.0
https://9takes.com/enneagram-corner/enneagram-instinctual-subtypes,social subtype enneagram,0,1,0.00,29.0
https://9takes.com/enneagram-corner/enneagram-instinctual-subtypes,social variant enneagram,0,1,0.00,27.0
https://9takes.com/enneagram-corner/enneagram-instinctual-subtypes,sp blind vs so blind,0,3,0.00,15.3
https://9takes.com/enneagram-corner/enneagram-instinctual-subtypes,sp blind vs sx blind,0,1,0.00,15.0
https://9takes.com/enneagram-corner/enneagram-instinctual-subtypes,sp instinct,0,4,0.00,27.8
https://9takes.com/enneagram-corner/enneagram-instinctual-subtypes,sp so and sx,0,1,0.00,38.0
https://9takes.com/enneagram-corner/enneagram-instinctual-subtypes,sp so enneagram,0,1,0.00,32.0
https://9takes.com/enneagram-corner/enneagram-instinctual-subtypes,sp so sx enneagram,0,2,0.00,34.0
https://9takes.com/enneagram-corner/enneagram-instinctual-subtypes,sp subtype,0,1,0.00,22.0
https://9takes.com/enneagram-corner/enneagram-instinctual-subtypes,sp sx so,0,6,0.00,27.5
https://9takes.com/enneagram-corner/enneagram-instinctual-subtypes,sp sx so enneagram,0,2,0.00,30.5
https://9takes.com/enneagram-corner/enneagram-instinctual-subtypes,sp sx so test,0,1,0.00,40.0
https://9takes.com/enneagram-corner/enneagram-instinctual-subtypes,sp sx test,0,1,0.00,23.0
https://9takes.com/enneagram-corner/enneagram-instinctual-subtypes,sp-blind enneagram,0,6,0.00,8.8
https://9takes.com/enneagram-corner/enneagram-instinctual-subtypes,sp/so 4,0,1,0.00,9.0
https://9takes.com/enneagram-corner/enneagram-instinctual-subtypes,sp/so instinctual variant,0,1,0.00,23.0
https://9takes.com/enneagram-corner/enneagram-instinctual-subtypes,sp/so personality,0,1,0.00,26.0
https://9takes.com/enneagram-corner/enneagram-instinctual-subtypes,sp/sx 8,0,1,0.00,11.0
https://9takes.com/enneagram-corner/enneagram-instinctual-subtypes,sp/sx enneagram,0,3,0.00,32.3
https://9takes.com/enneagram-corner/enneagram-instinctual-subtypes,sp/sx enneagram test,0,1,0.00,15.0
https://9takes.com/enneagram-corner/enneagram-instinctual-subtypes,sp/sx instinctual variant,0,2,0.00,30.5
https://9takes.com/enneagram-corner/enneagram-instinctual-subtypes,sp/sx/so,0,4,0.00,25.8
https://9takes.com/enneagram-corner/enneagram-instinctual-subtypes,sp1 enneagram,0,1,0.00,41.0
https://9takes.com/enneagram-corner/enneagram-instinctual-subtypes,sp1 so1 sx1,0,3,0.00,19.3
https://9takes.com/enneagram-corner/enneagram-instinctual-subtypes,sp1 vs sp9,0,23,0.00,9.3
https://9takes.com/enneagram-corner/enneagram-instinctual-subtypes,sp1 vs sp9 enneagram,0,18,0.00,9.1
https://9takes.com/enneagram-corner/enneagram-instinctual-subtypes,sp1 vs sx1 vs so1,0,1,0.00,19.0
https://9takes.com/enneagram-corner/enneagram-instinctual-subtypes,sp2 enneagram,0,1,0.00,4.0
https://9takes.com/enneagram-corner/enneagram-instinctual-subtypes,sp9 vs so9 vs sx9,0,1,0.00,16.0
https://9takes.com/enneagram-corner/enneagram-instinctual-subtypes,sx blind,0,7,0.00,15.0
https://9takes.com/enneagram-corner/enneagram-instinctual-subtypes,sx blind enneagram,0,3,0.00,12.7
https://9takes.com/enneagram-corner/enneagram-instinctual-subtypes,sx blind vs so blind,0,2,0.00,18.0
https://9takes.com/enneagram-corner/enneagram-instinctual-subtypes,sx dom vs sp dom,0,1,0.00,22.0
https://9takes.com/enneagram-corner/enneagram-instinctual-subtypes,sx enneagram test,0,1,0.00,22.0
https://9takes.com/enneagram-corner/enneagram-instinctual-subtypes,sx instinct,0,1,0.00,38.0
https://9takes.com/enneagram-corner/enneagram-instinctual-subtypes,sx instinct enneagram,0,2,0.00,35.5
https://9takes.com/enneagram-corner/enneagram-instinctual-subtypes,sx instinctual variant,0,3,0.00,24.0
https://9takes.com/enneagram-corner/enneagram-instinctual-subtypes,sx meaning typology,0,1,0.00,25.0
https://9takes.com/enneagram-corner/enneagram-instinctual-subtypes,sx so sp,0,5,0.00,27.4
https://9takes.com/enneagram-corner/enneagram-instinctual-subtypes,sx sp enneagram,0,5,0.00,26.0
https://9takes.com/enneagram-corner/enneagram-instinctual-subtypes,sx subtype enneagram,0,2,0.00,19.0
https://9takes.com/enneagram-corner/enneagram-instinctual-subtypes,sx/so instinctual variant,0,3,0.00,16.0
https://9takes.com/enneagram-corner/enneagram-instinctual-subtypes,sx/so personality,0,2,0.00,25.5
https://9takes.com/enneagram-corner/enneagram-instinctual-subtypes,sx/so subtype,0,1,0.00,16.0
https://9takes.com/enneagram-corner/enneagram-instinctual-subtypes,sx/so/sp,0,4,0.00,26.8
https://9takes.com/enneagram-corner/enneagram-instinctual-subtypes,sx/sp enneagram,0,3,0.00,29.7
https://9takes.com/enneagram-corner/enneagram-instinctual-subtypes,sx/sp instinctual variant,0,3,0.00,24.7
https://9takes.com/enneagram-corner/enneagram-instinctual-subtypes,sx/sp personality,0,1,0.00,36.0
https://9takes.com/enneagram-corner/enneagram-instinctual-subtypes,sx/sp/so,0,1,0.00,27.0
https://9takes.com/enneagram-corner/enneagram-instinctual-subtypes,sx1 vs sx9,0,5,0.00,8.6
https://9takes.com/enneagram-corner/enneagram-instinctual-subtypes,sx6 enneagram -ai,0,1,0.00,50.0
https://9takes.com/enneagram-corner/enneagram-instinctual-subtypes,sx8 vs sx9,0,1,0.00,11.0
https://9takes.com/enneagram-corner/enneagram-instinctual-subtypes,the three instincts enneagram,0,1,0.00,60.0
https://9takes.com/enneagram-corner/enneagram-instinctual-subtypes,type 5 instinctual variants,0,1,0.00,30.0
https://9takes.com/enneagram-corner/enneagram-instinctual-subtypes,what is my instinctual variant,0,4,0.00,34.8
https://9takes.com/enneagram-corner/enneagram-instinctual-subtypes,подтип,0,1,0.00,13.0
https://9takes.com/enneagram-corner/enneagram-instinctual-subtypes,со1 эннеатип,0,1,0.00,1.0
https://9takes.com/enneagram-corner/enneagram-instinctual-subtypes,сп3 эннеаграмма,0,1,0.00,1.0
https://9takes.com/enneagram-corner/enneagram-instinctual-subtypes,сп8 эннеаграмма,0,1,0.00,1.0
https://9takes.com/enneagram-corner/enneagram-instinctual-subtypes,сх 5 эннеаграмма,0,2,0.00,1.0
https://9takes.com/enneagram-corner/enneagram-instinctual-subtypes#detailed-breakdown-each-enneagram-type-and-its-subtypes,social blind enneagram,0,3,0.00,9.7
https://9takes.com/enneagram-corner/enneagram-instinctual-subtypes#detailed-breakdown-each-enneagram-type-and-its-subtypes,social blind instinctual variant,0,1,0.00,9.0
https://9takes.com/enneagram-corner/enneagram-instinctual-subtypes#detailed-breakdown-each-enneagram-type-and-its-subtypes,sp blind enneagram,0,10,0.00,10.7
https://9takes.com/enneagram-corner/enneagram-instinctual-subtypes#detailed-breakdown-each-enneagram-type-and-its-subtypes,sp1 vs sp9,0,6,0.00,10.8
https://9takes.com/enneagram-corner/enneagram-instinctual-subtypes#detailed-breakdown-each-enneagram-type-and-its-subtypes,sp1 vs sp9 enneagram,0,9,0.00,9.2
https://9takes.com/enneagram-corner/enneagram-instinctual-subtypes#the-achiever-type-3,social blind enneagram,0,1,0.00,12.0
https://9takes.com/enneagram-corner/enneagram-instinctual-subtypes#the-achiever-type-3,sp blind enneagram,0,8,0.00,10.8
https://9takes.com/enneagram-corner/enneagram-instinctual-subtypes#the-achiever-type-3,sp1 vs sp9,0,3,0.00,10.7
https://9takes.com/enneagram-corner/enneagram-instinctual-subtypes#the-achiever-type-3,sp1 vs sp9 enneagram,0,6,0.00,9.2
https://9takes.com/enneagram-corner/enneagram-instinctual-subtypes#the-enthusiast-type-7,social blind enneagram,0,1,0.00,12.0
https://9takes.com/enneagram-corner/enneagram-instinctual-subtypes#the-enthusiast-type-7,sp blind enneagram,0,8,0.00,10.8
https://9takes.com/enneagram-corner/enneagram-instinctual-subtypes#the-enthusiast-type-7,sp1 vs sp9,0,3,0.00,10.7
https://9takes.com/enneagram-corner/enneagram-instinctual-subtypes#the-enthusiast-type-7,sp1 vs sp9 enneagram,0,6,0.00,9.2
https://9takes.com/enneagram-corner/enneagram-instinctual-subtypes#the-helper-type-2,social blind enneagram,0,3,0.00,9.7
https://9takes.com/enneagram-corner/enneagram-instinctual-subtypes#the-helper-type-2,social blind instinctual variant,0,1,0.00,9.0
https://9takes.com/enneagram-corner/enneagram-instinctual-subtypes#the-helper-type-2,sp blind enneagram,0,10,0.00,10.7
https://9takes.com/enneagram-corner/enneagram-instinctual-subtypes#the-helper-type-2,sp1 vs sp9,0,6,0.00,10.8
https://9takes.com/enneagram-corner/enneagram-instinctual-subtypes#the-helper-type-2,sp1 vs sp9 enneagram,0,9,0.00,9.2
https://9takes.com/enneagram-corner/enneagram-instinctual-subtypes#the-investigator-type-5,social blind enneagram,0,1,0.00,12.0
https://9takes.com/enneagram-corner/enneagram-instinctual-subtypes#the-investigator-type-5,sp blind enneagram,0,8,0.00,10.8
https://9takes.com/enneagram-corner/enneagram-instinctual-subtypes#the-investigator-type-5,sp1 vs sp9,0,3,0.00,10.7
https://9takes.com/enneagram-corner/enneagram-instinctual-subtypes#the-investigator-type-5,sp1 vs sp9 enneagram,0,6,0.00,9.2
https://9takes.com/enneagram-corner/enneagram-instinctual-subtypes#the-perfectionist-type-1,social blind enneagram,0,1,0.00,12.0
https://9takes.com/enneagram-corner/enneagram-instinctual-subtypes#the-perfectionist-type-1,sp blind enneagram,0,8,0.00,10.8
https://9takes.com/enneagram-corner/enneagram-instinctual-subtypes#the-perfectionist-type-1,sp1 vs sp9,0,3,0.00,10.7
https://9takes.com/enneagram-corner/enneagram-instinctual-subtypes#the-perfectionist-type-1,sp1 vs sp9 enneagram,0,6,0.00,9.2
https://9takes.com/enneagram-corner/enneagram-instinctual-subtypes#why-instinctual-subtypes-matter,social blind enneagram,0,3,0.00,9.7
https://9takes.com/enneagram-corner/enneagram-instinctual-subtypes#why-instinctual-subtypes-matter,social blind instinctual variant,0,1,0.00,9.0
https://9takes.com/enneagram-corner/enneagram-instinctual-subtypes#why-instinctual-subtypes-matter,sp blind enneagram,0,10,0.00,10.7
https://9takes.com/enneagram-corner/enneagram-instinctual-subtypes#why-instinctual-subtypes-matter,sp1 vs sp9,0,6,0.00,10.8
https://9takes.com/enneagram-corner/enneagram-instinctual-subtypes#why-instinctual-subtypes-matter,sp1 vs sp9 enneagram,0,9,0.00,9.2
https://9takes.com/enneagram-corner/enneagram-leadership,enneagram and leadership,0,239,0.00,61.3
https://9takes.com/enneagram-corner/enneagram-leadership,enneagram for leaders,0,1,0.00,62.0
https://9takes.com/enneagram-corner/enneagram-leadership,enneagram leadership,0,6,0.00,53.3
https://9takes.com/enneagram-corner/enneagram-leadership,enneagram leadership styles,0,3,0.00,48.3
https://9takes.com/enneagram-corner/enneagram-leadership,enneagram leadership types,0,5,0.00,57.0
https://9takes.com/enneagram-corner/enneagram-leadership,leadership enneagram,0,7,0.00,59.3
https://9takes.com/enneagram-corner/enneagram-leadership,site:9takes.com,0,1,0.00,87.0
https://9takes.com/enneagram-corner/enneagram-mental-health-flags,yes,0,1,0.00,3.0
https://9takes.com/enneagram-corner/enneagram-parenting-styles,9takes,0,1,0.00,1.0
https://9takes.com/enneagram-corner/enneagram-parenting-styles,enneagram and parenting,0,548,0.00,36.0
https://9takes.com/enneagram-corner/enneagram-parenting-styles,enneagram parent child relationship,0,3,0.00,43.7
https://9takes.com/enneagram-corner/enneagram-parenting-styles,enneagram parenting,0,5,0.00,29.8
https://9takes.com/enneagram-corner/enneagram-parenting-styles,enneagram parents,0,1,0.00,24.0
https://9takes.com/enneagram-corner/enneagram-party-planner,enneagram games for groups,0,1,0.00,77.0
https://9takes.com/enneagram-corner/enneagram-personal-growth,3w9 enneagram,0,2,0.00,76.5
https://9takes.com/enneagram-corner/enneagram-personal-growth,enneagram 3 growth,0,1,0.00,43.0
https://9takes.com/enneagram-corner/enneagram-personal-growth,enneagram 3 growth and stress,0,2,0.00,67.0
https://9takes.com/enneagram-corner/enneagram-personal-growth,enneagram 3 in growth,0,5,0.00,46.6
https://9takes.com/enneagram-corner/enneagram-personal-growth,enneagram 3 in stress and growth,0,1,0.00,76.0
https://9takes.com/enneagram-corner/enneagram-personal-growth,enneagram 3 stress and growth,0,2,0.00,45.0
https://9takes.com/enneagram-corner/enneagram-personal-growth,enneagram 9 growth,0,6,0.00,37.2
https://9takes.com/enneagram-corner/enneagram-personal-growth,enneagram 9 growth and stress,0,2,0.00,33.0
https://9takes.com/enneagram-corner/enneagram-personal-growth,enneagram 9 growth path,0,1,0.00,39.0
https://9takes.com/enneagram-corner/enneagram-personal-growth,enneagram 9 in growth,0,7,0.00,41.1
https://9takes.com/enneagram-corner/enneagram-personal-growth,enneagram 9 in stress and growth,0,2,0.00,41.5
https://9takes.com/enneagram-corner/enneagram-personal-growth,enneagram for personal growth,0,643,0.00,20.1
https://9takes.com/enneagram-corner/enneagram-personal-growth,enneagram growth,0,62,0.00,27.6
https://9takes.com/enneagram-corner/enneagram-personal-growth,enneagram growth and stress,0,1,0.00,63.0
https://9takes.com/enneagram-corner/enneagram-personal-growth,enneagram growth levels,0,6,0.00,43.0
https://9takes.com/enneagram-corner/enneagram-personal-growth,enneagram growth paths,0,1,0.00,35.0
https://9takes.com/enneagram-corner/enneagram-personal-growth,enneagram stress and growth,0,3,0.00,57.7
https://9takes.com/enneagram-corner/enneagram-personal-growth,enneagram type 9 growth,0,6,0.00,36.8
https://9takes.com/enneagram-corner/enneagram-personal-growth,enneagram type 9 personal growth,0,1,0.00,29.0
https://9takes.com/enneagram-corner/enneagram-personal-growth,growth enneagram,0,1,0.00,25.0
https://9takes.com/enneagram-corner/enneagram-self-development,enneagram 8 growth,0,1,0.00,61.0
https://9takes.com/enneagram-corner/enneagram-self-development,enneagram for personal growth,0,1,0.00,73.0
https://9takes.com/enneagram-corner/enneagram-self-development,enneagram type 8 growth,0,1,0.00,62.0
https://9takes.com/enneagram-corner/enneagram-social-styles,hornevian groups enneagram,0,2,0.00,10.5
https://9takes.com/enneagram-corner/enneagram-social-styles,hornevian meaning,0,2,0.00,10.0
https://9takes.com/enneagram-corner/enneagram-social-styles,hornevian triads,0,3,0.00,10.0
https://9takes.com/enneagram-corner/enneagram-strengths-and-weaknesses,6 enneagram,0,1,0.00,4.0
https://9takes.com/enneagram-corner/enneagram-strengths-and-weaknesses,eneagram type 6,0,1,0.00,3.0
https://9takes.com/enneagram-corner/enneagram-strengths-and-weaknesses,enneagram 1 strengths and weaknesses,0,1,0.00,10.0
https://9takes.com/enneagram-corner/enneagram-strengths-and-weaknesses,enneagram 1 weaknesses,0,5,0.00,9.4
https://9takes.com/enneagram-corner/enneagram-strengths-and-weaknesses,enneagram 2 strengths and weaknesses,0,1,0.00,27.0
https://9takes.com/enneagram-corner/enneagram-strengths-and-weaknesses,enneagram 3 strengths and weaknesses,0,3,0.00,14.7
https://9takes.com/enneagram-corner/enneagram-strengths-and-weaknesses,enneagram 3 weaknesses,0,4,0.00,14.5
https://9takes.com/enneagram-corner/enneagram-strengths-and-weaknesses,enneagram 4,0,21,0.00,3.7
https://9takes.com/enneagram-corner/enneagram-strengths-and-weaknesses,enneagram 4 strengths and weaknesses,0,4,0.00,26.3
https://9takes.com/enneagram-corner/enneagram-strengths-and-weaknesses,enneagram 6 deadly sin,0,1,0.00,3.0
https://9takes.com/enneagram-corner/enneagram-strengths-and-weaknesses,enneagram 6 with 5 wing,0,1,0.00,3.0
https://9takes.com/enneagram-corner/enneagram-strengths-and-weaknesses,enneagram 9 strengths and weaknesses,0,11,0.00,10.7
https://9takes.com/enneagram-corner/enneagram-strengths-and-weaknesses,enneagram 9 weaknesses,0,5,0.00,21.4
https://9takes.com/enneagram-corner/enneagram-strengths-and-weaknesses,enneagram chart,0,1,0.00,5.0
https://9takes.com/enneagram-corner/enneagram-strengths-and-weaknesses,enneagram flaws,0,3,0.00,8.3
https://9takes.com/enneagram-corner/enneagram-strengths-and-weaknesses,enneagram four,0,1,0.00,4.0
https://9takes.com/enneagram-corner/enneagram-strengths-and-weaknesses,enneagram helper type 2,0,1,0.00,3.0
https://9takes.com/enneagram-corner/enneagram-strengths-and-weaknesses,enneagram type 1 strengths and weaknesses,0,6,0.00,11.0
https://9takes.com/enneagram-corner/enneagram-strengths-and-weaknesses,enneagram type 2,0,16,0.00,3.0
https://9takes.com/enneagram-corner/enneagram-strengths-and-weaknesses,enneagram type 2 strengths and weaknesses,0,3,0.00,12.7
https://9takes.com/enneagram-corner/enneagram-strengths-and-weaknesses,enneagram type 3 strengths and weaknesses,0,4,0.00,9.3
https://9takes.com/enneagram-corner/enneagram-strengths-and-weaknesses,enneagram type 3 weaknesses,0,1,0.00,10.0
https://9takes.com/enneagram-corner/enneagram-strengths-and-weaknesses,enneagram type 4,0,5,0.00,3.8
https://9takes.com/enneagram-corner/enneagram-strengths-and-weaknesses,enneagram type 4 strengths and weaknesses,0,2,0.00,11.0
https://9takes.com/enneagram-corner/enneagram-strengths-and-weaknesses,enneagram type 7 strengths and weaknesses,0,1,0.00,10.0
https://9takes.com/enneagram-corner/enneagram-strengths-and-weaknesses,enneagram type 9 strengths and weaknesses,0,5,0.00,10.2
https://9takes.com/enneagram-corner/enneagram-strengths-and-weaknesses,enneagram types,0,1,0.00,3.0
https://9takes.com/enneagram-corner/enneagram-strengths-and-weaknesses,enneagram types strengths and weaknesses,0,55,0.00,7.2
https://9takes.com/enneagram-corner/enneagram-strengths-and-weaknesses,enneagram vices,0,1,0.00,66.0
https://9takes.com/enneagram-corner/enneagram-strengths-and-weaknesses,enneagram weaknesses,0,28,0.00,8.4
https://9takes.com/enneagram-corner/enneagram-strengths-and-weaknesses,ennegram type 2,0,1,0.00,3.0
https://9takes.com/enneagram-corner/enneagram-strengths-and-weaknesses,individualist personality,0,1,0.00,3.0
https://9takes.com/enneagram-corner/enneagram-strengths-and-weaknesses,so4 enneagram,0,1,0.00,4.0
https://9takes.com/enneagram-corner/enneagram-strengths-and-weaknesses,type 2 enegram,0,1,0.00,3.0
https://9takes.com/enneagram-corner/enneagram-strengths-and-weaknesses,type 2 enneagram,0,9,0.00,3.1
https://9takes.com/enneagram-corner/enneagram-strengths-and-weaknesses,type 2 ennegram,0,1,0.00,3.0
https://9takes.com/enneagram-corner/enneagram-strengths-and-weaknesses,type 2 helper enneagram,0,1,0.00,3.0
https://9takes.com/enneagram-corner/enneagram-strengths-and-weaknesses,type 4 enneagram,0,5,0.00,3.2
https://9takes.com/enneagram-corner/enneagram-strengths-and-weaknesses,type 5 enneagram,0,1,0.00,3.0
https://9takes.com/enneagram-corner/enneagram-strengths-and-weaknesses,type 6 enneagram,0,4,0.00,3.0
https://9takes.com/enneagram-corner/enneagram-strengths-and-weaknesses,what is an enneagram 4,0,1,0.00,3.0
https://9takes.com/enneagram-corner/enneagram-strengths-and-weaknesses#strengths-in-different-contexts,enneagram 1 strengths and weaknesses,0,1,0.00,10.0
https://9takes.com/enneagram-corner/enneagram-strengths-and-weaknesses#strengths-in-different-contexts,enneagram 1 weaknesses,0,1,0.00,12.0
https://9takes.com/enneagram-corner/enneagram-strengths-and-weaknesses#strengths-in-different-contexts,enneagram 3 strengths and weaknesses,0,1,0.00,12.0
https://9takes.com/enneagram-corner/enneagram-strengths-and-weaknesses#strengths-in-different-contexts,enneagram 3 weaknesses,0,2,0.00,11.5
https://9takes.com/enneagram-corner/enneagram-strengths-and-weaknesses#strengths-in-different-contexts,enneagram 9 strengths and weaknesses,0,4,0.00,10.8
https://9takes.com/enneagram-corner/enneagram-strengths-and-weaknesses#strengths-in-different-contexts,enneagram strengths and weaknesses,0,79,0.00,5.3
https://9takes.com/enneagram-corner/enneagram-strengths-and-weaknesses#strengths-in-different-contexts,enneagram types strengths and weaknesses,0,7,0.00,5.4
https://9takes.com/enneagram-corner/enneagram-strengths-and-weaknesses#type-1---the-perfectionist,enneagram 1 strengths and weaknesses,0,1,0.00,10.0
https://9takes.com/enneagram-corner/enneagram-strengths-and-weaknesses#type-1---the-perfectionist,enneagram 1 weaknesses,0,1,0.00,12.0
https://9takes.com/enneagram-corner/enneagram-strengths-and-weaknesses#type-1---the-perfectionist,enneagram 3 strengths and weaknesses,0,1,0.00,12.0
https://9takes.com/enneagram-corner/enneagram-strengths-and-weaknesses#type-1---the-perfectionist,enneagram 3 weaknesses,0,1,0.00,12.0
https://9takes.com/enneagram-corner/enneagram-strengths-and-weaknesses#type-1---the-perfectionist,enneagram 9 strengths and weaknesses,0,3,0.00,10.7
https://9takes.com/enneagram-corner/enneagram-strengths-and-weaknesses#type-1---the-perfectionist,enneagram strengths and weaknesses,0,79,0.00,5.3
https://9takes.com/enneagram-corner/enneagram-strengths-and-weaknesses#type-1---the-perfectionist,enneagram type 1 strengths and weaknesses,0,4,0.00,9.0
https://9takes.com/enneagram-corner/enneagram-strengths-and-weaknesses#type-1---the-perfectionist,enneagram type 2 strengths and weaknesses,0,2,0.00,10.0
https://9takes.com/enneagram-corner/enneagram-strengths-and-weaknesses#type-1---the-perfectionist,enneagram type 3 strengths and weaknesses,0,4,0.00,9.3
https://9takes.com/enneagram-corner/enneagram-strengths-and-weaknesses#type-1---the-perfectionist,enneagram type 4 strengths and weaknesses,0,2,0.00,11.0
https://9takes.com/enneagram-corner/enneagram-strengths-and-weaknesses#type-1---the-perfectionist,enneagram type 7 strengths and weaknesses,0,1,0.00,10.0
https://9takes.com/enneagram-corner/enneagram-strengths-and-weaknesses#type-1---the-perfectionist,enneagram type 9 strengths and weaknesses,0,2,0.00,5.5
https://9takes.com/enneagram-corner/enneagram-strengths-and-weaknesses#type-1---the-perfectionist,enneagram types strengths and weaknesses,0,29,0.00,5.5
https://9takes.com/enneagram-corner/enneagram-strengths-and-weaknesses#type-1---the-perfectionist,enneagram weaknesses,0,3,0.00,8.0
https://9takes.com/enneagram-corner/enneagram-strengths-and-weaknesses#type-2---the-helper,enneagram 1 strengths and weaknesses,0,1,0.00,10.0
https://9takes.com/enneagram-corner/enneagram-strengths-and-weaknesses#type-2---the-helper,enneagram 1 weaknesses,0,1,0.00,12.0
https://9takes.com/enneagram-corner/enneagram-strengths-and-weaknesses#type-2---the-helper,enneagram 3 strengths and weaknesses,0,1,0.00,12.0
https://9takes.com/enneagram-corner/enneagram-strengths-and-weaknesses#type-2---the-helper,enneagram 3 weaknesses,0,1,0.00,12.0
https://9takes.com/enneagram-corner/enneagram-strengths-and-weaknesses#type-2---the-helper,enneagram 9 strengths and weaknesses,0,3,0.00,10.7
https://9takes.com/enneagram-corner/enneagram-strengths-and-weaknesses#type-2---the-helper,enneagram strengths and weaknesses,0,26,0.00,5.5
https://9takes.com/enneagram-corner/enneagram-strengths-and-weaknesses#type-2---the-helper,enneagram type 1 strengths and weaknesses,0,3,0.00,9.0
https://9takes.com/enneagram-corner/enneagram-strengths-and-weaknesses#type-2---the-helper,enneagram type 2 strengths and weaknesses,0,2,0.00,10.0
https://9takes.com/enneagram-corner/enneagram-strengths-and-weaknesses#type-2---the-helper,enneagram type 3 strengths and weaknesses,0,2,0.00,9.5
https://9takes.com/enneagram-corner/enneagram-strengths-and-weaknesses#type-2---the-helper,enneagram type 7 strengths and weaknesses,0,1,0.00,10.0
https://9takes.com/enneagram-corner/enneagram-strengths-and-weaknesses#type-2---the-helper,enneagram type 9 strengths and weaknesses,0,2,0.00,5.5
https://9takes.com/enneagram-corner/enneagram-strengths-and-weaknesses#type-2---the-helper,enneagram types strengths and weaknesses,0,11,0.00,5.9
https://9takes.com/enneagram-corner/enneagram-strengths-and-weaknesses#type-2---the-helper,enneagram weaknesses,0,2,0.00,6.5
https://9takes.com/enneagram-corner/enneagram-strengths-and-weaknesses#type-3---the-achiever,enneagram 1 strengths and weaknesses,0,1,0.00,10.0
https://9takes.com/enneagram-corner/enneagram-strengths-and-weaknesses#type-3---the-achiever,enneagram 1 weaknesses,0,1,0.00,12.0
https://9takes.com/enneagram-corner/enneagram-strengths-and-weaknesses#type-3---the-achiever,enneagram 3 strengths and weaknesses,0,1,0.00,12.0
https://9takes.com/enneagram-corner/enneagram-strengths-and-weaknesses#type-3---the-achiever,enneagram 3 weaknesses,0,2,0.00,11.5
https://9takes.com/enneagram-corner/enneagram-strengths-and-weaknesses#type-3---the-achiever,enneagram 9 strengths and weaknesses,0,3,0.00,10.7
https://9takes.com/enneagram-corner/enneagram-strengths-and-weaknesses#type-3---the-achiever,enneagram strengths and weaknesses,0,31,0.00,5.6
https://9takes.com/enneagram-corner/enneagram-strengths-and-weaknesses#type-3---the-achiever,enneagram type 1 strengths and weaknesses,0,3,0.00,9.0
https://9takes.com/enneagram-corner/enneagram-strengths-and-weaknesses#type-3---the-achiever,enneagram type 2 strengths and weaknesses,0,1,0.00,10.0
https://9takes.com/enneagram-corner/enneagram-strengths-and-weaknesses#type-3---the-achiever,enneagram type 3 strengths and weaknesses,0,4,0.00,9.3
https://9takes.com/enneagram-corner/enneagram-strengths-and-weaknesses#type-3---the-achiever,enneagram type 7 strengths and weaknesses,0,1,0.00,10.0
https://9takes.com/enneagram-corner/enneagram-strengths-and-weaknesses#type-3---the-achiever,enneagram type 9 strengths and weaknesses,0,2,0.00,5.5
https://9takes.com/enneagram-corner/enneagram-strengths-and-weaknesses#type-3---the-achiever,enneagram types strengths and weaknesses,0,16,0.00,5.9
https://9takes.com/enneagram-corner/enneagram-strengths-and-weaknesses#type-3---the-achiever,enneagram weaknesses,0,2,0.00,6.5
https://9takes.com/enneagram-corner/enneagram-strengths-and-weaknesses#type-4---the-individualist,enneagram 1 strengths and weaknesses,0,1,0.00,10.0
https://9takes.com/enneagram-corner/enneagram-strengths-and-weaknesses#type-4---the-individualist,enneagram 1 weaknesses,0,1,0.00,12.0
https://9takes.com/enneagram-corner/enneagram-strengths-and-weaknesses#type-4---the-individualist,enneagram 3 strengths and weaknesses,0,1,0.00,12.0
https://9takes.com/enneagram-corner/enneagram-strengths-and-weaknesses#type-4---the-individualist,enneagram 3 weaknesses,0,1,0.00,12.0
https://9takes.com/enneagram-corner/enneagram-strengths-and-weaknesses#type-4---the-individualist,enneagram 9 strengths and weaknesses,0,3,0.00,10.7
https://9takes.com/enneagram-corner/enneagram-strengths-and-weaknesses#type-4---the-individualist,enneagram strengths and weaknesses,0,31,0.00,5.6
https://9takes.com/enneagram-corner/enneagram-strengths-and-weaknesses#type-4---the-individualist,enneagram type 1 strengths and weaknesses,0,4,0.00,9.0
https://9takes.com/enneagram-corner/enneagram-strengths-and-weaknesses#type-4---the-individualist,enneagram type 2 strengths and weaknesses,0,1,0.00,10.0
https://9takes.com/enneagram-corner/enneagram-strengths-and-weaknesses#type-4---the-individualist,enneagram type 3 strengths and weaknesses,0,2,0.00,9.5
https://9takes.com/enneagram-corner/enneagram-strengths-and-weaknesses#type-4---the-individualist,enneagram type 4 strengths and weaknesses,0,2,0.00,11.0
https://9takes.com/enneagram-corner/enneagram-strengths-and-weaknesses#type-4---the-individualist,enneagram type 7 strengths and weaknesses,0,1,0.00,10.0
https://9takes.com/enneagram-corner/enneagram-strengths-and-weaknesses#type-4---the-individualist,enneagram type 9 strengths and weaknesses,0,2,0.00,5.5
https://9takes.com/enneagram-corner/enneagram-strengths-and-weaknesses#type-4---the-individualist,enneagram types strengths and weaknesses,0,28,0.00,5.4
https://9takes.com/enneagram-corner/enneagram-strengths-and-weaknesses#type-4---the-individualist,enneagram weaknesses,0,3,0.00,8.0
https://9takes.com/enneagram-corner/enneagram-strengths-and-weaknesses#type-5---the-investigator,enneagram 1 strengths and weaknesses,0,1,0.00,10.0
https://9takes.com/enneagram-corner/enneagram-strengths-and-weaknesses#type-5---the-investigator,enneagram 1 weaknesses,0,1,0.00,12.0
https://9takes.com/enneagram-corner/enneagram-strengths-and-weaknesses#type-5---the-investigator,enneagram 3 strengths and weaknesses,0,1,0.00,12.0
https://9takes.com/enneagram-corner/enneagram-strengths-and-weaknesses#type-5---the-investigator,enneagram 3 weaknesses,0,1,0.00,12.0
https://9takes.com/enneagram-corner/enneagram-strengths-and-weaknesses#type-5---the-investigator,enneagram strengths and weaknesses,0,21,0.00,5.5
https://9takes.com/enneagram-corner/enneagram-strengths-and-weaknesses#type-5---the-investigator,enneagram type 1 strengths and weaknesses,0,3,0.00,9.0
https://9takes.com/enneagram-corner/enneagram-strengths-and-weaknesses#type-5---the-investigator,enneagram type 2 strengths and weaknesses,0,1,0.00,10.0
https://9takes.com/enneagram-corner/enneagram-strengths-and-weaknesses#type-5---the-investigator,enneagram type 3 strengths and weaknesses,0,2,0.00,9.5
https://9takes.com/enneagram-corner/enneagram-strengths-and-weaknesses#type-5---the-investigator,enneagram type 7 strengths and weaknesses,0,1,0.00,10.0
https://9takes.com/enneagram-corner/enneagram-strengths-and-weaknesses#type-5---the-investigator,enneagram type 9 strengths and weaknesses,0,2,0.00,5.5
https://9takes.com/enneagram-corner/enneagram-strengths-and-weaknesses#type-5---the-investigator,enneagram types strengths and weaknesses,0,11,0.00,5.9
https://9takes.com/enneagram-corner/enneagram-strengths-and-weaknesses#type-5---the-investigator,enneagram weaknesses,0,2,0.00,6.5
https://9takes.com/enneagram-corner/enneagram-strengths-and-weaknesses#type-6---the-loyalist,enneagram type 1 strengths and weaknesses,0,3,0.00,9.0
https://9takes.com/enneagram-corner/enneagram-strengths-and-weaknesses#type-6---the-loyalist,enneagram type 2 strengths and weaknesses,0,1,0.00,10.0
https://9takes.com/enneagram-corner/enneagram-strengths-and-weaknesses#type-6---the-loyalist,enneagram type 3 strengths and weaknesses,0,2,0.00,9.5
https://9takes.com/enneagram-corner/enneagram-strengths-and-weaknesses#type-6---the-loyalist,enneagram types strengths and weaknesses,0,10,0.00,5.5
https://9takes.com/enneagram-corner/enneagram-strengths-and-weaknesses#type-6---the-loyalist,enneagram weaknesses,0,2,0.00,6.5
https://9takes.com/enneagram-corner/enneagram-strengths-and-weaknesses#type-7---the-enthusiast,enneagram strengths and weaknesses,0,10,0.00,5.8
https://9takes.com/enneagram-corner/enneagram-strengths-and-weaknesses#type-7---the-enthusiast,enneagram type 7 strengths and weaknesses,0,1,0.00,10.0
https://9takes.com/enneagram-corner/enneagram-strengths-and-weaknesses#type-7---the-enthusiast,enneagram types strengths and weaknesses,0,5,0.00,5.8
https://9takes.com/enneagram-corner/enneagram-strengths-and-weaknesses#type-8---the-challenger,enneagram types strengths and weaknesses,0,2,0.00,9.0
https://9takes.com/enneagram-corner/enneagram-strengths-and-weaknesses#type-9---the-peacemaker,enneagram 9 strengths and weaknesses,0,4,0.00,10.8
https://9takes.com/enneagram-corner/enneagram-strengths-and-weaknesses#type-9---the-peacemaker,enneagram strengths and weaknesses,0,5,0.00,6.2
https://9takes.com/enneagram-corner/enneagram-strengths-and-weaknesses#type-9---the-peacemaker,enneagram type 9 strengths and weaknesses,0,2,0.00,5.5
https://9takes.com/enneagram-corner/enneagram-strengths-and-weaknesses#type-9---the-peacemaker,enneagram types strengths and weaknesses,0,5,0.00,5.8
https://9takes.com/enneagram-corner/enneagram-strengths-and-weaknesses#working-with-your-weaknesses-a-strategic-approach,enneagram 1 strengths and weaknesses,0,1,0.00,10.0
https://9takes.com/enneagram-corner/enneagram-strengths-and-weaknesses#working-with-your-weaknesses-a-strategic-approach,enneagram 1 weaknesses,0,1,0.00,12.0
https://9takes.com/enneagram-corner/enneagram-strengths-and-weaknesses#working-with-your-weaknesses-a-strategic-approach,enneagram 3 strengths and weaknesses,0,1,0.00,12.0
https://9takes.com/enneagram-corner/enneagram-strengths-and-weaknesses#working-with-your-weaknesses-a-strategic-approach,enneagram 3 weaknesses,0,2,0.00,11.5
https://9takes.com/enneagram-corner/enneagram-strengths-and-weaknesses#working-with-your-weaknesses-a-strategic-approach,enneagram 9 strengths and weaknesses,0,4,0.00,10.8
https://9takes.com/enneagram-corner/enneagram-strengths-and-weaknesses#working-with-your-weaknesses-a-strategic-approach,enneagram strengths and weaknesses,0,79,0.00,5.3
https://9takes.com/enneagram-corner/enneagram-strengths-and-weaknesses#working-with-your-weaknesses-a-strategic-approach,enneagram type 1 strengths and weaknesses,0,4,0.00,9.0
https://9takes.com/enneagram-corner/enneagram-strengths-and-weaknesses#working-with-your-weaknesses-a-strategic-approach,enneagram type 2 strengths and weaknesses,0,2,0.00,10.0
https://9takes.com/enneagram-corner/enneagram-strengths-and-weaknesses#working-with-your-weaknesses-a-strategic-approach,enneagram type 3 strengths and weaknesses,0,4,0.00,9.3
https://9takes.com/enneagram-corner/enneagram-strengths-and-weaknesses#working-with-your-weaknesses-a-strategic-approach,enneagram type 4 strengths and weaknesses,0,2,0.00,11.0
https://9takes.com/enneagram-corner/enneagram-strengths-and-weaknesses#working-with-your-weaknesses-a-strategic-approach,enneagram type 7 strengths and weaknesses,0,1,0.00,10.0
https://9takes.com/enneagram-corner/enneagram-strengths-and-weaknesses#working-with-your-weaknesses-a-strategic-approach,enneagram type 9 strengths and weaknesses,0,2,0.00,5.5
https://9takes.com/enneagram-corner/enneagram-strengths-and-weaknesses#working-with-your-weaknesses-a-strategic-approach,enneagram types strengths and weaknesses,0,27,0.00,5.6
https://9takes.com/enneagram-corner/enneagram-strengths-and-weaknesses#working-with-your-weaknesses-a-strategic-approach,enneagram weaknesses,0,3,0.00,8.0
https://9takes.com/enneagram-corner/enneagram-stress-number,enneagram 1 in stress,0,10,0.00,52.9
https://9takes.com/enneagram-corner/enneagram-stress-number,enneagram 1 in stress and growth,0,2,0.00,58.5
https://9takes.com/enneagram-corner/enneagram-stress-number,enneagram 1 stress,0,5,0.00,47.0
https://9takes.com/enneagram-corner/enneagram-stress-number,enneagram 1 stress and growth,0,1,0.00,47.0
https://9takes.com/enneagram-corner/enneagram-stress-number,enneagram 1 under stress,0,3,0.00,55.0
https://9takes.com/enneagram-corner/enneagram-stress-number,enneagram 2 in stress,0,1,0.00,93.0
https://9takes.com/enneagram-corner/enneagram-stress-number,enneagram 2 stress,0,2,0.00,77.0
https://9takes.com/enneagram-corner/enneagram-stress-number,enneagram 2 under stress,0,1,0.00,72.0
https://9takes.com/enneagram-corner/enneagram-stress-number,enneagram 3 in stress,0,3,0.00,63.3
https://9takes.com/enneagram-corner/enneagram-stress-number,enneagram 3 stress,0,3,0.00,44.3
https://9takes.com/enneagram-corner/enneagram-stress-number,enneagram 3 under stress,0,7,0.00,26.0
https://9takes.com/enneagram-corner/enneagram-stress-number,enneagram 4 in stress,0,2,0.00,85.0
https://9takes.com/enneagram-corner/enneagram-stress-number,enneagram 4 stress,0,1,0.00,80.0
https://9takes.com/enneagram-corner/enneagram-stress-number,enneagram 4 under stress,0,2,0.00,59.5
https://9takes.com/enneagram-corner/enneagram-stress-number,enneagram 5 under stress,0,3,0.00,28.3
https://9takes.com/enneagram-corner/enneagram-stress-number,enneagram 6 disintegration to 3,0,1,0.00,28.0
https://9takes.com/enneagram-corner/enneagram-stress-number,enneagram 6 in stress,0,7,0.00,46.7
https://9takes.com/enneagram-corner/enneagram-stress-number,enneagram 6 stress,0,1,0.00,41.0
https://9takes.com/enneagram-corner/enneagram-stress-number,enneagram 6 stress and growth,0,1,0.00,47.0
https://9takes.com/enneagram-corner/enneagram-stress-number,enneagram 6 under stress,0,2,0.00,34.5
https://9takes.com/enneagram-corner/enneagram-stress-number,enneagram 7 in stress,0,7,0.00,51.3
https://9takes.com/enneagram-corner/enneagram-stress-number,enneagram 7 in stress and growth,0,1,0.00,37.0
https://9takes.com/enneagram-corner/enneagram-stress-number,enneagram 7 stress,0,11,0.00,47.5
https://9takes.com/enneagram-corner/enneagram-stress-number,enneagram 7 under stress,0,6,0.00,48.5
https://9takes.com/enneagram-corner/enneagram-stress-number,enneagram 8 under stress,0,1,0.00,38.0
https://9takes.com/enneagram-corner/enneagram-stress-number,enneagram 9 in stress,0,1,0.00,59.0
https://9takes.com/enneagram-corner/enneagram-stress-number,enneagram 9 under stress,0,1,0.00,44.0
https://9takes.com/enneagram-corner/enneagram-stress-number,enneagram deadly sins,0,1,0.00,57.0
https://9takes.com/enneagram-corner/enneagram-stress-number,enneagram growth and stress,0,3,0.00,55.3
https://9takes.com/enneagram-corner/enneagram-stress-number,enneagram health and stress,0,1,0.00,72.0
https://9takes.com/enneagram-corner/enneagram-stress-number,enneagram in stress,0,1,0.00,49.0
https://9takes.com/enneagram-corner/enneagram-stress-number,enneagram in stress and growth,0,1,0.00,39.0
https://9takes.com/enneagram-corner/enneagram-stress-number,enneagram one in stress,0,4,0.00,51.8
https://9takes.com/enneagram-corner/enneagram-stress-number,enneagram stress,0,7,0.00,37.1
https://9takes.com/enneagram-corner/enneagram-stress-number,enneagram stress and growth,0,5,0.00,60.0
https://9takes.com/enneagram-corner/enneagram-stress-number,enneagram stress arrows,0,2,0.00,80.0
https://9takes.com/enneagram-corner/enneagram-stress-number,enneagram stress points,0,11,0.00,22.0
https://9takes.com/enneagram-corner/enneagram-stress-number,enneagram type 2 stress,0,1,0.00,67.0
https://9takes.com/enneagram-corner/enneagram-stress-number,enneagram type 7 under stress,0,1,0.00,33.0
https://9takes.com/enneagram-corner/enneagram-stress-number,enneagram type 9 stress,0,1,0.00,14.0
https://9takes.com/enneagram-corner/enneagram-stress-number,enneagram types under stress,0,2,0.00,20.0
https://9takes.com/enneagram-corner/enneagram-stress-number,enneagram under stress,0,1,0.00,28.0
https://9takes.com/enneagram-corner/enneagram-stress-number,enneagram weaknesses,0,2,0.00,88.0
https://9takes.com/enneagram-corner/enneagram-stress-number,how to break enneagram patterns,0,1,0.00,9.0
https://9takes.com/enneagram-corner/enneagram-stress-number,most manipulative enneagram,0,1,0.00,52.0
https://9takes.com/enneagram-corner/enneagram-stress-number,most stubborn enneagram,0,1,0.00,64.0
https://9takes.com/enneagram-corner/enneagram-stress-number,negative enneagram,0,1,0.00,52.0
https://9takes.com/enneagram-corner/enneagram-stress-number,negative enneagram types,0,1,0.00,66.0
https://9takes.com/enneagram-corner/enneagram-stress-number,stress enneagram,0,1,0.00,39.0
https://9takes.com/enneagram-corner/enneagram-stress-number,stress types,0,1,0.00,7.0
https://9takes.com/enneagram-corner/enneagram-stress-number,type 6 in stress,0,2,0.00,47.5
https://9takes.com/enneagram-corner/enneagram-stress-number,what does enneagram 1 go to in stress,0,1,0.00,84.0
https://9takes.com/enneagram-corner/enneagram-stress-number,what does enneagram 6 go to in stress,0,1,0.00,34.0
https://9takes.com/enneagram-corner/enneagram-stress-number,where do 8s go in stress,0,1,0.00,48.0
https://9takes.com/enneagram-corner/enneagram-stress-number,where does enneagram 1 go in stress,0,1,0.00,48.0
https://9takes.com/enneagram-corner/enneagram-stress-number,where does enneagram 2 go in stress,0,1,0.00,78.0
https://9takes.com/enneagram-corner/enneagram-stress-number,where does enneagram 3 go in stress,0,1,0.00,84.0
https://9takes.com/enneagram-corner/enneagram-stress-number,where does enneagram 4 go in stress,0,1,0.00,76.0
https://9takes.com/enneagram-corner/enneagram-stress-number,where does enneagram 5 go in stress,0,1,0.00,48.0
https://9takes.com/enneagram-corner/enneagram-stress-number,where does enneagram 7 go in stress,0,1,0.00,48.0
https://9takes.com/enneagram-corner/enneagram-stress-number,where does enneagram 9 go in stress,0,1,0.00,36.0
https://9takes.com/enneagram-corner/enneagram-stress-number,which enneagram is the most emotional,0,1,0.00,28.0
https://9takes.com/enneagram-corner/enneagram-team-dynamics,enneagram activities for teams,0,1,0.00,41.0
https://9takes.com/enneagram-corner/enneagram-team-dynamics,enneagram and teams,0,564,0.00,35.7
https://9takes.com/enneagram-corner/enneagram-team-dynamics,enneagram for teams,0,10,0.00,35.5
https://9takes.com/enneagram-corner/enneagram-team-dynamics,enneagram group,0,1,0.00,55.0
https://9takes.com/enneagram-corner/enneagram-team-dynamics,enneagram team building,0,13,0.00,37.6
https://9takes.com/enneagram-corner/enneagram-team-dynamics,enneagram team map,0,1,0.00,10.0
https://9takes.com/enneagram-corner/enneagram-team-dynamics,enneagram team session,0,2,0.00,49.5
https://9takes.com/enneagram-corner/enneagram-team-dynamics,enneagram team training,0,3,0.00,35.7
https://9takes.com/enneagram-corner/enneagram-team-dynamics,team enneagram,0,6,0.00,35.5
https://9takes.com/enneagram-corner/enneagram-test-comparison-2025,"""free results"" type theory",0,2,0.00,10.0
https://9takes.com/enneagram-corner/enneagram-test-comparison-2025,1-9 personality test,0,2,0.00,77.0
https://9takes.com/enneagram-corner/enneagram-test-comparison-2025,100 free enneagram test,0,1,0.00,11.0
https://9takes.com/enneagram-corner/enneagram-test-comparison-2025,accurate enneagram test,0,9,0.00,40.2
https://9takes.com/enneagram-corner/enneagram-test-comparison-2025,accurate enneagram test free,0,1,0.00,18.0
https://9takes.com/enneagram-corner/enneagram-test-comparison-2025,actual free enneagram test,0,5,0.00,12.8
https://9takes.com/enneagram-corner/enneagram-test-comparison-2025,actually free enneagram test,0,11,0.00,21.5
https://9takes.com/enneagram-corner/enneagram-test-comparison-2025,best ennagram test,0,1,0.00,51.0
https://9takes.com/enneagram-corner/enneagram-test-comparison-2025,best enneagram,0,1,0.00,42.0
https://9takes.com/enneagram-corner/enneagram-test-comparison-2025,best enneagram free test,0,17,0.00,12.3
https://9takes.com/enneagram-corner/enneagram-test-comparison-2025,best enneagram quiz,0,2,0.00,37.0
https://9takes.com/enneagram-corner/enneagram-test-comparison-2025,best enneagram test,0,96,0.00,33.4
https://9takes.com/enneagram-corner/enneagram-test-comparison-2025,best enneagram test free,0,1082,0.00,10.2
https://9takes.com/enneagram-corner/enneagram-test-comparison-2025,best enneagram test free reddit,0,4,0.00,12.8
https://9takes.com/enneagram-corner/enneagram-test-comparison-2025,best enneagram test free results,0,5,0.00,10.6
https://9takes.com/enneagram-corner/enneagram-test-comparison-2025,best enneagram test online,0,6,0.00,39.8
https://9takes.com/enneagram-corner/enneagram-test-comparison-2025,best enneagram tests,0,4,0.00,38.8
https://9takes.com/enneagram-corner/enneagram-test-comparison-2025,best ennegram test,0,5,0.00,34.8
https://9takes.com/enneagram-corner/enneagram-test-comparison-2025,best free eneagram test,0,6,0.00,8.8
https://9takes.com/enneagram-corner/enneagram-test-comparison-2025,best free enneagram,0,23,0.00,8.9
https://9takes.com/enneagram-corner/enneagram-test-comparison-2025,best free enneagram personality test,0,14,0.00,10.9
https://9takes.com/enneagram-corner/enneagram-test-comparison-2025,best free enneagram test and results,0,41,0.00,10.6
https://9takes.com/enneagram-corner/enneagram-test-comparison-2025,best free enneagram test online,0,5,0.00,14.6
https://9takes.com/enneagram-corner/enneagram-test-comparison-2025,best free enneagram test reddit,0,20,0.00,10.4
https://9takes.com/enneagram-corner/enneagram-test-comparison-2025,best free enneagram tests,0,24,0.00,10.5
https://9takes.com/enneagram-corner/enneagram-test-comparison-2025,best free online enneagram test,0,24,0.00,10.3
https://9takes.com/enneagram-corner/enneagram-test-comparison-2025,best online enneagram test,0,11,0.00,15.5
https://9takes.com/enneagram-corner/enneagram-test-comparison-2025,best place to take enneagram test,0,2,0.00,45.0
https://9takes.com/enneagram-corner/enneagram-test-comparison-2025,beth mccord enneagram test,0,32,0.00,6.7
https://9takes.com/enneagram-corner/enneagram-test-comparison-2025,buzzfeed enneagram,0,2,0.00,9.0
https://9takes.com/enneagram-corner/enneagram-test-comparison-2025,clover enneagram test,0,12,0.00,9.4
https://9takes.com/enneagram-corner/enneagram-test-comparison-2025,clover leaf enneagram test,0,35,0.00,8.4
https://9takes.com/enneagram-corner/enneagram-test-comparison-2025,cloverleaf enneagram test free,0,4,0.00,6.3
https://9takes.com/enneagram-corner/enneagram-test-comparison-2025,cloverleaf vs enneagram institute test,0,43,0.00,8.3
https://9takes.com/enneagram-corner/enneagram-test-comparison-2025,completely free enneagram test,0,5,0.00,27.2
https://9takes.com/enneagram-corner/enneagram-test-comparison-2025,cost of enneagram test,0,1,0.00,7.0
https://9takes.com/enneagram-corner/enneagram-test-comparison-2025,crystal enneagram test,0,27,0.00,8.0
https://9takes.com/enneagram-corner/enneagram-test-comparison-2025,crystal knows enneagram test,0,1,0.00,13.0
https://9takes.com/enneagram-corner/enneagram-test-comparison-2025,eclectic energies enneagram test,0,4,0.00,26.5
https://9takes.com/enneagram-corner/enneagram-test-comparison-2025,eclectic energies enneagram test free,0,10,0.00,17.5
https://9takes.com/enneagram-corner/enneagram-test-comparison-2025,eclectic energies enneagram test review,0,6,0.00,11.0
https://9takes.com/enneagram-corner/enneagram-test-comparison-2025,eclectic energies enneagram tests,0,1,0.00,25.0
https://9takes.com/enneagram-corner/enneagram-test-comparison-2025,eclectic energies enneagram tests free,0,3,0.00,15.3
https://9takes.com/enneagram-corner/enneagram-test-comparison-2025,eclectic energies free enneagram test,0,9,0.00,10.9
https://9takes.com/enneagram-corner/enneagram-test-comparison-2025,eclectic energies instinctual variant test,0,5,0.00,9.0
https://9takes.com/enneagram-corner/enneagram-test-comparison-2025,eclectic energies test,0,1,0.00,25.0
https://9takes.com/enneagram-corner/enneagram-test-comparison-2025,eclectic energy enneagram test,0,3,0.00,18.7
https://9takes.com/enneagram-corner/enneagram-test-comparison-2025,eclectic enneagram test,0,1,0.00,24.0
https://9takes.com/enneagram-corner/enneagram-test-comparison-2025,eclecticenergies.com,0,1,0.00,71.0
https://9takes.com/enneagram-corner/enneagram-test-comparison-2025,electric energies enneagram test,0,1,0.00,26.0
https://9takes.com/enneagram-corner/enneagram-test-comparison-2025,enegram test free,0,1,0.00,48.0
https://9takes.com/enneagram-corner/enneagram-test-comparison-2025,enneagram accurate test,0,2,0.00,26.5
https://9takes.com/enneagram-corner/enneagram-test-comparison-2025,enneagram best test,0,11,0.00,36.6
https://9takes.com/enneagram-corner/enneagram-test-comparison-2025,enneagram comparison test,0,1,0.00,13.0
https://9takes.com/enneagram-corner/enneagram-test-comparison-2025,enneagram free results,0,4,0.00,24.5
https://9takes.com/enneagram-corner/enneagram-test-comparison-2025,enneagram free test and results,0,5,0.00,23.4
https://9takes.com/enneagram-corner/enneagram-test-comparison-2025,enneagram free test results,0,1,0.00,11.0
https://9takes.com/enneagram-corner/enneagram-test-comparison-2025,enneagram institute alternative,0,5,0.00,33.6
https://9takes.com/enneagram-corner/enneagram-test-comparison-2025,enneagram institute free test,0,2,0.00,20.5
https://9takes.com/enneagram-corner/enneagram-test-comparison-2025,enneagram institute test free,0,3,0.00,13.0
https://9takes.com/enneagram-corner/enneagram-test-comparison-2025,enneagram test accuracy,0,2,0.00,18.0
https://9takes.com/enneagram-corner/enneagram-test-comparison-2025,enneagram test accurate,0,7,0.00,32.9
https://9takes.com/enneagram-corner/enneagram-test-comparison-2025,enneagram test actually free,0,2,0.00,26.0
https://9takes.com/enneagram-corner/enneagram-test-comparison-2025,enneagram test best,0,9,0.00,27.0
https://9takes.com/enneagram-corner/enneagram-test-comparison-2025,enneagram test best free,0,8,0.00,15.8
https://9takes.com/enneagram-corner/enneagram-test-comparison-2025,enneagram test cloverleaf,0,52,0.00,9.2
https://9takes.com/enneagram-corner/enneagram-test-comparison-2025,enneagram test cost,0,17,0.00,12.6
https://9takes.com/enneagram-corner/enneagram-test-comparison-2025,enneagram test eclectic energies,0,1,0.00,25.0
https://9takes.com/enneagram-corner/enneagram-test-comparison-2025,enneagram test eclecticenergies,0,31,0.00,28.8
https://9takes.com/enneagram-corner/enneagram-test-comparison-2025,enneagram test eclecticenergies free,0,1,0.00,11.0
https://9takes.com/enneagram-corner/enneagram-test-comparison-2025,enneagram test fee,0,4,0.00,10.3
https://9takes.com/enneagram-corner/enneagram-test-comparison-2025,enneagram test free,0,8,0.00,24.6
https://9takes.com/enneagram-corner/enneagram-test-comparison-2025,enneagram test free accurate,0,4,0.00,11.3
https://9takes.com/enneagram-corner/enneagram-test-comparison-2025,enneagram test free best,0,9,0.00,22.0
https://9takes.com/enneagram-corner/enneagram-test-comparison-2025,enneagram test free no email,0,4,0.00,33.8
https://9takes.com/enneagram-corner/enneagram-test-comparison-2025,enneagram test free online,0,1,0.00,4.0
https://9takes.com/enneagram-corner/enneagram-test-comparison-2025,enneagram test free reddit,0,1,0.00,11.0
https://9takes.com/enneagram-corner/enneagram-test-comparison-2025,enneagram test free results,0,7,0.00,19.4
https://9takes.com/enneagram-corner/enneagram-test-comparison-2025,enneagram test free results no email,0,2,0.00,22.5
https://9takes.com/enneagram-corner/enneagram-test-comparison-2025,enneagram test most accurate,0,3,0.00,20.0
https://9takes.com/enneagram-corner/enneagram-test-comparison-2025,enneagram test no email,0,1,0.00,34.0
https://9takes.com/enneagram-corner/enneagram-test-comparison-2025,enneagram test price,0,6,0.00,12.2
https://9takes.com/enneagram-corner/enneagram-test-comparison-2025,enneagram test reliable,0,1,0.00,36.0
https://9takes.com/enneagram-corner/enneagram-test-comparison-2025,enneagram test results free,0,1,0.00,34.0
https://9takes.com/enneagram-corner/enneagram-test-comparison-2025,enneagram test with free results,0,6,0.00,26.8
https://9takes.com/enneagram-corner/enneagram-test-comparison-2025,enneagramtest.site,0,1,0.00,89.0
https://9takes.com/enneagram-corner/enneagram-test-comparison-2025,free accurate enneagram test,0,2,0.00,20.5
https://9takes.com/enneagram-corner/enneagram-test-comparison-2025,free enj,0,2,0.00,44.0
https://9takes.com/enneagram-corner/enneagram-test-comparison-2025,free enneagram,0,3,0.00,27.0
https://9takes.com/enneagram-corner/enneagram-test-comparison-2025,free enneagram report,0,1,0.00,8.0
https://9takes.com/enneagram-corner/enneagram-test-comparison-2025,free enneagram results,0,11,0.00,28.1
https://9takes.com/enneagram-corner/enneagram-test-comparison-2025,free enneagram test,0,17,0.00,39.0
https://9takes.com/enneagram-corner/enneagram-test-comparison-2025,free enneagram test and free results,0,1,0.00,23.0
https://9takes.com/enneagram-corner/enneagram-test-comparison-2025,free enneagram test and results,0,125,0.00,24.5
https://9takes.com/enneagram-corner/enneagram-test-comparison-2025,free enneagram test and results no email,0,2,0.00,29.5
https://9takes.com/enneagram-corner/enneagram-test-comparison-2025,free enneagram test best,0,2,0.00,21.0
https://9takes.com/enneagram-corner/enneagram-test-comparison-2025,free enneagram test eclectic energies,0,4,0.00,15.5
https://9takes.com/enneagram-corner/enneagram-test-comparison-2025,free enneagram test reddit,0,1,0.00,11.0
https://9takes.com/enneagram-corner/enneagram-test-comparison-2025,free enneagram test results,0,2,0.00,22.5
https://9takes.com/enneagram-corner/enneagram-test-comparison-2025,free enneagram test truity,0,1,0.00,30.0
https://9takes.com/enneagram-corner/enneagram-test-comparison-2025,free enneagram test with free results,0,4,0.00,27.8
https://9takes.com/enneagram-corner/enneagram-test-comparison-2025,free enneagram test with free results online,0,2,0.00,28.5
https://9takes.com/enneagram-corner/enneagram-test-comparison-2025,free enneagram test with results,0,6,0.00,27.5
https://9takes.com/enneagram-corner/enneagram-test-comparison-2025,free personality type test,0,1,0.00,2.0
https://9takes.com/enneagram-corner/enneagram-test-comparison-2025,free results enneagram test,0,1,0.00,23.0
https://9takes.com/enneagram-corner/enneagram-test-comparison-2025,free rheti enneagram test,0,1,0.00,33.0
https://9takes.com/enneagram-corner/enneagram-test-comparison-2025,free rheti test,0,1,0.00,26.0
https://9takes.com/enneagram-corner/enneagram-test-comparison-2025,good enneagram test,0,5,0.00,24.0
https://9takes.com/enneagram-corner/enneagram-test-comparison-2025,good free enneagram test,0,1,0.00,1.0
https://9takes.com/enneagram-corner/enneagram-test-comparison-2025,https://www.eclecticenergies.com/enneagram/test,0,2,0.00,28.5
https://9takes.com/enneagram-corner/enneagram-test-comparison-2025,ie9 test,0,4,0.00,19.8
https://9takes.com/enneagram-corner/enneagram-test-comparison-2025,ieq9 best enneagram test,0,1,0.00,11.0
https://9takes.com/enneagram-corner/enneagram-test-comparison-2025,ieq9 enneagram test,0,4,0.00,6.5
https://9takes.com/enneagram-corner/enneagram-test-comparison-2025,ieq9 enneagram test free,0,21,0.00,9.9
https://9takes.com/enneagram-corner/enneagram-test-comparison-2025,integrative enneagram questionnaire,0,3,0.00,5.3
https://9takes.com/enneagram-corner/enneagram-test-comparison-2025,integrative enneagram test,0,11,0.00,8.8
https://9takes.com/enneagram-corner/enneagram-test-comparison-2025,irealltneeda5,0,1,0.00,42.0
https://9takes.com/enneagram-corner/enneagram-test-comparison-2025,is enneagram test free,0,1,0.00,29.0
https://9takes.com/enneagram-corner/enneagram-test-comparison-2025,is the truity enneagram test free,0,12,0.00,11.0
https://9takes.com/enneagram-corner/enneagram-test-comparison-2025,is there a free enneagram test,0,2,0.00,46.0
https://9takes.com/enneagram-corner/enneagram-test-comparison-2025,is there an actual free enneagram test?,0,2,0.00,21.0
https://9takes.com/enneagram-corner/enneagram-test-comparison-2025,is truity enneagram test accurate,0,2,0.00,9.0
https://9takes.com/enneagram-corner/enneagram-test-comparison-2025,is truity enneagram test free,0,70,0.00,10.2
https://9takes.com/enneagram-corner/enneagram-test-comparison-2025,legit enneagram test,0,1,0.00,10.0
https://9takes.com/enneagram-corner/enneagram-test-comparison-2025,most accurate enneagram test,0,40,0.00,28.1
https://9takes.com/enneagram-corner/enneagram-test-comparison-2025,most accurate enneagram test free,0,11,0.00,16.2
https://9takes.com/enneagram-corner/enneagram-test-comparison-2025,most accurate free enneagram test,0,2,0.00,20.0
https://9takes.com/enneagram-corner/enneagram-test-comparison-2025,most reliable enneagram test,0,3,0.00,30.0
https://9takes.com/enneagram-corner/enneagram-test-comparison-2025,new enneagram test,0,2,0.00,31.0
https://9takes.com/enneagram-corner/enneagram-test-comparison-2025,online enneagram assessment,0,1,0.00,31.0
https://9takes.com/enneagram-corner/enneagram-test-comparison-2025,personality test 1-9,0,3,0.00,76.0
https://9takes.com/enneagram-corner/enneagram-test-comparison-2025,real enneagram test,0,1,0.00,33.0
https://9takes.com/enneagram-corner/enneagram-test-comparison-2025,reddit best free enneagram test,0,1,0.00,17.0
https://9takes.com/enneagram-corner/enneagram-test-comparison-2025,reliable enneagram test,0,2,0.00,31.0
https://9takes.com/enneagram-corner/enneagram-test-comparison-2025,rheti enneagram test price,0,1,0.00,1.0
https://9takes.com/enneagram-corner/enneagram-test-comparison-2025,the best enneagram test,0,6,0.00,33.0
https://9takes.com/enneagram-corner/enneagram-test-comparison-2025,the best free enneagram test,0,2,0.00,20.5
https://9takes.com/enneagram-corner/enneagram-test-comparison-2025,the enneagram institute free test,0,1,0.00,20.0
https://9takes.com/enneagram-corner/enneagram-test-comparison-2025,the honest enneagram free mp3,0,1,0.00,40.0
https://9takes.com/enneagram-corner/enneagram-test-comparison-2025,the honest enneagram free mp3 download,0,4,0.00,40.3
https://9takes.com/enneagram-corner/enneagram-test-comparison-2025,the honest enneagram free wav,0,2,0.00,19.5
https://9takes.com/enneagram-corner/enneagram-test-comparison-2025,the road back to you enneagram test free,0,1,0.00,59.0
https://9takes.com/enneagram-corner/enneagram-test-comparison-2025,totally free enneagram test,0,1,0.00,37.0
https://9takes.com/enneagram-corner/enneagram-test-comparison-2025,truity enneagram alternative,0,7,0.00,32.0
https://9takes.com/enneagram-corner/enneagram-test-comparison-2025,truity enneagram test free,0,6,0.00,10.8
https://9takes.com/enneagram-corner/enneagram-test-comparison-2025,what enneagram test is actually free,0,2,0.00,10.0
https://9takes.com/enneagram-corner/enneagram-test-comparison-2025,what is the best enneagram test,0,5,0.00,32.6
https://9takes.com/enneagram-corner/enneagram-test-comparison-2025,what is the best free enneagram test,0,13,0.00,14.8
https://9takes.com/enneagram-corner/enneagram-test-comparison-2025,what is the most accurate enneagram test,0,7,0.00,23.7
https://9takes.com/enneagram-corner/enneagram-test-comparison-2025,what is the most accurate free enneagram test,0,2,0.00,11.5
https://9takes.com/enneagram-corner/enneagram-test-comparison-2025,what's the best enneagram test,0,71,0.00,26.3
https://9takes.com/enneagram-corner/enneagram-test-comparison-2025,what's the best free enneagram test,0,2,0.00,34.0
https://9takes.com/enneagram-corner/enneagram-test-comparison-2025,whats the best enneagram test,0,1,0.00,33.0
https://9takes.com/enneagram-corner/enneagram-test-comparison-2025,where can i take a free enneagram test,0,1,0.00,48.0
https://9takes.com/enneagram-corner/enneagram-test-comparison-2025,which enneagram test is actually free,0,1,0.00,12.0
https://9takes.com/enneagram-corner/enneagram-test-comparison-2025,which enneagram test is best,0,2,0.00,33.5
https://9takes.com/enneagram-corner/enneagram-test-comparison-2025,www truity com test enneagram personality test,0,1,0.00,98.0
https://9takes.com/enneagram-corner/enneagram-test-comparison-2025#faqs-about-enneagram-tests,what is the best free enneagram test,0,2,0.00,10.0
https://9takes.com/enneagram-corner/enneagram-test-comparison-2025#quick-reference-test-comparison-table,what is the best free enneagram test,0,2,0.00,10.0
https://9takes.com/enneagram-corner/enneagram-test-comparison-2025#red-flags-tests-to-avoid,what is the best free enneagram test,0,2,0.00,10.0
https://9takes.com/enneagram-corner/enneagram-test-comparison-2025#the-10-best-enneagram-tests-for-2025-ranked,cloverleaf enneagram test free,0,2,0.00,7.5
https://9takes.com/enneagram-corner/enneagram-test-comparison-2025#the-10-best-enneagram-tests-for-2025-ranked,what is the best free enneagram test,0,2,0.00,10.0
https://9takes.com/enneagram-corner/enneagram-test-comparison-2025#what-an-enneagram-test-actually-measures,cloverleaf enneagram test free,0,2,0.00,7.5
https://9takes.com/enneagram-corner/enneagram-test-comparison-2025#what-an-enneagram-test-actually-measures,what is the best free enneagram test,0,2,0.00,10.0
https://9takes.com/enneagram-corner/enneagram-test-comparison-2025#which-test-should-you-take-decision-tree,what is the best free enneagram test,0,2,0.00,10.0
https://9takes.com/enneagram-corner/enneagram-test-comparison-2025#why-most-enneagram-tests-fail,what is the best free enneagram test,0,2,0.00,10.0
https://9takes.com/enneagram-corner/enneagram-test-comparison-2026,accurate enneagram test,0,2,0.00,37.5
https://9takes.com/enneagram-corner/enneagram-test-comparison-2026,are they free,0,1,0.00,13.0
https://9takes.com/enneagram-corner/enneagram-test-comparison-2026,best enneagram test,0,1,0.00,35.0
https://9takes.com/enneagram-corner/enneagram-test-comparison-2026,best enneagram test free,0,1,0.00,17.0
https://9takes.com/enneagram-corner/enneagram-test-comparison-2026,best enneagram tests,0,1,0.00,60.0
https://9takes.com/enneagram-corner/enneagram-test-comparison-2026,best free enneagram,0,12,0.00,9.3
https://9takes.com/enneagram-corner/enneagram-test-comparison-2026,best free enneagram test,0,9,0.00,11.0
https://9takes.com/enneagram-corner/enneagram-test-comparison-2026,best free enneagram test 2026,0,1,0.00,10.0
https://9takes.com/enneagram-corner/enneagram-test-comparison-2026,best free enneagram test and results,0,6,0.00,10.5
https://9takes.com/enneagram-corner/enneagram-test-comparison-2026,best free enneagram tests,0,6,0.00,10.0
https://9takes.com/enneagram-corner/enneagram-test-comparison-2026,best free enneagram tests 2026,0,2,0.00,12.5
https://9takes.com/enneagram-corner/enneagram-test-comparison-2026,best instinctual variant test,0,2,0.00,9.0
https://9takes.com/enneagram-corner/enneagram-test-comparison-2026,clover enneagram test,0,2,0.00,8.0
https://9takes.com/enneagram-corner/enneagram-test-comparison-2026,clover leaf enneagram test,0,41,0.00,6.9
https://9takes.com/enneagram-corner/enneagram-test-comparison-2026,cloverleaf enneagram,0,3,0.00,17.7
https://9takes.com/enneagram-corner/enneagram-test-comparison-2026,cloverleaf enneagram test,0,40,0.00,7.3
https://9takes.com/enneagram-corner/enneagram-test-comparison-2026,compare top free online enneagram tests for accuracy and depth,0,16,0.00,9.1
https://9takes.com/enneagram-corner/enneagram-test-comparison-2026,eclectic energies enneagram test,0,1,0.00,12.0
https://9takes.com/enneagram-corner/enneagram-test-comparison-2026,eclectic energies free enneagram test,0,1,0.00,9.0
https://9takes.com/enneagram-corner/enneagram-test-comparison-2026,eclectic energies instinctual variant test,0,14,0.00,7.9
https://9takes.com/enneagram-corner/enneagram-test-comparison-2026,eclectic energies test,0,1,0.00,8.0
https://9takes.com/enneagram-corner/enneagram-test-comparison-2026,eclectic energy enneagram,0,1,0.00,9.0
https://9takes.com/enneagram-corner/enneagram-test-comparison-2026,eclectic enneagram,0,1,0.00,10.0
https://9takes.com/enneagram-corner/enneagram-test-comparison-2026,eclecticenergies.com,0,4,0.00,55.8
https://9takes.com/enneagram-corner/enneagram-test-comparison-2026,enneagram,0,1,0.00,5.0
https://9takes.com/enneagram-corner/enneagram-test-comparison-2026,enneagram comparison test,0,4,0.00,8.5
https://9takes.com/enneagram-corner/enneagram-test-comparison-2026,enneagram eclectic,0,2,0.00,10.0
https://9takes.com/enneagram-corner/enneagram-test-comparison-2026,enneagram institute alternative,0,10,0.00,27.6
https://9takes.com/enneagram-corner/enneagram-test-comparison-2026,enneagram institute free test,0,4,0.00,21.5
https://9takes.com/enneagram-corner/enneagram-test-comparison-2026,enneagram institute test,0,13,0.00,29.2
https://9takes.com/enneagram-corner/enneagram-test-comparison-2026,enneagram institute test free,0,2,0.00,40.5
https://9takes.com/enneagram-corner/enneagram-test-comparison-2026,enneagram online test,0,1,0.00,24.0
https://9takes.com/enneagram-corner/enneagram-test-comparison-2026,enneagram online test free,0,1,0.00,19.0
https://9takes.com/enneagram-corner/enneagram-test-comparison-2026,enneagram test accurate,0,1,0.00,38.0
https://9takes.com/enneagram-corner/enneagram-test-comparison-2026,enneagram test cloverleaf,0,14,0.00,8.0
https://9takes.com/enneagram-corner/enneagram-test-comparison-2026,enneagram test eclecticenergies,0,1,0.00,18.0
https://9takes.com/enneagram-corner/enneagram-test-comparison-2026,enneagram test eclecticenergies free,0,7,0.00,10.9
https://9takes.com/enneagram-corner/enneagram-test-comparison-2026,enneagram test free eclectic energies,0,2,0.00,9.0
https://9takes.com/enneagram-corner/enneagram-test-comparison-2026,enneagram test free results,0,1,0.00,21.0
https://9takes.com/enneagram-corner/enneagram-test-comparison-2026,enneagram test institute,0,2,0.00,40.5
https://9takes.com/enneagram-corner/enneagram-test-comparison-2026,enneagram test most accurate,0,2,0.00,23.5
https://9takes.com/enneagram-corner/enneagram-test-comparison-2026,enneagram test official,0,1,0.00,47.0
https://9takes.com/enneagram-corner/enneagram-test-comparison-2026,enneagram test real,0,1,0.00,34.0
https://9takes.com/enneagram-corner/enneagram-test-comparison-2026,enneagram test with instinctual variant results,0,5,0.00,9.4
https://9takes.com/enneagram-corner/enneagram-test-comparison-2026,enneagram test with wings and instinctual variant,0,1,0.00,11.0
https://9takes.com/enneagram-corner/enneagram-test-comparison-2026,find test,0,1,0.00,5.0
https://9takes.com/enneagram-corner/enneagram-test-comparison-2026,free,0,1,0.00,7.0
https://9takes.com/enneagram-corner/enneagram-test-comparison-2026,free enneagram institute test,0,2,0.00,42.0
https://9takes.com/enneagram-corner/enneagram-test-comparison-2026,free enneagram test and results,0,1,0.00,28.0
https://9takes.com/enneagram-corner/enneagram-test-comparison-2026,free rheti test,0,1,0.00,40.0
https://9takes.com/enneagram-corner/enneagram-test-comparison-2026,free test,0,1,0.00,12.0
https://9takes.com/enneagram-corner/enneagram-test-comparison-2026,gimmie link,0,1,0.00,7.0
https://9takes.com/enneagram-corner/enneagram-test-comparison-2026,ivq test,0,3,0.00,9.7
https://9takes.com/enneagram-corner/enneagram-test-comparison-2026,most accurate enneagram test,0,30,0.00,21.2
https://9takes.com/enneagram-corner/enneagram-test-comparison-2026,most accurate enneagram test free,0,1,0.00,19.0
https://9takes.com/enneagram-corner/enneagram-test-comparison-2026,most accurate free enneagram test,0,1,0.00,21.0
https://9takes.com/enneagram-corner/enneagram-test-comparison-2026,most reliable enneagram test,0,2,0.00,31.0
https://9takes.com/enneagram-corner/enneagram-test-comparison-2026,official enneagram test,0,4,0.00,39.0
https://9takes.com/enneagram-corner/enneagram-test-comparison-2026,paid enneagram test,0,1,0.00,22.0
https://9takes.com/enneagram-corner/enneagram-test-comparison-2026,real enneagram test,0,1,0.00,30.0
https://9takes.com/enneagram-corner/enneagram-test-comparison-2026,recommend accurate enneagram test options that are available for free,0,30,0.00,11.4
https://9takes.com/enneagram-corner/enneagram-test-comparison-2026,recommend high-quality enneagram tests based on their accuracy and assessment formats,0,2,0.00,17.5
https://9takes.com/enneagram-corner/enneagram-test-comparison-2026,recommended test,0,1,0.00,2.0
https://9takes.com/enneagram-corner/enneagram-test-comparison-2026,rheti enneagram test free,0,1,0.00,28.0
https://9takes.com/enneagram-corner/enneagram-test-comparison-2026,rheti test code,0,3,0.00,7.0
https://9takes.com/enneagram-corner/enneagram-test-comparison-2026,rheti test free,0,2,0.00,39.5
https://9takes.com/enneagram-corner/enneagram-test-comparison-2026,test code for enneagram institute,0,1,0.00,17.0
https://9takes.com/enneagram-corner/enneagram-test-comparison-2026,test free,0,1,0.00,2.0
https://9takes.com/enneagram-corner/enneagram-test-comparison-2026,the enneagram institute test,0,1,0.00,30.0
https://9takes.com/enneagram-corner/enneagram-test-comparison-2026,the most accurate enneagram test,0,1,0.00,25.0
https://9takes.com/enneagram-corner/enneagram-test-comparison-2026,truity enneagram alternative,0,2,0.00,27.5
https://9takes.com/enneagram-corner/enneagram-test-comparison-2026,what is the most accurate enneagram test,0,7,0.00,21.6
https://9takes.com/enneagram-corner/enneagram-test-comparison-2026,which enneagram test is most accurate,0,2,0.00,18.5
https://9takes.com/enneagram-corner/enneagram-test-comparison-2026,which is most reliable?,0,1,0.00,15.0
https://9takes.com/enneagram-corner/enneagram-test-comparison-2026,which is the most accurate,0,1,0.00,7.0
https://9takes.com/enneagram-corner/enneagram-test-comparison-2026,which one is actually free,0,1,0.00,15.0
https://9takes.com/enneagram-corner/enneagram-test-comparison-2026,which one is the best,0,1,0.00,5.0
https://9takes.com/enneagram-corner/enneagram-test-comparison-2026,yes do that,0,1,0.00,2.0
https://9takes.com/enneagram-corner/enneagram-test-comparison-2026,ücretleri ne kadar,0,1,0.00,3.0
https://9takes.com/enneagram-corner/enneagram-tldr,9 types enneagram test,0,1,0.00,66.0
https://9takes.com/enneagram-corner/enneagram-tldr,all 9 enneagram types,0,1,0.00,65.0
https://9takes.com/enneagram-corner/enneagram-tldr,all enneagram types,0,1,0.00,68.0
https://9takes.com/enneagram-corner/enneagram-tldr,all enneagrams,0,1,0.00,82.0
https://9takes.com/enneagram-corner/enneagram-tldr,all of the enneagram types,0,1,0.00,62.0
https://9takes.com/enneagram-corner/enneagram-tldr,all the enneagrams,0,1,0.00,63.0
https://9takes.com/enneagram-corner/enneagram-tldr,anaegram,0,2,0.00,96.0
https://9takes.com/enneagram-corner/enneagram-tldr,anygram,0,1,0.00,66.0
https://9takes.com/enneagram-corner/enneagram-tldr,crystal knows enneagram,0,7,0.00,46.1
https://9takes.com/enneagram-corner/enneagram-tldr,crystal knows enneagram test,0,1,0.00,59.0
https://9takes.com/enneagram-corner/enneagram-tldr,crystalknows enneagram,0,1,0.00,57.0
https://9takes.com/enneagram-corner/enneagram-tldr,each enneagram type,0,2,0.00,56.0
https://9takes.com/enneagram-corner/enneagram-tldr,eneagram descriptions,0,1,0.00,61.0
https://9takes.com/enneagram-corner/enneagram-tldr,ennagram types,0,1,0.00,61.0
https://9takes.com/enneagram-corner/enneagram-tldr,enneagram 6 vs 9,0,1,0.00,49.0
https://9takes.com/enneagram-corner/enneagram-tldr,enneagram all types,0,3,0.00,69.3
https://9takes.com/enneagram-corner/enneagram-tldr,enneagram analysis,0,5,0.00,63.4
https://9takes.com/enneagram-corner/enneagram-tldr,enneagram breakdown,0,5,0.00,58.2
https://9takes.com/enneagram-corner/enneagram-tldr,enneagram categories,0,2,0.00,71.5
https://9takes.com/enneagram-corner/enneagram-tldr,enneagram crystal,0,1,0.00,44.0
https://9takes.com/enneagram-corner/enneagram-tldr,enneagram crystal knows,0,1,0.00,56.0
https://9takes.com/enneagram-corner/enneagram-tldr,enneagram description,0,1,0.00,74.0
https://9takes.com/enneagram-corner/enneagram-tldr,enneagram descriptions,0,1,0.00,56.0
https://9takes.com/enneagram-corner/enneagram-tldr,enneagram explanation,0,1,0.00,6.0
https://9takes.com/enneagram-corner/enneagram-tldr,enneagram institute type descriptions,0,3,0.00,64.0
https://9takes.com/enneagram-corner/enneagram-tldr,enneagram institute types,0,2,0.00,61.0
https://9takes.com/enneagram-corner/enneagram-tldr,enneagram levels,0,1,0.00,63.0
https://9takes.com/enneagram-corner/enneagram-tldr,enneagram list,0,1,0.00,72.0
https://9takes.com/enneagram-corner/enneagram-tldr,enneagram list of types,0,1,0.00,73.0
https://9takes.com/enneagram-corner/enneagram-tldr,enneagram results explained,0,1,0.00,53.0
https://9takes.com/enneagram-corner/enneagram-tldr,enneagram scale,0,5,0.00,67.8
https://9takes.com/enneagram-corner/enneagram-tldr,enneagram scores,0,2,0.00,61.5
https://9takes.com/enneagram-corner/enneagram-tldr,enneagram short descriptions,0,2,0.00,59.5
https://9takes.com/enneagram-corner/enneagram-tldr,enneagram simplified,0,3,0.00,58.3
https://9takes.com/enneagram-corner/enneagram-tldr,enneagram strengths and weaknesses,0,1,0.00,88.0
https://9takes.com/enneagram-corner/enneagram-tldr,enneagram t,0,1,0.00,52.0
https://9takes.com/enneagram-corner/enneagram-tldr,enneagram test 9 types,0,1,0.00,46.0
https://9takes.com/enneagram-corner/enneagram-tldr,enneagram test categories,0,2,0.00,67.0
https://9takes.com/enneagram-corner/enneagram-tldr,enneagram test crystal knows,0,1,0.00,66.0
https://9takes.com/enneagram-corner/enneagram-tldr,enneagram test explained,0,23,0.00,61.4
https://9takes.com/enneagram-corner/enneagram-tldr,enneagram test meaning,0,2,0.00,66.0
https://9takes.com/enneagram-corner/enneagram-tldr,enneagram test meanings,0,2,0.00,70.5
https://9takes.com/enneagram-corner/enneagram-tldr,enneagram test numbers,0,1,0.00,74.0
https://9takes.com/enneagram-corner/enneagram-tldr,enneagram test types,0,18,0.00,69.7
https://9takes.com/enneagram-corner/enneagram-tldr,enneagram test types explained,0,2,0.00,56.5
https://9takes.com/enneagram-corner/enneagram-tldr,enneagram traits,0,1,0.00,50.0
https://9takes.com/enneagram-corner/enneagram-tldr,enneagram tyoes,0,1,0.00,59.0
https://9takes.com/enneagram-corner/enneagram-tldr,enneagram type,0,10,0.00,52.2
https://9takes.com/enneagram-corner/enneagram-tldr,enneagram type definitions,0,1,0.00,59.0
https://9takes.com/enneagram-corner/enneagram-tldr,enneagram type descriptions,0,3,0.00,63.3
https://9takes.com/enneagram-corner/enneagram-tldr,enneagram type list,0,4,0.00,70.5
https://9takes.com/enneagram-corner/enneagram-tldr,enneagram type meanings,0,2,0.00,67.5
https://9takes.com/enneagram-corner/enneagram-tldr,enneagram type summaries,0,3,0.00,67.7
https://9takes.com/enneagram-corner/enneagram-tldr,enneagram types,0,38,0.00,64.5
https://9takes.com/enneagram-corner/enneagram-tldr,enneagram types described,0,1,0.00,66.0
https://9takes.com/enneagram-corner/enneagram-tldr,enneagram types list,0,3,0.00,62.3
https://9takes.com/enneagram-corner/enneagram-tldr,enneagram types meaning,0,1,0.00,69.0
https://9takes.com/enneagram-corner/enneagram-tldr,enneagram types strengths and weaknesses,0,1,0.00,97.0
https://9takes.com/enneagram-corner/enneagram-tldr,enneagram what am i,0,1,0.00,54.0
https://9takes.com/enneagram-corner/enneagram-tldr,enneagrams,0,2,0.00,69.5
https://9takes.com/enneagram-corner/enneagram-tldr,ennegaram types,0,1,0.00,60.0
https://9takes.com/enneagram-corner/enneagram-tldr,ennegram scale,0,1,0.00,80.0
https://9takes.com/enneagram-corner/enneagram-tldr,ennegram types,0,1,0.00,61.0
https://9takes.com/enneagram-corner/enneagram-tldr,find out your enneagram,0,1,0.00,59.0
https://9takes.com/enneagram-corner/enneagram-tldr,find your enneagram type,0,1,0.00,53.0
https://9takes.com/enneagram-corner/enneagram-tldr,how do i figure out my enneagram,0,1,0.00,40.0
https://9takes.com/enneagram-corner/enneagram-tldr,how do i find my enneagram,0,1,0.00,34.0
https://9takes.com/enneagram-corner/enneagram-tldr,how do i find out my enneagram,0,1,0.00,55.0
https://9takes.com/enneagram-corner/enneagram-tldr,how do i know my enneagram type,0,1,0.00,42.0
https://9takes.com/enneagram-corner/enneagram-tldr,how do i know what enneagram i am,0,1,0.00,40.0
https://9takes.com/enneagram-corner/enneagram-tldr,how do you know your enneagram,0,1,0.00,49.0
https://9takes.com/enneagram-corner/enneagram-tldr,how to figure out your enneagram,0,1,0.00,45.0
https://9takes.com/enneagram-corner/enneagram-tldr,how to figure out your enneagram type,0,1,0.00,46.0
https://9takes.com/enneagram-corner/enneagram-tldr,how to find my enneagram type,0,2,0.00,44.0
https://9takes.com/enneagram-corner/enneagram-tldr,how to know ur enneagram,0,1,0.00,52.0
https://9takes.com/enneagram-corner/enneagram-tldr,how to know what enneagram you are,0,1,0.00,60.0
https://9takes.com/enneagram-corner/enneagram-tldr,how to read an enneagram,0,1,0.00,51.0
https://9takes.com/enneagram-corner/enneagram-tldr,how to read my enneagram results,0,1,0.00,7.0
https://9takes.com/enneagram-corner/enneagram-tldr,list of enneagram types,0,2,0.00,66.0
https://9takes.com/enneagram-corner/enneagram-tldr,my enneagram,0,5,0.00,47.4
https://9takes.com/enneagram-corner/enneagram-tldr,my enneagram type,0,393,0.00,44.1
https://9takes.com/enneagram-corner/enneagram-tldr,nine enneagram test,0,1,0.00,10.0
https://9takes.com/enneagram-corner/enneagram-tldr,process enneagram,0,1,0.00,80.0
https://9takes.com/enneagram-corner/enneagram-tldr,quick enneagram,0,3,0.00,29.0
https://9takes.com/enneagram-corner/enneagram-tldr,quick enneagram descriptions,0,1,0.00,51.0
https://9takes.com/enneagram-corner/enneagram-tldr,take enneagram,0,1,0.00,52.0
https://9takes.com/enneagram-corner/enneagram-tldr,that one test with 9 sections,0,13,0.00,33.1
https://9takes.com/enneagram-corner/enneagram-tldr,the enneagram types,0,2,0.00,63.0
https://9takes.com/enneagram-corner/enneagram-tldr,what are enneagram types,0,1,0.00,68.0
https://9takes.com/enneagram-corner/enneagram-tldr,what are the 9 types of the enneagram test,0,2,0.00,60.5
https://9takes.com/enneagram-corner/enneagram-tldr,what does my enneagram mean,0,1,0.00,60.0
https://9takes.com/enneagram-corner/enneagram-tldr,what ennagram am i,0,1,0.00,57.0
https://9takes.com/enneagram-corner/enneagram-tldr,what enneagram,0,1,0.00,64.0
https://9takes.com/enneagram-corner/enneagram-tldr,what enneagram am i,0,4,0.00,36.3
https://9takes.com/enneagram-corner/enneagram-tldr,what enneagram are you,0,1,0.00,65.0
https://9takes.com/enneagram-corner/enneagram-tldr,what enneagram number am i,0,1,0.00,44.0
https://9takes.com/enneagram-corner/enneagram-tldr,what enneagram type am i,0,4,0.00,29.0
https://9takes.com/enneagram-corner/enneagram-tldr,what ennegram am i,0,1,0.00,54.0
https://9takes.com/enneagram-corner/enneagram-tldr,what is each enneagram type,0,1,0.00,59.0
https://9takes.com/enneagram-corner/enneagram-tldr,what is my anagram,0,2,0.00,73.5
https://9takes.com/enneagram-corner/enneagram-tldr,what is my ennagram,0,1,0.00,53.0
https://9takes.com/enneagram-corner/enneagram-tldr,what is my enneagram,0,10,0.00,58.6
https://9takes.com/enneagram-corner/enneagram-tldr,what is my enneagram number,0,1,0.00,64.0
https://9takes.com/enneagram-corner/enneagram-tldr,what is my enneagram type,0,347,0.00,61.1
https://9takes.com/enneagram-corner/enneagram-tldr,what is my enneagram type?,0,1,0.00,58.0
https://9takes.com/enneagram-corner/enneagram-tldr,what is your enneagram,0,2,0.00,52.5
https://9takes.com/enneagram-corner/enneagram-tldr,what is your enneagram type?,0,2,0.00,62.5
https://9takes.com/enneagram-corner/enneagram-tldr,what my enneagram,0,2,0.00,50.5
https://9takes.com/enneagram-corner/enneagram-tldr,what type of enneagram am i,0,1,0.00,53.0
https://9takes.com/enneagram-corner/enneagram-tldr,what's my enneagram,0,5,0.00,27.6
https://9takes.com/enneagram-corner/enneagram-tldr,what's my enneagram type,0,3,0.00,38.7
https://9takes.com/enneagram-corner/enneagram-tldr,whats my enneagram,0,7,0.00,22.0
https://9takes.com/enneagram-corner/enneagram-tldr,whats your enneagram,0,1,0.00,54.0
https://9takes.com/enneagram-corner/enneagram-tldr,which enneagram,0,1,0.00,60.0
https://9takes.com/enneagram-corner/enneagram-tldr,which enneagram am i,0,3,0.00,55.0
https://9takes.com/enneagram-corner/enneagram-tldr,which enneagram type,0,1,0.00,64.0
https://9takes.com/enneagram-corner/enneagram-tldr,which enneagram type am i,0,1,0.00,59.0
https://9takes.com/enneagram-corner/enneagram-tldr,your enneagram,0,1,0.00,46.0
https://9takes.com/enneagram-corner/enneagram-tldr,your enneagram results,0,1,0.00,46.0
https://9takes.com/enneagram-corner/enneagram-tldr,your enneagram type,0,1,0.00,65.0
https://9takes.com/enneagram-corner/enneagram-type-1,enneagram 1 in stress,0,1,0.00,40.0
https://9takes.com/enneagram-corner/enneagram-type-1,enneagram 1 motivation,0,1,0.00,94.0
https://9takes.com/enneagram-corner/enneagram-type-1,enneagram 1 weaknesses,0,1,0.00,35.0
https://9takes.com/enneagram-corner/enneagram-type-1,enneagram type 1,0,1,0.00,40.0
https://9takes.com/enneagram-corner/enneagram-type-1,enneagram type 1 characteristics,0,1,0.00,56.0
https://9takes.com/enneagram-corner/enneagram-type-1,what does enneagram 1 mean,0,1,0.00,47.0
https://9takes.com/enneagram-corner/enneagram-type-2,can enneagram 2 be introverted,0,2,0.00,29.5
https://9takes.com/enneagram-corner/enneagram-type-2,caretaker enneagram,0,1,0.00,56.0
https://9takes.com/enneagram-corner/enneagram-type-2,core fear of enneagram 2,0,2,0.00,48.5
https://9takes.com/enneagram-corner/enneagram-type-2,e2 enneagram,0,1,0.00,43.0
https://9takes.com/enneagram-corner/enneagram-type-2,eneeagram 2,0,1,0.00,61.0
https://9takes.com/enneagram-corner/enneagram-type-2,ennagram 2,0,1,0.00,59.0
https://9takes.com/enneagram-corner/enneagram-type-2,enneagram 2,0,151,0.00,58.1
https://9takes.com/enneagram-corner/enneagram-type-2,enneagram 2 at work,0,1,0.00,61.0
https://9takes.com/enneagram-corner/enneagram-type-2,enneagram 2 core fear,0,1,0.00,44.0
https://9takes.com/enneagram-corner/enneagram-type-2,enneagram 2 countertype,0,1,0.00,34.0
https://9takes.com/enneagram-corner/enneagram-type-2,enneagram 2 deadly sin,0,2,0.00,48.0
https://9takes.com/enneagram-corner/enneagram-type-2,enneagram 2 fears,0,2,0.00,46.0
https://9takes.com/enneagram-corner/enneagram-type-2,enneagram 2 growth,0,1,0.00,40.0
https://9takes.com/enneagram-corner/enneagram-type-2,enneagram 2 growth and stress,0,3,0.00,52.0
https://9takes.com/enneagram-corner/enneagram-type-2,enneagram 2 in growth,0,1,0.00,58.0
https://9takes.com/enneagram-corner/enneagram-type-2,enneagram 2 in stress,0,5,0.00,45.4
https://9takes.com/enneagram-corner/enneagram-type-2,enneagram 2 in stress and growth,0,4,0.00,66.3
https://9takes.com/enneagram-corner/enneagram-type-2,enneagram 2 integration,0,2,0.00,28.5
https://9takes.com/enneagram-corner/enneagram-type-2,enneagram 2 integration and disintegration,0,1,0.00,39.0
https://9takes.com/enneagram-corner/enneagram-type-2,enneagram 2 strengths,0,2,0.00,59.5
https://9takes.com/enneagram-corner/enneagram-type-2,enneagram 2 stress,0,3,0.00,36.0
https://9takes.com/enneagram-corner/enneagram-type-2,enneagram 2 under stress,0,4,0.00,37.5
https://9takes.com/enneagram-corner/enneagram-type-2,enneagram 2 weaknesses,0,4,0.00,56.3
https://9takes.com/enneagram-corner/enneagram-type-2,enneagram institute type 2,0,1,0.00,72.0
https://9takes.com/enneagram-corner/enneagram-type-2,enneagram type 2,0,195,0.00,54.6
https://9takes.com/enneagram-corner/enneagram-type-2,enneagram type 2 careers to avoid,0,3,0.00,74.3
https://9takes.com/enneagram-corner/enneagram-type-2,enneagram type 2 growth,0,1,0.00,63.0
https://9takes.com/enneagram-corner/enneagram-type-2,enneagram type 2 meaning,0,1,0.00,58.0
https://9takes.com/enneagram-corner/enneagram-type-2,enneagram type 2 stress,0,4,0.00,48.0
https://9takes.com/enneagram-corner/enneagram-type-2,enneagram type 2 weaknesses,0,2,0.00,47.0
https://9takes.com/enneagram-corner/enneagram-type-2,enneagram type two,0,2,0.00,56.0
https://9takes.com/enneagram-corner/enneagram-type-2,enneagram types 2,0,1,0.00,45.0
https://9takes.com/enneagram-corner/enneagram-type-2,enneagrammet type 2,0,2,0.00,42.5
https://9takes.com/enneagram-corner/enneagram-type-2,ennegram 2,0,6,0.00,56.0
https://9takes.com/enneagram-corner/enneagram-type-2,"intext:""sky-bri"" (leaked or download or free or watch)",0,1,0.00,30.0
https://9takes.com/enneagram-corner/enneagram-type-2,number 2 enneagram,0,1,0.00,51.0
https://9takes.com/enneagram-corner/enneagram-type-2,social 2 enneagram,0,1,0.00,28.0
https://9takes.com/enneagram-corner/enneagram-type-2,social enneagram 2,0,1,0.00,37.0
https://9takes.com/enneagram-corner/enneagram-type-2,type 2 core fear,0,1,0.00,35.0
https://9takes.com/enneagram-corner/enneagram-type-2,type 2 enneagram,0,17,0.00,55.1
https://9takes.com/enneagram-corner/enneagram-type-2,type 2 on the enneagram,0,1,0.00,49.0
https://9takes.com/enneagram-corner/enneagram-type-2,type 2 personality,0,3,0.00,52.7
https://9takes.com/enneagram-corner/enneagram-type-2,type 2 personality enneagram,0,3,0.00,54.0
https://9takes.com/enneagram-corner/enneagram-type-2,type two enneagram,0,3,0.00,50.0
https://9takes.com/enneagram-corner/enneagram-type-2,what is the enneagram 2,0,1,0.00,43.0
https://9takes.com/enneagram-corner/enneagram-type-2,where do 2s go in stress,0,3,0.00,25.3
https://9takes.com/enneagram-corner/enneagram-type-2,where does enneagram 2 go in stress,0,1,0.00,40.0
https://9takes.com/enneagram-corner/enneagram-type-3,3 enneagram,0,29,0.00,38.1
https://9takes.com/enneagram-corner/enneagram-type-3,3 enneagram description,0,2,0.00,42.5
https://9takes.com/enneagram-corner/enneagram-type-3,3 enneagram meaning,0,4,0.00,40.8
https://9takes.com/enneagram-corner/enneagram-type-3,3 enneagram type,0,4,0.00,38.5
https://9takes.com/enneagram-corner/enneagram-type-3,3 ennegram,0,1,0.00,37.0
https://9takes.com/enneagram-corner/enneagram-type-3,3 in enneagram,0,1,0.00,27.0
https://9takes.com/enneagram-corner/enneagram-type-3,3 on enneagram,0,19,0.00,33.7
https://9takes.com/enneagram-corner/enneagram-type-3,3 on the enneagram,0,3,0.00,37.0
https://9takes.com/enneagram-corner/enneagram-type-3,3w9,0,1,0.00,35.0
https://9takes.com/enneagram-corner/enneagram-type-3,3w9 enneagram,0,7,0.00,25.4
https://9takes.com/enneagram-corner/enneagram-type-3,9takes,0,4,0.00,1.0
https://9takes.com/enneagram-corner/enneagram-type-3,achiever enneagram,0,4,0.00,32.5
https://9takes.com/enneagram-corner/enneagram-type-3,achiever personality type,0,1,0.00,24.0
https://9takes.com/enneagram-corner/enneagram-type-3,anneagram 3,0,3,0.00,34.0
https://9takes.com/enneagram-corner/enneagram-type-3,careers for enneagram type 3,0,5,0.00,63.0
https://9takes.com/enneagram-corner/enneagram-type-3,characteristics of enneagram 3,0,1,0.00,44.0
https://9takes.com/enneagram-corner/enneagram-type-3,core 3 enneagram,0,1,0.00,28.0
https://9takes.com/enneagram-corner/enneagram-type-3,e3 enneagram,0,12,0.00,22.9
https://9takes.com/enneagram-corner/enneagram-type-3,e3 personality,0,2,0.00,20.5
https://9takes.com/enneagram-corner/enneagram-type-3,enagram 3,0,2,0.00,38.0
https://9takes.com/enneagram-corner/enneagram-type-3,eneagram 3,0,3,0.00,36.0
https://9takes.com/enneagram-corner/enneagram-type-3,eneagram type 3,0,1,0.00,29.0
https://9takes.com/enneagram-corner/enneagram-type-3,eneagrama 3,0,3,0.00,40.3
https://9takes.com/enneagram-corner/enneagram-type-3,enegram 3,0,2,0.00,37.5
https://9takes.com/enneagram-corner/enneagram-type-3,enegram type 3,0,1,0.00,33.0
https://9takes.com/enneagram-corner/enneagram-type-3,ennagram 3,0,2,0.00,42.0
https://9takes.com/enneagram-corner/enneagram-type-3,ennagram type 3,0,2,0.00,34.0
https://9takes.com/enneagram-corner/enneagram-type-3,enneafram 3,0,1,0.00,34.0
https://9takes.com/enneagram-corner/enneagram-type-3,enneagram 3,0,617,0.00,39.2
https://9takes.com/enneagram-corner/enneagram-type-3,enneagram 3 and 9,0,6,0.00,29.2
https://9takes.com/enneagram-corner/enneagram-type-3,enneagram 3 arrows,0,1,0.00,42.0
https://9takes.com/enneagram-corner/enneagram-type-3,enneagram 3 at work,0,2,0.00,43.0
https://9takes.com/enneagram-corner/enneagram-type-3,enneagram 3 biggest fear,0,2,0.00,42.5
https://9takes.com/enneagram-corner/enneagram-type-3,enneagram 3 careers,0,3,0.00,60.3
https://9takes.com/enneagram-corner/enneagram-type-3,enneagram 3 characteristics,0,2,0.00,52.0
https://9takes.com/enneagram-corner/enneagram-type-3,enneagram 3 characters,0,1,0.00,37.0
https://9takes.com/enneagram-corner/enneagram-type-3,enneagram 3 core fear,0,2,0.00,34.5
https://9takes.com/enneagram-corner/enneagram-type-3,enneagram 3 core fear and desire,0,2,0.00,23.0
https://9takes.com/enneagram-corner/enneagram-type-3,enneagram 3 core motivation,0,1,0.00,54.0
https://9takes.com/enneagram-corner/enneagram-type-3,enneagram 3 description,0,5,0.00,42.4
https://9takes.com/enneagram-corner/enneagram-type-3,enneagram 3 disintegration,0,1,0.00,26.0
https://9takes.com/enneagram-corner/enneagram-type-3,enneagram 3 disintegration to 9,0,1,0.00,19.0
https://9takes.com/enneagram-corner/enneagram-type-3,enneagram 3 fear,0,1,0.00,35.0
https://9takes.com/enneagram-corner/enneagram-type-3,enneagram 3 fears,0,1,0.00,35.0
https://9takes.com/enneagram-corner/enneagram-type-3,enneagram 3 fears and desires,0,2,0.00,39.5
https://9takes.com/enneagram-corner/enneagram-type-3,enneagram 3 growth,0,2,0.00,46.5
https://9takes.com/enneagram-corner/enneagram-type-3,enneagram 3 growth and stress,0,2,0.00,40.0
https://9takes.com/enneagram-corner/enneagram-type-3,enneagram 3 healthy and unhealthy,0,2,0.00,32.0
https://9takes.com/enneagram-corner/enneagram-type-3,enneagram 3 in growth,0,3,0.00,39.0
https://9takes.com/enneagram-corner/enneagram-type-3,enneagram 3 in stress,0,8,0.00,46.4
https://9takes.com/enneagram-corner/enneagram-type-3,enneagram 3 in stress and growth,0,4,0.00,46.0
https://9takes.com/enneagram-corner/enneagram-type-3,enneagram 3 integration,0,1,0.00,23.0
https://9takes.com/enneagram-corner/enneagram-type-3,enneagram 3 levels of health,0,1,0.00,46.0
https://9takes.com/enneagram-corner/enneagram-type-3,enneagram 3 meaning,0,2,0.00,35.0
https://9takes.com/enneagram-corner/enneagram-type-3,enneagram 3 motivation,0,3,0.00,56.7
https://9takes.com/enneagram-corner/enneagram-type-3,enneagram 3 personality,0,2,0.00,38.0
https://9takes.com/enneagram-corner/enneagram-type-3,enneagram 3 stress,0,6,0.00,56.5
https://9takes.com/enneagram-corner/enneagram-type-3,enneagram 3 stress and growth,0,1,0.00,44.0
https://9takes.com/enneagram-corner/enneagram-type-3,enneagram 3 summary,0,1,0.00,32.0
https://9takes.com/enneagram-corner/enneagram-type-3,enneagram 3 traits,0,2,0.00,67.0
https://9takes.com/enneagram-corner/enneagram-type-3,enneagram 3 triad,0,3,0.00,29.7
https://9takes.com/enneagram-corner/enneagram-type-3,enneagram 3 type,0,16,0.00,34.0
https://9takes.com/enneagram-corner/enneagram-type-3,enneagram 3 types,0,3,0.00,43.0
https://9takes.com/enneagram-corner/enneagram-type-3,enneagram 3 under stress,0,1,0.00,37.0
https://9takes.com/enneagram-corner/enneagram-type-3,enneagram 3 unhealthy,0,1,0.00,29.0
https://9takes.com/enneagram-corner/enneagram-type-3,enneagram 3 weaknesses,0,3,0.00,31.0
https://9takes.com/enneagram-corner/enneagram-type-3,enneagram 3 wing 6,0,1,0.00,37.0
https://9takes.com/enneagram-corner/enneagram-type-3,enneagram 9 and 3,0,3,0.00,26.0
https://9takes.com/enneagram-corner/enneagram-type-3,enneagram 9 integration to 3,0,1,0.00,20.0
https://9takes.com/enneagram-corner/enneagram-type-3,enneagram achiever,0,251,0.00,29.7
https://9takes.com/enneagram-corner/enneagram-type-3,enneagram achiever type 3,0,2,0.00,28.5
https://9takes.com/enneagram-corner/enneagram-type-3,enneagram institute 3,0,3,0.00,32.7
https://9takes.com/enneagram-corner/enneagram-type-3,enneagram institute type 3,0,8,0.00,43.9
https://9takes.com/enneagram-corner/enneagram-type-3,enneagram number 3,0,9,0.00,28.1
https://9takes.com/enneagram-corner/enneagram-type-3,enneagram performer,0,1,0.00,53.0
https://9takes.com/enneagram-corner/enneagram-type-3,enneagram personality 3,0,2,0.00,35.5
https://9takes.com/enneagram-corner/enneagram-type-3,enneagram personality type 3,0,2,0.00,41.5
https://9takes.com/enneagram-corner/enneagram-type-3,enneagram social 3,0,1,0.00,24.0
https://9takes.com/enneagram-corner/enneagram-type-3,enneagram test 3,0,7,0.00,27.6
https://9takes.com/enneagram-corner/enneagram-type-3,enneagram test 3 meaning,0,1,0.00,26.0
https://9takes.com/enneagram-corner/enneagram-type-3,enneagram test type 3,0,16,0.00,25.9
https://9takes.com/enneagram-corner/enneagram-type-3,enneagram the achiever,0,4,0.00,29.0
https://9takes.com/enneagram-corner/enneagram-type-3,enneagram three,0,32,0.00,40.5
https://9takes.com/enneagram-corner/enneagram-type-3,enneagram three subtypes,0,1,0.00,44.0
https://9takes.com/enneagram-corner/enneagram-type-3,enneagram threes,0,4,0.00,44.0
https://9takes.com/enneagram-corner/enneagram-type-3,enneagram typ 3,0,2,0.00,29.0
https://9takes.com/enneagram-corner/enneagram-type-3,enneagram type 3,0,704,0.00,31.2
https://9takes.com/enneagram-corner/enneagram-type-3,enneagram type 3 careers,0,12,0.00,60.7
https://9takes.com/enneagram-corner/enneagram-type-3,enneagram type 3 characteristics,0,2,0.00,37.0
https://9takes.com/enneagram-corner/enneagram-type-3,enneagram type 3 core fear,0,1,0.00,32.0
https://9takes.com/enneagram-corner/enneagram-type-3,enneagram type 3 description,0,3,0.00,36.7
https://9takes.com/enneagram-corner/enneagram-type-3,enneagram type 3 personality,0,1,0.00,40.0
https://9takes.com/enneagram-corner/enneagram-type-3,enneagram type 3 strengths and weaknesses,0,2,0.00,45.0
https://9takes.com/enneagram-corner/enneagram-type-3,enneagram type 3 weaknesses,0,1,0.00,25.0
https://9takes.com/enneagram-corner/enneagram-type-3,enneagram type three,0,10,0.00,31.1
https://9takes.com/enneagram-corner/enneagram-type-3,enneagram types 3,0,14,0.00,37.4
https://9takes.com/enneagram-corner/enneagram-type-3,enneagram unhealthy 3,0,1,0.00,30.0
https://9takes.com/enneagram-corner/enneagram-type-3,enneagramm+3,0,2,0.00,41.5
https://9takes.com/enneagram-corner/enneagram-type-3,enneagream 3,0,1,0.00,47.0
https://9takes.com/enneagram-corner/enneagram-type-3,ennegaram 3,0,1,0.00,42.0
https://9takes.com/enneagram-corner/enneagram-type-3,ennegram 3,0,18,0.00,38.7
https://9takes.com/enneagram-corner/enneagram-type-3,ennegram three,0,1,0.00,41.0
https://9takes.com/enneagram-corner/enneagram-type-3,ennegram type 3,0,3,0.00,30.0
https://9takes.com/enneagram-corner/enneagram-type-3,ennegream 3,0,3,0.00,37.3
https://9takes.com/enneagram-corner/enneagram-type-3,ennergram 3,0,1,0.00,31.0
https://9takes.com/enneagram-corner/enneagram-type-3,healthy 3 enneagram,0,2,0.00,29.5
https://9takes.com/enneagram-corner/enneagram-type-3,healthy enneagram 3,0,1,0.00,32.0
https://9takes.com/enneagram-corner/enneagram-type-3,number 3 enneagram,0,5,0.00,31.6
https://9takes.com/enneagram-corner/enneagram-type-3,opposite of enneagram 3,0,1,0.00,25.0
https://9takes.com/enneagram-corner/enneagram-type-3,personality type 3,0,7,0.00,36.3
https://9takes.com/enneagram-corner/enneagram-type-3,so 3 enneagram,0,1,0.00,26.0
https://9takes.com/enneagram-corner/enneagram-type-3,social 3 enneagram,0,2,0.00,21.0
https://9takes.com/enneagram-corner/enneagram-type-3,the achiever enneagram,0,4,0.00,30.5
https://9takes.com/enneagram-corner/enneagram-type-3,three enneagram,0,6,0.00,41.3
https://9takes.com/enneagram-corner/enneagram-type-3,three enneagram type,0,1,0.00,46.0
https://9takes.com/enneagram-corner/enneagram-type-3,tipo 3 eneagrama,0,3,0.00,43.3
https://9takes.com/enneagram-corner/enneagram-type-3,type 3,0,3,0.00,33.3
https://9takes.com/enneagram-corner/enneagram-type-3,type 3 (the achiever),0,1,0.00,24.0
https://9takes.com/enneagram-corner/enneagram-type-3,type 3 achiever,0,1,0.00,24.0
https://9takes.com/enneagram-corner/enneagram-type-3,type 3 ennagram,0,3,0.00,56.3
https://9takes.com/enneagram-corner/enneagram-type-3,type 3 enneagram,0,105,0.00,31.9
https://9takes.com/enneagram-corner/enneagram-type-3,type 3 enneagram careers,0,3,0.00,59.3
https://9takes.com/enneagram-corner/enneagram-type-3,type 3 enneagram characteristics,0,1,0.00,44.0
https://9takes.com/enneagram-corner/enneagram-type-3,type 3 enneagram description,0,3,0.00,42.0
https://9takes.com/enneagram-corner/enneagram-type-3,type 3 ennegram,0,1,0.00,26.0
https://9takes.com/enneagram-corner/enneagram-type-3,type 3 meaning,0,1,0.00,21.0
https://9takes.com/enneagram-corner/enneagram-type-3,type 3 person,0,1,0.00,23.0
https://9takes.com/enneagram-corner/enneagram-type-3,type 3 personality,0,22,0.00,38.6
https://9takes.com/enneagram-corner/enneagram-type-3,type 3 personality disorder,0,1,0.00,96.0
https://9takes.com/enneagram-corner/enneagram-type-3,type 3 personality enneagram,0,1,0.00,42.0
https://9takes.com/enneagram-corner/enneagram-type-3,type 3 the achiever,0,2,0.00,23.0
https://9takes.com/enneagram-corner/enneagram-type-3,type a-3,0,2,0.00,13.0
https://9takes.com/enneagram-corner/enneagram-type-3,type of three,0,1,0.00,36.0
https://9takes.com/enneagram-corner/enneagram-type-3,type three,0,3,0.00,42.3
https://9takes.com/enneagram-corner/enneagram-type-3,type three enneagram,0,23,0.00,35.6
https://9takes.com/enneagram-corner/enneagram-type-3,type three personality,0,4,0.00,31.0
https://9takes.com/enneagram-corner/enneagram-type-3,unhealthy 3 enneagram,0,1,0.00,29.0
https://9takes.com/enneagram-corner/enneagram-type-3,unhealthy enneagram 3,0,2,0.00,34.5
https://9takes.com/enneagram-corner/enneagram-type-3,unhealthy sp3 enneagram,0,1,0.00,1.0
https://9takes.com/enneagram-corner/enneagram-type-3,what does enneagram 3 integrate to,0,1,0.00,24.0
https://9takes.com/enneagram-corner/enneagram-type-3,what is a 3 enneagram,0,2,0.00,42.0
https://9takes.com/enneagram-corner/enneagram-type-3,what is a 3 on enneagram,0,1,0.00,40.0
https://9takes.com/enneagram-corner/enneagram-type-3,what is a 3 on the enneagram,0,2,0.00,40.0
https://9takes.com/enneagram-corner/enneagram-type-3,what is a type 3,0,1,0.00,32.0
https://9takes.com/enneagram-corner/enneagram-type-3,what is an enneagram 3,0,6,0.00,49.5
https://9takes.com/enneagram-corner/enneagram-type-3,what is enneagram 3,0,4,0.00,43.0
https://9takes.com/enneagram-corner/enneagram-type-3,what is enneagram type 3,0,1,0.00,31.0
https://9takes.com/enneagram-corner/enneagram-type-3,what is ennegram 3,0,1,0.00,44.0
https://9takes.com/enneagram-corner/enneagram-type-3,what is the enneagram 3,0,32,0.00,42.4
https://9takes.com/enneagram-corner/enneagram-type-3,what is type 3 enneagram,0,1,0.00,35.0
https://9takes.com/enneagram-corner/enneagram-type-3,what is type 3 personality,0,2,0.00,25.0
https://9takes.com/enneagram-corner/enneagram-type-3,where does enneagram 3 go in stress,0,1,0.00,42.0
https://9takes.com/enneagram-corner/enneagram-type-3,wnneagram 3,0,1,0.00,44.0
https://9takes.com/enneagram-corner/enneagram-type-3,your enneagram coach type 3,0,2,0.00,29.0
https://9takes.com/enneagram-corner/enneagram-type-4,"""type 4"" blocked writers identity self-worth",0,6,0.00,9.2
https://9takes.com/enneagram-corner/enneagram-type-4,1w4 enneagram,0,3,0.00,30.0
https://9takes.com/enneagram-corner/enneagram-type-4,4 aspects,0,1,0.00,34.0
https://9takes.com/enneagram-corner/enneagram-type-4,4 enneagram,0,16,0.00,51.5
https://9takes.com/enneagram-corner/enneagram-type-4,4 enneagram description,0,1,0.00,53.0
https://9takes.com/enneagram-corner/enneagram-type-4,4 enneagram meaning,0,3,0.00,45.3
https://9takes.com/enneagram-corner/enneagram-type-4,4 enneagram personality,0,2,0.00,47.5
https://9takes.com/enneagram-corner/enneagram-type-4,4 enneagram type,0,4,0.00,50.3
https://9takes.com/enneagram-corner/enneagram-type-4,4 ennegram,0,2,0.00,52.0
https://9takes.com/enneagram-corner/enneagram-type-4,4 on enneagram,0,13,0.00,49.8
https://9takes.com/enneagram-corner/enneagram-type-4,4 on the enneagram,0,5,0.00,54.2
https://9takes.com/enneagram-corner/enneagram-type-4,4w1,0,1,0.00,74.0
https://9takes.com/enneagram-corner/enneagram-type-4,4w6 enneagram,0,1,0.00,43.0
https://9takes.com/enneagram-corner/enneagram-type-4,6 vs 4 enneagram,0,1,0.00,31.0
https://9takes.com/enneagram-corner/enneagram-type-4,core fear of enneagram 4,0,1,0.00,34.0
https://9takes.com/enneagram-corner/enneagram-type-4,disintegration enneagram 4,0,1,0.00,52.0
https://9takes.com/enneagram-corner/enneagram-type-4,e4 enneagram,0,3,0.00,57.0
https://9takes.com/enneagram-corner/enneagram-type-4,e4 growth and stress,0,1,0.00,51.0
https://9takes.com/enneagram-corner/enneagram-type-4,e4 personality,0,1,0.00,80.0
https://9takes.com/enneagram-corner/enneagram-type-4,eanneagram 4,0,2,0.00,50.0
https://9takes.com/enneagram-corner/enneagram-type-4,enagram 4,0,1,0.00,52.0
https://9takes.com/enneagram-corner/enneagram-type-4,eneagram 4,0,6,0.00,52.2
https://9takes.com/enneagram-corner/enneagram-type-4,eneagrama 4,0,4,0.00,51.5
https://9takes.com/enneagram-corner/enneagram-type-4,eneagramm 4,0,1,0.00,56.0
https://9takes.com/enneagram-corner/enneagram-type-4,eneatype 4,0,1,0.00,54.0
https://9takes.com/enneagram-corner/enneagram-type-4,enegram 4,0,2,0.00,48.0
https://9takes.com/enneagram-corner/enneagram-type-4,ennagram 4,0,3,0.00,49.0
https://9takes.com/enneagram-corner/enneagram-type-4,ennagram type 4,0,2,0.00,51.0
https://9takes.com/enneagram-corner/enneagram-type-4,ennea 4,0,1,0.00,50.0
https://9takes.com/enneagram-corner/enneagram-type-4,enneagram 1 disintegration to 4,0,1,0.00,26.0
https://9takes.com/enneagram-corner/enneagram-type-4,enneagram 1 vs 4,0,1,0.00,40.0
https://9takes.com/enneagram-corner/enneagram-type-4,enneagram 4,0,534,0.00,54.3
https://9takes.com/enneagram-corner/enneagram-type-4,enneagram 4 arrows,0,1,0.00,38.0
https://9takes.com/enneagram-corner/enneagram-type-4,enneagram 4 art,0,1,0.00,35.0
https://9takes.com/enneagram-corner/enneagram-type-4,enneagram 4 at work,0,1,0.00,43.0
https://9takes.com/enneagram-corner/enneagram-type-4,enneagram 4 characteristics,0,1,0.00,53.0
https://9takes.com/enneagram-corner/enneagram-type-4,enneagram 4 core fear,0,6,0.00,30.2
https://9takes.com/enneagram-corner/enneagram-type-4,enneagram 4 countertype,0,1,0.00,34.0
https://9takes.com/enneagram-corner/enneagram-type-4,enneagram 4 description,0,1,0.00,49.0
https://9takes.com/enneagram-corner/enneagram-type-4,enneagram 4 disintegration,0,4,0.00,24.3
https://9takes.com/enneagram-corner/enneagram-type-4,enneagram 4 examples,0,1,0.00,44.0
https://9takes.com/enneagram-corner/enneagram-type-4,enneagram 4 fear,0,2,0.00,37.5
https://9takes.com/enneagram-corner/enneagram-type-4,enneagram 4 fears,0,1,0.00,33.0
https://9takes.com/enneagram-corner/enneagram-type-4,enneagram 4 fears and desires,0,1,0.00,42.0
https://9takes.com/enneagram-corner/enneagram-type-4,enneagram 4 in stress,0,8,0.00,39.3
https://9takes.com/enneagram-corner/enneagram-type-4,enneagram 4 integration,0,3,0.00,29.3
https://9takes.com/enneagram-corner/enneagram-type-4,enneagram 4 integration and disintegration,0,1,0.00,28.0
https://9takes.com/enneagram-corner/enneagram-type-4,enneagram 4 integration to 1,0,3,0.00,22.7
https://9takes.com/enneagram-corner/enneagram-type-4,enneagram 4 meaning,0,2,0.00,51.5
https://9takes.com/enneagram-corner/enneagram-type-4,enneagram 4 motivation,0,4,0.00,47.3
https://9takes.com/enneagram-corner/enneagram-type-4,enneagram 4 or 6,0,1,0.00,28.0
https://9takes.com/enneagram-corner/enneagram-type-4,enneagram 4 or 9,0,1,0.00,35.0
https://9takes.com/enneagram-corner/enneagram-type-4,enneagram 4 people,0,1,0.00,60.0
https://9takes.com/enneagram-corner/enneagram-type-4,enneagram 4 social,0,10,0.00,34.7
https://9takes.com/enneagram-corner/enneagram-type-4,enneagram 4 social subtype,0,4,0.00,37.3
https://9takes.com/enneagram-corner/enneagram-type-4,enneagram 4 strengths,0,1,0.00,51.0
https://9takes.com/enneagram-corner/enneagram-type-4,enneagram 4 strengths and weaknesses,0,1,0.00,63.0
https://9takes.com/enneagram-corner/enneagram-type-4,enneagram 4 stress,0,2,0.00,35.5
https://9takes.com/enneagram-corner/enneagram-type-4,enneagram 4 stress and growth,0,3,0.00,36.7
https://9takes.com/enneagram-corner/enneagram-type-4,enneagram 4 subtype,0,2,0.00,30.5
https://9takes.com/enneagram-corner/enneagram-type-4,enneagram 4 subtypes,0,3,0.00,38.7
https://9takes.com/enneagram-corner/enneagram-type-4,enneagram 4 summary,0,1,0.00,52.0
https://9takes.com/enneagram-corner/enneagram-type-4,enneagram 4 triad,0,1,0.00,48.0
https://9takes.com/enneagram-corner/enneagram-type-4,enneagram 4 type,0,1,0.00,55.0
https://9takes.com/enneagram-corner/enneagram-type-4,enneagram 4 types,0,1,0.00,50.0
https://9takes.com/enneagram-corner/enneagram-type-4,enneagram 4 under stress,0,6,0.00,31.7
https://9takes.com/enneagram-corner/enneagram-type-4,enneagram 4 vs 9,0,4,0.00,32.8
https://9takes.com/enneagram-corner/enneagram-type-4,enneagram 4 when stressed,0,1,0.00,38.0
https://9takes.com/enneagram-corner/enneagram-type-4,enneagram 4s,0,3,0.00,51.0
https://9takes.com/enneagram-corner/enneagram-type-4,enneagram 4w1,0,1,0.00,41.0
https://9takes.com/enneagram-corner/enneagram-type-4,enneagram 4w6,0,1,0.00,40.0
https://9takes.com/enneagram-corner/enneagram-type-4,enneagram 9 vs 4,0,3,0.00,28.7
https://9takes.com/enneagram-corner/enneagram-type-4,enneagram four,0,36,0.00,57.3
https://9takes.com/enneagram-corner/enneagram-type-4,enneagram four subtypes,0,1,0.00,41.0
https://9takes.com/enneagram-corner/enneagram-type-4,enneagram four with a three-wing: “the aristocrat”,0,1,0.00,48.0
https://9takes.com/enneagram-corner/enneagram-type-4,enneagram fours,0,2,0.00,44.5
https://9takes.com/enneagram-corner/enneagram-type-4,enneagram number 4,0,2,0.00,52.5
https://9takes.com/enneagram-corner/enneagram-type-4,enneagram social 4,0,10,0.00,30.0
https://9takes.com/enneagram-corner/enneagram-type-4,enneagram tip 4,0,2,0.00,29.5
https://9takes.com/enneagram-corner/enneagram-type-4,enneagram type 4,0,319,0.00,50.4
https://9takes.com/enneagram-corner/enneagram-type-4,enneagram type 4 explained,0,1,0.00,40.0
https://9takes.com/enneagram-corner/enneagram-type-4,enneagram type 4 social subtype,0,3,0.00,30.0
https://9takes.com/enneagram-corner/enneagram-type-4,enneagram type four,0,5,0.00,61.0
https://9takes.com/enneagram-corner/enneagram-type-4,enneagram types 4,0,6,0.00,57.7
https://9takes.com/enneagram-corner/enneagram-type-4,enneagrammet type 4,0,1,0.00,42.0
https://9takes.com/enneagram-corner/enneagram-type-4,enneagream 4,0,1,0.00,55.0
https://9takes.com/enneagram-corner/enneagram-type-4,ennegaram 4,0,1,0.00,58.0
https://9takes.com/enneagram-corner/enneagram-type-4,ennegram 4,0,10,0.00,47.9
https://9takes.com/enneagram-corner/enneagram-type-4,ennegram four,0,1,0.00,66.0
https://9takes.com/enneagram-corner/enneagram-type-4,ennegram type 4,0,3,0.00,50.3
https://9takes.com/enneagram-corner/enneagram-type-4,ennegram4,0,1,0.00,33.0
https://9takes.com/enneagram-corner/enneagram-type-4,ennegream 4,0,2,0.00,50.5
https://9takes.com/enneagram-corner/enneagram-type-4,enneogram 4,0,2,0.00,42.5
https://9takes.com/enneagram-corner/enneagram-type-4,ennergram 4,0,3,0.00,50.7
https://9takes.com/enneagram-corner/enneagram-type-4,four aspects,0,1,0.00,98.0
https://9takes.com/enneagram-corner/enneagram-type-4,four enneagram,0,6,0.00,59.5
https://9takes.com/enneagram-corner/enneagram-type-4,four enneagram type,0,1,0.00,56.0
https://9takes.com/enneagram-corner/enneagram-type-4,four ennegram,0,2,0.00,60.0
https://9takes.com/enneagram-corner/enneagram-type-4,fours enneagram,0,1,0.00,50.0
https://9takes.com/enneagram-corner/enneagram-type-4,frustration triad enneagram,0,1,0.00,5.0
https://9takes.com/enneagram-corner/enneagram-type-4,is enneagram 4 rare,0,2,0.00,32.0
https://9takes.com/enneagram-corner/enneagram-type-4,jacob rubin enneagram,0,1,0.00,30.0
https://9takes.com/enneagram-corner/enneagram-type-4,number 4 enneagram,0,3,0.00,59.0
https://9takes.com/enneagram-corner/enneagram-type-4,self preservation four,0,2,0.00,58.0
https://9takes.com/enneagram-corner/enneagram-type-4,self-preservation four,0,1,0.00,59.0
https://9takes.com/enneagram-corner/enneagram-type-4,so 4 enneagram,0,5,0.00,27.6
https://9takes.com/enneagram-corner/enneagram-type-4,so4 enneagram,0,3,0.00,35.7
https://9takes.com/enneagram-corner/enneagram-type-4,so4 personality,0,1,0.00,59.0
https://9takes.com/enneagram-corner/enneagram-type-4,social 4 enneagram,0,20,0.00,29.9
https://9takes.com/enneagram-corner/enneagram-type-4,social 4 in detail,0,1,0.00,24.0
https://9takes.com/enneagram-corner/enneagram-type-4,social enneagram 4,0,5,0.00,35.4
https://9takes.com/enneagram-corner/enneagram-type-4,social four enneagram,0,3,0.00,32.3
https://9takes.com/enneagram-corner/enneagram-type-4,subtypes of enneagram 4,0,1,0.00,25.0
https://9takes.com/enneagram-corner/enneagram-type-4,type 4,0,2,0.00,47.5
https://9takes.com/enneagram-corner/enneagram-type-4,type 4 disintegration,0,2,0.00,29.5
https://9takes.com/enneagram-corner/enneagram-type-4,type 4 enegram,0,1,0.00,49.0
https://9takes.com/enneagram-corner/enneagram-type-4,type 4 enneagram,0,26,0.00,48.3
https://9takes.com/enneagram-corner/enneagram-type-4,type 4 ennegram,0,3,0.00,56.7
https://9takes.com/enneagram-corner/enneagram-type-4,type 4 people,0,1,0.00,72.0
https://9takes.com/enneagram-corner/enneagram-type-4,type 4 subtypes,0,1,0.00,43.0
https://9takes.com/enneagram-corner/enneagram-type-4,type four,0,1,0.00,42.0
https://9takes.com/enneagram-corner/enneagram-type-4,type four enneagram,0,10,0.00,53.4
https://9takes.com/enneagram-corner/enneagram-type-4,what does enneagram 4 mean,0,1,0.00,38.0
https://9takes.com/enneagram-corner/enneagram-type-4,what enneagram disintegrates to 4,0,5,0.00,10.4
https://9takes.com/enneagram-corner/enneagram-type-4,what is 4 enneagram,0,2,0.00,45.0
https://9takes.com/enneagram-corner/enneagram-type-4,what is a 4 on the enneagram,0,1,0.00,52.0
https://9takes.com/enneagram-corner/enneagram-type-4,what is an enneagram 4,0,1,0.00,51.0
https://9takes.com/enneagram-corner/enneagram-type-4,what is enneagram 4,0,4,0.00,45.8
https://9takes.com/enneagram-corner/enneagram-type-4,what is ennegram 4,0,1,0.00,41.0
https://9takes.com/enneagram-corner/enneagram-type-4,what is the enneagram 4,0,19,0.00,39.1
https://9takes.com/enneagram-corner/enneagram-type-4,where does enneagram 4 go in stress,0,1,0.00,34.0
https://9takes.com/enneagram-corner/enneagram-type-5,5 disintegration,0,1,0.00,25.0
https://9takes.com/enneagram-corner/enneagram-type-5,5 disintegration enneagram,0,1,0.00,11.0
https://9takes.com/enneagram-corner/enneagram-type-5,9takes,0,3,0.00,1.0
https://9takes.com/enneagram-corner/enneagram-type-5,9w5 personality,0,1,0.00,100.0
https://9takes.com/enneagram-corner/enneagram-type-5,countertype enneagram 5,0,1,0.00,65.0
https://9takes.com/enneagram-corner/enneagram-type-5,e5 disintegration,0,3,0.00,21.0
https://9takes.com/enneagram-corner/enneagram-type-5,e5 integration and disintegration,0,2,0.00,27.5
https://9takes.com/enneagram-corner/enneagram-type-5,enneagram 5 at work,0,1,0.00,59.0
https://9takes.com/enneagram-corner/enneagram-type-5,enneagram 5 core desire,0,1,0.00,33.0
https://9takes.com/enneagram-corner/enneagram-type-5,enneagram 5 core fear and desire,0,1,0.00,35.0
https://9takes.com/enneagram-corner/enneagram-type-5,enneagram 5 defense mechanism,0,1,0.00,65.0
https://9takes.com/enneagram-corner/enneagram-type-5,enneagram 5 disintegration and integration,0,1,0.00,17.0
https://9takes.com/enneagram-corner/enneagram-type-5,enneagram 5 greed,0,2,0.00,37.0
https://9takes.com/enneagram-corner/enneagram-type-5,enneagram 5 in stress,0,2,0.00,35.5
https://9takes.com/enneagram-corner/enneagram-type-5,enneagram 5 integration,0,2,0.00,25.0
https://9takes.com/enneagram-corner/enneagram-type-5,enneagram 5 integration and disintegration,0,2,0.00,21.0
https://9takes.com/enneagram-corner/enneagram-type-5,enneagram 5 social,0,1,0.00,18.0
https://9takes.com/enneagram-corner/enneagram-type-5,enneagram 5 stress,0,2,0.00,36.0
https://9takes.com/enneagram-corner/enneagram-type-5,enneagram 5 stress and growth,0,3,0.00,61.0
https://9takes.com/enneagram-corner/enneagram-type-5,enneagram 5 under stress,0,3,0.00,25.3
https://9takes.com/enneagram-corner/enneagram-type-5,enneagram 9w5,0,4,0.00,33.0
https://9takes.com/enneagram-corner/enneagram-type-5,enneagram social 5,0,5,0.00,27.0
https://9takes.com/enneagram-corner/enneagram-type-5,enneagram type 5,0,4,0.00,52.8
https://9takes.com/enneagram-corner/enneagram-type-5,enneagram type 5 disintegration,0,2,0.00,11.0
https://9takes.com/enneagram-corner/enneagram-type-5,enneagram type 5 subtypes,0,1,0.00,69.0
https://9takes.com/enneagram-corner/enneagram-type-5,enneagram withdrawn types,0,1,0.00,24.0
https://9takes.com/enneagram-corner/enneagram-type-5,inner 5,0,1,0.00,20.0
https://9takes.com/enneagram-corner/enneagram-type-5,other 5,0,1,0.00,62.0
https://9takes.com/enneagram-corner/enneagram-type-5,so 5 enneagram,0,5,0.00,40.2
https://9takes.com/enneagram-corner/enneagram-type-5,so5 enneagram,0,8,0.00,49.8
https://9takes.com/enneagram-corner/enneagram-type-5,social 5 enneagram,0,13,0.00,25.3
https://9takes.com/enneagram-corner/enneagram-type-5,social enneagram 5,0,1,0.00,15.0
https://9takes.com/enneagram-corner/enneagram-type-5,social five,0,4,0.00,15.3
https://9takes.com/enneagram-corner/enneagram-type-5,triple withdrawn,0,1,0.00,23.0
https://9takes.com/enneagram-corner/enneagram-type-5,type 5 disintegration,0,29,0.00,10.4
https://9takes.com/enneagram-corner/enneagram-type-5,type five enneagram,0,1,0.00,55.0
https://9takes.com/enneagram-corner/enneagram-type-5,what does 5 disintegrate to,0,1,0.00,11.0
https://9takes.com/enneagram-corner/enneagram-type-5,what does enneagram 5 disintegration to,0,2,0.00,11.0
https://9takes.com/enneagram-corner/enneagram-type-5,what is a type 5,0,1,0.00,56.0
https://9takes.com/enneagram-corner/enneagram-type-5,why do unhealthy enneagram fives hate closeness,0,1,0.00,17.0
https://9takes.com/enneagram-corner/enneagram-type-5,withdrawn enneagram,0,1,0.00,21.0
https://9takes.com/enneagram-corner/enneagram-type-5,withdrawn enneagram types,0,1,0.00,24.0
https://9takes.com/enneagram-corner/enneagram-type-5,withdrawn type enneagram,0,7,0.00,18.6
https://9takes.com/enneagram-corner/enneagram-type-5#fives-at-work,enneagram 5 disintegration,0,13,0.00,10.8
https://9takes.com/enneagram-corner/enneagram-type-5#fives-at-work,enneagram type 5 disintegration,0,2,0.00,11.0
https://9takes.com/enneagram-corner/enneagram-type-5#fives-at-work,type 5 disintegration,0,2,0.00,11.0
https://9takes.com/enneagram-corner/enneagram-type-5#how-5s-handle-conflict-the-competency-approach,enneagram 5 disintegration,0,13,0.00,10.8
https://9takes.com/enneagram-corner/enneagram-type-5#how-5s-handle-conflict-the-competency-approach,enneagram type 5 disintegration,0,2,0.00,11.0
https://9takes.com/enneagram-corner/enneagram-type-5#how-5s-handle-conflict-the-competency-approach,type 5 disintegration,0,2,0.00,11.0
https://9takes.com/enneagram-corner/enneagram-type-5#reading-a-five-what-people-get-wrong,enneagram 5 disintegration,0,12,0.00,10.8
https://9takes.com/enneagram-corner/enneagram-type-5#reading-a-five-what-people-get-wrong,enneagram type 5 disintegration,0,2,0.00,11.0
https://9takes.com/enneagram-corner/enneagram-type-5#reading-a-five-what-people-get-wrong,type 5 disintegration,0,2,0.00,11.0
https://9takes.com/enneagram-corner/enneagram-type-5#the-childhood-blueprint,enneagram 5 disintegration,0,13,0.00,10.8
https://9takes.com/enneagram-corner/enneagram-type-5#the-childhood-blueprint,enneagram type 5 disintegration,0,2,0.00,11.0
https://9takes.com/enneagram-corner/enneagram-type-5#the-childhood-blueprint,type 5 disintegration,0,8,0.00,11.0
https://9takes.com/enneagram-corner/enneagram-type-5#the-cost-of-distance,enneagram 5 disintegration,0,12,0.00,10.8
https://9takes.com/enneagram-corner/enneagram-type-5#the-cost-of-distance,enneagram type 5 disintegration,0,2,0.00,11.0
https://9takes.com/enneagram-corner/enneagram-type-5#the-cost-of-distance,type 5 disintegration,0,8,0.00,11.0
https://9takes.com/enneagram-corner/enneagram-type-5#the-fortress-mind,enneagram 5 disintegration,0,12,0.00,10.8
https://9takes.com/enneagram-corner/enneagram-type-5#the-fortress-mind,enneagram type 5 disintegration,0,2,0.00,11.0
https://9takes.com/enneagram-corner/enneagram-type-5#the-fortress-mind,type 5 disintegration,0,2,0.00,11.0
https://9takes.com/enneagram-corner/enneagram-type-5#when-the-fortress-crumbles-fives-under-stress,enneagram 5 disintegration,0,12,0.00,10.8
https://9takes.com/enneagram-corner/enneagram-type-5#when-the-fortress-crumbles-fives-under-stress,enneagram type 5 disintegration,0,2,0.00,11.0
https://9takes.com/enneagram-corner/enneagram-type-5#when-the-fortress-crumbles-fives-under-stress,type 5 disintegration,0,8,0.00,11.0
https://9takes.com/enneagram-corner/enneagram-type-6,6 enneagram,0,7,0.00,68.6
https://9takes.com/enneagram-corner/enneagram-type-6,6 enneagram description,0,1,0.00,67.0
https://9takes.com/enneagram-corner/enneagram-type-6,6 ennegram,0,1,0.00,60.0
https://9takes.com/enneagram-corner/enneagram-type-6,6 in enneagram,0,1,0.00,52.0
https://9takes.com/enneagram-corner/enneagram-type-6,6 on enneagram,0,8,0.00,66.1
https://9takes.com/enneagram-corner/enneagram-type-6,6 on the enneagram,0,1,0.00,77.0
https://9takes.com/enneagram-corner/enneagram-type-6,characteristics of enneagram 6,0,1,0.00,83.0
https://9takes.com/enneagram-corner/enneagram-type-6,core fear of enneagram 6,0,2,0.00,76.0
https://9takes.com/enneagram-corner/enneagram-type-6,e6 enneagram,0,1,0.00,85.0
https://9takes.com/enneagram-corner/enneagram-type-6,eneagram 6,0,1,0.00,59.0
https://9takes.com/enneagram-corner/enneagram-type-6,enegram type 6,0,1,0.00,79.0
https://9takes.com/enneagram-corner/enneagram-type-6,ennagram 6,0,1,0.00,84.0
https://9takes.com/enneagram-corner/enneagram-type-6,enneagram 6,0,248,0.00,83.5
https://9takes.com/enneagram-corner/enneagram-type-6,enneagram 6 arrows,0,1,0.00,95.0
https://9takes.com/enneagram-corner/enneagram-type-6,enneagram 6 biggest fear,0,1,0.00,76.0
https://9takes.com/enneagram-corner/enneagram-type-6,enneagram 6 characteristics,0,3,0.00,82.7
https://9takes.com/enneagram-corner/enneagram-type-6,enneagram 6 core fear,0,1,0.00,69.0
https://9takes.com/enneagram-corner/enneagram-type-6,enneagram 6 core fear and desire,0,2,0.00,77.5
https://9takes.com/enneagram-corner/enneagram-type-6,enneagram 6 core motivation,0,1,0.00,65.0
https://9takes.com/enneagram-corner/enneagram-type-6,enneagram 6 countertype,0,1,0.00,44.0
https://9takes.com/enneagram-corner/enneagram-type-6,enneagram 6 fear,0,1,0.00,55.0
https://9takes.com/enneagram-corner/enneagram-type-6,enneagram 6 fears,0,1,0.00,16.0
https://9takes.com/enneagram-corner/enneagram-type-6,enneagram 6 fears and desires,0,2,0.00,71.0
https://9takes.com/enneagram-corner/enneagram-type-6,enneagram 6 growth and stress,0,6,0.00,64.2
https://9takes.com/enneagram-corner/enneagram-type-6,enneagram 6 in stress,0,9,0.00,62.9
https://9takes.com/enneagram-corner/enneagram-type-6,enneagram 6 in stress and growth,0,1,0.00,67.0
https://9takes.com/enneagram-corner/enneagram-type-6,enneagram 6 integration,0,1,0.00,28.0
https://9takes.com/enneagram-corner/enneagram-type-6,enneagram 6 integration and disintegration,0,1,0.00,54.0
https://9takes.com/enneagram-corner/enneagram-type-6,enneagram 6 meaning,0,2,0.00,66.0
https://9takes.com/enneagram-corner/enneagram-type-6,enneagram 6 motivation,0,1,0.00,98.0
https://9takes.com/enneagram-corner/enneagram-type-6,enneagram 6 projection,0,1,0.00,51.0
https://9takes.com/enneagram-corner/enneagram-type-6,enneagram 6 self preservation,0,3,0.00,65.0
https://9takes.com/enneagram-corner/enneagram-type-6,enneagram 6 stacks,0,1,0.00,53.0
https://9takes.com/enneagram-corner/enneagram-type-6,enneagram 6 strengths,0,2,0.00,63.0
https://9takes.com/enneagram-corner/enneagram-type-6,enneagram 6 stress,0,1,0.00,29.0
https://9takes.com/enneagram-corner/enneagram-type-6,enneagram 6 stress and growth,0,2,0.00,69.5
https://9takes.com/enneagram-corner/enneagram-type-6,enneagram 6 traits,0,1,0.00,92.0
https://9takes.com/enneagram-corner/enneagram-type-6,enneagram 6 trauma,0,1,0.00,18.0
https://9takes.com/enneagram-corner/enneagram-type-6,enneagram 6 type,0,4,0.00,79.0
https://9takes.com/enneagram-corner/enneagram-type-6,enneagram 6 types,0,1,0.00,58.0
https://9takes.com/enneagram-corner/enneagram-type-6,enneagram 6 under stress,0,4,0.00,55.8
https://9takes.com/enneagram-corner/enneagram-type-6,enneagram 6 unhealthy,0,2,0.00,44.0
https://9takes.com/enneagram-corner/enneagram-type-6,enneagram 6 weaknesses,0,1,0.00,69.0
https://9takes.com/enneagram-corner/enneagram-type-6,enneagram 6w9,0,2,0.00,77.0
https://9takes.com/enneagram-corner/enneagram-type-6,enneagram number 6,0,7,0.00,67.3
https://9takes.com/enneagram-corner/enneagram-type-6,enneagram six,0,7,0.00,65.6
https://9takes.com/enneagram-corner/enneagram-type-6,enneagram six with a five-wing: “the defender”,0,1,0.00,50.0
https://9takes.com/enneagram-corner/enneagram-type-6,enneagram six with a seven-wing: “the buddy”,0,1,0.00,53.0
https://9takes.com/enneagram-corner/enneagram-type-6,enneagram skeptic,0,1,0.00,72.0
https://9takes.com/enneagram-corner/enneagram-type-6,enneagram social 6,0,6,0.00,47.7
https://9takes.com/enneagram-corner/enneagram-type-6,enneagram test 6,0,2,0.00,50.5
https://9takes.com/enneagram-corner/enneagram-type-6,enneagram test 6 meaning,0,1,0.00,65.0
https://9takes.com/enneagram-corner/enneagram-type-6,enneagram test type 6,0,1,0.00,75.0
https://9takes.com/enneagram-corner/enneagram-type-6,enneagram type 6,0,289,0.00,79.4
https://9takes.com/enneagram-corner/enneagram-type-6,enneagram type 6 skeptical slow to trust source,0,1,0.00,11.0
https://9takes.com/enneagram-corner/enneagram-type-6,enneagram type 6 traits,0,1,0.00,87.0
https://9takes.com/enneagram-corner/enneagram-type-6,enneagram type 6 weaknesses,0,1,0.00,73.0
https://9takes.com/enneagram-corner/enneagram-type-6,enneagram type six,0,8,0.00,66.9
https://9takes.com/enneagram-corner/enneagram-type-6,enneagram types 6,0,3,0.00,81.3
https://9takes.com/enneagram-corner/enneagram-type-6,enneagram unhealthy 6,0,2,0.00,55.5
https://9takes.com/enneagram-corner/enneagram-type-6,enneagramme type 6,0,2,0.00,80.0
https://9takes.com/enneagram-corner/enneagram-type-6,enneagrammer 6,0,3,0.00,62.3
https://9takes.com/enneagram-corner/enneagram-type-6,enneagrams 6,0,1,0.00,58.0
https://9takes.com/enneagram-corner/enneagram-type-6,ennegram 6,0,3,0.00,80.7
https://9takes.com/enneagram-corner/enneagram-type-6,ennegram type 6,0,2,0.00,79.5
https://9takes.com/enneagram-corner/enneagram-type-6,ennéagramme type 6,0,3,0.00,70.0
https://9takes.com/enneagram-corner/enneagram-type-6,loyal skeptic,0,2,0.00,76.5
https://9takes.com/enneagram-corner/enneagram-type-6,number 6 enneagram,0,1,0.00,75.0
https://9takes.com/enneagram-corner/enneagram-type-6,self pres 6,0,1,0.00,70.0
https://9takes.com/enneagram-corner/enneagram-type-6,self preservation 6,0,4,0.00,60.0
https://9takes.com/enneagram-corner/enneagram-type-6,self preservation enneagram 6,0,1,0.00,68.0
https://9takes.com/enneagram-corner/enneagram-type-6,self preservation six,0,1,0.00,62.0
https://9takes.com/enneagram-corner/enneagram-type-6,six enneagram,0,4,0.00,60.8
https://9takes.com/enneagram-corner/enneagram-type-6,six enneagram type,0,2,0.00,81.5
https://9takes.com/enneagram-corner/enneagram-type-6,sixes enneagram,0,2,0.00,63.0
https://9takes.com/enneagram-corner/enneagram-type-6,so 6 enneagram,0,3,0.00,46.0
https://9takes.com/enneagram-corner/enneagram-type-6,so6 enneagram,0,3,0.00,57.3
https://9takes.com/enneagram-corner/enneagram-type-6,social 6 enneagram,0,1,0.00,41.0
https://9takes.com/enneagram-corner/enneagram-type-6,social enneagram 6,0,1,0.00,47.0
https://9takes.com/enneagram-corner/enneagram-type-6,social six enneagram,0,1,0.00,40.0
https://9takes.com/enneagram-corner/enneagram-type-6,the body holds the score,0,1,0.00,11.0
https://9takes.com/enneagram-corner/enneagram-type-6,the loyal skeptic,0,1,0.00,73.0
https://9takes.com/enneagram-corner/enneagram-type-6,the skeptic enneagram,0,1,0.00,85.0
https://9takes.com/enneagram-corner/enneagram-type-6,type 6 disintegration,0,1,0.00,39.0
https://9takes.com/enneagram-corner/enneagram-type-6,type 6 enneagram,0,14,0.00,80.0
https://9takes.com/enneagram-corner/enneagram-type-6,type 6 enneagram description,0,1,0.00,74.0
https://9takes.com/enneagram-corner/enneagram-type-6,type 6 enneagramme,0,1,0.00,86.0
https://9takes.com/enneagram-corner/enneagram-type-6,type 6 ennegram,0,1,0.00,85.0
https://9takes.com/enneagram-corner/enneagram-type-6,type six enneagram,0,7,0.00,65.4
https://9takes.com/enneagram-corner/enneagram-type-6,unhealthy 6 enneagram,0,2,0.00,49.5
https://9takes.com/enneagram-corner/enneagram-type-6,unhealthy enneagram 6,0,2,0.00,48.5
https://9takes.com/enneagram-corner/enneagram-type-6,what does an enneagram 6 go to in stress,0,1,0.00,92.0
https://9takes.com/enneagram-corner/enneagram-type-6,what does enneagram 6 go to in stress,0,1,0.00,68.0
https://9takes.com/enneagram-corner/enneagram-type-6,what is enneagram 6,0,1,0.00,79.0
https://9takes.com/enneagram-corner/enneagram-type-6,what is type 6 enneagram,0,1,0.00,64.0
https://9takes.com/enneagram-corner/enneagram-type-6,your enneagram coach type 6,0,1,0.00,34.0
https://9takes.com/enneagram-corner/enneagram-type-7,7 in enneagram,0,1,0.00,53.0
https://9takes.com/enneagram-corner/enneagram-type-7,9takes,0,2,0.00,5.5
https://9takes.com/enneagram-corner/enneagram-type-7,enneagram 7 basic fear,0,1,0.00,51.0
https://9takes.com/enneagram-corner/enneagram-type-7,enneagram 7 career,0,1,0.00,62.0
https://9takes.com/enneagram-corner/enneagram-type-7,enneagram 7 core fear,0,1,0.00,36.0
https://9takes.com/enneagram-corner/enneagram-type-7,enneagram 7 explained,0,1,0.00,61.0
https://9takes.com/enneagram-corner/enneagram-type-7,enneagram 7 fear,0,1,0.00,50.0
https://9takes.com/enneagram-corner/enneagram-type-7,enneagram 7 fears,0,6,0.00,30.8
https://9takes.com/enneagram-corner/enneagram-type-7,enneagram 7 fears and desires,0,1,0.00,51.0
https://9takes.com/enneagram-corner/enneagram-type-7,enneagram 7 growth,0,8,0.00,48.3
https://9takes.com/enneagram-corner/enneagram-type-7,enneagram 7 integration,0,1,0.00,21.0
https://9takes.com/enneagram-corner/enneagram-type-7,enneagram 7 motivation,0,2,0.00,59.0
https://9takes.com/enneagram-corner/enneagram-type-7,enneagram 7 stress,0,1,0.00,67.0
https://9takes.com/enneagram-corner/enneagram-type-7,enneagram 7 stress and growth,0,1,0.00,62.0
https://9takes.com/enneagram-corner/enneagram-type-7,enneagram 7 subtype,0,1,0.00,49.0
https://9takes.com/enneagram-corner/enneagram-type-7,enneagram 7w9,0,1,0.00,61.0
https://9takes.com/enneagram-corner/enneagram-type-7,enneagram test 7,0,1,0.00,53.0
https://9takes.com/enneagram-corner/enneagram-type-7,enneagream 7,0,1,0.00,60.0
https://9takes.com/enneagram-corner/enneagram-type-7,enneogram 7,0,1,0.00,65.0
https://9takes.com/enneagram-corner/enneagram-type-7,inneagram 7,0,1,0.00,60.0
https://9takes.com/enneagram-corner/enneagram-type-7,seven phases,0,1,0.00,65.0
https://9takes.com/enneagram-corner/enneagram-type-7,sevens hours intense phase,0,3,0.00,10.0
https://9takes.com/enneagram-corner/enneagram-type-7,type 7,0,1,0.00,65.0
https://9takes.com/enneagram-corner/enneagram-type-7,what enneagram would have the best chance of beating fear and hunger without a guide?,0,1,0.00,59.0
https://9takes.com/enneagram-corner/enneagram-type-7,where do 7s go in stress,0,2,0.00,72.5
https://9takes.com/enneagram-corner/enneagram-type-8,active controller,0,1,0.00,62.0
https://9takes.com/enneagram-corner/enneagram-type-8,conflicts ene8,0,1,0.00,4.0
https://9takes.com/enneagram-corner/enneagram-type-8,enneagram 8 fear,0,1,0.00,33.0
https://9takes.com/enneagram-corner/enneagram-type-8,enneagram 8 in stress,0,2,0.00,26.0
https://9takes.com/enneagram-corner/enneagram-type-8,enneagram 8 stress,0,1,0.00,24.0
https://9takes.com/enneagram-corner/enneagram-type-8,enneagram 8 under stress,0,1,0.00,24.0
https://9takes.com/enneagram-corner/enneagram-type-8,enneagram eight with a seven-wing: “the maverick”,0,2,0.00,50.0
https://9takes.com/enneagram-corner/enneagram-type-8,enneagram the protector,0,2,0.00,38.0
https://9takes.com/enneagram-corner/enneagram-type-8,so8 эннеаграмма,0,1,0.00,1.0
https://9takes.com/enneagram-corner/enneagram-type-8,sx8 enneagram คือ,0,1,0.00,1.0
https://9takes.com/enneagram-corner/enneagram-type-8,sx8 эннеаграмма,0,9,0.00,1.0
https://9takes.com/enneagram-corner/enneagram-type-8,the protector enneagram,0,1,0.00,24.0
https://9takes.com/enneagram-corner/enneagram-type-8,what 8s,0,1,0.00,10.0
https://9takes.com/enneagram-corner/enneagram-type-8,сх 8 эннеаграмма,0,5,0.00,1.0
https://9takes.com/enneagram-corner/enneagram-type-8,сх8 эннеа,0,1,0.00,1.0
https://9takes.com/enneagram-corner/enneagram-type-8,сх8 эннеаграмма,0,3,0.00,1.0
https://9takes.com/enneagram-corner/enneagram-type-9,9 enneagram,0,16,0.00,44.6
https://9takes.com/enneagram-corner/enneagram-type-9,9 enneagram type,0,1,0.00,43.0
https://9takes.com/enneagram-corner/enneagram-type-9,9 in enneagram,0,1,0.00,36.0
https://9takes.com/enneagram-corner/enneagram-type-9,9 in stress,0,1,0.00,58.0
https://9takes.com/enneagram-corner/enneagram-type-9,9 on enneagram,0,21,0.00,41.8
https://9takes.com/enneagram-corner/enneagram-type-9,9 peacemaker,0,2,0.00,27.0
https://9takes.com/enneagram-corner/enneagram-type-9,9 type enneagram,0,1,0.00,46.0
https://9takes.com/enneagram-corner/enneagram-type-9,9takes,0,16,0.00,1.0
https://9takes.com/enneagram-corner/enneagram-type-9,9w2 enneagram,0,1,0.00,58.0
https://9takes.com/enneagram-corner/enneagram-type-9,9w3,0,3,0.00,35.0
https://9takes.com/enneagram-corner/enneagram-type-9,9w3 enneagram,0,1,0.00,55.0
https://9takes.com/enneagram-corner/enneagram-type-9,9w9,0,1,0.00,60.0
https://9takes.com/enneagram-corner/enneagram-type-9,e9 enneagram,0,3,0.00,41.3
https://9takes.com/enneagram-corner/enneagram-type-9,eneagram 9,0,4,0.00,45.0
https://9takes.com/enneagram-corner/enneagram-type-9,enegram 9,0,1,0.00,40.0
https://9takes.com/enneagram-corner/enneagram-type-9,enegram type 9,0,2,0.00,39.0
https://9takes.com/enneagram-corner/enneagram-type-9,enengram 9,0,1,0.00,45.0
https://9takes.com/enneagram-corner/enneagram-type-9,eneogram 9,0,1,0.00,55.0
https://9takes.com/enneagram-corner/enneagram-type-9,eniagram 9,0,2,0.00,41.0
https://9takes.com/enneagram-corner/enneagram-type-9,ennagram 9,0,1,0.00,31.0
https://9takes.com/enneagram-corner/enneagram-type-9,enneagram 9 anger,0,1,0.00,32.0
https://9takes.com/enneagram-corner/enneagram-type-9,enneagram 9 arrows,0,1,0.00,39.0
https://9takes.com/enneagram-corner/enneagram-type-9,enneagram 9 basic fear,0,3,0.00,46.0
https://9takes.com/enneagram-corner/enneagram-type-9,enneagram 9 characteristics,0,2,0.00,47.5
https://9takes.com/enneagram-corner/enneagram-type-9,enneagram 9 core fear,0,2,0.00,37.5
https://9takes.com/enneagram-corner/enneagram-type-9,enneagram 9 core fear and desire,0,1,0.00,64.0
https://9takes.com/enneagram-corner/enneagram-type-9,enneagram 9 core motivation,0,2,0.00,62.0
https://9takes.com/enneagram-corner/enneagram-type-9,enneagram 9 description,0,6,0.00,50.3
https://9takes.com/enneagram-corner/enneagram-type-9,enneagram 9 fear,0,4,0.00,52.5
https://9takes.com/enneagram-corner/enneagram-type-9,enneagram 9 fears,0,3,0.00,49.3
https://9takes.com/enneagram-corner/enneagram-type-9,enneagram 9 fears and desires,0,2,0.00,71.5
https://9takes.com/enneagram-corner/enneagram-type-9,enneagram 9 female,0,2,0.00,50.0
https://9takes.com/enneagram-corner/enneagram-type-9,enneagram 9 in conflict,0,3,0.00,38.0
https://9takes.com/enneagram-corner/enneagram-type-9,enneagram 9 in stress,0,10,0.00,45.6
https://9takes.com/enneagram-corner/enneagram-type-9,enneagram 9 meaning,0,1,0.00,31.0
https://9takes.com/enneagram-corner/enneagram-type-9,enneagram 9 motivation,0,3,0.00,67.3
https://9takes.com/enneagram-corner/enneagram-type-9,enneagram 9 people,0,1,0.00,81.0
https://9takes.com/enneagram-corner/enneagram-type-9,enneagram 9 personality,0,1,0.00,54.0
https://9takes.com/enneagram-corner/enneagram-type-9,enneagram 9 personality types,0,1,0.00,88.0
https://9takes.com/enneagram-corner/enneagram-type-9,enneagram 9 strengths,0,2,0.00,52.5
https://9takes.com/enneagram-corner/enneagram-type-9,enneagram 9 stress,0,4,0.00,39.3
https://9takes.com/enneagram-corner/enneagram-type-9,enneagram 9 summary,0,1,0.00,41.0
https://9takes.com/enneagram-corner/enneagram-type-9,enneagram 9 traits,0,1,0.00,44.0
https://9takes.com/enneagram-corner/enneagram-type-9,enneagram 9 type,0,1,0.00,58.0
https://9takes.com/enneagram-corner/enneagram-type-9,enneagram 9 types,0,27,0.00,66.3
https://9takes.com/enneagram-corner/enneagram-type-9,enneagram 9 under stress,0,7,0.00,34.4
https://9takes.com/enneagram-corner/enneagram-type-9,enneagram 9 weaknesses,0,5,0.00,67.0
https://9takes.com/enneagram-corner/enneagram-type-9,enneagram 9s,0,2,0.00,34.0
https://9takes.com/enneagram-corner/enneagram-type-9,enneagram 9w2,0,3,0.00,44.0
https://9takes.com/enneagram-corner/enneagram-type-9,enneagram 9w3,0,1,0.00,52.0
https://9takes.com/enneagram-corner/enneagram-type-9,enneagram coach type 9,0,3,0.00,33.0
https://9takes.com/enneagram-corner/enneagram-type-9,enneagram institute 9,0,15,0.00,37.1
https://9takes.com/enneagram-corner/enneagram-type-9,enneagram institute type 9,0,3,0.00,32.0
https://9takes.com/enneagram-corner/enneagram-type-9,enneagram nine,0,48,0.00,43.2
https://9takes.com/enneagram-corner/enneagram-type-9,enneagram nines,0,1,0.00,35.0
https://9takes.com/enneagram-corner/enneagram-type-9,enneagram number 9,0,18,0.00,42.4
https://9takes.com/enneagram-corner/enneagram-type-9,enneagram peacemaker,0,3,0.00,34.7
https://9takes.com/enneagram-corner/enneagram-type-9,enneagram test 9,0,1,0.00,45.0
https://9takes.com/enneagram-corner/enneagram-type-9,enneagram type 9 description,0,3,0.00,46.3
https://9takes.com/enneagram-corner/enneagram-type-9,enneagram type 9 in stress,0,2,0.00,54.0
https://9takes.com/enneagram-corner/enneagram-type-9,enneagram type 9 personality,0,2,0.00,46.0
https://9takes.com/enneagram-corner/enneagram-type-9,enneagram type 9 stress,0,3,0.00,33.0
https://9takes.com/enneagram-corner/enneagram-type-9,enneagram type nine,0,12,0.00,37.6
https://9takes.com/enneagram-corner/enneagram-type-9,enneagram types 9,0,6,0.00,46.8
https://9takes.com/enneagram-corner/enneagram-type-9,enneagram unhealthy 9,0,3,0.00,44.3
https://9takes.com/enneagram-corner/enneagram-type-9,enneagram9,0,2,0.00,63.5
https://9takes.com/enneagram-corner/enneagram-type-9,enneagramm 9,0,2,0.00,38.5
https://9takes.com/enneagram-corner/enneagram-type-9,enneagrm 9,0,1,0.00,27.0
https://9takes.com/enneagram-corner/enneagram-type-9,ennegram 9,0,8,0.00,34.9
https://9takes.com/enneagram-corner/enneagram-type-9,ennogram 9,0,1,0.00,34.0
https://9takes.com/enneagram-corner/enneagram-type-9,healthy 9 enneagram,0,2,0.00,54.5
https://9takes.com/enneagram-corner/enneagram-type-9,healthy enneagram 9,0,4,0.00,52.0
https://9takes.com/enneagram-corner/enneagram-type-9,ichazo enneagram 9,0,1,0.00,17.0
https://9takes.com/enneagram-corner/enneagram-type-9,nine enneagram,0,4,0.00,35.5
https://9takes.com/enneagram-corner/enneagram-type-9,nines enneagram,0,1,0.00,26.0
https://9takes.com/enneagram-corner/enneagram-type-9,number 9 enneagram,0,2,0.00,41.0
https://9takes.com/enneagram-corner/enneagram-type-9,opposite of enneagram 9,0,1,0.00,42.0
https://9takes.com/enneagram-corner/enneagram-type-9,peacekeeper personality,0,3,0.00,78.3
https://9takes.com/enneagram-corner/enneagram-type-9,peacemaker enneagram,0,3,0.00,30.3
https://9takes.com/enneagram-corner/enneagram-type-9,peacemaker personality type,0,1,0.00,36.0
https://9takes.com/enneagram-corner/enneagram-type-9,personality type 9,0,1,0.00,51.0
https://9takes.com/enneagram-corner/enneagram-type-9,personality type 9 enneagram,0,1,0.00,43.0
https://9takes.com/enneagram-corner/enneagram-type-9,personality types 9,0,1,0.00,77.0
https://9takes.com/enneagram-corner/enneagram-type-9,the peacemaker enneagram,0,4,0.00,21.5
https://9takes.com/enneagram-corner/enneagram-type-9,type 9,0,9,0.00,36.3
https://9takes.com/enneagram-corner/enneagram-type-9,type 9 core fear,0,1,0.00,28.0
https://9takes.com/enneagram-corner/enneagram-type-9,type 9 enneagram,0,44,0.00,41.5
https://9takes.com/enneagram-corner/enneagram-type-9,type 9 enneagramme,0,1,0.00,83.0
https://9takes.com/enneagram-corner/enneagram-type-9,type 9 personality,0,1,0.00,61.0
https://9takes.com/enneagram-corner/enneagram-type-9,type 9 the peacemaker,0,2,0.00,20.0
https://9takes.com/enneagram-corner/enneagram-type-9,type nine,0,1,0.00,41.0
https://9takes.com/enneagram-corner/enneagram-type-9,type nine enneagram,0,31,0.00,44.0
https://9takes.com/enneagram-corner/enneagram-type-9,unhealthy 9 enneagram,0,2,0.00,45.5
https://9takes.com/enneagram-corner/enneagram-type-9,unhealthy enneagram 9,0,5,0.00,54.8
https://9takes.com/enneagram-corner/enneagram-type-9,what does type 9 enneagram mean,0,1,0.00,39.0
https://9takes.com/enneagram-corner/enneagram-type-9,what is 9 enneagram,0,1,0.00,37.0
https://9takes.com/enneagram-corner/enneagram-type-9,what is a 9 enneagram,0,2,0.00,39.0
https://9takes.com/enneagram-corner/enneagram-type-9,what is an enneagram 9,0,1,0.00,48.0
https://9takes.com/enneagram-corner/enneagram-type-9,what is enneagram 9,0,3,0.00,38.7
https://9takes.com/enneagram-corner/enneagram-type-9,what is the enneagram 9,0,5,0.00,41.4
https://9takes.com/enneagram-corner/enneagram-type-9,what is type 9,0,4,0.00,41.3
https://9takes.com/enneagram-corner/enneagram-type-9,where does enneagram 9 go in stress,0,1,0.00,69.0
https://9takes.com/enneagram-corner/enneagram-type-9,your enneagram coach type 9,0,6,0.00,38.8
https://9takes.com/enneagram-corner/enneagram-types-and-career-choices,5w4,0,1,0.00,6.0
https://9takes.com/enneagram-corner/enneagram-types-and-career-choices,best job for enneagram 9,0,1,0.00,16.0
https://9takes.com/enneagram-corner/enneagram-types-and-career-choices,best jobs for enneagram 1,0,2,0.00,20.0
https://9takes.com/enneagram-corner/enneagram-types-and-career-choices,best jobs for enneagram 4,0,5,0.00,32.2
https://9takes.com/enneagram-corner/enneagram-types-and-career-choices,best jobs for enneagram 9,0,2,0.00,21.5
https://9takes.com/enneagram-corner/enneagram-types-and-career-choices,careers for enneagram 1,0,11,0.00,21.0
https://9takes.com/enneagram-corner/enneagram-types-and-career-choices,careers for enneagram 4,0,5,0.00,37.8
https://9takes.com/enneagram-corner/enneagram-types-and-career-choices,careers for enneagram type 1,0,4,0.00,20.3
https://9takes.com/enneagram-corner/enneagram-types-and-career-choices,careers for type 4 enneagram,0,3,0.00,30.7
https://9takes.com/enneagram-corner/enneagram-types-and-career-choices,enneagram + career,0,38,0.00,13.1
https://9takes.com/enneagram-corner/enneagram-types-and-career-choices,enneagram 1 careers,0,25,0.00,24.1
https://9takes.com/enneagram-corner/enneagram-types-and-career-choices,enneagram 1 jobs,0,4,0.00,24.0
https://9takes.com/enneagram-corner/enneagram-types-and-career-choices,enneagram 4 career,0,1,0.00,31.0
https://9takes.com/enneagram-corner/enneagram-types-and-career-choices,enneagram 4 jobs,0,18,0.00,28.7
https://9takes.com/enneagram-corner/enneagram-types-and-career-choices,enneagram 9 jobs,0,3,0.00,24.7
https://9takes.com/enneagram-corner/enneagram-types-and-career-choices,enneagram and career,0,2,0.00,21.0
https://9takes.com/enneagram-corner/enneagram-types-and-career-choices,enneagram career,0,528,0.00,14.7
https://9takes.com/enneagram-corner/enneagram-types-and-career-choices,enneagram careers,0,26,0.00,16.3
https://9takes.com/enneagram-corner/enneagram-types-and-career-choices,enneagram type 1 careers,0,4,0.00,18.3
https://9takes.com/enneagram-corner/enneagram-types-and-career-choices,enneagram type 1 jobs,0,20,0.00,19.8
https://9takes.com/enneagram-corner/enneagram-types-and-career-choices,enneagram type 2 careers to avoid,0,18,0.00,11.1
https://9takes.com/enneagram-corner/enneagram-types-and-career-choices,enneagram type 4 career blind spots,0,1,0.00,11.0
https://9takes.com/enneagram-corner/enneagram-types-and-career-choices,enneagram type 4 careers,0,40,0.00,30.9
https://9takes.com/enneagram-corner/enneagram-types-and-career-choices,enneagram type 4 jobs,0,32,0.00,26.8
https://9takes.com/enneagram-corner/enneagram-types-and-career-choices,enneagram type 9 careers,0,4,0.00,30.5
https://9takes.com/enneagram-corner/enneagram-types-and-career-choices,enneagram type 9 careers to avoid,0,31,0.00,10.3
https://9takes.com/enneagram-corner/enneagram-types-and-career-choices,enneagram type 9 jobs,0,1,0.00,28.0
https://9takes.com/enneagram-corner/enneagram-types-and-career-choices,enneagram types at work,0,1,0.00,33.0
https://9takes.com/enneagram-corner/enneagram-types-and-career-choices,his job leaves him kind of hated,0,1,0.00,23.0
https://9takes.com/enneagram-corner/enneagram-types-and-career-choices,i notice the negative aspects of my job,0,1,0.00,76.0
https://9takes.com/enneagram-corner/enneagram-types-and-career-choices,jobs for enneagram 1,0,1,0.00,19.0
https://9takes.com/enneagram-corner/enneagram-types-and-career-choices,jobs for enneagram 4,0,3,0.00,39.3
https://9takes.com/enneagram-corner/enneagram-types-and-career-choices,jobs for type 4 enneagram,0,1,0.00,27.0
https://9takes.com/enneagram-corner/enneagram-types-and-career-choices,type 1 enneagram careers,0,7,0.00,18.0
https://9takes.com/enneagram-corner/enneagram-types-and-career-choices,type 4 enneagram careers,0,3,0.00,29.0
https://9takes.com/enneagram-corner/enneagram-types-and-career-choices,type 6 enneagram careers,0,1,0.00,40.0
https://9takes.com/enneagram-corner/enneagram-types-and-career-choices,what elements of your job do you find most difficult,0,1,0.00,74.0
https://9takes.com/enneagram-corner/enneagram-types-and-career-choices#7-signs-youre-in-the-wrong-job-for-your-type,enneagram career,0,4,0.00,10.0
https://9takes.com/enneagram-corner/enneagram-types-and-career-choices#career-match-comparison-table,enneagram career,0,15,0.00,9.7
https://9takes.com/enneagram-corner/enneagram-types-and-career-choices#type-1---the-perfectionist-pursuing-excellence-in-their-chosen-field,enneagram type 6 careers to avoid,0,2,0.00,10.5
https://9takes.com/enneagram-corner/enneagram-types-and-career-choices#type-2---the-helper-building-careers-around-empowering-others,enneagram career,0,4,0.00,10.0
https://9takes.com/enneagram-corner/enneagram-types-and-career-choices#type-2---the-helper-building-careers-around-empowering-others,enneagram type 2 careers to avoid,0,1,0.00,10.0
https://9takes.com/enneagram-corner/enneagram-types-and-career-choices#type-2---the-helper-building-careers-around-empowering-others,enneagram type 6 careers to avoid,0,2,0.00,10.5
https://9takes.com/enneagram-corner/enneagram-types-and-career-choices#type-3---the-achiever-driven-to-succeed-in-high-powered-roles,enneagram career,0,4,0.00,10.0
https://9takes.com/enneagram-corner/enneagram-types-and-career-choices#type-3---the-achiever-driven-to-succeed-in-high-powered-roles,enneagram type 6 careers to avoid,0,2,0.00,10.5
https://9takes.com/enneagram-corner/enneagram-types-and-career-choices#type-4---the-individualist-expressing-creativity-in-unique-careers,enneagram career,0,4,0.00,10.0
https://9takes.com/enneagram-corner/enneagram-types-and-career-choices#type-4---the-individualist-expressing-creativity-in-unique-careers,enneagram type 2 careers to avoid,0,1,0.00,10.0
https://9takes.com/enneagram-corner/enneagram-types-and-career-choices#type-4---the-individualist-expressing-creativity-in-unique-careers,enneagram type 4 career blind spots,0,1,0.00,11.0
https://9takes.com/enneagram-corner/enneagram-types-and-career-choices#type-4---the-individualist-expressing-creativity-in-unique-careers,enneagram type 6 careers to avoid,0,2,0.00,10.5
https://9takes.com/enneagram-corner/enneagram-types-and-career-choices#type-5---the-investigator-analyzing-complex-problems-in-specialized-fields,enneagram career,0,4,0.00,10.0
https://9takes.com/enneagram-corner/enneagram-types-and-career-choices#type-5---the-investigator-analyzing-complex-problems-in-specialized-fields,enneagram type 6 careers to avoid,0,2,0.00,10.5
https://9takes.com/enneagram-corner/enneagram-types-and-career-choices#type-6---the-loyalist-finding-security-in-responsible-positions,enneagram type 6 careers to avoid,0,10,0.00,10.4
https://9takes.com/enneagram-corner/enneagram-types-and-career-choices#why-the-enneagram-matters-in-career-choice,enneagram career,0,15,0.00,9.7
https://9takes.com/enneagram-corner/enneagram-types-and-career-choices#why-the-enneagram-matters-in-career-choice,enneagram type 4 career blind spots,0,1,0.00,11.0
https://9takes.com/enneagram-corner/enneagram-types-and-career-choices#why-the-enneagram-matters-in-career-choice,enneagram type 6 careers to avoid,0,10,0.00,10.4
https://9takes.com/enneagram-corner/enneagram-types-at-party,enneagram games,0,10,0.00,26.1
https://9takes.com/enneagram-corner/enneagram-types-at-party,enneagram games for groups,0,7,0.00,38.7
https://9takes.com/enneagram-corner/enneagram-types-at-party,party type,0,1,0.00,1.0
https://9takes.com/enneagram-corner/enneagram-types-being-ghosted,enneagram fear of abandonment,0,2,0.00,19.0
https://9takes.com/enneagram-corner/enneagram-types-in-relationships,compatible enneagram types,0,5,0.00,55.4
https://9takes.com/enneagram-corner/enneagram-types-in-relationships,enneagram 1 and 4 relationship,0,2,0.00,48.0
https://9takes.com/enneagram-corner/enneagram-types-in-relationships,enneagram 1 and 6 relationship,0,1,0.00,50.0
https://9takes.com/enneagram-corner/enneagram-types-in-relationships,enneagram 1 in love,0,3,0.00,24.0
https://9takes.com/enneagram-corner/enneagram-types-in-relationships,enneagram 1 relationships,0,4,0.00,37.0
https://9takes.com/enneagram-corner/enneagram-types-in-relationships,enneagram 7 and 9 relationship,0,2,0.00,25.5
https://9takes.com/enneagram-corner/enneagram-types-in-relationships,enneagram 9 and 2 relationship,0,1,0.00,39.0
https://9takes.com/enneagram-corner/enneagram-types-in-relationships,enneagram 9 and 3 relationship,0,2,0.00,38.0
https://9takes.com/enneagram-corner/enneagram-types-in-relationships,enneagram 9 and 4 relationship,0,10,0.00,34.8
https://9takes.com/enneagram-corner/enneagram-types-in-relationships,enneagram 9 and 6 relationship,0,1,0.00,33.0
https://9takes.com/enneagram-corner/enneagram-types-in-relationships,enneagram 9 and 7 relationship,0,2,0.00,29.5
https://9takes.com/enneagram-corner/enneagram-types-in-relationships,enneagram and love,0,584,0.00,31.4
https://9takes.com/enneagram-corner/enneagram-types-in-relationships,enneagram and relationships,0,465,0.00,85.8
https://9takes.com/enneagram-corner/enneagram-types-in-relationships,enneagram compatability,0,1,0.00,26.0
https://9takes.com/enneagram-corner/enneagram-types-in-relationships,enneagram compatibility,0,7,0.00,58.9
https://9takes.com/enneagram-corner/enneagram-types-in-relationships,enneagram compatibility guide,0,1,0.00,46.0
https://9takes.com/enneagram-corner/enneagram-types-in-relationships,enneagram conflict styles,0,1,0.00,71.0
https://9takes.com/enneagram-corner/enneagram-types-in-relationships,enneagram couples,0,1,0.00,64.0
https://9takes.com/enneagram-corner/enneagram-types-in-relationships,enneagram dating,0,2,0.00,88.0
https://9takes.com/enneagram-corner/enneagram-types-in-relationships,enneagram for couples,0,2,0.00,80.0
https://9takes.com/enneagram-corner/enneagram-types-in-relationships,enneagram in relationships,0,9,0.00,56.9
https://9takes.com/enneagram-corner/enneagram-types-in-relationships,enneagram love,0,4,0.00,37.0
https://9takes.com/enneagram-corner/enneagram-types-in-relationships,enneagram love languages,0,2,0.00,61.5
https://9takes.com/enneagram-corner/enneagram-types-in-relationships,enneagram love relationships,0,7,0.00,32.7
https://9takes.com/enneagram-corner/enneagram-types-in-relationships,enneagram marriage,0,1,0.00,81.0
https://9takes.com/enneagram-corner/enneagram-types-in-relationships,enneagram relationship,0,4,0.00,80.5
https://9takes.com/enneagram-corner/enneagram-types-in-relationships,enneagram relationship compatibility,0,4,0.00,39.3
https://9takes.com/enneagram-corner/enneagram-types-in-relationships,enneagram relationships,0,482,0.00,84.4
https://9takes.com/enneagram-corner/enneagram-types-in-relationships,enneagram romantic,0,4,0.00,47.8
https://9takes.com/enneagram-corner/enneagram-types-in-relationships,enneagram romantic compatibility,0,3,0.00,48.0
https://9takes.com/enneagram-corner/enneagram-types-in-relationships,enneagram type 1 and 2 relationship,0,1,0.00,33.0
https://9takes.com/enneagram-corner/enneagram-types-in-relationships,enneagram type 1 in love,0,8,0.00,19.0
https://9takes.com/enneagram-corner/enneagram-types-in-relationships,enneagram type 1 in relationships,0,2,0.00,19.5
https://9takes.com/enneagram-corner/enneagram-types-in-relationships,enneagram type 1 relationships,0,4,0.00,29.5
https://9takes.com/enneagram-corner/enneagram-types-in-relationships,enneagram type compatibility,0,289,0.00,58.6
https://9takes.com/enneagram-corner/enneagram-types-in-relationships,enneagram types compatibility,0,4,0.00,59.3
https://9takes.com/enneagram-corner/enneagram-types-in-relationships,enneagram types relationships,0,4,0.00,60.0
https://9takes.com/enneagram-corner/enneagram-types-in-relationships,enneagrams in relationships,0,2,0.00,64.5
https://9takes.com/enneagram-corner/enneagram-types-in-relationships,how enneagram types work together,0,1,0.00,70.0
https://9takes.com/enneagram-corner/enneagram-types-in-relationships,least compatible enneagram types,0,3,0.00,32.3
https://9takes.com/enneagram-corner/enneagram-types-in-relationships,most compatible enneagram types,0,2,0.00,71.0
https://9takes.com/enneagram-corner/enneagram-types-in-relationships,relationship goals for each enneagram number,0,107,0.00,14.5
https://9takes.com/enneagram-corner/enneagram-types-in-relationships,relationships enneagram,0,252,0.00,80.5
https://9takes.com/enneagram-corner/enneagram-types-in-relationships,romantic enneagram,0,3,0.00,47.3
https://9takes.com/enneagram-corner/enneagram-types-in-relationships,the enneagram in love and work,0,2,0.00,31.0
https://9takes.com/enneagram-corner/enneagram-types-in-relationships,the romantic enneagram,0,1,0.00,50.0
https://9takes.com/enneagram-corner/enneagram-types-in-relationships,type 1 relationship meaning,0,2,0.00,9.5
https://9takes.com/enneagram-corner/enneagram-types-in-relationships,which enneagram is most likely to cheat,0,1,0.00,56.0
https://9takes.com/enneagram-corner/enneagram-types-in-relationships,เล่าอีก,0,1,0.00,1.0
https://9takes.com/enneagram-corner/enneagram-types-in-stress,e7 under stress,0,1,0.00,53.0
https://9takes.com/enneagram-corner/enneagram-types-in-stress,enneagram 1 in stress,0,2,0.00,65.0
https://9takes.com/enneagram-corner/enneagram-types-in-stress,enneagram 1 in stress and growth,0,1,0.00,54.0
https://9takes.com/enneagram-corner/enneagram-types-in-stress,enneagram 1 stress,0,1,0.00,91.0
https://9takes.com/enneagram-corner/enneagram-types-in-stress,enneagram 1 stress and growth,0,5,0.00,54.0
https://9takes.com/enneagram-corner/enneagram-types-in-stress,enneagram 1 under stress,0,4,0.00,63.3
https://9takes.com/enneagram-corner/enneagram-types-in-stress,enneagram 2 in stress,0,10,0.00,48.5
https://9takes.com/enneagram-corner/enneagram-types-in-stress,enneagram 2 in stress and growth,0,2,0.00,49.5
https://9takes.com/enneagram-corner/enneagram-types-in-stress,enneagram 2 stress,0,1,0.00,95.0
https://9takes.com/enneagram-corner/enneagram-types-in-stress,enneagram 2 stress and growth,0,1,0.00,65.0
https://9takes.com/enneagram-corner/enneagram-types-in-stress,enneagram 2 under stress,0,4,0.00,71.0
https://9takes.com/enneagram-corner/enneagram-types-in-stress,enneagram 3 stress,0,1,0.00,91.0
https://9takes.com/enneagram-corner/enneagram-types-in-stress,enneagram 3 under stress,0,4,0.00,77.5
https://9takes.com/enneagram-corner/enneagram-types-in-stress,enneagram 3 when stressed,0,2,0.00,78.5
https://9takes.com/enneagram-corner/enneagram-types-in-stress,enneagram 5 when stressed,0,1,0.00,85.0
https://9takes.com/enneagram-corner/enneagram-types-in-stress,enneagram 7 in stress,0,1,0.00,83.0
https://9takes.com/enneagram-corner/enneagram-types-in-stress,enneagram 7 under stress,0,4,0.00,42.0
https://9takes.com/enneagram-corner/enneagram-types-in-stress,enneagram 9 in stress,0,3,0.00,41.7
https://9takes.com/enneagram-corner/enneagram-types-in-stress,enneagram 9 stress,0,1,0.00,72.0
https://9takes.com/enneagram-corner/enneagram-types-in-stress,enneagram 9 under stress,0,1,0.00,90.0
https://9takes.com/enneagram-corner/enneagram-types-in-stress,enneagram coping mechanisms,0,1,0.00,65.0
https://9takes.com/enneagram-corner/enneagram-types-in-stress,enneagram growth and stress,0,8,0.00,54.8
https://9takes.com/enneagram-corner/enneagram-types-in-stress,enneagram growth and stress chart,0,2,0.00,37.5
https://9takes.com/enneagram-corner/enneagram-types-in-stress,enneagram health and stress,0,2,0.00,60.5
https://9takes.com/enneagram-corner/enneagram-types-in-stress,enneagram in stress,0,1,0.00,71.0
https://9takes.com/enneagram-corner/enneagram-types-in-stress,enneagram in stress and growth,0,1,0.00,83.0
https://9takes.com/enneagram-corner/enneagram-types-in-stress,enneagram one in stress,0,2,0.00,55.5
https://9takes.com/enneagram-corner/enneagram-types-in-stress,enneagram stress,0,3,0.00,45.7
https://9takes.com/enneagram-corner/enneagram-types-in-stress,enneagram stress and growth,0,6,0.00,69.3
https://9takes.com/enneagram-corner/enneagram-types-in-stress,enneagram stress arrows,0,13,0.00,32.5
https://9takes.com/enneagram-corner/enneagram-types-in-stress,enneagram stress points,0,38,0.00,25.8
https://9takes.com/enneagram-corner/enneagram-types-in-stress,enneagram type 2 stress,0,3,0.00,64.3
https://9takes.com/enneagram-corner/enneagram-types-in-stress,enneagram type 2 under stress,0,1,0.00,87.0
https://9takes.com/enneagram-corner/enneagram-types-in-stress,enneagram type 9 in stress,0,1,0.00,91.0
https://9takes.com/enneagram-corner/enneagram-types-in-stress,enneagram type 9 stress,0,2,0.00,71.0
https://9takes.com/enneagram-corner/enneagram-types-in-stress,enneagram types under stress,0,2,0.00,57.0
https://9takes.com/enneagram-corner/enneagram-types-in-stress,enneagram under stress,0,1,0.00,68.0
https://9takes.com/enneagram-corner/enneagram-types-in-stress,enneagrams under stress,0,1,0.00,4.0
https://9takes.com/enneagram-corner/enneagram-types-in-stress,how to break enneagram patterns,0,3,0.00,11.0
https://9takes.com/enneagram-corner/enneagram-types-in-stress,infp 4w5,0,1,0.00,3.0
https://9takes.com/enneagram-corner/enneagram-types-in-stress,sp9 enneagram fanart,0,1,0.00,8.0
https://9takes.com/enneagram-corner/enneagram-types-in-stress,stress and growth enneagram,0,1,0.00,45.0
https://9takes.com/enneagram-corner/enneagram-types-in-stress,stress enneagram,0,1,0.00,41.0
https://9takes.com/enneagram-corner/enneagram-types-in-stress,stressed type,0,1,0.00,33.0
https://9takes.com/enneagram-corner/enneagram-types-in-stress,sx5 enneagram,0,1,0.00,4.0
https://9takes.com/enneagram-corner/enneagram-types-in-stress,where do 2s go in stress,0,1,0.00,61.0
https://9takes.com/enneagram-corner/enneagram-types-in-stress,where do 7s go in stress,0,2,0.00,37.5
https://9takes.com/enneagram-corner/enneagram-types-in-stress,where does enneagram 2 go in stress,0,1,0.00,91.0
https://9takes.com/enneagram-corner/enneagram-types-in-stress,why withdrawal,0,1,0.00,9.0
https://9takes.com/enneagram-corner/enneagram-types-on-a-first-date,enneagram 1 and 8 relationship,0,1,0.00,31.0
https://9takes.com/enneagram-corner/enneagram-types-on-a-first-date,enneagram dating,0,3,0.00,14.0
https://9takes.com/enneagram-corner/enneagram-types-working-in-teams,enneagram 9 at work,0,1,0.00,64.0
https://9takes.com/enneagram-corner/enneagram-types-working-in-teams,enneagram activities for teams,0,3,0.00,39.0
https://9takes.com/enneagram-corner/enneagram-types-working-in-teams,enneagram and teams,0,576,0.00,65.2
https://9takes.com/enneagram-corner/enneagram-types-working-in-teams,enneagram and work,0,1,0.00,51.0
https://9takes.com/enneagram-corner/enneagram-types-working-in-teams,enneagram at work,0,21,0.00,56.0
https://9takes.com/enneagram-corner/enneagram-types-working-in-teams,enneagram for teams,0,14,0.00,46.1
https://9takes.com/enneagram-corner/enneagram-types-working-in-teams,enneagram for the workplace,0,1,0.00,69.0
https://9takes.com/enneagram-corner/enneagram-types-working-in-teams,enneagram for work,0,34,0.00,21.7
https://9takes.com/enneagram-corner/enneagram-types-working-in-teams,enneagram for work teams,0,10,0.00,40.5
https://9takes.com/enneagram-corner/enneagram-types-working-in-teams,enneagram group,0,1,0.00,50.0
https://9takes.com/enneagram-corner/enneagram-types-working-in-teams,enneagram groups,0,4,0.00,61.0
https://9takes.com/enneagram-corner/enneagram-types-working-in-teams,enneagram in the workplace,0,536,0.00,64.4
https://9takes.com/enneagram-corner/enneagram-types-working-in-teams,enneagram team building,0,1,0.00,75.0
https://9takes.com/enneagram-corner/enneagram-types-working-in-teams,enneagram team building activities,0,1,0.00,46.0
https://9takes.com/enneagram-corner/enneagram-types-working-in-teams,enneagram type 9 careers to avoid,0,1,0.00,73.0
https://9takes.com/enneagram-corner/enneagram-types-working-in-teams,enneagram types at work,0,19,0.00,51.3
https://9takes.com/enneagram-corner/enneagram-types-working-in-teams,enneagram work,0,15,0.00,66.7
https://9takes.com/enneagram-corner/enneagram-types-working-in-teams,enneagram workplace,0,1,0.00,63.0
https://9takes.com/enneagram-corner/enneagram-types-working-in-teams,team enneagram,0,2,0.00,49.0
https://9takes.com/enneagram-corner/enneagram-types-working-in-teams,the enneagram group,0,1,0.00,59.0
https://9takes.com/enneagram-corner/enneagram-vs-meyers-briggs,difference between enneagram and mbti,0,2,0.00,31.5
https://9takes.com/enneagram-corner/enneagram-vs-meyers-briggs,disc vs myers-briggs vs enneagram,0,2,0.00,79.5
https://9takes.com/enneagram-corner/enneagram-vs-meyers-briggs,enneagram and myers briggs,0,14,0.00,44.1
https://9takes.com/enneagram-corner/enneagram-vs-meyers-briggs,enneagram and myers briggs correlation,0,1,0.00,43.0
https://9takes.com/enneagram-corner/enneagram-vs-meyers-briggs,enneagram and myers briggs test,0,3,0.00,60.3
https://9takes.com/enneagram-corner/enneagram-vs-meyers-briggs,enneagram and myers-briggs,0,4,0.00,44.0
https://9takes.com/enneagram-corner/enneagram-vs-meyers-briggs,enneagram myers briggs,0,11,0.00,48.9
https://9takes.com/enneagram-corner/enneagram-vs-meyers-briggs,enneagram personality test vs myers briggs,0,1,0.00,44.0
https://9takes.com/enneagram-corner/enneagram-vs-meyers-briggs,enneagram test myers briggs,0,3,0.00,47.7
https://9takes.com/enneagram-corner/enneagram-vs-meyers-briggs,enneagram test vs mbti,0,1,0.00,37.0
https://9takes.com/enneagram-corner/enneagram-vs-meyers-briggs,enneagram test vs myers briggs,0,8,0.00,24.9
https://9takes.com/enneagram-corner/enneagram-vs-meyers-briggs,enneagram to myers briggs,0,1,0.00,41.0
https://9takes.com/enneagram-corner/enneagram-vs-meyers-briggs,enneagram types vs myers briggs,0,1,0.00,10.0
https://9takes.com/enneagram-corner/enneagram-vs-meyers-briggs,enneagram vs mbti,0,13,0.00,41.0
https://9takes.com/enneagram-corner/enneagram-vs-meyers-briggs,ennegram vs mbti,0,1,0.00,53.0
https://9takes.com/enneagram-corner/enneagram-vs-meyers-briggs,mbti vs enneagram,0,2,0.00,39.0
https://9takes.com/enneagram-corner/enneagram-vs-meyers-briggs,myers briggs and enneagram,0,8,0.00,47.3
https://9takes.com/enneagram-corner/enneagram-vs-meyers-briggs,myers briggs and enneagram test,0,4,0.00,68.8
https://9takes.com/enneagram-corner/enneagram-vs-meyers-briggs,myers briggs enneagram,0,25,0.00,49.5
https://9takes.com/enneagram-corner/enneagram-vs-meyers-briggs,myers briggs enneagram test,0,3,0.00,59.7
https://9takes.com/enneagram-corner/enneagram-vs-meyers-briggs,myers briggs or enneagram,0,6,0.00,44.2
https://9takes.com/enneagram-corner/enneagram-vs-meyers-briggs,myers briggs to enneagram,0,2,0.00,44.5
https://9takes.com/enneagram-corner/enneagram-vs-meyers-briggs,myers briggs vs enneagram,0,25,0.00,39.5
https://9takes.com/enneagram-corner/enneagram-vs-personality-frameworks-comparison,"""mixed evidence of reliability and validity"" enneagram",0,24,0.00,5.3
https://9takes.com/enneagram-corner/enneagram-vs-personality-frameworks-comparison,"""mixed evidence of reliability and validity"" enneagram review",0,20,0.00,5.3
https://9takes.com/enneagram-corner/enneagram-vs-personality-frameworks-comparison,"""mixed evidence of reliability and validity"" enneagram systematic review",0,3,0.00,4.0
https://9takes.com/enneagram-corner/enneagram-vs-personality-frameworks-comparison,american psychological association enneagram pseudoscience,0,5,0.00,9.4
https://9takes.com/enneagram-corner/enneagram-vs-personality-frameworks-comparison,apa enneagram personality scientific evidence,0,1,0.00,11.0
https://9takes.com/enneagram-corner/enneagram-vs-personality-frameworks-comparison,apa enneagram scientific evidence,0,2,0.00,9.0
https://9takes.com/enneagram-corner/enneagram-vs-personality-frameworks-comparison,are enneagrams accurate,0,1,0.00,47.0
https://9takes.com/enneagram-corner/enneagram-vs-personality-frameworks-comparison,are enneagrams evidence based,0,2,0.00,51.0
https://9takes.com/enneagram-corner/enneagram-vs-personality-frameworks-comparison,delphi poll discredited personality tests enneagram source,0,2,0.00,7.0
https://9takes.com/enneagram-corner/enneagram-vs-personality-frameworks-comparison,delphi poll enneagram discredited personality assessment,0,5,0.00,7.2
https://9takes.com/enneagram-corner/enneagram-vs-personality-frameworks-comparison,delphi poll enneagram discredited personality assessment source,0,7,0.00,8.9
https://9takes.com/enneagram-corner/enneagram-vs-personality-frameworks-comparison,delphi poll enneagram probably discredited personality assessment,0,15,0.00,6.0
https://9takes.com/enneagram-corner/enneagram-vs-personality-frameworks-comparison,delphi poll enneagram probably discredited personality assessment source,0,6,0.00,5.7
https://9takes.com/enneagram-corner/enneagram-vs-personality-frameworks-comparison,does the enneagram have scientific backing,0,2,0.00,48.5
https://9takes.com/enneagram-corner/enneagram-vs-personality-frameworks-comparison,enneagram evidence,0,1,0.00,58.0
https://9takes.com/enneagram-corner/enneagram-vs-personality-frameworks-comparison,enneagram lacks empirical support source personality scientists,0,4,0.00,5.5
https://9takes.com/enneagram-corner/enneagram-vs-personality-frameworks-comparison,enneagram model,0,1,0.00,34.0
https://9takes.com/enneagram-corner/enneagram-vs-personality-frameworks-comparison,enneagram personality scientific validity systematic review,0,3,0.00,5.3
https://9takes.com/enneagram-corner/enneagram-vs-personality-frameworks-comparison,enneagram pseudoscience,0,15,0.00,33.8
https://9takes.com/enneagram-corner/enneagram-vs-personality-frameworks-comparison,enneagram psychometric validity systematic review,0,1,0.00,11.0
https://9takes.com/enneagram-corner/enneagram-vs-personality-frameworks-comparison,enneagram research,0,1,0.00,49.0
https://9takes.com/enneagram-corner/enneagram-vs-personality-frameworks-comparison,enneagram science,0,3,0.00,42.7
https://9takes.com/enneagram-corner/enneagram-vs-personality-frameworks-comparison,enneagram scientific evidence,0,1,0.00,55.0
https://9takes.com/enneagram-corner/enneagram-vs-personality-frameworks-comparison,enneagram scientific validity personality assessment review,0,1,0.00,4.0
https://9takes.com/enneagram-corner/enneagram-vs-personality-frameworks-comparison,enneagram scientific validity systematic review personality assessment,0,1,0.00,3.0
https://9takes.com/enneagram-corner/enneagram-vs-personality-frameworks-comparison,enneagram systematic review mixed evidence reliability validity,0,6,0.00,3.8
https://9takes.com/enneagram-corner/enneagram-vs-personality-frameworks-comparison,enneagram systematic review psychometric evidence 2021,0,10,0.00,5.1
https://9takes.com/enneagram-corner/enneagram-vs-personality-frameworks-comparison,enneagram systematic review psychometric evidence peer reviewed,0,21,0.00,9.2
https://9takes.com/enneagram-corner/enneagram-vs-personality-frameworks-comparison,enneagram systematic review psychometric evidence peer reviewed 2021,0,13,0.00,6.3
https://9takes.com/enneagram-corner/enneagram-vs-personality-frameworks-comparison,enneagram systematic review psychometric evidence personality 2021,0,9,0.00,7.0
https://9takes.com/enneagram-corner/enneagram-vs-personality-frameworks-comparison,enneagram systematic review psychometric validity peer reviewed 2021,0,12,0.00,6.6
https://9takes.com/enneagram-corner/enneagram-vs-personality-frameworks-comparison,enneagram systematic review psychometric validity personality 2021,0,3,0.00,9.3
https://9takes.com/enneagram-corner/enneagram-vs-personality-frameworks-comparison,is enneagram a pseudoscience,0,4,0.00,28.8
https://9takes.com/enneagram-corner/enneagram-vs-personality-frameworks-comparison,is enneagram evidence based,0,1,0.00,36.0
https://9takes.com/enneagram-corner/enneagram-vs-personality-frameworks-comparison,is enneagram pseudoscience,0,8,0.00,28.4
https://9takes.com/enneagram-corner/enneagram-vs-personality-frameworks-comparison,is the enneagram evidence based,0,1,0.00,52.0
https://9takes.com/enneagram-corner/enneagram-vs-personality-frameworks-comparison,is the enneagram pseudoscience,0,1,0.00,20.0
https://9takes.com/enneagram-corner/enneagram-vs-personality-frameworks-comparison,is the enneagram scientifically valid,0,1,0.00,47.0
https://9takes.com/enneagram-corner/enneagram-vs-personality-frameworks-comparison,science behind enneagram,0,2,0.00,43.0
https://9takes.com/enneagram-corner/enneagram-vs-personality-frameworks-comparison,systematic review astrology personality predictive validity scientific evidence,0,1,0.00,3.0
https://9takes.com/enneagram-corner/enneagram-vs-personality-frameworks-comparison,systematic review enneagram personality scientific evidence,0,1,0.00,9.0
https://9takes.com/enneagram-corner/enneagram-vs-personality-frameworks-comparison,systematic review enneagram personality scientific validity,0,1,0.00,11.0
https://9takes.com/enneagram-corner/enneagram-wings-complete-guide,2w1 vs 4w5,0,1,0.00,11.0
https://9takes.com/enneagram-corner/enneagram-wings-complete-guide,4w3 so/sp,0,1,0.00,10.0
https://9takes.com/enneagram-corner/enneagram-wings-complete-guide,4w3 vs 7w6,0,3,0.00,10.3
https://9takes.com/enneagram-corner/enneagram-wings-complete-guide,4w5 and 6w5,0,17,0.00,8.7
https://9takes.com/enneagram-corner/enneagram-wings-complete-guide,4w5 vs 6w5,0,8,0.00,9.6
https://9takes.com/enneagram-corner/enneagram-wings-complete-guide,5w7,0,5,0.00,10.8
https://9takes.com/enneagram-corner/enneagram-wings-complete-guide,5w7 enneagram,0,2,0.00,23.0
https://9takes.com/enneagram-corner/enneagram-wings-complete-guide,6w4,0,1,0.00,24.0
https://9takes.com/enneagram-corner/enneagram-wings-complete-guide,6w7 vs 8w7,0,4,0.00,11.0
https://9takes.com/enneagram-corner/enneagram-wings-complete-guide,7w6 vs 4w3,0,7,0.00,11.0
https://9takes.com/enneagram-corner/enneagram-wings-complete-guide,8w7 and 4w5,0,2,0.00,9.5
https://9takes.com/enneagram-corner/enneagram-wings-complete-guide,can your enneagram wing change,0,1,0.00,9.0
https://9takes.com/enneagram-corner/enneagram-wings-complete-guide,enneagram 6w5 and 8w9 compatibility,0,3,0.00,11.0
https://9takes.com/enneagram-corner/enneagram-wings-complete-guide,enneagram 6w5 compatibility with 8w9,0,4,0.00,10.3
https://9takes.com/enneagram-corner/enneagram-wings-complete-guide,enneagram 8w9 and 6w5 compatibility,0,1,0.00,9.0
https://9takes.com/enneagram-corner/enneagram-wings-complete-guide,enneagram 8w9 compatibility with 6w5,0,1,0.00,11.0
https://9takes.com/enneagram-corner/enneagram-wings-complete-guide,enneagram five with a four-wing: “the iconoclast”,0,2,0.00,61.5
https://9takes.com/enneagram-corner/enneagram-wings-complete-guide,enneagram four with a five-wing: “the bohemian”,0,1,0.00,98.0
https://9takes.com/enneagram-corner/enneagram-wings-complete-guide,enneagram two with a three-wing: “the host/hostess”,0,1,0.00,43.0
https://9takes.com/enneagram-corner/enneagram-wings-complete-guide,точно?,0,1,0.00,1.0
https://9takes.com/enneagram-corner/enneagram-wings-complete-guide#all-18-wing-combinations-at-a-glance,6w5 vs 4w5,0,1,0.00,10.0
https://9takes.com/enneagram-corner/enneagram-wings-complete-guide#how-all-18-wing-combinations-differ,6w5 vs 4w5,0,1,0.00,10.0
https://9takes.com/enneagram-corner/enneagram-wings-complete-guide#wings-at-work,6w5 vs 4w5,0,1,0.00,10.0
https://9takes.com/enneagram-corner/first-impression-cheat-sheet,stranger cheat sheet 2025,0,2,0.00,88.5
https://9takes.com/enneagram-corner/first-impression-cheat-sheet,that one test with 9 sections,0,2,0.00,92.0
https://9takes.com/enneagram-corner/first-impression-cheat-sheet,the stranger cheat sheet,0,2,0.00,95.0
https://9takes.com/enneagram-corner/how-each-enneagram-flexes,can you have multiple enneagram types,0,1,0.00,43.0
https://9takes.com/enneagram-corner/how-each-enneagram-flexes,compliant types enneagram,0,2,0.00,46.0
https://9takes.com/enneagram-corner/how-each-enneagram-flexes,enneagram fixations,0,6,0.00,61.0
https://9takes.com/enneagram-corner/how-each-enneagram-flexes,types of flexes,0,2,0.00,9.5
https://9takes.com/enneagram-corner/how-each-enneagram-type-manipulates,2 enneagram description,0,1,0.00,4.0
https://9takes.com/enneagram-corner/how-each-enneagram-type-manipulates,258 tritype,0,1,0.00,10.0
https://9takes.com/enneagram-corner/how-each-enneagram-type-manipulates,4 enneagram,0,1,0.00,3.0
https://9takes.com/enneagram-corner/how-each-enneagram-type-manipulates,548 tritype,0,1,0.00,4.0
https://9takes.com/enneagram-corner/how-each-enneagram-type-manipulates,5w4 characters,0,1,0.00,2.0
https://9takes.com/enneagram-corner/how-each-enneagram-type-manipulates,5w4 enneagram,0,1,0.00,3.0
https://9takes.com/enneagram-corner/how-each-enneagram-type-manipulates,6w5 enneagram,0,1,0.00,3.0
https://9takes.com/enneagram-corner/how-each-enneagram-type-manipulates,8w7,0,1,0.00,3.0
https://9takes.com/enneagram-corner/how-each-enneagram-type-manipulates,9w8 эннеаграмма,0,1,0.00,3.0
https://9takes.com/enneagram-corner/how-each-enneagram-type-manipulates,amy poehler enneagram 8,0,1,0.00,3.0
https://9takes.com/enneagram-corner/how-each-enneagram-type-manipulates,an abusive person,0,1,0.00,7.0
https://9takes.com/enneagram-corner/how-each-enneagram-type-manipulates,anneagrams,0,1,0.00,5.0
https://9takes.com/enneagram-corner/how-each-enneagram-type-manipulates,different enneagram types,0,1,0.00,4.0
https://9takes.com/enneagram-corner/how-each-enneagram-type-manipulates,e1 enneagram,0,1,0.00,4.0
https://9takes.com/enneagram-corner/how-each-enneagram-type-manipulates,e2 enneagram,0,1,0.00,3.0
https://9takes.com/enneagram-corner/how-each-enneagram-type-manipulates,eneagramme 1,0,1,0.00,4.0
https://9takes.com/enneagram-corner/how-each-enneagram-type-manipulates,eneatipo 4 descentrado,0,1,0.00,2.0
https://9takes.com/enneagram-corner/how-each-enneagram-type-manipulates,eneatipo 9,0,1,0.00,3.0
https://9takes.com/enneagram-corner/how-each-enneagram-type-manipulates,enneagram,0,10,0.00,4.7
https://9takes.com/enneagram-corner/how-each-enneagram-type-manipulates,enneagram 1,0,2,0.00,3.5
https://9takes.com/enneagram-corner/how-each-enneagram-type-manipulates,enneagram 2,0,4,0.00,3.8
https://9takes.com/enneagram-corner/how-each-enneagram-type-manipulates,enneagram 2 description,0,1,0.00,3.0
https://9takes.com/enneagram-corner/how-each-enneagram-type-manipulates,enneagram 2w3,0,1,0.00,4.0
https://9takes.com/enneagram-corner/how-each-enneagram-type-manipulates,enneagram 4,0,1,0.00,3.0
https://9takes.com/enneagram-corner/how-each-enneagram-type-manipulates,enneagram 4 and 6 relationship,0,1,0.00,4.0
https://9takes.com/enneagram-corner/how-each-enneagram-type-manipulates,enneagram 5,0,1,0.00,4.0
https://9takes.com/enneagram-corner/how-each-enneagram-type-manipulates,enneagram 5w6 meaning,0,1,0.00,3.0
https://9takes.com/enneagram-corner/how-each-enneagram-type-manipulates,enneagram 6,0,1,0.00,3.0
https://9takes.com/enneagram-corner/how-each-enneagram-type-manipulates,enneagram 6 and 7 relationship,0,1,0.00,3.0
https://9takes.com/enneagram-corner/how-each-enneagram-type-manipulates,enneagram 7,0,2,0.00,3.5
https://9takes.com/enneagram-corner/how-each-enneagram-type-manipulates,enneagram 728,0,1,0.00,10.0
https://9takes.com/enneagram-corner/how-each-enneagram-type-manipulates,enneagram 8,0,1,0.00,3.0
https://9takes.com/enneagram-corner/how-each-enneagram-type-manipulates,enneagram 8 description,0,1,0.00,4.0
https://9takes.com/enneagram-corner/how-each-enneagram-type-manipulates,enneagram 9,0,2,0.00,3.0
https://9takes.com/enneagram-corner/how-each-enneagram-type-manipulates,enneagram anger types,0,1,0.00,4.0
https://9takes.com/enneagram-corner/how-each-enneagram-type-manipulates,enneagram compatibility,0,1,0.00,5.0
https://9takes.com/enneagram-corner/how-each-enneagram-type-manipulates,enneagram disintegration,0,1,0.00,4.0
https://9takes.com/enneagram-corner/how-each-enneagram-type-manipulates,enneagram free test and results,0,1,0.00,6.0
https://9takes.com/enneagram-corner/how-each-enneagram-type-manipulates,enneagram integration and disintegration,0,1,0.00,6.0
https://9takes.com/enneagram-corner/how-each-enneagram-type-manipulates,enneagram most likely to cheat,0,2,0.00,32.0
https://9takes.com/enneagram-corner/how-each-enneagram-type-manipulates,enneagram summary,0,1,0.00,4.0
https://9takes.com/enneagram-corner/how-each-enneagram-type-manipulates,enneagram test,0,3,0.00,3.0
https://9takes.com/enneagram-corner/how-each-enneagram-type-manipulates,enneagram test free,0,2,0.00,5.5
https://9takes.com/enneagram-corner/how-each-enneagram-type-manipulates,enneagram the challenger,0,1,0.00,3.0
https://9takes.com/enneagram-corner/how-each-enneagram-type-manipulates,enneagram the investigator,0,1,0.00,3.0
https://9takes.com/enneagram-corner/how-each-enneagram-type-manipulates,enneagram triads,0,1,0.00,5.0
https://9takes.com/enneagram-corner/how-each-enneagram-type-manipulates,enneagram type 2,0,2,0.00,3.0
https://9takes.com/enneagram-corner/how-each-enneagram-type-manipulates,enneagram type 4,0,1,0.00,3.0
https://9takes.com/enneagram-corner/how-each-enneagram-type-manipulates,enneagram type 5,0,2,0.00,3.0
https://9takes.com/enneagram-corner/how-each-enneagram-type-manipulates,enneagram type 8,0,1,0.00,3.0
https://9takes.com/enneagram-corner/how-each-enneagram-type-manipulates,enneagram type 9,0,1,0.00,3.0
https://9takes.com/enneagram-corner/how-each-enneagram-type-manipulates,enneagram types,0,10,0.00,3.1
https://9takes.com/enneagram-corner/how-each-enneagram-type-manipulates,enneagram wheel,0,1,0.00,4.0
https://9takes.com/enneagram-corner/how-each-enneagram-type-manipulates,enneagramm typ 5 stresspunkt,0,1,0.00,3.0
https://9takes.com/enneagram-corner/how-each-enneagram-type-manipulates,enneagramm typ 6 partnerschaft,0,1,0.00,3.0
https://9takes.com/enneagram-corner/how-each-enneagram-type-manipulates,enneagramm typ 8 stresspunkt,0,1,0.00,3.0
https://9takes.com/enneagram-corner/how-each-enneagram-type-manipulates,enneagramm typen,0,1,0.00,3.0
https://9takes.com/enneagram-corner/how-each-enneagram-type-manipulates,enneagrammer,0,1,0.00,2.0
https://9takes.com/enneagram-corner/how-each-enneagram-type-manipulates,enneagrams,0,2,0.00,4.0
https://9takes.com/enneagram-corner/how-each-enneagram-type-manipulates,ennegram 2,0,1,0.00,4.0
https://9takes.com/enneagram-corner/how-each-enneagram-type-manipulates,ennegram 7w6,0,1,0.00,5.0
https://9takes.com/enneagram-corner/how-each-enneagram-type-manipulates,ennegram test types,0,1,0.00,3.0
https://9takes.com/enneagram-corner/how-each-enneagram-type-manipulates,ennéagramme,0,1,0.00,3.0
https://9takes.com/enneagram-corner/how-each-enneagram-type-manipulates,ennéagramme type 1,0,1,0.00,3.0
https://9takes.com/enneagram-corner/how-each-enneagram-type-manipulates,ennéagramme type 4,0,1,0.00,2.0
https://9takes.com/enneagram-corner/how-each-enneagram-type-manipulates,ennéagramme type 8 en amour,0,1,0.00,2.0
https://9takes.com/enneagram-corner/how-each-enneagram-type-manipulates,esoteric enneagram,0,1,0.00,6.0
https://9takes.com/enneagram-corner/how-each-enneagram-type-manipulates,individualist enneagram,0,1,0.00,3.0
https://9takes.com/enneagram-corner/how-each-enneagram-type-manipulates,infj 5w4,0,1,0.00,3.0
https://9takes.com/enneagram-corner/how-each-enneagram-type-manipulates,infp 5w4,0,1,0.00,3.0
https://9takes.com/enneagram-corner/how-each-enneagram-type-manipulates,infp tritype,0,1,0.00,4.0
https://9takes.com/enneagram-corner/how-each-enneagram-type-manipulates,jobs for type 4 enneagram,0,1,0.00,4.0
https://9takes.com/enneagram-corner/how-each-enneagram-type-manipulates,manipulative enneagram,0,21,0.00,6.7
https://9takes.com/enneagram-corner/how-each-enneagram-type-manipulates,most common enneagram,0,1,0.00,2.0
https://9takes.com/enneagram-corner/how-each-enneagram-type-manipulates,most compatible enneagrams,0,1,0.00,5.0
https://9takes.com/enneagram-corner/how-each-enneagram-type-manipulates,most emotional enneagram,0,1,0.00,3.0
https://9takes.com/enneagram-corner/how-each-enneagram-type-manipulates,most popular enneagram type,0,1,0.00,3.0
https://9takes.com/enneagram-corner/how-each-enneagram-type-manipulates,que significa el numero 4 en el karma,0,1,0.00,2.0
https://9takes.com/enneagram-corner/how-each-enneagram-type-manipulates,rarest enneagram type,0,1,0.00,2.0
https://9takes.com/enneagram-corner/how-each-enneagram-type-manipulates,rarest to most common enneagram,0,1,0.00,3.0
https://9takes.com/enneagram-corner/how-each-enneagram-type-manipulates,sp 3 enneagram,0,1,0.00,3.0
https://9takes.com/enneagram-corner/how-each-enneagram-type-manipulates,sp8 enneagram,0,2,0.00,3.0
https://9takes.com/enneagram-corner/how-each-enneagram-type-manipulates,sx5 enneagram,0,1,0.00,3.0
https://9takes.com/enneagram-corner/how-each-enneagram-type-manipulates,the enneagram types,0,1,0.00,4.0
https://9takes.com/enneagram-corner/how-each-enneagram-type-manipulates,the reformer enneagram,0,1,0.00,3.0
https://9takes.com/enneagram-corner/how-each-enneagram-type-manipulates,three wing two enneagram,0,1,0.00,4.0
https://9takes.com/enneagram-corner/how-each-enneagram-type-manipulates,tritype,0,1,0.00,8.0
https://9takes.com/enneagram-corner/how-each-enneagram-type-manipulates,type 3 enneagram description,0,1,0.00,3.0
https://9takes.com/enneagram-corner/how-each-enneagram-type-manipulates,type 4 enneagram,0,5,0.00,3.0
https://9takes.com/enneagram-corner/how-each-enneagram-type-manipulates,type 8 enneagram,0,1,0.00,3.0
https://9takes.com/enneagram-corner/how-each-enneagram-type-manipulates,type 8 personality,0,1,0.00,3.0
https://9takes.com/enneagram-corner/how-each-enneagram-type-manipulates,what are enneagrams,0,1,0.00,3.0
https://9takes.com/enneagram-corner/how-each-enneagram-type-manipulates,what enneagram type is the most common,0,1,0.00,2.0
https://9takes.com/enneagram-corner/how-each-enneagram-type-manipulates,what is an 8 on the enneagram,0,1,0.00,3.0
https://9takes.com/enneagram-corner/how-each-enneagram-type-manipulates,what is sx/so,0,1,0.00,4.0
https://9takes.com/enneagram-corner/how-each-enneagram-type-manipulates,what is the worst enneagram type,0,1,0.00,3.0
https://9takes.com/enneagram-corner/how-each-enneagram-type-manipulates,which enneagram is most likely to cheat,0,1,0.00,34.0
https://9takes.com/enneagram-corner/how-each-enneagram-type-manipulates,which enneagram is the most manipulative,0,64,0.00,4.8
https://9takes.com/enneagram-corner/how-each-enneagram-type-manipulates,which enneagram type is the most selfish,0,1,0.00,3.0
https://9takes.com/enneagram-corner/how-each-enneagram-type-manipulates#frequently-asked-questions,manipulative enneagram,0,4,0.00,8.0
https://9takes.com/enneagram-corner/how-each-enneagram-type-manipulates#manipulation-tactics-at-a-glance,manipulative enneagram,0,4,0.00,8.0
https://9takes.com/enneagram-corner/how-each-enneagram-type-manipulates#the-psychology-of-manipulation,manipulative enneagram,0,5,0.00,7.8
https://9takes.com/enneagram-corner/how-each-enneagram-type-manipulates#type-1-moral-superiority,manipulative enneagram,0,4,0.00,8.0
https://9takes.com/enneagram-corner/how-each-enneagram-type-manipulates#type-6-testing-and-accusation,manipulative enneagram,0,4,0.00,8.0
https://9takes.com/enneagram-corner/how-each-enneagram-type-manipulates#type-9-passive-resistance,manipulative enneagram,0,4,0.00,8.0
https://9takes.com/enneagram-corner/how-each-enneagram-type-manipulates#when-manipulation-becomes-abuse,manipulative enneagram,0,5,0.00,7.8
https://9takes.com/enneagram-corner/how-each-enneagram-type-self-sabotages-success,how to break enneagram patterns,0,4,0.00,10.3
https://9takes.com/enneagram-corner/how-each-enneagram-type-self-sabotages-success,practical steps on how to break enneagram patterns,0,1,0.00,11.0
https://9takes.com/enneagram-corner/how-each-enneagram-type-unwinds,how to break enneagram patterns,0,1,0.00,10.0
https://9takes.com/enneagram-corner/love-languages-and-enneagram-types,4 love languages,0,1,0.00,30.0
https://9takes.com/enneagram-corner/love-languages-and-enneagram-types,4 types of love languages,0,1,0.00,47.0
https://9takes.com/enneagram-corner/love-languages-and-enneagram-types,9 love languages,0,4,0.00,18.0
https://9takes.com/enneagram-corner/love-languages-and-enneagram-types,different kinds of love languages,0,1,0.00,7.0
https://9takes.com/enneagram-corner/love-languages-and-enneagram-types,different love languages,0,1,0.00,8.0
https://9takes.com/enneagram-corner/love-languages-and-enneagram-types,different types of love languages,0,4,0.00,8.3
https://9takes.com/enneagram-corner/love-languages-and-enneagram-types,eneagram 5,0,1,0.00,3.0
https://9takes.com/enneagram-corner/love-languages-and-enneagram-types,ennagram 5,0,1,0.00,3.0
https://9takes.com/enneagram-corner/love-languages-and-enneagram-types,enneagram 3 love language,0,4,0.00,9.3
https://9takes.com/enneagram-corner/love-languages-and-enneagram-types,enneagram 4 love language,0,5,0.00,10.2
https://9takes.com/enneagram-corner/love-languages-and-enneagram-types,enneagram 5,0,3,0.00,3.3
https://9takes.com/enneagram-corner/love-languages-and-enneagram-types,enneagram 5 compatibility,0,1,0.00,3.0
https://9takes.com/enneagram-corner/love-languages-and-enneagram-types,enneagram 5 core fear and desire,0,1,0.00,4.0
https://9takes.com/enneagram-corner/love-languages-and-enneagram-types,enneagram 5 description,0,1,0.00,3.0
https://9takes.com/enneagram-corner/love-languages-and-enneagram-types,enneagram 5 love language,0,38,0.00,9.3
https://9takes.com/enneagram-corner/love-languages-and-enneagram-types,enneagram 7 love language,0,3,0.00,13.7
https://9takes.com/enneagram-corner/love-languages-and-enneagram-types,enneagram 8 love language,0,2,0.00,10.5
https://9takes.com/enneagram-corner/love-languages-and-enneagram-types,enneagram 9 and 5,0,1,0.00,3.0
https://9takes.com/enneagram-corner/love-languages-and-enneagram-types,enneagram 9 love language,0,5,0.00,8.8
https://9takes.com/enneagram-corner/love-languages-and-enneagram-types,enneagram and love,0,2,0.00,17.0
https://9takes.com/enneagram-corner/love-languages-and-enneagram-types,enneagram humans matrix,0,1,0.00,10.0
https://9takes.com/enneagram-corner/love-languages-and-enneagram-types,enneagram love languages,0,38,0.00,9.6
https://9takes.com/enneagram-corner/love-languages-and-enneagram-types,enneagram type 5,0,1,0.00,3.0
https://9takes.com/enneagram-corner/love-languages-and-enneagram-types,ennegram 4,0,1,0.00,4.0
https://9takes.com/enneagram-corner/love-languages-and-enneagram-types,find your language of love,0,1,0.00,6.0
https://9takes.com/enneagram-corner/love-languages-and-enneagram-types,four love languages,0,1,0.00,31.0
https://9takes.com/enneagram-corner/love-languages-and-enneagram-types,how many different love languages are there,0,1,0.00,9.0
https://9takes.com/enneagram-corner/love-languages-and-enneagram-types,how to determine your love language,0,1,0.00,6.0
https://9takes.com/enneagram-corner/love-languages-and-enneagram-types,how to know what your love language is,0,1,0.00,6.0
https://9takes.com/enneagram-corner/love-languages-and-enneagram-types,love language compatibility chart,0,1,0.00,14.0
https://9takes.com/enneagram-corner/love-languages-and-enneagram-types,other types of love language,0,2,0.00,5.5
https://9takes.com/enneagram-corner/love-languages-and-enneagram-types,relationship goals for each enneagram number,0,3,0.00,4.3
https://9takes.com/enneagram-corner/love-languages-and-enneagram-types,the different love languages,0,1,0.00,23.0
https://9takes.com/enneagram-corner/love-languages-and-enneagram-types,the four love languages,0,3,0.00,37.7
https://9takes.com/enneagram-corner/love-languages-and-enneagram-types,the love languages,0,1,0.00,30.0
https://9takes.com/enneagram-corner/love-languages-and-enneagram-types,types of love language,0,2,0.00,26.0
https://9takes.com/enneagram-corner/love-languages-and-enneagram-types,what are all the love languages,0,1,0.00,2.0
https://9takes.com/enneagram-corner/love-languages-and-enneagram-types,what are the different love languages,0,3,0.00,8.7
https://9takes.com/enneagram-corner/love-languages-and-enneagram-types,what are the types of love languages,0,1,0.00,16.0
https://9takes.com/enneagram-corner/love-languages-and-enneagram-types,what is love language,0,12,0.00,6.3
https://9takes.com/enneagram-corner/love-languages-and-enneagram-types,what is love language in a relationship,0,698,0.00,7.8
https://9takes.com/enneagram-corner/love-languages-and-enneagram-types,what is love language mean in a relationship,0,95,0.00,7.4
https://9takes.com/enneagram-corner/love-languages-and-enneagram-types,what is the different love languages,0,1,0.00,7.0
https://9takes.com/enneagram-corner/love-languages-and-enneagram-types,what is your love language,0,1,0.00,25.0
https://9takes.com/enneagram-corner/love-languages-and-enneagram-types,what's your love language,0,2,0.00,10.5
https://9takes.com/enneagram-corner/love-languages-and-enneagram-types,work love language,0,1,0.00,11.0
https://9takes.com/enneagram-corner/love-languages-and-enneagram-types#how-to-discover-your-partners-love-language--enneagram-combination,enneagram 5 love language,0,10,0.00,9.2
https://9takes.com/enneagram-corner/love-languages-and-enneagram-types#how-to-discover-your-partners-love-language--enneagram-combination,enneagram 9 love language,0,4,0.00,8.0
https://9takes.com/enneagram-corner/love-languages-and-enneagram-types#how-to-discover-your-partners-love-language--enneagram-combination,enneagram love languages,0,12,0.00,9.7
https://9takes.com/enneagram-corner/love-languages-and-enneagram-types#type-1-the-perfectionists-love-language,enneagram 5 love language,0,7,0.00,9.1
https://9takes.com/enneagram-corner/love-languages-and-enneagram-types#type-1-the-perfectionists-love-language,enneagram 9 love language,0,4,0.00,8.0
https://9takes.com/enneagram-corner/love-languages-and-enneagram-types#type-1-the-perfectionists-love-language,enneagram love languages,0,7,0.00,9.3
https://9takes.com/enneagram-corner/love-languages-and-enneagram-types#type-2-the-helpers-love-language-paradox,enneagram 5 love language,0,7,0.00,9.1
https://9takes.com/enneagram-corner/love-languages-and-enneagram-types#type-2-the-helpers-love-language-paradox,enneagram 9 love language,0,4,0.00,8.0
https://9takes.com/enneagram-corner/love-languages-and-enneagram-types#type-2-the-helpers-love-language-paradox,enneagram love languages,0,12,0.00,9.7
https://9takes.com/enneagram-corner/love-languages-and-enneagram-types#type-3-the-achievers-performance-love,enneagram 5 love language,0,7,0.00,9.1
https://9takes.com/enneagram-corner/love-languages-and-enneagram-types#type-3-the-achievers-performance-love,enneagram love languages,0,7,0.00,9.3
https://9takes.com/enneagram-corner/love-languages-and-enneagram-types#type-5-the-investigators-independent-love,enneagram 5 love language,0,10,0.00,9.2
https://9takes.com/enneagram-corner/love-languages-and-enneagram-types#type-5-the-investigators-independent-love,enneagram 9 love language,0,4,0.00,8.0
https://9takes.com/enneagram-corner/love-languages-and-enneagram-types#type-5-the-investigators-independent-love,enneagram love languages,0,7,0.00,9.3
https://9takes.com/enneagram-corner/love-languages-and-enneagram-types#type-6-the-loyalists-security-love,enneagram 5 love language,0,7,0.00,9.1
https://9takes.com/enneagram-corner/love-languages-and-enneagram-types#type-6-the-loyalists-security-love,enneagram 9 love language,0,4,0.00,8.0
https://9takes.com/enneagram-corner/love-languages-and-enneagram-types#type-6-the-loyalists-security-love,enneagram love languages,0,7,0.00,9.3
https://9takes.com/enneagram-corner/love-languages-and-enneagram-types#type-8-the-challengers-power-love,enneagram 5 love language,0,7,0.00,9.1
https://9takes.com/enneagram-corner/love-languages-and-enneagram-types#type-8-the-challengers-power-love,enneagram 9 love language,0,4,0.00,8.0
https://9takes.com/enneagram-corner/love-languages-and-enneagram-types#type-8-the-challengers-power-love,enneagram love languages,0,7,0.00,9.3
https://9takes.com/enneagram-corner/love-languages-and-enneagram-types#type-9-the-peacemakers-harmony-love,enneagram 9 love language,0,4,0.00,8.0
https://9takes.com/enneagram-corner/mental-health/enneagram-addiction-recovery-guide,addiction?,0,1,0.00,8.0
https://9takes.com/enneagram-corner/mental-health/enneagram-addiction-recovery-guide,enneagram eating disorder,0,2,0.00,95.0
https://9takes.com/enneagram-corner/mental-health/enneagram-addiction-recovery-guide,enneagram nsfw,0,3,0.00,11.0
https://9takes.com/enneagram-corner/mental-health/enneagram-addiction-recovery-guide,enneagram porn,0,6,0.00,7.7
https://9takes.com/enneagram-corner/mental-health/enneagram-addiction-recovery-guide,enneagram r34,0,6,0.00,3.3
https://9takes.com/enneagram-corner/mental-health/enneagram-addiction-recovery-guide,enneagram yang kebanyakan overthinking,0,2,0.00,10.5
https://9takes.com/enneagram-corner/mental-health/enneagram-anxiety-complete-guide,core fear of enneagram 6,0,2,0.00,46.0
https://9takes.com/enneagram-corner/mental-health/enneagram-anxiety-complete-guide,enneagram 6 core fear,0,5,0.00,45.0
https://9takes.com/enneagram-corner/mental-health/enneagram-anxiety-complete-guide,enneagram 6 core fear and desire,0,1,0.00,53.0
https://9takes.com/enneagram-corner/mental-health/enneagram-anxiety-complete-guide,enneagram 6 fear,0,1,0.00,80.0
https://9takes.com/enneagram-corner/mental-health/enneagram-anxiety-complete-guide,enneagram 6 growth and stress,0,2,0.00,47.0
https://9takes.com/enneagram-corner/mental-health/enneagram-anxiety-complete-guide,enneagram 6 in stress,0,11,0.00,78.5
https://9takes.com/enneagram-corner/mental-health/enneagram-anxiety-complete-guide,enneagram 6 stress,0,1,0.00,92.0
https://9takes.com/enneagram-corner/mental-health/enneagram-anxiety-complete-guide,enneagram 6 stress and growth,0,2,0.00,69.5
https://9takes.com/enneagram-corner/mental-health/enneagram-anxiety-complete-guide,enneagram 6 under stress,0,4,0.00,83.0
https://9takes.com/enneagram-corner/mental-health/enneagram-anxiety-complete-guide,enneagram 6 unhealthy,0,1,0.00,57.0
https://9takes.com/enneagram-corner/mental-health/enneagram-anxiety-complete-guide,"i often refrain from acting, as i'm afraid of being overwhelmed.",0,1,0.00,90.0
https://9takes.com/enneagram-corner/mental-health/enneagram-anxiety-complete-guide,unhealthy enneagram 6,0,2,0.00,51.5
https://9takes.com/enneagram-corner/mental-health/enneagram-anxiety-complete-guide,what does an enneagram 6 go to in stress,0,1,0.00,73.0
https://9takes.com/enneagram-corner/mental-health/enneagram-anxiety-complete-guide,why do i overeat when stressed,0,1,0.00,9.0
https://9takes.com/enneagram-corner/mental-health/enneagram-anxiety-complete-guide,وما سبب هذا,0,1,0.00,8.0
https://9takes.com/enneagram-corner/mental-health/enneagram-crisis-management-guide,enneagram type 9 suicide risk evidence,0,1,0.00,9.0
https://9takes.com/enneagram-corner/mental-health/enneagram-crisis-management-guide,welche quelle,0,1,0.00,2.0
https://9takes.com/enneagram-corner/mental-health/enneagram-medication-mental-health,pubmed enneagram suicide,0,1,0.00,10.0
https://9takes.com/enneagram-corner/mental-health/enneagram-neurodivergence-guide,adhd enneagram,0,11,0.00,5.5
https://9takes.com/enneagram-corner/mental-health/enneagram-neurodivergence-guide,enneagram adhd,0,3,0.00,9.3
https://9takes.com/enneagram-corner/mental-health/enneagram-neurodivergence-guide,enneagram and the odyssey,0,1,0.00,8.0
https://9takes.com/enneagram-corner/mental-health/enneagram-neurodivergence-guide,eu sou autista,0,1,0.00,2.0
https://9takes.com/enneagram-corner/mental-health/enneagram-neurodivergence-guide,sp9 enneagram fanart,0,1,0.00,8.0
https://9takes.com/enneagram-corner/mental-health/enneagram-neurodivergence-guide,which enneagram is most likely to be autistic,0,123,0.00,7.3
https://9takes.com/enneagram-corner/mental-health/enneagram-neurodivergence-guide,which enneagram is most likely to have adhd,0,4,0.00,7.8
https://9takes.com/enneagram-corner/mental-health/enneagram-neurodivergence-guide#a-safer-way-to-use-your-enneagram-type,which enneagram is most likely to be autistic,0,18,0.00,5.6
https://9takes.com/enneagram-corner/mental-health/enneagram-neurodivergence-guide#a-safer-way-to-use-your-enneagram-type,which enneagram is most likely to have adhd,0,1,0.00,9.0
https://9takes.com/enneagram-corner/mental-health/enneagram-neurodivergence-guide#frequently-asked-questions,which enneagram is most likely to be autistic,0,18,0.00,5.6
https://9takes.com/enneagram-corner/mental-health/enneagram-neurodivergence-guide#frequently-asked-questions,which enneagram is most likely to have adhd,0,1,0.00,9.0
https://9takes.com/enneagram-corner/mental-health/enneagram-neurodivergence-guide#motivation-and-processing-are-different-layers,which enneagram is most likely to be autistic,0,17,0.00,5.6
https://9takes.com/enneagram-corner/mental-health/enneagram-neurodivergence-guide#motivation-and-processing-are-different-layers,which enneagram is most likely to have adhd,0,1,0.00,9.0
https://9takes.com/enneagram-corner/mental-health/enneagram-neurodivergence-guide#similar-behavior-different-mechanisms,which enneagram is most likely to be autistic,0,17,0.00,5.6
https://9takes.com/enneagram-corner/mental-health/enneagram-neurodivergence-guide#similar-behavior-different-mechanisms,which enneagram is most likely to have adhd,0,1,0.00,9.0
https://9takes.com/enneagram-corner/mental-health/enneagram-neurodivergence-guide#type-1-the-perfectionist--neurodivergence,enneagram 5 autism,0,2,0.00,10.5
https://9takes.com/enneagram-corner/mental-health/enneagram-neurodivergence-guide#type-1-the-perfectionist--neurodivergence,which enneagram is most likely to be autistic,0,1,0.00,10.0
https://9takes.com/enneagram-corner/mental-health/enneagram-neurodivergence-guide#type-2-the-helper--neurodivergence,enneagram 5 autism,0,2,0.00,10.5
https://9takes.com/enneagram-corner/mental-health/enneagram-neurodivergence-guide#type-2-the-helper--neurodivergence,which enneagram is most likely to be autistic,0,1,0.00,10.0
https://9takes.com/enneagram-corner/mental-health/enneagram-neurodivergence-guide#type-3-the-achiever--neurodivergence,enneagram 5 autism,0,2,0.00,10.5
https://9takes.com/enneagram-corner/mental-health/enneagram-neurodivergence-guide#type-3-the-achiever--neurodivergence,which enneagram is most likely to be autistic,0,1,0.00,10.0
https://9takes.com/enneagram-corner/mental-health/enneagram-neurodivergence-guide#type-4-the-individualist--neurodivergence,enneagram 5 autism,0,2,0.00,10.5
https://9takes.com/enneagram-corner/mental-health/enneagram-neurodivergence-guide#type-4-the-individualist--neurodivergence,which enneagram is most likely to be autistic,0,1,0.00,10.0
https://9takes.com/enneagram-corner/mental-health/enneagram-neurodivergence-guide#type-5-the-investigator--neurodivergence,enneagram 5 autism,0,2,0.00,10.5
https://9takes.com/enneagram-corner/mental-health/enneagram-neurodivergence-guide#type-7-the-enthusiast--neurodivergence,enneagram 5 autism,0,2,0.00,10.5
https://9takes.com/enneagram-corner/mental-health/enneagram-neurodivergence-guide#type-7-the-enthusiast--neurodivergence,which enneagram is most likely to be autistic,0,1,0.00,10.0
https://9takes.com/enneagram-corner/mental-health/enneagram-neurodivergence-guide#type-9-the-peacemaker--neurodivergence,which enneagram is most likely to be autistic,0,1,0.00,10.0
https://9takes.com/enneagram-corner/mental-health/enneagram-neurodivergence-guide#what-this-guide-can-and-cannot-do,which enneagram is most likely to be autistic,0,17,0.00,5.6
https://9takes.com/enneagram-corner/mental-health/enneagram-neurodivergence-guide#what-this-guide-can-and-cannot-do,which enneagram is most likely to have adhd,0,1,0.00,9.0
https://9takes.com/enneagram-corner/mental-health/enneagram-neurodivergence-guide#what-were-covering,enneagram 5 autism,0,2,0.00,10.5
https://9takes.com/enneagram-corner/mental-health/enneagram-neurodivergence-guide#what-were-covering,which enneagram is most likely to be autistic,0,19,0.00,5.8
https://9takes.com/enneagram-corner/mental-health/enneagram-neurodivergence-guide#what-were-covering,which enneagram is most likely to have adhd,0,1,0.00,9.0
https://9takes.com/enneagram-corner/mental-health/enneagram-neurodivergence-guide#when-an-evaluation-may-help,which enneagram is most likely to be autistic,0,17,0.00,5.6
https://9takes.com/enneagram-corner/mental-health/enneagram-neurodivergence-guide#when-an-evaluation-may-help,which enneagram is most likely to have adhd,0,1,0.00,9.0
https://9takes.com/enneagram-corner/mental-health/enneagram-science-mental-health,%enneagram systematic review reliability validity 2021 hook,0,2,0.00,11.0
https://9takes.com/enneagram-corner/mental-health/enneagram-science-mental-health,+enneagram systematic review reliability validity 2021 hook,0,5,0.00,10.2
https://9takes.com/enneagram-corner/mental-health/enneagram-science-mental-health,american psychological association enneagram evidence,0,1,0.00,11.0
https://9takes.com/enneagram-corner/mental-health/enneagram-science-mental-health,apa enneagram evidence,0,2,0.00,10.5
https://9takes.com/enneagram-corner/mental-health/enneagram-science-mental-health,apa enneagram evidence scientific validity,0,1,0.00,11.0
https://9takes.com/enneagram-corner/mental-health/enneagram-science-mental-health,apa enneagram not scientifically validated,0,2,0.00,11.0
https://9takes.com/enneagram-corner/mental-health/enneagram-science-mental-health,apa enneagram scientific evidence,0,2,0.00,9.5
https://9takes.com/enneagram-corner/mental-health/enneagram-science-mental-health,apa enneagram scientific validity,0,7,0.00,9.3
https://9takes.com/enneagram-corner/mental-health/enneagram-science-mental-health,are enneagrams accurate,0,3,0.00,24.3
https://9takes.com/enneagram-corner/mental-health/enneagram-science-mental-health,are enneagrams evidence based,0,1,0.00,22.0
https://9takes.com/enneagram-corner/mental-health/enneagram-science-mental-health,are enneagrams legit,0,1,0.00,37.0
https://9takes.com/enneagram-corner/mental-health/enneagram-science-mental-health,are enneagrams pseudoscience,0,2,0.00,21.5
https://9takes.com/enneagram-corner/mental-health/enneagram-science-mental-health,cleveland clinic enneagram not scientifically validated,0,17,0.00,10.6
https://9takes.com/enneagram-corner/mental-health/enneagram-science-mental-health,cleveland clinic enneagram scientific evidence,0,2,0.00,11.0
https://9takes.com/enneagram-corner/mental-health/enneagram-science-mental-health,cleveland clinic enneagram scientific validity,0,1,0.00,11.0
https://9takes.com/enneagram-corner/mental-health/enneagram-science-mental-health,cleveland clinic enneagram scientifically validated,0,2,0.00,9.5
https://9takes.com/enneagram-corner/mental-health/enneagram-science-mental-health,does the enneagram have scientific backing,0,1,0.00,20.0
https://9takes.com/enneagram-corner/mental-health/enneagram-science-mental-health,enneagram accuracy,0,1,0.00,33.0
https://9takes.com/enneagram-corner/mental-health/enneagram-science-mental-health,enneagram critique,0,3,0.00,38.0
https://9takes.com/enneagram-corner/mental-health/enneagram-science-mental-health,enneagram debunked,0,4,0.00,38.8
https://9takes.com/enneagram-corner/mental-health/enneagram-science-mental-health,enneagram empirical validity peer reviewed review,0,1,0.00,11.0
https://9takes.com/enneagram-corner/mental-health/enneagram-science-mental-health,enneagram empirical validity review,0,1,0.00,9.0
https://9takes.com/enneagram-corner/mental-health/enneagram-science-mental-health,enneagram empirical validity study review,0,1,0.00,10.0
https://9takes.com/enneagram-corner/mental-health/enneagram-science-mental-health,enneagram evidence based,0,1,0.00,28.0
https://9takes.com/enneagram-corner/mental-health/enneagram-science-mental-health,enneagram lacks empirical support source,0,25,0.00,7.5
https://9takes.com/enneagram-corner/mental-health/enneagram-science-mental-health,enneagram lacks empirical support source personality scientists,0,1,0.00,9.0
https://9takes.com/enneagram-corner/mental-health/enneagram-science-mental-health,enneagram lacks rigorous scientific validation source,0,134,0.00,8.4
https://9takes.com/enneagram-corner/mental-health/enneagram-science-mental-health,enneagram lacks scientific evidence psychology source,0,1,0.00,11.0
https://9takes.com/enneagram-corner/mental-health/enneagram-science-mental-health,enneagram lacks scientific evidence psychology today,0,4,0.00,2.5
https://9takes.com/enneagram-corner/mental-health/enneagram-science-mental-health,enneagram lacks scientific evidence review,0,10,0.00,7.4
https://9takes.com/enneagram-corner/mental-health/enneagram-science-mental-health,enneagram lacks scientific evidence source,0,28,0.00,8.7
https://9takes.com/enneagram-corner/mental-health/enneagram-science-mental-health,enneagram lacks scientific validation reputable source,0,6,0.00,10.0
https://9takes.com/enneagram-corner/mental-health/enneagram-science-mental-health,enneagram lacks scientific validation review,0,1,0.00,11.0
https://9takes.com/enneagram-corner/mental-health/enneagram-science-mental-health,enneagram lacks scientific validation source,0,88,0.00,10.7
https://9takes.com/enneagram-corner/mental-health/enneagram-science-mental-health,enneagram lacks scientific validation source health.com,0,3,0.00,6.7
https://9takes.com/enneagram-corner/mental-health/enneagram-science-mental-health,enneagram lacks scientific validation source psychology,0,35,0.00,11.1
https://9takes.com/enneagram-corner/mental-health/enneagram-science-mental-health,enneagram lacks scientific validation source review,0,8,0.00,10.0
https://9takes.com/enneagram-corner/mental-health/enneagram-science-mental-health,enneagram lacks scientific validity review,0,2,0.00,7.5
https://9takes.com/enneagram-corner/mental-health/enneagram-science-mental-health,enneagram lacks scientific validity source,0,23,0.00,9.9
https://9takes.com/enneagram-corner/mental-health/enneagram-science-mental-health,enneagram nonsense,0,8,0.00,27.1
https://9takes.com/enneagram-corner/mental-health/enneagram-science-mental-health,enneagram not evidence based psychology source,0,1,0.00,5.0
https://9takes.com/enneagram-corner/mental-health/enneagram-science-mental-health,enneagram not scientifically validated psychology source,0,1,0.00,1.0
https://9takes.com/enneagram-corner/mental-health/enneagram-science-mental-health,enneagram not scientifically validated source,0,5,0.00,10.6
https://9takes.com/enneagram-corner/mental-health/enneagram-science-mental-health,enneagram not scientifically validated source psychology today,0,2,0.00,10.5
https://9takes.com/enneagram-corner/mental-health/enneagram-science-mental-health,enneagram not widely accepted evidence-based psychology source,0,1,0.00,8.0
https://9takes.com/enneagram-corner/mental-health/enneagram-science-mental-health,enneagram personality test scientific validity,0,2,0.00,22.0
https://9takes.com/enneagram-corner/mental-health/enneagram-science-mental-health,enneagram personality test scientific validity reliability evidence,0,1,0.00,15.0
https://9takes.com/enneagram-corner/mental-health/enneagram-science-mental-health,enneagram pseudoscience,0,14,0.00,17.6
https://9takes.com/enneagram-corner/mental-health/enneagram-science-mental-health,enneagram psychometric validity peer reviewed review,0,1,0.00,10.0
https://9takes.com/enneagram-corner/mental-health/enneagram-science-mental-health,enneagram psychometric validity review peer reviewed,0,1,0.00,10.0
https://9takes.com/enneagram-corner/mental-health/enneagram-science-mental-health,enneagram reliability and validity,0,2,0.00,33.5
https://9takes.com/enneagram-corner/mental-health/enneagram-science-mental-health,enneagram research,0,9,0.00,21.6
https://9takes.com/enneagram-corner/mental-health/enneagram-science-mental-health,enneagram science,0,4,0.00,22.8
https://9takes.com/enneagram-corner/mental-health/enneagram-science-mental-health,enneagram science based,0,1,0.00,8.0
https://9takes.com/enneagram-corner/mental-health/enneagram-science-mental-health,enneagram scientific evidence,0,1,0.00,28.0
https://9takes.com/enneagram-corner/mental-health/enneagram-science-mental-health,enneagram scientific evidence peer reviewed,0,1,0.00,10.0
https://9takes.com/enneagram-corner/mental-health/enneagram-science-mental-health,enneagram scientific evidence peer reviewed review,0,1,0.00,10.0
https://9takes.com/enneagram-corner/mental-health/enneagram-science-mental-health,enneagram scientific evidence reliability review,0,1,0.00,12.0
https://9takes.com/enneagram-corner/mental-health/enneagram-science-mental-health,enneagram scientific evidence review,0,1,0.00,11.0
https://9takes.com/enneagram-corner/mental-health/enneagram-science-mental-health,enneagram scientific evidence validity source,0,1,0.00,10.0
https://9takes.com/enneagram-corner/mental-health/enneagram-science-mental-health,enneagram scientific validity,0,5,0.00,15.8
https://9takes.com/enneagram-corner/mental-health/enneagram-science-mental-health,enneagram scientific validity academic review,0,2,0.00,8.0
https://9takes.com/enneagram-corner/mental-health/enneagram-science-mental-health,enneagram scientific validity criticism,0,3,0.00,10.3
https://9takes.com/enneagram-corner/mental-health/enneagram-science-mental-health,enneagram scientific validity criticism peer reviewed,0,25,0.00,9.9
https://9takes.com/enneagram-corner/mental-health/enneagram-science-mental-health,enneagram scientific validity criticism source,0,3,0.00,10.7
https://9takes.com/enneagram-corner/mental-health/enneagram-science-mental-health,enneagram scientific validity critique,0,1,0.00,10.0
https://9takes.com/enneagram-corner/mental-health/enneagram-science-mental-health,enneagram scientific validity critique peer reviewed,0,7,0.00,11.0
https://9takes.com/enneagram-corner/mental-health/enneagram-science-mental-health,enneagram scientific validity evidence review,0,2,0.00,11.5
https://9takes.com/enneagram-corner/mental-health/enneagram-science-mental-health,enneagram scientific validity overview,0,1,0.00,11.0
https://9takes.com/enneagram-corner/mental-health/enneagram-science-mental-health,enneagram scientific validity peer reviewed,0,26,0.00,10.0
https://9takes.com/enneagram-corner/mental-health/enneagram-science-mental-health,enneagram scientific validity peer reviewed criticism,0,7,0.00,10.4
https://9takes.com/enneagram-corner/mental-health/enneagram-science-mental-health,enneagram scientific validity peer reviewed critique,0,9,0.00,10.9
https://9takes.com/enneagram-corner/mental-health/enneagram-science-mental-health,enneagram scientific validity peer reviewed overview,0,2,0.00,9.0
https://9takes.com/enneagram-corner/mental-health/enneagram-science-mental-health,enneagram scientific validity peer reviewed review,0,34,0.00,11.0
https://9takes.com/enneagram-corner/mental-health/enneagram-science-mental-health,enneagram scientific validity peer reviewed review personality,0,1,0.00,10.0
https://9takes.com/enneagram-corner/mental-health/enneagram-science-mental-health,enneagram scientific validity personality psychology review,0,1,0.00,11.0
https://9takes.com/enneagram-corner/mental-health/enneagram-science-mental-health,enneagram scientific validity psychology review,0,5,0.00,10.0
https://9takes.com/enneagram-corner/mental-health/enneagram-science-mental-health,enneagram scientific validity psychology source,0,2,0.00,10.5
https://9takes.com/enneagram-corner/mental-health/enneagram-science-mental-health,enneagram scientific validity psychology today,0,6,0.00,11.5
https://9takes.com/enneagram-corner/mental-health/enneagram-science-mental-health,enneagram scientific validity reliability peer reviewed review,0,1,0.00,9.0
https://9takes.com/enneagram-corner/mental-health/enneagram-science-mental-health,enneagram scientific validity reputable source,0,1,0.00,11.0
https://9takes.com/enneagram-corner/mental-health/enneagram-science-mental-health,enneagram scientific validity research review,0,1,0.00,11.0
https://9takes.com/enneagram-corner/mental-health/enneagram-science-mental-health,enneagram scientific validity review,0,9,0.00,11.8
https://9takes.com/enneagram-corner/mental-health/enneagram-science-mental-health,enneagram scientific validity review journal,0,8,0.00,10.3
https://9takes.com/enneagram-corner/mental-health/enneagram-science-mental-health,enneagram scientific validity review peer reviewed,0,20,0.00,10.8
https://9takes.com/enneagram-corner/mental-health/enneagram-science-mental-health,enneagram scientific validity review pmc,0,5,0.00,10.2
https://9takes.com/enneagram-corner/mental-health/enneagram-science-mental-health,enneagram scientific validity review source,0,2,0.00,11.0
https://9takes.com/enneagram-corner/mental-health/enneagram-science-mental-health,enneagram scientific validity source,0,3,0.00,9.7
https://9takes.com/enneagram-corner/mental-health/enneagram-science-mental-health,enneagram scientific validity source psychology,0,3,0.00,11.0
https://9takes.com/enneagram-corner/mental-health/enneagram-science-mental-health,enneagram scientific validity systematic review,0,1,0.00,10.0
https://9takes.com/enneagram-corner/mental-health/enneagram-science-mental-health,enneagram systematic review psychometric validity peer reviewed,0,1,0.00,9.0
https://9takes.com/enneagram-corner/mental-health/enneagram-science-mental-health,enneagram systematic review reliability validity 2021 hook,0,4,0.00,10.0
https://9takes.com/enneagram-corner/mental-health/enneagram-science-mental-health,enneagram systematic review reliability validity hook 2021,0,2,0.00,9.0
https://9takes.com/enneagram-corner/mental-health/enneagram-science-mental-health,enneagram test scientific validity,0,1,0.00,21.0
https://9takes.com/enneagram-corner/mental-health/enneagram-science-mental-health,enneagram test validity,0,11,0.00,28.1
https://9takes.com/enneagram-corner/mental-health/enneagram-science-mental-health,enneagram type 9 suicide risk evidence,0,3,0.00,9.3
https://9takes.com/enneagram-corner/mental-health/enneagram-science-mental-health,enneagram validity,0,12,0.00,24.4
https://9takes.com/enneagram-corner/mental-health/enneagram-science-mental-health,enneagram validity and reliability,0,3,0.00,32.0
https://9takes.com/enneagram-corner/mental-health/enneagram-science-mental-health,goodrx enneagram not strongly backed by current science,0,4,0.00,9.5
https://9takes.com/enneagram-corner/mental-health/enneagram-science-mental-health,health enneagram lacks rigorous scientific validation,0,45,0.00,2.8
https://9takes.com/enneagram-corner/mental-health/enneagram-science-mental-health,health.com enneagram lacks rigorous scientific validation,0,132,0.00,2.8
https://9takes.com/enneagram-corner/mental-health/enneagram-science-mental-health,is enneagram a pseudoscience,0,1,0.00,23.0
https://9takes.com/enneagram-corner/mental-health/enneagram-science-mental-health,is enneagram accurate,0,1,0.00,39.0
https://9takes.com/enneagram-corner/mental-health/enneagram-science-mental-health,is enneagram evidence based,0,3,0.00,15.3
https://9takes.com/enneagram-corner/mental-health/enneagram-science-mental-health,is enneagram legit,0,2,0.00,33.5
https://9takes.com/enneagram-corner/mental-health/enneagram-science-mental-health,is enneagram pseudoscience,0,13,0.00,20.5
https://9takes.com/enneagram-corner/mental-health/enneagram-science-mental-health,is enneagram real,0,1,0.00,35.0
https://9takes.com/enneagram-corner/mental-health/enneagram-science-mental-health,is enneagram scientific,0,3,0.00,21.3
https://9takes.com/enneagram-corner/mental-health/enneagram-science-mental-health,is enneagram scientifically valid,0,3,0.00,16.3
https://9takes.com/enneagram-corner/mental-health/enneagram-science-mental-health,is the enneagram scientifically valid,0,2,0.00,17.5
https://9takes.com/enneagram-corner/mental-health/enneagram-science-mental-health,is the enneagram valid,0,5,0.00,23.4
https://9takes.com/enneagram-corner/mental-health/enneagram-science-mental-health,peer reviewed enneagram scientific validity,0,1,0.00,9.0
https://9takes.com/enneagram-corner/mental-health/enneagram-science-mental-health,peer reviewed enneagram scientific validity criticism,0,3,0.00,8.7
https://9takes.com/enneagram-corner/mental-health/enneagram-science-mental-health,peer reviewed enneagram scientific validity review,0,32,0.00,10.1
https://9takes.com/enneagram-corner/mental-health/enneagram-science-mental-health,peer reviewed enneagram validity,0,2,0.00,10.0
https://9takes.com/enneagram-corner/mental-health/enneagram-science-mental-health,peer reviewed enneagram validity criticism,0,13,0.00,10.8
https://9takes.com/enneagram-corner/mental-health/enneagram-science-mental-health,peer reviewed enneagram validity reliability review 2020,0,1,0.00,9.0
https://9takes.com/enneagram-corner/mental-health/enneagram-science-mental-health,peer reviewed enneagram validity review,0,1,0.00,11.0
https://9takes.com/enneagram-corner/mental-health/enneagram-science-mental-health,peer reviewed enneagram validity scientific evidence review,0,3,0.00,11.3
https://9takes.com/enneagram-corner/mental-health/enneagram-science-mental-health,peer reviewed enneagram validity study,0,7,0.00,10.3
https://9takes.com/enneagram-corner/mental-health/enneagram-science-mental-health,peer reviewed enneagram validity study review,0,1,0.00,8.0
https://9takes.com/enneagram-corner/mental-health/enneagram-science-mental-health,peer reviewed enneagram validity systematic review,0,3,0.00,10.3
https://9takes.com/enneagram-corner/mental-health/enneagram-science-mental-health,peer reviewed review enneagram scientific validity,0,2,0.00,11.5
https://9takes.com/enneagram-corner/mental-health/enneagram-science-mental-health,peer reviewed review enneagram validity,0,1,0.00,9.0
https://9takes.com/enneagram-corner/mental-health/enneagram-science-mental-health,psychology today enneagram not scientifically validated,0,5,0.00,10.0
https://9takes.com/enneagram-corner/mental-health/enneagram-science-mental-health,psychology today enneagram scientific evidence,0,34,0.00,9.2
https://9takes.com/enneagram-corner/mental-health/enneagram-science-mental-health,psychology today enneagram scientific validity,0,9,0.00,8.9
https://9takes.com/enneagram-corner/mental-health/enneagram-science-mental-health,science behind enneagram,0,5,0.00,22.0
https://9takes.com/enneagram-corner/mental-health/enneagram-science-mental-health,scientific validity enneagram evidence review,0,1,0.00,11.0
https://9takes.com/enneagram-corner/mental-health/enneagram-science-mental-health,scientific validity enneagram peer reviewed criticism,0,3,0.00,11.3
https://9takes.com/enneagram-corner/mental-health/enneagram-science-mental-health,scientific validity enneagram peer reviewed review,0,1,0.00,12.0
https://9takes.com/enneagram-corner/mental-health/enneagram-science-mental-health,scientific validity enneagram psychology source,0,1,0.00,10.0
https://9takes.com/enneagram-corner/mental-health/enneagram-science-mental-health,scientific validity of enneagram peer reviewed,0,1,0.00,10.0
https://9takes.com/enneagram-corner/mental-health/enneagram-science-mental-health,systematic review enneagram reliability validity 2021,0,1,0.00,7.0
https://9takes.com/enneagram-corner/mental-health/enneagram-science-mental-health,systematic review enneagram validity reliability peer reviewed 2021,0,1,0.00,11.0
https://9takes.com/enneagram-corner/mental-health/enneagram-science-mental-health,verywell mind enneagram lacks scientific evidence,0,16,0.00,6.9
https://9takes.com/enneagram-corner/mental-health/enneagram-science-mental-health,verywell mind enneagram lacks scientific validation,0,73,0.00,8.4
https://9takes.com/enneagram-corner/mental-health/enneagram-science-mental-health,verywell mind enneagram lacks strong scientific validation,0,6,0.00,8.8
https://9takes.com/enneagram-corner/mental-health/enneagram-science-mental-health,verywell mind enneagram not scientifically validated,0,36,0.00,10.5
https://9takes.com/enneagram-corner/mental-health/enneagram-science-mental-health,verywell mind enneagram scientific evidence,0,26,0.00,10.3
https://9takes.com/enneagram-corner/mental-health/enneagram-science-mental-health,verywell mind enneagram scientific validation,0,10,0.00,10.8
https://9takes.com/enneagram-corner/mental-health/enneagram-science-mental-health,verywell mind enneagram scientific validity,0,3,0.00,10.7
https://9takes.com/enneagram-corner/mental-health/enneagram-science-mental-health,verywell mind enneagram scientifically validated,0,7,0.00,10.0
https://9takes.com/enneagram-corner/mental-health/enneagram-therapy-guide,enneagram counseling,0,1,0.00,53.0
https://9takes.com/enneagram-corner/mental-health/enneagram-therapy-guide,enneagram counselor,0,1,0.00,48.0
https://9takes.com/enneagram-corner/mental-health/enneagram-therapy-guide,enneagram therapist,0,27,0.00,43.2
https://9takes.com/enneagram-corner/mental-health/enneagram-therapy-guide,enneagram therapists,0,1,0.00,51.0
https://9takes.com/enneagram-corner/mental-health/enneagram-therapy-guide,enneagram therapy,0,58,0.00,68.4
https://9takes.com/enneagram-corner/mental-health/enneagram-therapy-guide,enneagram training for therapists,0,12,0.00,53.2
https://9takes.com/enneagram-corner/mental-health/enneagram-therapy-guide,enneagramm counseling,0,4,0.00,81.3
https://9takes.com/enneagram-corner/mental-health/enneagram-therapy-resistance-guide,enneagram therapy,0,58,0.00,39.7
https://9takes.com/enneagram-corner/mental-health/enneagram-therapy-resistance-guide,feeling stuck and enneagram,0,40,0.00,10.6
https://9takes.com/enneagram-corner/mental-health/enneagram-workplace-mental-health,enneagram in the workplace,0,2,0.00,30.0
https://9takes.com/enneagram-corner/mental-health/enneagram-workplace-mental-health,yea,0,1,0.00,2.0
https://9takes.com/enneagram-corner/neurodiversity-vs-personality,enneagram and adhd,0,1,0.00,93.0
https://9takes.com/enneagram-corner/relationship-communication-guide,enneagram and relationships,0,458,0.00,60.3
https://9takes.com/enneagram-corner/relationship-communication-guide,enneagram communication styles,0,1,0.00,12.0
https://9takes.com/enneagram-corner/relationship-communication-guide,enneagram compatibility,0,1,0.00,6.0
https://9takes.com/enneagram-corner/relationship-communication-guide,enneagram dating,0,1,0.00,88.0
https://9takes.com/enneagram-corner/relationship-communication-guide,enneagram for couples,0,1,0.00,75.0
https://9takes.com/enneagram-corner/relationship-communication-guide,enneagram in relationships,0,2,0.00,85.5
https://9takes.com/enneagram-corner/relationship-communication-guide,enneagram love languages,0,2,0.00,50.0
https://9takes.com/enneagram-corner/relationship-communication-guide,enneagram marriage,0,3,0.00,52.3
https://9takes.com/enneagram-corner/relationship-communication-guide,enneagram relationships,0,339,0.00,76.3
https://9takes.com/enneagram-corner/relationship-communication-guide,enneagram types in relationships,0,3,0.00,89.0
https://9takes.com/enneagram-corner/relationship-communication-guide,enneagram types relationships,0,2,0.00,88.5
https://9takes.com/enneagram-corner/relationship-communication-guide,enneagrams in relationships,0,1,0.00,86.0
https://9takes.com/enneagram-corner/relationship-communication-guide,how to talk to an enneagram 4 in conflcit,0,4,0.00,11.3
https://9takes.com/enneagram-corner/relationship-communication-guide,relationship goals for each enneagram number,0,91,0.00,14.4
https://9takes.com/enneagram-corner/relationship-communication-guide,relationships enneagram,0,235,0.00,62.3
https://9takes.com/enneagram-corner/relationship-communication-guide,understanding enneagram communication styles in relationships,0,5,0.00,9.4
https://9takes.com/enneagram-corner/subtopic/nine-types,core desires,0,1,0.00,7.0
https://9takes.com/enneagram-corner/subtopic/nine-types,core fears enneagram,0,1,0.00,22.0
https://9takes.com/enneagram-corner/subtopic/nine-types,enneagram 9 fear,0,1,0.00,33.0
https://9takes.com/enneagram-corner/subtopic/nine-types,enneagram 9 fears,0,1,0.00,71.0
https://9takes.com/enneagram-corner/subtopic/nine-types,enneagram basic fears and desires,0,1,0.00,43.0
https://9takes.com/enneagram-corner/subtopic/nine-types,enneagram biggest fears,0,1,0.00,29.0
https://9takes.com/enneagram-corner/subtopic/nine-types,enneagram core,0,1,0.00,73.0
https://9takes.com/enneagram-corner/subtopic/nine-types,enneagram core fear,0,1,0.00,29.0
https://9takes.com/enneagram-corner/subtopic/nine-types,enneagram core fears,0,2,0.00,24.5
https://9takes.com/enneagram-corner/subtopic/nine-types,enneagram core fears and desires,0,3,0.00,20.3
https://9takes.com/enneagram-corner/subtopic/nine-types,enneagram core fears and motivations,0,2,0.00,32.0
https://9takes.com/enneagram-corner/subtopic/nine-types,enneagram cores,0,1,0.00,46.0
https://9takes.com/enneagram-corner/subtopic/nine-types,enneagram desires and fears,0,1,0.00,31.0
https://9takes.com/enneagram-corner/subtopic/nine-types,enneagram fear,0,1,0.00,28.0
https://9takes.com/enneagram-corner/subtopic/nine-types,enneagram fears,0,2,0.00,29.0
https://9takes.com/enneagram-corner/subtopic/nine-types,enneagram motivations and fears,0,1,0.00,61.0
https://9takes.com/enneagram-corner/subtopic/nine-types,enneagram type fears,0,1,0.00,29.0
https://9takes.com/enneagram-corner/subtopic/nine-types,enneagram types core fears,0,1,0.00,28.0
https://9takes.com/enneagram-corner/subtopic/situational,crystalknows enneagram,0,1,0.00,72.0
https://9takes.com/enneagram-corner/subtopic/situational,enneagram fixations,0,1,0.00,76.0
https://9takes.com/enneagram-corner/subtopic/situational,how do enneagrams work,0,2,0.00,74.0
https://9takes.com/enneagram-corner/subtopic/situational,how does the enneagram work,0,1,0.00,70.0
https://9takes.com/enneagram-corner/subtopic/situational,reactive enneagram types,0,2,0.00,44.5
https://9takes.com/enneagram-corner/subtopic/situational,reactive types enneagram,0,1,0.00,50.0
https://9takes.com/enneagram-corner/subtopic/situational,site:9takes.com,0,1,0.00,83.0
https://9takes.com/enneagram-corner/subtopic/situational,type aspects,0,1,0.00,28.0
https://9takes.com/enneagram-corner/toxic-traits-of-each-enneagram-type,dark triad enneagram,0,1,0.00,7.0
https://9takes.com/enneagram-corner/toxic-traits-of-each-enneagram-type,enneagram 7 negative traits,0,1,0.00,24.0
https://9takes.com/enneagram-corner/toxic-traits-of-each-enneagram-type,enneagram 7 unhealthy,0,3,0.00,40.0
https://9takes.com/enneagram-corner/toxic-traits-of-each-enneagram-type,enneagram 9,0,1,0.00,3.0
https://9takes.com/enneagram-corner/toxic-traits-of-each-enneagram-type,enneagram 9 female,0,1,0.00,3.0
https://9takes.com/enneagram-corner/toxic-traits-of-each-enneagram-type,enneagram 9 negative traits,0,9,0.00,9.3
https://9takes.com/enneagram-corner/toxic-traits-of-each-enneagram-type,enneagram 9 unhealthy,0,1,0.00,25.0
https://9takes.com/enneagram-corner/toxic-traits-of-each-enneagram-type,enneagram 9 weaknesses,0,4,0.00,59.5
https://9takes.com/enneagram-corner/toxic-traits-of-each-enneagram-type,enneagram criticism,0,6,0.00,38.2
https://9takes.com/enneagram-corner/toxic-traits-of-each-enneagram-type,enneagram deadly sins,0,4,0.00,77.3
https://9takes.com/enneagram-corner/toxic-traits-of-each-enneagram-type,enneagram hate,0,1,0.00,25.0
https://9takes.com/enneagram-corner/toxic-traits-of-each-enneagram-type,enneagram healthy and unhealthy,0,1,0.00,33.0
https://9takes.com/enneagram-corner/toxic-traits-of-each-enneagram-type,enneagram negative traits,0,28,0.00,7.5
https://9takes.com/enneagram-corner/toxic-traits-of-each-enneagram-type,enneagram pros and cons,0,1,0.00,94.0
https://9takes.com/enneagram-corner/toxic-traits-of-each-enneagram-type,enneagram shadow side,0,2,0.00,18.0
https://9takes.com/enneagram-corner/toxic-traits-of-each-enneagram-type,enneagram sins,0,1,0.00,70.0
https://9takes.com/enneagram-corner/toxic-traits-of-each-enneagram-type,enneagram type 2 weaknesses,0,1,0.00,44.0
https://9takes.com/enneagram-corner/toxic-traits-of-each-enneagram-type,enneagram type 9 careers to avoid,0,2,0.00,64.5
https://9takes.com/enneagram-corner/toxic-traits-of-each-enneagram-type,enneagram types healthy and unhealthy,0,1,0.00,29.0
https://9takes.com/enneagram-corner/toxic-traits-of-each-enneagram-type,enneagram unhealthy,0,4,0.00,17.0
https://9takes.com/enneagram-corner/toxic-traits-of-each-enneagram-type,enneagram unhealthy 9,0,2,0.00,29.0
https://9takes.com/enneagram-corner/toxic-traits-of-each-enneagram-type,enneagram vices,0,1,0.00,65.0
https://9takes.com/enneagram-corner/toxic-traits-of-each-enneagram-type,enneagram weaknesses,0,1,0.00,80.0
https://9takes.com/enneagram-corner/toxic-traits-of-each-enneagram-type,enneagramme danger,0,1,0.00,74.0
https://9takes.com/enneagram-corner/toxic-traits-of-each-enneagram-type,enneagramstedet,0,1,0.00,35.0
https://9takes.com/enneagram-corner/toxic-traits-of-each-enneagram-type,greed enneagram,0,2,0.00,61.0
https://9takes.com/enneagram-corner/toxic-traits-of-each-enneagram-type,meanest enneagram,0,4,0.00,9.8
https://9takes.com/enneagram-corner/toxic-traits-of-each-enneagram-type,most dangerous enneagram type,0,1,0.00,18.0
https://9takes.com/enneagram-corner/toxic-traits-of-each-enneagram-type,most evil enneagram,0,8,0.00,10.1
https://9takes.com/enneagram-corner/toxic-traits-of-each-enneagram-type,most hated enneagram type,0,2,0.00,24.0
https://9takes.com/enneagram-corner/toxic-traits-of-each-enneagram-type,most selfish enneagram,0,1,0.00,17.0
https://9takes.com/enneagram-corner/toxic-traits-of-each-enneagram-type,negative enneagram,0,4,0.00,10.8
https://9takes.com/enneagram-corner/toxic-traits-of-each-enneagram-type,negative enneagram test,0,2,0.00,11.0
https://9takes.com/enneagram-corner/toxic-traits-of-each-enneagram-type,negative enneagram types,0,24,0.00,8.4
https://9takes.com/enneagram-corner/toxic-traits-of-each-enneagram-type,temperamental personality dark side,0,1,0.00,76.0
https://9takes.com/enneagram-corner/toxic-traits-of-each-enneagram-type,the worst enneagram type,0,8,0.00,9.8
https://9takes.com/enneagram-corner/toxic-traits-of-each-enneagram-type,unhealthy 7 enneagram,0,1,0.00,38.0
https://9takes.com/enneagram-corner/toxic-traits-of-each-enneagram-type,unhealthy 9 enneagram,0,3,0.00,29.0
https://9takes.com/enneagram-corner/toxic-traits-of-each-enneagram-type,unhealthy e1,0,1,0.00,1.0
https://9takes.com/enneagram-corner/toxic-traits-of-each-enneagram-type,unhealthy enneagram,0,12,0.00,9.8
https://9takes.com/enneagram-corner/toxic-traits-of-each-enneagram-type,unhealthy enneagram 2,0,1,0.00,31.0
https://9takes.com/enneagram-corner/toxic-traits-of-each-enneagram-type,unhealthy enneagram 9,0,4,0.00,27.3
https://9takes.com/enneagram-corner/toxic-traits-of-each-enneagram-type,unhealthy enneagram subtypes,0,3,0.00,9.0
https://9takes.com/enneagram-corner/toxic-traits-of-each-enneagram-type,unhealthy enneagrams,0,38,0.00,8.9
https://9takes.com/enneagram-corner/toxic-traits-of-each-enneagram-type,unhealthy so2 enneagram,0,1,0.00,20.0
https://9takes.com/enneagram-corner/toxic-traits-of-each-enneagram-type,unhealthy traits of enneagram 9,0,177,0.00,15.6
https://9takes.com/enneagram-corner/toxic-traits-of-each-enneagram-type,unhealthy type 9,0,1,0.00,6.0
https://9takes.com/enneagram-corner/toxic-traits-of-each-enneagram-type,very toxic enneagram 3 traits,0,3,0.00,10.7
https://9takes.com/enneagram-corner/toxic-traits-of-each-enneagram-type,whats the worst enneagram type,0,12,0.00,9.6
https://9takes.com/enneagram-corner/toxic-traits-of-each-enneagram-type,which enneagram is the most selfish,0,1,0.00,10.0
https://9takes.com/enneagram-corner/toxic-traits-of-each-enneagram-type,which enneagram type is the most selfish,0,5,0.00,10.8
https://9takes.com/enneagram-corner/toxic-traits-of-each-enneagram-type,which is the worst enneagram type,0,1,0.00,10.0
https://9takes.com/enneagram-corner/toxic-traits-of-each-enneagram-type,why do people say that,0,1,0.00,1.0
https://9takes.com/enneagram-corner/toxic-traits-of-each-enneagram-type,worst enneagram,0,32,0.00,9.9
https://9takes.com/enneagram-corner/toxic-traits-of-each-enneagram-type,worst enneagram type,0,204,0.00,9.8
https://9takes.com/enneagram-corner/toxic-traits-of-each-enneagram-type,почему,0,1,0.00,3.0
https://9takes.com/enneagram-corner/toxic-traits-of-each-enneagram-type#the-darker-side-of-personality-why-everyone-has-toxic-traits,enneagram 9 negative traits,0,6,0.00,9.2
https://9takes.com/enneagram-corner/toxic-traits-of-each-enneagram-type#the-darker-side-of-personality-why-everyone-has-toxic-traits,enneagram negative traits,0,20,0.00,7.3
https://9takes.com/enneagram-corner/toxic-traits-of-each-enneagram-type#the-darker-side-of-personality-why-everyone-has-toxic-traits,negative enneagram,0,2,0.00,10.5
https://9takes.com/enneagram-corner/toxic-traits-of-each-enneagram-type#the-darker-side-of-personality-why-everyone-has-toxic-traits,unhealthy traits of enneagram 9,0,21,0.00,10.7
https://9takes.com/enneagram-corner/toxic-traits-of-each-enneagram-type#the-darker-side-of-personality-why-everyone-has-toxic-traits,worst enneagram,0,7,0.00,10.7
https://9takes.com/enneagram-corner/toxic-traits-of-each-enneagram-type#toxic-traits-red-flags-by-type,enneagram 9 negative traits,0,6,0.00,9.2
https://9takes.com/enneagram-corner/toxic-traits-of-each-enneagram-type#toxic-traits-red-flags-by-type,enneagram negative traits,0,20,0.00,7.3
https://9takes.com/enneagram-corner/toxic-traits-of-each-enneagram-type#toxic-traits-red-flags-by-type,unhealthy enneagram types,0,1,0.00,7.0
https://9takes.com/enneagram-corner/toxic-traits-of-each-enneagram-type#toxic-traits-red-flags-by-type,unhealthy enneagrams,0,8,0.00,10.4
https://9takes.com/enneagram-corner/toxic-traits-of-each-enneagram-type#toxic-traits-red-flags-by-type,unhealthy traits of enneagram 9,0,21,0.00,10.7
https://9takes.com/enneagram-corner/toxic-traits-of-each-enneagram-type#type-1-the-righteous-critic-whos-never-wrong,enneagram 9 negative traits,0,6,0.00,9.2
https://9takes.com/enneagram-corner/toxic-traits-of-each-enneagram-type#type-1-the-righteous-critic-whos-never-wrong,enneagram negative traits,0,13,0.00,7.4
https://9takes.com/enneagram-corner/toxic-traits-of-each-enneagram-type#type-1-the-righteous-critic-whos-never-wrong,negative enneagram,0,2,0.00,10.5
https://9takes.com/enneagram-corner/toxic-traits-of-each-enneagram-type#type-1-the-righteous-critic-whos-never-wrong,negative enneagram types,0,14,0.00,9.1
https://9takes.com/enneagram-corner/toxic-traits-of-each-enneagram-type#type-1-the-righteous-critic-whos-never-wrong,unhealthy enneagram types,0,1,0.00,7.0
https://9takes.com/enneagram-corner/toxic-traits-of-each-enneagram-type#type-1-the-righteous-critic-whos-never-wrong,unhealthy enneagrams,0,8,0.00,10.4
https://9takes.com/enneagram-corner/toxic-traits-of-each-enneagram-type#type-1-the-righteous-critic-whos-never-wrong,unhealthy traits of enneagram 9,0,11,0.00,10.8
https://9takes.com/enneagram-corner/toxic-traits-of-each-enneagram-type#type-1-the-righteous-critic-whos-never-wrong,what is the worst enneagram type,0,34,0.00,10.4
https://9takes.com/enneagram-corner/toxic-traits-of-each-enneagram-type#type-1-the-righteous-critic-whos-never-wrong,whats the worst enneagram type,0,5,0.00,9.2
https://9takes.com/enneagram-corner/toxic-traits-of-each-enneagram-type#type-1-the-righteous-critic-whos-never-wrong,which is the worst enneagram type,0,1,0.00,10.0
https://9takes.com/enneagram-corner/toxic-traits-of-each-enneagram-type#type-1-the-righteous-critic-whos-never-wrong,worst enneagram,0,4,0.00,10.8
https://9takes.com/enneagram-corner/toxic-traits-of-each-enneagram-type#type-1-the-righteous-critic-whos-never-wrong,worst enneagram type,0,70,0.00,10.5
https://9takes.com/enneagram-corner/toxic-traits-of-each-enneagram-type#type-2-the-helper-with-hidden-hooks,enneagram 9 negative traits,0,6,0.00,9.2
https://9takes.com/enneagram-corner/toxic-traits-of-each-enneagram-type#type-2-the-helper-with-hidden-hooks,enneagram negative traits,0,13,0.00,7.4
https://9takes.com/enneagram-corner/toxic-traits-of-each-enneagram-type#type-2-the-helper-with-hidden-hooks,negative enneagram,0,2,0.00,10.5
https://9takes.com/enneagram-corner/toxic-traits-of-each-enneagram-type#type-2-the-helper-with-hidden-hooks,negative enneagram types,0,14,0.00,9.1
https://9takes.com/enneagram-corner/toxic-traits-of-each-enneagram-type#type-2-the-helper-with-hidden-hooks,unhealthy enneagram types,0,1,0.00,7.0
https://9takes.com/enneagram-corner/toxic-traits-of-each-enneagram-type#type-2-the-helper-with-hidden-hooks,unhealthy enneagrams,0,15,0.00,10.3
https://9takes.com/enneagram-corner/toxic-traits-of-each-enneagram-type#type-2-the-helper-with-hidden-hooks,unhealthy traits of enneagram 9,0,11,0.00,10.8
https://9takes.com/enneagram-corner/toxic-traits-of-each-enneagram-type#type-2-the-helper-with-hidden-hooks,what is the worst enneagram type,0,39,0.00,10.4
https://9takes.com/enneagram-corner/toxic-traits-of-each-enneagram-type#type-2-the-helper-with-hidden-hooks,whats the worst enneagram type,0,7,0.00,9.6
https://9takes.com/enneagram-corner/toxic-traits-of-each-enneagram-type#type-2-the-helper-with-hidden-hooks,which is the worst enneagram type,0,1,0.00,10.0
https://9takes.com/enneagram-corner/toxic-traits-of-each-enneagram-type#type-2-the-helper-with-hidden-hooks,worst enneagram,0,4,0.00,10.8
https://9takes.com/enneagram-corner/toxic-traits-of-each-enneagram-type#type-2-the-helper-with-hidden-hooks,worst enneagram type,0,92,0.00,10.3
https://9takes.com/enneagram-corner/toxic-traits-of-each-enneagram-type#type-3-the-success-addict-with-empty-achievements,negative enneagram,0,2,0.00,10.5
https://9takes.com/enneagram-corner/toxic-traits-of-each-enneagram-type#type-3-the-success-addict-with-empty-achievements,negative enneagram types,0,14,0.00,9.1
https://9takes.com/enneagram-corner/toxic-traits-of-each-enneagram-type#type-3-the-success-addict-with-empty-achievements,unhealthy enneagram types,0,1,0.00,7.0
https://9takes.com/enneagram-corner/toxic-traits-of-each-enneagram-type#type-3-the-success-addict-with-empty-achievements,unhealthy enneagrams,0,8,0.00,10.4
https://9takes.com/enneagram-corner/toxic-traits-of-each-enneagram-type#type-3-the-success-addict-with-empty-achievements,what is the worst enneagram type,0,34,0.00,10.4
https://9takes.com/enneagram-corner/toxic-traits-of-each-enneagram-type#type-3-the-success-addict-with-empty-achievements,whats the worst enneagram type,0,5,0.00,9.2
https://9takes.com/enneagram-corner/toxic-traits-of-each-enneagram-type#type-3-the-success-addict-with-empty-achievements,which is the worst enneagram type,0,1,0.00,10.0
https://9takes.com/enneagram-corner/toxic-traits-of-each-enneagram-type#type-3-the-success-addict-with-empty-achievements,worst enneagram,0,4,0.00,10.8
https://9takes.com/enneagram-corner/toxic-traits-of-each-enneagram-type#type-3-the-success-addict-with-empty-achievements,worst enneagram type,0,70,0.00,10.5
https://9takes.com/enneagram-corner/toxic-traits-of-each-enneagram-type#type-4-the-emotional-amplifier-who-makes-everything-feel-personal,enneagram 9 negative traits,0,6,0.00,9.2
https://9takes.com/enneagram-corner/toxic-traits-of-each-enneagram-type#type-4-the-emotional-amplifier-who-makes-everything-feel-personal,enneagram negative traits,0,13,0.00,7.4
https://9takes.com/enneagram-corner/toxic-traits-of-each-enneagram-type#type-4-the-emotional-amplifier-who-makes-everything-feel-personal,negative enneagram,0,2,0.00,10.5
https://9takes.com/enneagram-corner/toxic-traits-of-each-enneagram-type#type-4-the-emotional-amplifier-who-makes-everything-feel-personal,negative enneagram types,0,18,0.00,8.9
https://9takes.com/enneagram-corner/toxic-traits-of-each-enneagram-type#type-4-the-emotional-amplifier-who-makes-everything-feel-personal,unhealthy enneagram types,0,1,0.00,7.0
https://9takes.com/enneagram-corner/toxic-traits-of-each-enneagram-type#type-4-the-emotional-amplifier-who-makes-everything-feel-personal,unhealthy enneagrams,0,15,0.00,10.3
https://9takes.com/enneagram-corner/toxic-traits-of-each-enneagram-type#type-4-the-emotional-amplifier-who-makes-everything-feel-personal,unhealthy traits of enneagram 9,0,11,0.00,10.8
https://9takes.com/enneagram-corner/toxic-traits-of-each-enneagram-type#type-4-the-emotional-amplifier-who-makes-everything-feel-personal,what is the worst enneagram type,0,39,0.00,10.4
https://9takes.com/enneagram-corner/toxic-traits-of-each-enneagram-type#type-4-the-emotional-amplifier-who-makes-everything-feel-personal,whats the worst enneagram type,0,7,0.00,9.6
https://9takes.com/enneagram-corner/toxic-traits-of-each-enneagram-type#type-4-the-emotional-amplifier-who-makes-everything-feel-personal,which is the worst enneagram type,0,1,0.00,10.0
https://9takes.com/enneagram-corner/toxic-traits-of-each-enneagram-type#type-4-the-emotional-amplifier-who-makes-everything-feel-personal,worst enneagram,0,4,0.00,10.8
https://9takes.com/enneagram-corner/toxic-traits-of-each-enneagram-type#type-4-the-emotional-amplifier-who-makes-everything-feel-personal,worst enneagram type,0,92,0.00,10.3
https://9takes.com/enneagram-corner/toxic-traits-of-each-enneagram-type#type-5-the-cold-analyzer-who-cant-connect,negative enneagram types,0,14,0.00,9.1
https://9takes.com/enneagram-corner/toxic-traits-of-each-enneagram-type#type-5-the-cold-analyzer-who-cant-connect,unhealthy enneagram types,0,1,0.00,7.0
https://9takes.com/enneagram-corner/toxic-traits-of-each-enneagram-type#type-5-the-cold-analyzer-who-cant-connect,unhealthy enneagrams,0,15,0.00,10.3
https://9takes.com/enneagram-corner/toxic-traits-of-each-enneagram-type#type-5-the-cold-analyzer-who-cant-connect,unhealthy traits of enneagram 9,0,11,0.00,10.8
https://9takes.com/enneagram-corner/toxic-traits-of-each-enneagram-type#type-5-the-cold-analyzer-who-cant-connect,what is the worst enneagram type,0,34,0.00,10.4
https://9takes.com/enneagram-corner/toxic-traits-of-each-enneagram-type#type-5-the-cold-analyzer-who-cant-connect,whats the worst enneagram type,0,5,0.00,9.2
https://9takes.com/enneagram-corner/toxic-traits-of-each-enneagram-type#type-5-the-cold-analyzer-who-cant-connect,which is the worst enneagram type,0,1,0.00,10.0
https://9takes.com/enneagram-corner/toxic-traits-of-each-enneagram-type#type-5-the-cold-analyzer-who-cant-connect,worst enneagram type,0,70,0.00,10.5
https://9takes.com/enneagram-corner/toxic-traits-of-each-enneagram-type#type-6-the-paranoid-overthinker-preparing-for-disasters,enneagram 9 negative traits,0,6,0.00,9.2
https://9takes.com/enneagram-corner/toxic-traits-of-each-enneagram-type#type-6-the-paranoid-overthinker-preparing-for-disasters,enneagram negative traits,0,13,0.00,7.4
https://9takes.com/enneagram-corner/toxic-traits-of-each-enneagram-type#type-6-the-paranoid-overthinker-preparing-for-disasters,negative enneagram,0,2,0.00,10.5
https://9takes.com/enneagram-corner/toxic-traits-of-each-enneagram-type#type-6-the-paranoid-overthinker-preparing-for-disasters,negative enneagram types,0,18,0.00,8.9
https://9takes.com/enneagram-corner/toxic-traits-of-each-enneagram-type#type-6-the-paranoid-overthinker-preparing-for-disasters,unhealthy enneagram types,0,1,0.00,7.0
https://9takes.com/enneagram-corner/toxic-traits-of-each-enneagram-type#type-6-the-paranoid-overthinker-preparing-for-disasters,unhealthy enneagrams,0,8,0.00,10.4
https://9takes.com/enneagram-corner/toxic-traits-of-each-enneagram-type#type-6-the-paranoid-overthinker-preparing-for-disasters,unhealthy traits of enneagram 9,0,11,0.00,10.8
https://9takes.com/enneagram-corner/toxic-traits-of-each-enneagram-type#type-6-the-paranoid-overthinker-preparing-for-disasters,what is the worst enneagram type,0,39,0.00,10.4
https://9takes.com/enneagram-corner/toxic-traits-of-each-enneagram-type#type-6-the-paranoid-overthinker-preparing-for-disasters,whats the worst enneagram type,0,7,0.00,9.6
https://9takes.com/enneagram-corner/toxic-traits-of-each-enneagram-type#type-6-the-paranoid-overthinker-preparing-for-disasters,which is the worst enneagram type,0,1,0.00,10.0
https://9takes.com/enneagram-corner/toxic-traits-of-each-enneagram-type#type-6-the-paranoid-overthinker-preparing-for-disasters,worst enneagram,0,7,0.00,10.7
https://9takes.com/enneagram-corner/toxic-traits-of-each-enneagram-type#type-6-the-paranoid-overthinker-preparing-for-disasters,worst enneagram type,0,92,0.00,10.3
https://9takes.com/enneagram-corner/toxic-traits-of-each-enneagram-type#type-7-the-chronic-escapist-running-from-reality,enneagram 9 negative traits,0,6,0.00,9.2
https://9takes.com/enneagram-corner/toxic-traits-of-each-enneagram-type#type-7-the-chronic-escapist-running-from-reality,enneagram negative traits,0,13,0.00,7.4
https://9takes.com/enneagram-corner/toxic-traits-of-each-enneagram-type#type-7-the-chronic-escapist-running-from-reality,negative enneagram,0,2,0.00,10.5
https://9takes.com/enneagram-corner/toxic-traits-of-each-enneagram-type#type-7-the-chronic-escapist-running-from-reality,negative enneagram types,0,18,0.00,8.9
https://9takes.com/enneagram-corner/toxic-traits-of-each-enneagram-type#type-7-the-chronic-escapist-running-from-reality,what is the worst enneagram type,0,34,0.00,10.4
https://9takes.com/enneagram-corner/toxic-traits-of-each-enneagram-type#type-7-the-chronic-escapist-running-from-reality,whats the worst enneagram type,0,5,0.00,9.2
https://9takes.com/enneagram-corner/toxic-traits-of-each-enneagram-type#type-7-the-chronic-escapist-running-from-reality,which is the worst enneagram type,0,1,0.00,10.0
https://9takes.com/enneagram-corner/toxic-traits-of-each-enneagram-type#type-7-the-chronic-escapist-running-from-reality,worst enneagram,0,4,0.00,10.8
https://9takes.com/enneagram-corner/toxic-traits-of-each-enneagram-type#type-7-the-chronic-escapist-running-from-reality,worst enneagram type,0,70,0.00,10.5
https://9takes.com/enneagram-corner/toxic-traits-relationships-warning-signs,...,0,1,0.00,5.0
https://9takes.com/enneagram-corner/toxic-traits-relationships-warning-signs,enneagram most likely to cheat,0,37,0.00,9.2
https://9takes.com/enneagram-corner/toxic-traits-relationships-warning-signs,enneagram type 7 worst match,0,1,0.00,22.0
https://9takes.com/enneagram-corner/toxic-traits-relationships-warning-signs,negative enneagram types,0,1,0.00,58.0
https://9takes.com/enneagram-corner/toxic-traits-relationships-warning-signs,worst enneagram pairings,0,2,0.00,47.5
https://9takes.com/enneagram-corner/toxic-traits-relationships-warning-signs,женщина изменила,0,1,0.00,2.0
https://9takes.com/enneagram-corner/toxic-traits-relationships-warning-signs#relationship-red-flags-by-type,enneagram most likely to cheat,0,15,0.00,8.3
https://9takes.com/enneagram-corner/toxic-traits-relationships-warning-signs#relationship-red-flags-by-type,which enneagram is most likely to cheat,0,28,0.00,7.8
https://9takes.com/enneagram-corner/toxic-traits-relationships-warning-signs#toxic-relationship-patterns-by-enneagram-type,enneagram most likely to cheat,0,15,0.00,8.3
https://9takes.com/enneagram-corner/toxic-traits-relationships-warning-signs#toxic-relationship-patterns-by-enneagram-type,which enneagram is most likely to cheat,0,29,0.00,7.9
https://9takes.com/enneagram-corner/toxic-traits-relationships-warning-signs#when-survival-strategies-become-toxic-patterns,enneagram most likely to cheat,0,15,0.00,8.3
https://9takes.com/enneagram-corner/toxic-traits-relationships-warning-signs#when-survival-strategies-become-toxic-patterns,which enneagram is most likely to cheat,0,29,0.00,7.9
https://9takes.com/enneagram-corner/toxic-traits-relationships-warning-signs#why-were-drawn-to-toxic-traits-against-our-better-judgment,enneagram most likely to cheat,0,15,0.00,8.3
https://9takes.com/enneagram-corner/toxic-traits-relationships-warning-signs#why-were-drawn-to-toxic-traits-against-our-better-judgment,which enneagram is most likely to cheat,0,28,0.00,7.8
https://9takes.com/enneagram-corner/why-dating-apps-are-harder-for-certain-personality-types,dating app based on personality,0,1,0.00,45.0
https://9takes.com/enneagram-corner/why-dating-apps-are-harder-for-certain-personality-types,dating app personality type,0,2,0.00,21.5
https://9takes.com/enneagram-corner/why-dating-apps-are-harder-for-certain-personality-types,enneagram dating app,0,3,0.00,12.7
https://9takes.com/enneagram-corner/why-dating-apps-are-harder-for-certain-personality-types,how can someone stand out on dating apps without sounding performative?,0,4,0.00,9.0
https://9takes.com/enneagram-corner/why-dating-apps-are-harder-for-certain-personality-types,i'm looking for a dating app that focuses on personality compatibility. what are my options?,0,1,0.00,57.0
https://9takes.com/enneagram-corner/why-dating-apps-are-harder-for-certain-personality-types,which dating apps go beyond male and female in profile settings?,0,1,0.00,12.0
https://9takes.com/enneagram-corner/why-dating-apps-are-harder-for-certain-personality-types,why do dating apps sometimes feel harder even with a solid profile?,0,79,0.00,8.5
https://9takes.com/enneagram-corner/why-the-next-thing-wont-fix-it-type-7,7 fix enneagram,0,1,0.00,11.0
https://9takes.com/enneagram-corner/why-the-next-thing-wont-fix-it-type-7,7 take,0,1,0.00,64.0
https://9takes.com/enneagram-corner/why-the-next-thing-wont-fix-it-type-7,7 types,0,2,0.00,63.5
https://9takes.com/enneagram-corner/why-the-next-thing-wont-fix-it-type-7,paul graham palmer luckey,0,1,0.00,46.0
https://9takes.com/enneagram-corner/why-the-next-thing-wont-fix-it-type-7,seven type,0,2,0.00,50.5
https://9takes.com/enneagram-corner/why-the-next-thing-wont-fix-it-type-7,type 7,0,9,0.00,51.6
https://9takes.com/enneagram-corner/why-the-next-thing-wont-fix-it-type-7,type seven,0,1,0.00,66.0
https://9takes.com/enneagram-corner/why-the-next-thing-wont-fix-it-type-7,types 7,0,2,0.00,32.0
https://9takes.com/enneagram-corner/why-the-next-thing-wont-fix-it-type-7,what is type 7,0,1,0.00,35.0
https://9takes.com/enneagram-corner/why-you-cant-stop-overthinking-enneagram,459 tritype,0,1,0.00,4.0
https://9takes.com/enneagram-corner/why-you-cant-stop-overthinking-enneagram,anneagrams,0,1,0.00,5.0
https://9takes.com/enneagram-corner/why-you-cant-stop-overthinking-enneagram,enneagram,0,2,0.00,5.0
https://9takes.com/enneagram-corner/why-you-cant-stop-overthinking-enneagram,enneagram 1,0,1,0.00,3.0
https://9takes.com/enneagram-corner/why-you-cant-stop-overthinking-enneagram,enneagram 279,0,1,0.00,5.0
https://9takes.com/enneagram-corner/why-you-cant-stop-overthinking-enneagram,enneagram 6,0,2,0.00,3.0
https://9takes.com/enneagram-corner/why-you-cant-stop-overthinking-enneagram,enneagram 6 disintegration and integration,0,1,0.00,4.0
https://9takes.com/enneagram-corner/why-you-cant-stop-overthinking-enneagram,enneagram 9,0,2,0.00,3.0
https://9takes.com/enneagram-corner/why-you-cant-stop-overthinking-enneagram,enneagram chart,0,1,0.00,3.0
https://9takes.com/enneagram-corner/why-you-cant-stop-overthinking-enneagram,enneagram heart triad,0,1,0.00,4.0
https://9takes.com/enneagram-corner/why-you-cant-stop-overthinking-enneagram,enneagram test,0,3,0.00,2.7
https://9takes.com/enneagram-corner/why-you-cant-stop-overthinking-enneagram,enneagram types,0,4,0.00,3.3
https://9takes.com/enneagram-corner/why-you-cant-stop-overthinking-enneagram,harmonic triad enneagram,0,1,0.00,3.0
https://9takes.com/enneagram-corner/why-you-cant-stop-overthinking-enneagram,individualist enneagram,0,1,0.00,3.0
https://9takes.com/enneagram-corner/why-you-cant-stop-overthinking-enneagram,infj 5w4 characters,0,1,0.00,2.0
https://9takes.com/enneagram-corner/why-you-cant-stop-overthinking-enneagram,is enneagram scientific,0,1,0.00,3.0
https://9takes.com/enneagram-corner/why-you-cant-stop-overthinking-enneagram,least common enneagram type,0,1,0.00,3.0
https://9takes.com/enneagram-corner/why-you-cant-stop-overthinking-enneagram,most common enneagram,0,2,0.00,2.0
https://9takes.com/enneagram-corner/why-you-cant-stop-overthinking-enneagram,sx8 enneagram,0,1,0.00,3.0
https://9takes.com/enneagram-corner/why-you-cant-stop-overthinking-enneagram,the enneagram test,0,1,0.00,3.0
https://9takes.com/enneagram-corner/why-you-cant-stop-overthinking-enneagram,the wisdom of enneagram,0,1,0.00,5.0
https://9takes.com/enneagram-corner/why-you-cant-stop-overthinking-enneagram,type 8 enneagram,0,1,0.00,3.0
https://9takes.com/enneagram-corner/why-you-cant-stop-overthinking-enneagram,type 9 the peacemaker,0,1,0.00,3.0
https://9takes.com/enneagram-corner/why-you-cant-stop-overthinking-enneagram,what is a 2 in enneagram,0,1,0.00,3.0
https://9takes.com/enneagram-corner/why-you-cant-stop-overthinking-enneagram,what's my enneagram number,0,1,0.00,4.0
https://9takes.com/enneagram-corner/why-you-cant-stop-overthinking-enneagram,which enneagram is the rarest,0,1,0.00,3.0
https://9takes.com/enneagram-test,that one test with 9 sections,0,3,0.00,22.7
https://9takes.com/how-to-guides,9takes,0,4,0.00,2.5
https://9takes.com/how-to-guides,site:9takes.com,0,5,0.00,20.6
https://9takes.com/how-to-guides/5-tough-conversations-you-need-to-have-with-your-partner,3 tough conversations every couple should have,0,5,0.00,46.8
https://9takes.com/how-to-guides/5-tough-conversations-you-need-to-have-with-your-partner,difficult conversations to have with your partner,0,1,0.00,58.0
https://9takes.com/how-to-guides/5-tough-conversations-you-need-to-have-with-your-partner,examples of difficult conversations in relationships,0,3,0.00,57.0
https://9takes.com/how-to-guides/5-tough-conversations-you-need-to-have-with-your-partner,hard conversations in a relationship,0,1,0.00,69.0
https://9takes.com/how-to-guides/5-tough-conversations-you-need-to-have-with-your-partner,hard conversations to have with your partner,0,3,0.00,58.0
https://9takes.com/how-to-guides/5-tough-conversations-you-need-to-have-with-your-partner,meaningful conversation in relationship,0,2,0.00,66.5
https://9takes.com/how-to-guides/5-tough-conversations-you-need-to-have-with-your-partner,my boyfriend and i don t have meaningful conversations,0,1,0.00,37.0
https://9takes.com/how-to-guides/5-tough-conversations-you-need-to-have-with-your-partner,relationship conversations,0,7,0.00,40.3
https://9takes.com/how-to-guides/5-tough-conversations-you-need-to-have-with-your-partner,relationships conversations,0,27,0.00,33.9
https://9takes.com/how-to-guides/5-tough-conversations-you-need-to-have-with-your-partner,tough relationship,0,2,0.00,68.0
https://9takes.com/how-to-guides/5-tough-conversations-you-need-to-have-with-your-partner,types of conversation in relationship,0,1,0.00,28.0
https://9takes.com/how-to-guides/5-tough-conversations-you-need-to-have-with-your-partner,types of conversations in a relationship,0,1,0.00,24.0
https://9takes.com/how-to-guides/dating-dynamics-by-enneagram-type,enneagram and relationships,0,53,0.00,75.3
https://9takes.com/how-to-guides/dating-dynamics-by-enneagram-type,enneagram dating,0,5,0.00,45.0
https://9takes.com/how-to-guides/dating-dynamics-by-enneagram-type,enneagram in relationships,0,1,0.00,94.0
https://9takes.com/how-to-guides/dating-dynamics-by-enneagram-type,enneagram love relationships,0,1,0.00,77.0
https://9takes.com/how-to-guides/dating-dynamics-by-enneagram-type,enneagram relationships,0,34,0.00,96.1
https://9takes.com/how-to-guides/dating-dynamics-by-enneagram-type,enneagram types in relationships,0,1,0.00,98.0
https://9takes.com/how-to-guides/dating-dynamics-by-enneagram-type,relationships enneagram,0,67,0.00,87.6
https://9takes.com/how-to-guides/dating-dynamics-by-enneagram-type,worst enneagram pairings,0,1,0.00,67.0
https://9takes.com/personality-analysis,9takes,0,32,0.00,1.0
https://9takes.com/personality-analysis,9w1 celebrities,0,1,0.00,15.0
https://9takes.com/personality-analysis,actor personality,0,2,0.00,35.5
https://9takes.com/personality-analysis,actress personality,0,3,0.00,32.3
https://9takes.com/personality-analysis,ana de armas personality,0,1,0.00,39.0
https://9takes.com/personality-analysis,analyse personae,0,2,0.00,95.0
https://9takes.com/personality-analysis,analyze him,0,1,0.00,10.0
https://9takes.com/personality-analysis,callum turner personality type,0,1,0.00,10.0
https://9takes.com/personality-analysis,celeb personality,0,23,0.00,10.1
https://9takes.com/personality-analysis,celebrity enneagram,0,3,0.00,37.0
https://9takes.com/personality-analysis,celebrity personality,0,6,0.00,18.8
https://9takes.com/personality-analysis,emma watson enneagram,0,1,0.00,24.0
https://9takes.com/personality-analysis,enneagram 1 celebrities,0,4,0.00,31.5
https://9takes.com/personality-analysis,enneagram 1 famous people,0,1,0.00,30.0
https://9takes.com/personality-analysis,enneagram 6 celebrities,0,3,0.00,21.3
https://9takes.com/personality-analysis,enneagram 9 celebrities,0,12,0.00,24.6
https://9takes.com/personality-analysis,enneagram 9 famous people,0,12,0.00,23.2
https://9takes.com/personality-analysis,enneagram celebrities,0,2,0.00,13.5
https://9takes.com/personality-analysis,enneagram famous people,0,1,0.00,11.0
https://9takes.com/personality-analysis,enneagram type 6 celebrities,0,1,0.00,20.0
https://9takes.com/personality-analysis,enneagram type 6 famous people,0,1,0.00,22.0
https://9takes.com/personality-analysis,enneagram type 9 celebrities,0,5,0.00,30.6
https://9takes.com/personality-analysis,enneagram type 9 famous people,0,3,0.00,26.0
https://9takes.com/personality-analysis,famous 9w1,0,1,0.00,17.0
https://9takes.com/personality-analysis,famous enneagram 9,0,2,0.00,26.5
https://9takes.com/personality-analysis,famous people enneagram,0,3,0.00,10.7
https://9takes.com/personality-analysis,famous people personality,0,4,0.00,11.5
https://9takes.com/personality-analysis,famous people personality types,0,1,0.00,6.0
https://9takes.com/personality-analysis,famous people with this personality,0,1,0.00,8.0
https://9takes.com/personality-analysis,famous personality,0,2,0.00,17.0
https://9takes.com/personality-analysis,first take personalities,0,1,0.00,61.0
https://9takes.com/personality-analysis,gordon ramsay enneagram,0,1,0.00,25.0
https://9takes.com/personality-analysis,high profile personalities,0,1,0.00,26.0
https://9takes.com/personality-analysis,leonardo da vinci enneagram,0,2,0.00,11.0
https://9takes.com/personality-analysis,milly alcock personality type,0,1,0.00,11.0
https://9takes.com/personality-analysis,personality celebrity,0,1,0.00,89.0
https://9takes.com/personality-analysis,personality famous,0,3,0.00,12.0
https://9takes.com/personality-analysis,site:9takes.com,0,27,0.00,8.2
https://9takes.com/personality-analysis,tom hanks personality type,0,2,0.00,30.5
https://9takes.com/personality-analysis,type 9 enneagram celebrities,0,1,0.00,28.0
https://9takes.com/personality-analysis,type a celebrities,0,2,0.00,24.0
https://9takes.com/personality-analysis,type a personality celebrities,0,3,0.00,15.0
https://9takes.com/personality-analysis,well known personality,0,1,0.00,10.0
https://9takes.com/personality-analysis,انماط المشاهير,0,1,0.00,38.0
https://9takes.com/personality-analysis/Bobbi-Althoff,bobbi heck,0,3,0.00,7.7
https://9takes.com/personality-analysis/Bobbi-Althoff,bobbi heck parents,0,1,0.00,8.0
https://9takes.com/personality-analysis/Charli-D'Amelio,charli d'amelio personality,0,1,0.00,10.0
https://9takes.com/personality-analysis/Charli-xcx,charli xcx and george daniel,0,1,0.00,3.0
https://9takes.com/personality-analysis/Charli-xcx,charli xcx mbti,0,5,0.00,4.0
https://9takes.com/personality-analysis/Charli-xcx,charli xcx personality,0,5,0.00,9.0
https://9takes.com/personality-analysis/Charli-xcx,charli xcx personality tomodachi life,0,1,0.00,3.0
https://9takes.com/personality-analysis/Charli-xcx,charli xcx personality type,0,8,0.00,4.9
https://9takes.com/personality-analysis/Charli-xcx,is charli xcx a nice person,0,1,0.00,2.0
https://9takes.com/personality-analysis/Charli-xcx,national portrait gallery charli xcx,0,1,0.00,6.0
https://9takes.com/personality-analysis/Charli-xcx,persona charli xcx lyrics,0,1,0.00,5.0
https://9takes.com/personality-analysis/Lupita-Nyongo,site:9takes.com,0,1,0.00,47.0
https://9takes.com/personality-analysis/Marcello-Hernandez,marcello hernandez mbti,0,1,0.00,2.0
https://9takes.com/personality-analysis/Pete-Davidson,pete davidson personality,0,1,0.00,7.0
https://9takes.com/personality-analysis/aaron-pierre,aaron pierre mbti,0,32,0.00,6.6
https://9takes.com/personality-analysis/aaron-pierre,aaron pierre personality,0,7,0.00,8.1
https://9takes.com/personality-analysis/aaron-pierre,aaron pierre weight,0,1,0.00,48.0
https://9takes.com/personality-analysis/adam-sandler,adam sandler mbti,0,3,0.00,18.3
https://9takes.com/personality-analysis/adam-sandler,adam sandler personality,0,37,0.00,10.5
https://9takes.com/personality-analysis/adam-sandler,adam sandler personality traits,0,1,0.00,9.0
https://9takes.com/personality-analysis/adam-sandler,adam sandler personality type,0,17,0.00,7.2
https://9takes.com/personality-analysis/adam-sandler,how about adam sandler,0,1,0.00,6.0
https://9takes.com/personality-analysis/adam-sandler,luke winkie,0,5,0.00,43.6
https://9takes.com/personality-analysis/adam-sandler,site:9takes.com,0,1,0.00,7.0
https://9takes.com/personality-analysis/adam-sandler,when is adam sandler's birthday,0,4,0.00,10.0
https://9takes.com/personality-analysis/addison-rae,addison rae personality,0,5,0.00,10.0
https://9takes.com/personality-analysis/addison-rae,is addison rae a good person,0,1,0.00,8.0
https://9takes.com/personality-analysis/adela,adela body type,0,3,0.00,10.7
https://9takes.com/personality-analysis/adela,adela character,0,1,0.00,11.0
https://9takes.com/personality-analysis/adela,adela jergova feet,0,1,0.00,21.0
https://9takes.com/personality-analysis/adela,adela jergova younger,0,1,0.00,20.0
https://9takes.com/personality-analysis/adela,adela personality,0,13,0.00,6.2
https://9takes.com/personality-analysis/adela,adéla jergová religion,0,3,0.00,10.3
https://9takes.com/personality-analysis/adela,adéla jergová weight,0,7,0.00,10.3
https://9takes.com/personality-analysis/adela,emily kelavos and adela,0,1,0.00,11.0
https://9takes.com/personality-analysis/adela,her personality,0,1,0.00,3.0
https://9takes.com/personality-analysis/adela,how long was adela in dream academy,0,1,0.00,6.0
https://9takes.com/personality-analysis/adela,site:9takes.com,0,1,0.00,20.0
https://9takes.com/personality-analysis/adela,why did adela name her album prima,0,1,0.00,10.0
https://9takes.com/personality-analysis/adin-ross,"""drake"" ""followers"" ""kick"" ""april 2025""",0,2,0.00,10.0
https://9takes.com/personality-analysis/adin-ross,"""drake"" ""kick"" ""followers"" ""april 2025""",0,61,0.00,10.1
https://9takes.com/personality-analysis/adin-ross,adin ross iq,0,2,0.00,23.0
https://9takes.com/personality-analysis/adin-ross,adin ross lean,0,4,0.00,21.3
https://9takes.com/personality-analysis/adin-ross,adin ross mbti,0,47,0.00,5.9
https://9takes.com/personality-analysis/adin-ross,adin why you didn't go on a date,0,1,0.00,29.0
https://9takes.com/personality-analysis/adin-ross,chris williamson mbti,0,1,0.00,96.0
https://9takes.com/personality-analysis/adin-ross,doechii mbti,0,1,0.00,36.0
https://9takes.com/personality-analysis/adin-ross,is adin ross a bad person,0,29,0.00,8.2
https://9takes.com/personality-analysis/adin-ross,is adin ross a good person,0,15,0.00,9.3
https://9takes.com/personality-analysis/adin-ross,kadin ross sober,0,4,0.00,11.0
https://9takes.com/personality-analysis/adin-ross,ricegum mbti,0,1,0.00,11.0
https://9takes.com/personality-analysis/adin-ross,stacey gould adin ross,0,5,0.00,3.0
https://9takes.com/personality-analysis/adin-ross,why is adin ross popular,0,1,0.00,17.0
https://9takes.com/personality-analysis/adin-ross,why is adin ross so popular,0,2,0.00,21.5
https://9takes.com/personality-analysis/agatha-christie,agatha christie amnesia,0,1,0.00,63.0
https://9takes.com/personality-analysis/agatha-christie,agatha christie cause of death,0,6,0.00,43.5
https://9takes.com/personality-analysis/agatha-christie,agatha christie disability,0,1,0.00,69.0
https://9takes.com/personality-analysis/agatha-christie,agatha christie disappearance,0,1,0.00,2.0
https://9takes.com/personality-analysis/agatha-christie,agatha christie memory loss,0,4,0.00,64.8
https://9takes.com/personality-analysis/agatha-christie,agatha christie mental health,0,2,0.00,8.0
https://9takes.com/personality-analysis/agatha-christie,agatha christie personality,0,37,0.00,8.0
https://9takes.com/personality-analysis/agatha-christie,agatha christie suicide,0,1,0.00,51.0
https://9takes.com/personality-analysis/agatha-christie,arthur hastings,0,1,0.00,3.0
https://9takes.com/personality-analysis/agatha-christie,barbara parker-mallowan,0,1,0.00,3.0
https://9takes.com/personality-analysis/agatha-christie,was agatha christie a good person,0,1,0.00,61.0
https://9takes.com/personality-analysis/agatha-christie,what about agatha christie,0,1,0.00,2.0
https://9takes.com/personality-analysis/agatha-christie,why did agatha christie disappear,0,2,0.00,54.0
https://9takes.com/personality-analysis/agatha-christie#agatha-christies-childhood-seeds-of-a-mystery-writer,agatha christie mental health,0,2,0.00,8.0
https://9takes.com/personality-analysis/agatha-christie#agatha-christies-childhood-seeds-of-a-mystery-writer,agatha christie personality,0,2,0.00,6.0
https://9takes.com/personality-analysis/agatha-christie#agatha-christies-childhood-the-girl-who-taught-herself-to-read,agatha christie personality,0,28,0.00,8.4
https://9takes.com/personality-analysis/agatha-christie#agatha-christies-inner-demons-anxiety-depression-and-creative-genius,agatha christie mental health,0,2,0.00,8.0
https://9takes.com/personality-analysis/agatha-christie#agatha-christies-inner-demons-anxiety-depression-and-creative-genius,agatha christie personality,0,2,0.00,6.0
https://9takes.com/personality-analysis/agatha-christie#agatha-christies-second-life-the-archaeologists-eye,agatha christie mental health,0,2,0.00,8.0
https://9takes.com/personality-analysis/agatha-christie#agatha-christies-second-life-the-archaeologists-eye,agatha christie personality,0,6,0.00,5.8
https://9takes.com/personality-analysis/agatha-christie#how-agatha-christie-learned-to-kill-people-on-paper,agatha christie personality,0,19,0.00,8.8
https://9takes.com/personality-analysis/agatha-christie#how-did-agatha-christie-write-her-novels-the-secret-process-behind-66-detective-novels,agatha christie mental health,0,2,0.00,8.0
https://9takes.com/personality-analysis/agatha-christie#how-did-agatha-christie-write-her-novels-the-secret-process-behind-66-detective-novels,agatha christie personality,0,6,0.00,5.8
https://9takes.com/personality-analysis/agatha-christie#poirot-vs-marple-the-two-sides-of-christies-mind,agatha christie mental health,0,2,0.00,8.0
https://9takes.com/personality-analysis/agatha-christie#poirot-vs-marple-the-two-sides-of-christies-mind,agatha christie personality,0,2,0.00,6.0
https://9takes.com/personality-analysis/agatha-christie#what-is-agatha-christies-personality-type,agatha christie personality,0,30,0.00,8.3
https://9takes.com/personality-analysis/agatha-christie#why-agatha-christie-disappeared-for-11-days,agatha christie personality,0,30,0.00,8.3
https://9takes.com/personality-analysis/agatha-christie#why-did-agatha-christie-disappear-the-psychological-mystery-behind-her-famous-vanishing-act,agatha christie mental health,0,2,0.00,8.0
https://9takes.com/personality-analysis/agatha-christie#why-did-agatha-christie-disappear-the-psychological-mystery-behind-her-famous-vanishing-act,agatha christie personality,0,2,0.00,6.0
https://9takes.com/personality-analysis/albert-einstein,albert einstein enneagram,0,18,0.00,9.7
https://9takes.com/personality-analysis/albert-einstein,albert einstein enneagram type,0,3,0.00,10.3
https://9takes.com/personality-analysis/albert-einstein,albert einstein personal life,0,1,0.00,58.0
https://9takes.com/personality-analysis/albert-einstein,albert einstein womanizer,0,5,0.00,33.4
https://9takes.com/personality-analysis/albert-einstein,einstein enneagram,0,16,0.00,8.6
https://9takes.com/personality-analysis/albert-einstein,einstein womanizer,0,2,0.00,39.0
https://9takes.com/personality-analysis/albert-einstein,is albert einstein gay,0,1,0.00,57.0
https://9takes.com/personality-analysis/albert-einstein,personality type of albert einstein,0,2,0.00,34.0
https://9takes.com/personality-analysis/albert-einstein,was albert einstein a good person,0,1,0.00,28.0
https://9takes.com/personality-analysis/albert-einstein,was albert einstein gay,0,2,0.00,40.5
https://9takes.com/personality-analysis/albert-einstein,was einstein a womanizer,0,1,0.00,47.0
https://9takes.com/personality-analysis/albert-einstein,was einstein gay,0,2,0.00,50.5
https://9takes.com/personality-analysis/albert-einstein,was einstein gay?,0,1,0.00,57.0
https://9takes.com/personality-analysis/albert-einstein,was einstien gay,0,1,0.00,51.0
https://9takes.com/personality-analysis/alex-cooper,alex cooper background,0,1,0.00,48.0
https://9takes.com/personality-analysis/alex-cooper,alex cooper born newtown pennsylvania 1994,0,3,0.00,10.0
https://9takes.com/personality-analysis/alex-cooper,alex cooper door number 3,0,1,0.00,17.0
https://9takes.com/personality-analysis/alex-cooper,alex cooper horoscope,0,1,0.00,27.0
https://9takes.com/personality-analysis/alex-cooper,alex cooper interview style,0,1,0.00,45.0
https://9takes.com/personality-analysis/alex-cooper,alex cooper mbti,0,72,0.00,7.4
https://9takes.com/personality-analysis/alex-cooper,alex cooper personality,0,34,0.00,7.8
https://9takes.com/personality-analysis/alex-cooper,alex cooper quotes,0,1,0.00,55.0
https://9takes.com/personality-analysis/alex-cooper,alex cooper weight,0,1,0.00,31.0
https://9takes.com/personality-analysis/alex-cooper,alex cooper why is she famous,0,1,0.00,48.0
https://9takes.com/personality-analysis/alex-cooper,alex cooper zodiac,0,3,0.00,31.7
https://9takes.com/personality-analysis/alex-cooper,alex cooper zodiac sign,0,3,0.00,35.7
https://9takes.com/personality-analysis/alex-cooper,alix earle mbti,0,3,0.00,11.0
https://9takes.com/personality-analysis/alex-cooper,how is alex cooper famous,0,1,0.00,47.0
https://9takes.com/personality-analysis/alex-cooper,personalidad,0,1,0.00,4.0
https://9takes.com/personality-analysis/alex-cooper,what is alex cooper famous for,0,2,0.00,52.5
https://9takes.com/personality-analysis/alex-cooper,what work has alex cooper had done,0,1,0.00,39.0
https://9takes.com/personality-analysis/alex-cooper,who is door number 3 alex cooper,0,1,0.00,19.0
https://9takes.com/personality-analysis/alex-cooper,who is slim shady alex cooper,0,2,0.00,35.5
https://9takes.com/personality-analysis/alex-cooper,why is alex cooper famous,0,1,0.00,59.0
https://9takes.com/personality-analysis/alex-cooper,why is alex cooper so popular,0,4,0.00,47.8
https://9takes.com/personality-analysis/alex-cooper#from-an-apartment-to-a-war,alex cooper mbti,0,24,0.00,6.8
https://9takes.com/personality-analysis/alex-cooper#how-she-gets-them-to-talk,alex cooper mbti,0,13,0.00,7.5
https://9takes.com/personality-analysis/alex-cooper#the-girl-in-the-control-room,alex cooper mbti,0,24,0.00,6.8
https://9takes.com/personality-analysis/alex-cooper#what-is-alex-coopers-personality-type,alex cooper mbti,0,24,0.00,6.8
https://9takes.com/personality-analysis/alex-cooper#what-the-coach-wouldnt-say,alex cooper mbti,0,13,0.00,7.5
https://9takes.com/personality-analysis/alex-cooper#what-they-actually-get-from-her,alex cooper mbti,0,13,0.00,7.5
https://9takes.com/personality-analysis/alex-hormozi,alex hormozi,0,1,0.00,2.0
https://9takes.com/personality-analysis/alex-hormozi,alex hormozi astrology,0,2,0.00,27.5
https://9takes.com/personality-analysis/alex-hormozi,alex hormozi college,0,1,0.00,3.0
https://9takes.com/personality-analysis/alex-hormozi,alex hormozi father name,0,1,0.00,16.0
https://9takes.com/personality-analysis/alex-hormozi,alex hormozi natal chart,0,2,0.00,14.0
https://9takes.com/personality-analysis/alex-hormozi,alex hormozi personality type,0,57,0.00,6.6
https://9takes.com/personality-analysis/alex-hormozi,leila hormozi,0,1,0.00,3.0
https://9takes.com/personality-analysis/alex-hormozi,leila hormozi mbti,0,1,0.00,35.0
https://9takes.com/personality-analysis/alex-hormozi,site:9takes.com,0,1,0.00,61.0
https://9takes.com/personality-analysis/alex-hormozi,was alex hormozi born rich,0,1,0.00,11.0
https://9takes.com/personality-analysis/alex-hormozi,where did alex hormozi go to high school,0,3,0.00,6.0
https://9takes.com/personality-analysis/alex-hormozi,where did he go to hs,0,1,0.00,4.0
https://9takes.com/personality-analysis/alex-hormozi#from-top-secret-clearance-to-sleeping-on-a-floor-mat,alex hormozi mbti,0,3,0.00,9.7
https://9takes.com/personality-analysis/alex-hormozi#inside-hormozis-mind-the-operating-system,alex hormozi mbti,0,8,0.00,9.4
https://9takes.com/personality-analysis/alex-hormozi#inside-hormozis-mind-the-operating-system,alex hormozi personality type,0,1,0.00,6.0
https://9takes.com/personality-analysis/alex-hormozi#the-body-as-brand-hormozis-physical-transformation,alex hormozi mbti,0,3,0.00,9.7
https://9takes.com/personality-analysis/alex-hormozi#the-frugality-paradox-rich-man-simple-lifestyle,alex hormozi mbti,0,3,0.00,9.7
https://9takes.com/personality-analysis/alex-hormozi#the-iranian-american-drive-how-his-father-shaped-everything,alex hormozi mbti,0,3,0.00,9.7
https://9takes.com/personality-analysis/alex-hormozi#the-tony-robbins-conversation-when-a-type-3-confronts-his-shadow,alex hormozi mbti,0,8,0.00,9.4
https://9takes.com/personality-analysis/alex-hormozi#the-tony-robbins-conversation-when-a-type-3-confronts-his-shadow,alex hormozi personality type,0,1,0.00,6.0
https://9takes.com/personality-analysis/alex-hormozi#what-is-alex-hormozis-personality-type,alex hormozi mbti,0,8,0.00,9.4
https://9takes.com/personality-analysis/alex-hormozi#what-is-alex-hormozis-personality-type,alex hormozi personality type,0,1,0.00,6.0
https://9takes.com/personality-analysis/alex-karp,"""leah jaynes karp""",0,1,0.00,48.0
https://9takes.com/personality-analysis/alex-karp,alex karp biracial,0,4,0.00,13.5
https://9takes.com/personality-analysis/alex-karp,alex karp black,0,2,0.00,48.0
https://9takes.com/personality-analysis/alex-karp,alex karp bodyguards,0,1,0.00,8.0
https://9takes.com/personality-analysis/alex-karp,alex karp can't sit still,0,5,0.00,9.4
https://9takes.com/personality-analysis/alex-karp,alex karp childhood,0,1,0.00,11.0
https://9takes.com/personality-analysis/alex-karp,alex karp dyslexia,0,1,0.00,23.0
https://9takes.com/personality-analysis/alex-karp,alex karp geographically monogamous,0,1,0.00,37.0
https://9takes.com/personality-analysis/alex-karp,alex karp girlfriend,0,4,0.00,1.0
https://9takes.com/personality-analysis/alex-karp,alex karp half black,0,5,0.00,19.2
https://9takes.com/personality-analysis/alex-karp,alex karp iq score,0,1,0.00,1.0
https://9takes.com/personality-analysis/alex-karp,alex karp mbti,0,6,0.00,4.3
https://9takes.com/personality-analysis/alex-karp,alex karp mother black,0,3,0.00,29.7
https://9takes.com/personality-analysis/alex-karp,alex karp personality,0,39,0.00,7.4
https://9takes.com/personality-analysis/alex-karp,alex karp race,0,3,0.00,51.0
https://9takes.com/personality-analysis/alex-karp,alex karps,0,3,0.00,10.0
https://9takes.com/personality-analysis/alex-karp,alexander karp dark triad,0,40,0.00,7.5
https://9takes.com/personality-analysis/alex-karp,does alex karp have children,0,2,0.00,11.0
https://9takes.com/personality-analysis/alex-karp,gerald jaynes alex karp,0,2,0.00,16.5
https://9takes.com/personality-analysis/alex-karp,i was too poor then i was too rich,0,1,0.00,11.0
https://9takes.com/personality-analysis/alex-karp,is alex karp black,0,1,0.00,28.0
https://9takes.com/personality-analysis/alex-karp,is alex karp black or white,0,1,0.00,24.0
https://9takes.com/personality-analysis/alex-karp,is alex karp half black,0,1,0.00,23.0
https://9takes.com/personality-analysis/alex-karp,is alex karp mother black,0,1,0.00,39.0
https://9takes.com/personality-analysis/alex-karp,is alexander karp black,0,1,0.00,29.0
https://9takes.com/personality-analysis/alex-karp,is leah jaynes karp black,0,2,0.00,22.5
https://9takes.com/personality-analysis/alex-karp,josh karp,0,1,0.00,69.0
https://9takes.com/personality-analysis/alex-karp,leah jaynes karp,0,12,0.00,30.3
https://9takes.com/personality-analysis/alex-karp,leah jaynes karp wikipedia,0,4,0.00,20.3
https://9takes.com/personality-analysis/alex-karp,robert joseph karp,0,3,0.00,31.0
https://9takes.com/personality-analysis/alex-karp,site:9takes.com,0,2,0.00,83.5
https://9takes.com/personality-analysis/alex-karp#alex-karps-outsider-childhood,alex karp wife and children,0,5,0.00,9.8
https://9takes.com/personality-analysis/alex-karp#how-alex-karp-became-palantirs-war-tech-ceo,alex karp wife and children,0,8,0.00,9.3
https://9takes.com/personality-analysis/alex-karp#how-alex-karp-learned-to-fight-with-ideas,alex karp wife and children,0,6,0.00,9.7
https://9takes.com/personality-analysis/alex-karp#what-is-alex-karps-personality-type,alex karp wife and children,0,7,0.00,9.3
https://9takes.com/personality-analysis/alex-karp#why-alex-karp-cant-sit-still,alex karp wife and children,0,5,0.00,9.8
https://9takes.com/personality-analysis/alex-karp#why-he-hid-the-dyslexia-for-decades,alex karp wife and children,0,5,0.00,9.8
https://9takes.com/personality-analysis/alex-warren,alex warren,0,2,0.00,2.5
https://9takes.com/personality-analysis/alex-warren,alex warren mbti,0,6,0.00,9.3
https://9takes.com/personality-analysis/alex-warren,alex warren personality,0,2,0.00,11.0
https://9takes.com/personality-analysis/alex-warren,emerald eyes alex warren,0,1,0.00,4.0
https://9takes.com/personality-analysis/alex-warren,kouvr annon,0,1,0.00,3.0
https://9takes.com/personality-analysis/alex-warren,what type of music does alex warren sing,0,5,0.00,9.0
https://9takes.com/personality-analysis/alex-warren,yaron.li,0,7,0.00,50.4
https://9takes.com/personality-analysis/alexandria-ocasio-cortez,"""the new york times"" ""1 million followers"" bluesky december 2024",0,20,0.00,8.1
https://9takes.com/personality-analysis/alexandria-ocasio-cortez,aoc mbti,0,3,0.00,15.0
https://9takes.com/personality-analysis/alexis-bledel,alexis bledel,0,1,0.00,2.0
https://9takes.com/personality-analysis/alexis-bledel,alexis bledel ass,0,2,0.00,8.0
https://9takes.com/personality-analysis/alexis-bledel,alexis bledel body type,0,4,0.00,10.5
https://9takes.com/personality-analysis/alexis-bledel,alexis bledel illness,0,8,0.00,9.8
https://9takes.com/personality-analysis/alexis-bledel,alexis bledel mbti,0,27,0.00,8.5
https://9takes.com/personality-analysis/alexis-bledel,alexis bledel personality,0,48,0.00,9.2
https://9takes.com/personality-analysis/alexis-bledel,alexis bledel sexuality,0,1,0.00,27.0
https://9takes.com/personality-analysis/alexis-bledel,alexis bledel social media,0,1,0.00,11.0
https://9takes.com/personality-analysis/alexis-bledel,alexis bledel son age,0,1,0.00,11.0
https://9takes.com/personality-analysis/alexis-bledel,alix bledel,0,1,0.00,11.0
https://9takes.com/personality-analysis/alexis-bledel,bledel,0,2,0.00,40.0
https://9takes.com/personality-analysis/alexis-bledel,bledel last name origin,0,1,0.00,17.0
https://9takes.com/personality-analysis/alexis-bledel,both,0,1,0.00,3.0
https://9takes.com/personality-analysis/alexis-bledel,how old was alexis bledel in 2002,0,2,0.00,11.5
https://9takes.com/personality-analysis/alexis-bledel,is alexis bledel nice,0,1,0.00,11.0
https://9takes.com/personality-analysis/alexis-bledel,ja,0,1,0.00,6.0
https://9takes.com/personality-analysis/alexis-bledel,kimberly alexis bledel,0,1,0.00,44.0
https://9takes.com/personality-analysis/alexis-bledel,was alexis bledel pregnant in a year in the life,0,1,0.00,12.0
https://9takes.com/personality-analysis/alexis-bledel,what is alexis bledel like in real life,0,1,0.00,14.0
https://9takes.com/personality-analysis/alexis-bledel,why did alexis bledel stop acting,0,1,0.00,12.0
https://9takes.com/personality-analysis/alysa-liu,"""pamela anderson"" ""announced her retirement"" athlete",0,1,0.00,10.0
https://9takes.com/personality-analysis/alysa-liu,alysa liu personality type,0,3,0.00,8.0
https://9takes.com/personality-analysis/alysa-liu,why did alysa liu quit skating,0,1,0.00,8.0
https://9takes.com/personality-analysis/amber-heard,amber blank porn,0,1,0.00,8.0
https://9takes.com/personality-analysis/amber-heard,amber heard,0,2,0.00,3.0
https://9takes.com/personality-analysis/amber-heard,amber heard mbti,0,22,0.00,15.5
https://9takes.com/personality-analysis/amber-heard,amber heard net worth peak,0,1,0.00,11.0
https://9takes.com/personality-analysis/amber-heard,amber heard oc california,0,1,0.00,7.0
https://9takes.com/personality-analysis/amber-heard,amber heard peak,0,2,0.00,14.0
https://9takes.com/personality-analysis/amber-heard,amber heard personality type,0,99,0.00,10.6
https://9takes.com/personality-analysis/amber-heard,amber heard pornography,0,1,0.00,28.0
https://9takes.com/personality-analysis/amber-heard,amber heard younger,0,1,0.00,4.0
https://9takes.com/personality-analysis/amber-heard,how does amber heard support herself,0,11,0.00,9.4
https://9takes.com/personality-analysis/amber-heard,si,0,1,0.00,5.0
https://9takes.com/personality-analysis/amber-heard,tasya van ree net worth,0,3,0.00,9.3
https://9takes.com/personality-analysis/amber-heard,whitney heard henriquez,0,2,0.00,8.5
https://9takes.com/personality-analysis/amber-heard,wie ist ihr charakter,0,1,0.00,6.0
https://9takes.com/personality-analysis/amber-heard#the-making-of-a-performer,amber heard mbti,0,2,0.00,9.0
https://9takes.com/personality-analysis/amber-heard#the-trial-a-type-3s-worst-nightmare,amber heard mbti,0,2,0.00,9.0
https://9takes.com/personality-analysis/amber-heard#what-is-amber-heards-personality-type,amber heard mbti,0,2,0.00,9.0
https://9takes.com/personality-analysis/amelia-dimoldenberg,amelia dimoldenberg mbti,0,3,0.00,11.0
https://9takes.com/personality-analysis/andrew-ross-sorkin,andrew sorkin podcast,0,1,0.00,9.0
https://9takes.com/personality-analysis/andrew-ross-sorkin,laurence t sorkin,0,1,0.00,11.0
https://9takes.com/personality-analysis/andrew-tate,andrew bad things enneagram,0,1,0.00,9.0
https://9takes.com/personality-analysis/andrew-tate,andrew tate personality,0,1,0.00,14.0
https://9takes.com/personality-analysis/andrew-tate,andrew tate personality type,0,63,0.00,8.5
https://9takes.com/personality-analysis/andrew-tate,andrew tate psychological profile,0,1,0.00,25.0
https://9takes.com/personality-analysis/andrew-tate,site:9takes.com,0,2,0.00,79.5
https://9takes.com/personality-analysis/andrew-tate,socioncs,0,1,0.00,1.0
https://9takes.com/personality-analysis/andrew-tate,was andrew tates dad in the cia,0,1,0.00,1.0
https://9takes.com/personality-analysis/andrew-tate,who is andrew tait,0,1,0.00,2.0
https://9takes.com/personality-analysis/andrew-tate,معاصرة,0,1,0.00,3.0
https://9takes.com/personality-analysis/anna-kendrick,anna kendrick adhd,0,1,0.00,2.0
https://9takes.com/personality-analysis/anna-kendrick,anna kendrick joke,0,1,0.00,8.0
https://9takes.com/personality-analysis/anna-kendrick,anna kendrick middle name,0,1,0.00,11.0
https://9takes.com/personality-analysis/anna-kendrick,anna kendrick personality,0,115,0.00,8.8
https://9takes.com/personality-analysis/anna-kendrick,anna kendrick personality type,0,11,0.00,5.3
https://9takes.com/personality-analysis/anna-kendrick,anna kendrick voice type,0,1,0.00,1.0
https://9takes.com/personality-analysis/anna-wintour,"""anna wintour"" (fuck or bitch or bastard or asshole or motherfucker or dickhead or pussy or scumbag or loser or clown or fraud or corrupt or scum or psycho or idiot or moron or garbage or trash or evil or criminal or creep or liar or pathetic or disgusting)",0,1,0.00,69.0
https://9takes.com/personality-analysis/anna-wintour,ana wintour,0,1,0.00,7.0
https://9takes.com/personality-analysis/anna-wintour,anna wintour 1995,0,1,0.00,28.0
https://9takes.com/personality-analysis/anna-wintour,anna wintour 60s,0,2,0.00,11.0
https://9takes.com/personality-analysis/anna-wintour,anna wintour attitude,0,1,0.00,53.0
https://9takes.com/personality-analysis/anna-wintour,anna wintour iq,0,1,0.00,2.0
https://9takes.com/personality-analysis/anna-wintour,anna wintour mbti,0,2,0.00,17.5
https://9takes.com/personality-analysis/anna-wintour,anna wintour personality,0,5,0.00,23.2
https://9takes.com/personality-analysis/anna-wintour,anna wintour personality type,0,24,0.00,7.4
https://9takes.com/personality-analysis/anna-wintour,anna wintour without bob,0,4,0.00,13.3
https://9takes.com/personality-analysis/anna-wintour,has anna wintour had plastic surgery,0,1,0.00,29.0
https://9takes.com/personality-analysis/anna-wintour,how long has anna wintour had a bob,0,4,0.00,7.3
https://9takes.com/personality-analysis/anna-wintour,is anna wintour hair real,0,2,0.00,38.0
https://9takes.com/personality-analysis/anna-wintour,is anna wintour wearing a wig,0,1,0.00,7.0
https://9takes.com/personality-analysis/anna-wintour,site:9takes.com,0,1,0.00,79.0
https://9takes.com/personality-analysis/anna-wintour,steve jobs and anna wintour,0,1,0.00,72.0
https://9takes.com/personality-analysis/anna-wintour,why has anna wintour never changed her hair,0,1,0.00,7.0
https://9takes.com/personality-analysis/anna-wintour,有照片吗,0,1,0.00,18.0
https://9takes.com/personality-analysis/anne-hathaway,anne hathaway blood type,0,1,0.00,11.0
https://9takes.com/personality-analysis/anne-hathaway,anne hathaway body,0,9,0.00,10.8
https://9takes.com/personality-analysis/anne-hathaway,anne hathaway enneagram,0,3,0.00,8.0
https://9takes.com/personality-analysis/anne-hathaway,anne hathaway hard,0,1,0.00,10.0
https://9takes.com/personality-analysis/anne-hathaway,anne hathaway personality type,0,13,0.00,9.2
https://9takes.com/personality-analysis/anne-hathaway,anne hathawaybody,0,1,0.00,9.0
https://9takes.com/personality-analysis/anya-taylor-joy,"""refused to speak english"" actor audition film",0,5,0.00,5.8
https://9takes.com/personality-analysis/anya-taylor-joy,altcineva,0,1,0.00,3.0
https://9takes.com/personality-analysis/anya-taylor-joy,anya taylor joy breakout role,0,2,0.00,61.5
https://9takes.com/personality-analysis/anya-taylor-joy,anya taylor joy childhood,0,1,0.00,26.0
https://9takes.com/personality-analysis/anya-taylor-joy,anya taylor joy condition,0,1,0.00,40.0
https://9takes.com/personality-analysis/anya-taylor-joy,anya taylor joy mbti,0,4,0.00,11.0
https://9takes.com/personality-analysis/anya-taylor-joy,anya taylor joy personality,0,5,0.00,14.6
https://9takes.com/personality-analysis/anya-taylor-joy,anya taylor joy personality type,0,48,0.00,9.4
https://9takes.com/personality-analysis/anya-taylor-joy,anya taylor-joy breakout role,0,1,0.00,57.0
https://9takes.com/personality-analysis/anya-taylor-joy,anya taylor-joy childhood,0,1,0.00,23.0
https://9takes.com/personality-analysis/anya-taylor-joy,anya taylor-joy got,0,1,0.00,22.0
https://9takes.com/personality-analysis/anya-taylor-joy,anya taylor-joy iq,0,1,0.00,3.0
https://9takes.com/personality-analysis/anya-taylor-joy,anya taylor-joy mbti,0,3,0.00,12.0
https://9takes.com/personality-analysis/anya-taylor-joy,anya taylor-joy nde,0,2,0.00,10.0
https://9takes.com/personality-analysis/anya-taylor-joy,anya taylor-joy personality,0,7,0.00,11.1
https://9takes.com/personality-analysis/anya-taylor-joy,anya taylor-joy personality traits interviews,0,5,0.00,10.2
https://9takes.com/personality-analysis/anya-taylor-joy,anya taylor-joy profile,0,1,0.00,55.0
https://9takes.com/personality-analysis/anya-taylor-joy,anya taylor-joy syndrome,0,2,0.00,35.5
https://9takes.com/personality-analysis/anya-taylor-joy,does anya taylor joy have waardenburg syndrome,0,1,0.00,24.0
https://9takes.com/personality-analysis/anya-taylor-joy,is anya taylor joy a good actress,0,2,0.00,30.0
https://9takes.com/personality-analysis/anya-taylor-joy,waardenburg syndrome anya taylor joy,0,3,0.00,32.0
https://9takes.com/personality-analysis/anya-taylor-joy,why is anya taylor joy in everything,0,1,0.00,23.0
https://9takes.com/personality-analysis/anya-taylor-joy,アニャ・テイラー＝ジョイ,0,1,0.00,3.0
https://9takes.com/personality-analysis/ariana-grande,ambos,0,1,0.00,6.0
https://9takes.com/personality-analysis/ariana-grande,araina grande,0,1,0.00,8.0
https://9takes.com/personality-analysis/ariana-grande,ariana grande,0,6,0.00,7.2
https://9takes.com/personality-analysis/ariana-grande,ariana grande as a person,0,1,0.00,16.0
https://9takes.com/personality-analysis/ariana-grande,ariana grande attachment style,0,2,0.00,21.5
https://9takes.com/personality-analysis/ariana-grande,ariana grande big feelings meaning,0,1,0.00,70.0
https://9takes.com/personality-analysis/ariana-grande,ariana grande character traits,0,17,0.00,10.6
https://9takes.com/personality-analysis/ariana-grande,ariana grande description,0,2,0.00,44.0
https://9takes.com/personality-analysis/ariana-grande,ariana grande emo,0,1,0.00,34.0
https://9takes.com/personality-analysis/ariana-grande,ariana grande enneagram,0,60,0.00,8.6
https://9takes.com/personality-analysis/ariana-grande,ariana grande enneagram type,0,3,0.00,10.3
https://9takes.com/personality-analysis/ariana-grande,ariana grande identity,0,8,0.00,10.1
https://9takes.com/personality-analysis/ariana-grande,ariana grande identity crisis,0,88,0.00,9.0
https://9takes.com/personality-analysis/ariana-grande,ariana grande is mean,0,1,0.00,3.0
https://9takes.com/personality-analysis/ariana-grande,ariana grande kind,0,3,0.00,13.7
https://9takes.com/personality-analysis/ariana-grande,ariana grande mbti,0,1,0.00,1.0
https://9takes.com/personality-analysis/ariana-grande,ariana grande neurodivergent,0,1,0.00,27.0
https://9takes.com/personality-analysis/ariana-grande,ariana grande new personality,0,2,0.00,11.0
https://9takes.com/personality-analysis/ariana-grande,ariana grande persona,0,1,0.00,12.0
https://9takes.com/personality-analysis/ariana-grande,ariana grande personalities,0,4,0.00,10.3
https://9takes.com/personality-analysis/ariana-grande,ariana grande personality,0,469,0.00,10.4
https://9takes.com/personality-analysis/ariana-grande,ariana grande personality change,0,62,0.00,9.5
https://9takes.com/personality-analysis/ariana-grande,ariana grande personality disorder,0,2,0.00,29.0
https://9takes.com/personality-analysis/ariana-grande,ariana grande personality traits,0,34,0.00,10.5
https://9takes.com/personality-analysis/ariana-grande,ariana grande personality traits interviews,0,3,0.00,9.0
https://9takes.com/personality-analysis/ariana-grande,ariana grande personality traits real life,0,2,0.00,10.5
https://9takes.com/personality-analysis/ariana-grande,ariana grande personality type,0,92,0.00,9.8
https://9takes.com/personality-analysis/ariana-grande,ariana grande psy,0,1,0.00,9.0
https://9takes.com/personality-analysis/ariana-grande,ariana grande psychology,0,52,0.00,8.0
https://9takes.com/personality-analysis/ariana-grande,ariana grande psychology reddit,0,1,0.00,37.0
https://9takes.com/personality-analysis/ariana-grande,ariana grande real personality,0,3,0.00,9.7
https://9takes.com/personality-analysis/ariana-grande,ariana grande type,0,21,0.00,10.2
https://9takes.com/personality-analysis/ariana-grande,ariana grande's personality,0,23,0.00,10.4
https://9takes.com/personality-analysis/ariana-grande,ariana grande?,0,1,0.00,5.0
https://9takes.com/personality-analysis/ariana-grande,ariana personality,0,11,0.00,7.9
https://9takes.com/personality-analysis/ariana-grande,asmara,0,1,0.00,11.0
https://9takes.com/personality-analysis/ariana-grande,como es su personalidad?,0,1,0.00,3.0
https://9takes.com/personality-analysis/ariana-grande,how to be like ariana grande,0,3,0.00,38.3
https://9takes.com/personality-analysis/ariana-grande,is ariana grande a nice person,0,1,0.00,3.0
https://9takes.com/personality-analysis/ariana-grande,is ariana grande a nice person in real life,0,1,0.00,3.0
https://9takes.com/personality-analysis/ariana-grande,is ariana grande an extrovert,0,1,0.00,18.0
https://9takes.com/personality-analysis/ariana-grande,is ariana grande an introvert or extrovert,0,1,0.00,19.0
https://9takes.com/personality-analysis/ariana-grande,is ariana grande intelligent,0,2,0.00,5.0
https://9takes.com/personality-analysis/ariana-grande,is ariana grande mean,0,3,0.00,3.3
https://9takes.com/personality-analysis/ariana-grande,ist sie nett?,0,1,0.00,12.0
https://9takes.com/personality-analysis/ariana-grande,ja,0,1,0.00,4.0
https://9takes.com/personality-analysis/ariana-grande,jawb,0,1,0.00,15.0
https://9takes.com/personality-analysis/ariana-grande,kalau ariana grande,0,1,0.00,6.0
https://9takes.com/personality-analysis/ariana-grande,personalidade,0,1,0.00,9.0
https://9takes.com/personality-analysis/ariana-grande,personality ariana grande,0,6,0.00,10.5
https://9takes.com/personality-analysis/ariana-grande,provide sources,0,1,0.00,4.0
https://9takes.com/personality-analysis/ariana-grande,site:9takes.com,0,2,0.00,65.5
https://9takes.com/personality-analysis/ariana-grande,what is ariana grande's,0,1,0.00,12.0
https://9takes.com/personality-analysis/ariana-grande,what is ariana grande's personality,0,36,0.00,10.0
https://9takes.com/personality-analysis/ariana-grande,what is ariana grande's personality type,0,13,0.00,8.9
https://9takes.com/personality-analysis/ariana-grande,what kind of person is ariana grande,0,17,0.00,10.4
https://9takes.com/personality-analysis/ariana-grande,what personality type is ariana grande,0,30,0.00,9.6
https://9takes.com/personality-analysis/ariana-grande,اريانا غراندي,0,1,0.00,7.0
https://9takes.com/personality-analysis/ariana-grande,アリアナ 性格,0,1,0.00,1.0
https://9takes.com/personality-analysis/ariana-grande,ヤンキー？,0,1,0.00,2.0
https://9takes.com/personality-analysis/ariana-grande,性格,0,1,0.00,2.0
https://9takes.com/personality-analysis/ariana-grande#from-florida-to-broadway-to-the-oscars,ariana grande identity crisis,0,7,0.00,7.7
https://9takes.com/personality-analysis/ariana-grande#from-florida-to-broadway-to-the-oscars,ariana grande personalities,0,1,0.00,10.0
https://9takes.com/personality-analysis/ariana-grande#from-florida-to-broadway-to-the-oscars,ariana grande personality,0,86,0.00,9.7
https://9takes.com/personality-analysis/ariana-grande#from-florida-to-broadway-to-the-oscars,ariana grande personality change,0,33,0.00,8.8
https://9takes.com/personality-analysis/ariana-grande#from-florida-to-broadway-to-the-oscars,ariana grande psychology,0,26,0.00,8.3
https://9takes.com/personality-analysis/ariana-grande#from-florida-to-broadway-to-the-oscars,ariana grande's personality,0,1,0.00,9.0
https://9takes.com/personality-analysis/ariana-grande#from-florida-to-broadway-to-the-oscars,psychology of ariana grande,0,4,0.00,6.0
https://9takes.com/personality-analysis/ariana-grande#music-as-evidence,ariana grande identity crisis,0,7,0.00,7.7
https://9takes.com/personality-analysis/ariana-grande#music-as-evidence,ariana grande personalities,0,1,0.00,10.0
https://9takes.com/personality-analysis/ariana-grande#music-as-evidence,ariana grande personality,0,86,0.00,9.7
https://9takes.com/personality-analysis/ariana-grande#music-as-evidence,ariana grande personality change,0,33,0.00,8.8
https://9takes.com/personality-analysis/ariana-grande#music-as-evidence,ariana grande psychology,0,26,0.00,8.3
https://9takes.com/personality-analysis/ariana-grande#music-as-evidence,ariana grande's personality,0,1,0.00,9.0
https://9takes.com/personality-analysis/ariana-grande#music-as-evidence,psychology of ariana grande,0,4,0.00,6.0
https://9takes.com/personality-analysis/ariana-grande#the-four-octave-range-mastery-as-identity,ariana grande identity crisis,0,12,0.00,7.8
https://9takes.com/personality-analysis/ariana-grande#the-four-octave-range-mastery-as-identity,ariana grande personalities,0,1,0.00,10.0
https://9takes.com/personality-analysis/ariana-grande#the-four-octave-range-mastery-as-identity,ariana grande personality,0,62,0.00,9.7
https://9takes.com/personality-analysis/ariana-grande#the-four-octave-range-mastery-as-identity,ariana grande personality change,0,19,0.00,8.8
https://9takes.com/personality-analysis/ariana-grande#the-four-octave-range-mastery-as-identity,ariana grande psychology,0,46,0.00,7.7
https://9takes.com/personality-analysis/ariana-grande#the-four-octave-range-mastery-as-identity,psychology of ariana grande,0,6,0.00,6.2
https://9takes.com/personality-analysis/ariana-grande#what-is-ariana-grandes-personality-type,ariana grande identity crisis,0,12,0.00,7.8
https://9takes.com/personality-analysis/ariana-grande#what-is-ariana-grandes-personality-type,ariana grande personalities,0,1,0.00,10.0
https://9takes.com/personality-analysis/ariana-grande#what-is-ariana-grandes-personality-type,ariana grande personality,0,86,0.00,9.7
https://9takes.com/personality-analysis/ariana-grande#what-is-ariana-grandes-personality-type,ariana grande personality change,0,33,0.00,8.8
https://9takes.com/personality-analysis/ariana-grande#what-is-ariana-grandes-personality-type,ariana grande psychology,0,46,0.00,7.7
https://9takes.com/personality-analysis/ariana-grande#what-is-ariana-grandes-personality-type,ariana grande's personality,0,1,0.00,9.0
https://9takes.com/personality-analysis/ariana-grande#what-is-ariana-grandes-personality-type,psychology of ariana grande,0,6,0.00,6.2
https://9takes.com/personality-analysis/ariana-grande#when-the-scoreboard-doesnt-cooperate,ariana grande identity crisis,0,7,0.00,7.7
https://9takes.com/personality-analysis/ariana-grande#when-the-scoreboard-doesnt-cooperate,ariana grande personalities,0,1,0.00,10.0
https://9takes.com/personality-analysis/ariana-grande#when-the-scoreboard-doesnt-cooperate,ariana grande personality,0,62,0.00,9.7
https://9takes.com/personality-analysis/ariana-grande#when-the-scoreboard-doesnt-cooperate,ariana grande personality change,0,19,0.00,8.8
https://9takes.com/personality-analysis/ariana-grande#when-the-scoreboard-doesnt-cooperate,ariana grande psychology,0,26,0.00,8.3
https://9takes.com/personality-analysis/ariana-grande#when-the-scoreboard-doesnt-cooperate,psychology of ariana grande,0,4,0.00,6.0
https://9takes.com/personality-analysis/ariana-grande#why-not-type-2-or-type-4,ariana grande identity crisis,0,12,0.00,7.8
https://9takes.com/personality-analysis/ariana-grande#why-not-type-2-or-type-4,ariana grande personalities,0,1,0.00,10.0
https://9takes.com/personality-analysis/ariana-grande#why-not-type-2-or-type-4,ariana grande personality,0,62,0.00,9.7
https://9takes.com/personality-analysis/ariana-grande#why-not-type-2-or-type-4,ariana grande personality change,0,19,0.00,8.8
https://9takes.com/personality-analysis/ariana-grande#why-not-type-2-or-type-4,ariana grande psychology,0,46,0.00,7.7
https://9takes.com/personality-analysis/ariana-grande#why-not-type-2-or-type-4,psychology of ariana grande,0,6,0.00,6.2
https://9takes.com/personality-analysis/arnold-schwarzenegger,arnold schwartzen,0,7,0.00,5.1
https://9takes.com/personality-analysis/arnold-schwarzenegger,arnold schwarzenegger mbti,0,1,0.00,11.0
https://9takes.com/personality-analysis/arnold-schwarzenegger,arnold schwarzenegger personality,0,95,0.00,9.9
https://9takes.com/personality-analysis/arnold-schwarzenegger,arnold schwarzenegger personality type,0,70,0.00,9.7
https://9takes.com/personality-analysis/arnold-schwarzenegger,arnold sh,0,1,0.00,7.0
https://9takes.com/personality-analysis/arnold-schwarzenegger,enneagram types,0,1,0.00,3.0
https://9takes.com/personality-analysis/arnold-schwarzenegger,is arnold schwarzenegger a good person,0,9,0.00,17.9
https://9takes.com/personality-analysis/arnold-schwarzenegger,is arnold schwarzenegger a narcissist,0,1,0.00,19.0
https://9takes.com/personality-analysis/arnold-schwarzenegger,is arnold schwarzenegger a nice person,0,5,0.00,9.0
https://9takes.com/personality-analysis/arnold-schwarzenegger,site:9takes.com,0,2,0.00,39.5
https://9takes.com/personality-analysis/ashby,_ashbyflorence_,0,3,0.00,10.7
https://9takes.com/personality-analysis/ashby,ashby age,0,2,0.00,16.0
https://9takes.com/personality-analysis/ashby,ashby characters,0,1,0.00,11.0
https://9takes.com/personality-analysis/ashby,ashby comedian,0,69,0.00,11.0
https://9takes.com/personality-analysis/ashby,ashby content creator,0,2,0.00,10.5
https://9takes.com/personality-analysis/ashby,ashby florance,0,5,0.00,9.4
https://9takes.com/personality-analysis/ashby,ashby florence age,0,1,0.00,14.0
https://9takes.com/personality-analysis/ashby,ashby florence boyfriend,0,63,0.00,10.1
https://9takes.com/personality-analysis/ashby,ashby florence flash,0,1,0.00,19.0
https://9takes.com/personality-analysis/ashby,ashby florence hamilton,0,4,0.00,7.8
https://9takes.com/personality-analysis/ashby,ashby florence handstand,0,15,0.00,12.5
https://9takes.com/personality-analysis/ashby,ashby florence height,0,1,0.00,13.0
https://9takes.com/personality-analysis/ashby,ashby florence high school,0,1,0.00,8.0
https://9takes.com/personality-analysis/ashby,ashby florence hot,0,1,0.00,14.0
https://9takes.com/personality-analysis/ashby,ashby florence lorax,0,13,0.00,7.1
https://9takes.com/personality-analysis/ashby,ashby florence merch,0,6,0.00,10.0
https://9takes.com/personality-analysis/ashby,ashby florence movie,0,22,0.00,8.0
https://9takes.com/personality-analysis/ashby,ashby florence real name,0,25,0.00,10.3
https://9takes.com/personality-analysis/ashby,ashby florence wikipedia,0,12,0.00,8.7
https://9takes.com/personality-analysis/ashby,ashby gru,0,3,0.00,9.3
https://9takes.com/personality-analysis/ashby,ashby medium pace,0,1,0.00,7.0
https://9takes.com/personality-analysis/ashby,ashby person,0,16,0.00,11.1
https://9takes.com/personality-analysis/ashby,ashby real name,0,61,0.00,10.2
https://9takes.com/personality-analysis/ashby,ashby tiktok real name,0,27,0.00,10.5
https://9takes.com/personality-analysis/ashby,ashbyflorence,0,11,0.00,10.8
https://9takes.com/personality-analysis/ashby,florence ashby,0,1,0.00,9.0
https://9takes.com/personality-analysis/ashby,how old is ashby,0,4,0.00,12.8
https://9takes.com/personality-analysis/ashby,how old is ashby florence,0,4,0.00,15.5
https://9takes.com/personality-analysis/ashby,how tall is ashby florence,0,12,0.00,10.5
https://9takes.com/personality-analysis/ashby,is ashby her real name,0,15,0.00,6.7
https://9takes.com/personality-analysis/ashby,site:9takes.com,0,3,0.00,21.7
https://9takes.com/personality-analysis/ashby,what is ashby's real name,0,26,0.00,9.3
https://9takes.com/personality-analysis/ashby,what is ashbys real name,0,1,0.00,10.0
https://9takes.com/personality-analysis/ashby,where did ashby florence go to college,0,9,0.00,9.6
https://9takes.com/personality-analysis/ashby,where does ashby live,0,8,0.00,10.6
https://9takes.com/personality-analysis/ashby,where is ashby from,0,40,0.00,9.2
https://9takes.com/personality-analysis/ashby,who are ashby and ben,0,1,0.00,9.0
https://9takes.com/personality-analysis/ashby,who is ashby,0,4,0.00,12.0
https://9takes.com/personality-analysis/ashby,who is ashby florence,0,23,0.00,9.7
https://9takes.com/personality-analysis/ashby#ten-days-in-a-fevered-daze,ashby florence virginia tech,0,1,0.00,3.0
https://9takes.com/personality-analysis/ashby#the-detour-that-built-the-instrument,ashby florence virginia tech,0,1,0.00,3.0
https://9takes.com/personality-analysis/ashby#what-is-ashbys-personality-type,ashby florence virginia tech,0,1,0.00,3.0
https://9takes.com/personality-analysis/ashby#who-is-ashby-florence,ashby florence virginia tech,0,1,0.00,3.0
https://9takes.com/personality-analysis/asmongold,"""zack hoyt""",0,1,0.00,21.0
https://9takes.com/personality-analysis/asmongold,15 year old asmongold,0,10,0.00,7.0
https://9takes.com/personality-analysis/asmongold,asmon age,0,2,0.00,1.0
https://9takes.com/personality-analysis/asmongold,asmon gold real name,0,1,0.00,2.0
https://9takes.com/personality-analysis/asmongold,asmond gold real name,0,1,0.00,2.0
https://9takes.com/personality-analysis/asmongold,asmondgold name,0,1,0.00,2.0
https://9takes.com/personality-analysis/asmongold,asmongold 2008,0,1,0.00,10.0
https://9takes.com/personality-analysis/asmongold,asmongold 2013,0,1,0.00,10.0
https://9takes.com/personality-analysis/asmongold,asmongold 2017,0,1,0.00,33.0
https://9takes.com/personality-analysis/asmongold,asmongold 2018,0,1,0.00,7.0
https://9takes.com/personality-analysis/asmongold,asmongold age 2026,0,1,0.00,12.0
https://9takes.com/personality-analysis/asmongold,asmongold animorph,0,2,0.00,9.5
https://9takes.com/personality-analysis/asmongold,asmongold animorphs,0,1,0.00,14.0
https://9takes.com/personality-analysis/asmongold,asmongold as a kid,0,5,0.00,8.6
https://9takes.com/personality-analysis/asmongold,asmongold background,0,2,0.00,11.0
https://9takes.com/personality-analysis/asmongold,asmongold before,0,1,0.00,9.0
https://9takes.com/personality-analysis/asmongold,asmongold bio,0,3,0.00,11.3
https://9takes.com/personality-analysis/asmongold,asmongold birthday,0,1,0.00,18.0
https://9takes.com/personality-analysis/asmongold,asmongold body,0,1,0.00,11.0
https://9takes.com/personality-analysis/asmongold,asmongold born,0,2,0.00,17.0
https://9takes.com/personality-analysis/asmongold,asmongold degenerate,0,1,0.00,10.0
https://9takes.com/personality-analysis/asmongold,asmongold degree,0,1,0.00,20.0
https://9takes.com/personality-analysis/asmongold,asmongold depression,0,1,0.00,11.0
https://9takes.com/personality-analysis/asmongold,asmongold education,0,1,0.00,21.0
https://9takes.com/personality-analysis/asmongold,asmongold education background,0,1,0.00,18.0
https://9takes.com/personality-analysis/asmongold,asmongold ethnicity,0,1,0.00,15.0
https://9takes.com/personality-analysis/asmongold,asmongold full body,0,1,0.00,10.0
https://9takes.com/personality-analysis/asmongold,asmongold full name,0,1,0.00,2.0
https://9takes.com/personality-analysis/asmongold,asmongold history,0,2,0.00,9.0
https://9takes.com/personality-analysis/asmongold,asmongold how did he get famous,0,6,0.00,9.7
https://9takes.com/personality-analysis/asmongold,asmongold in real life,0,1,0.00,10.0
https://9takes.com/personality-analysis/asmongold,asmongold jacked,0,2,0.00,9.5
https://9takes.com/personality-analysis/asmongold,asmongold legs,0,4,0.00,10.0
https://9takes.com/personality-analysis/asmongold,asmongold life expectancy,0,4,0.00,10.0
https://9takes.com/personality-analysis/asmongold,asmongold lifestyle,0,7,0.00,10.6
https://9takes.com/personality-analysis/asmongold,asmongold living conditions,0,2,0.00,16.5
https://9takes.com/personality-analysis/asmongold,asmongold looks like,0,3,0.00,10.0
https://9takes.com/personality-analysis/asmongold,asmongold mbti,0,1,0.00,11.0
https://9takes.com/personality-analysis/asmongold,asmongold mbti type,0,12,0.00,9.8
https://9takes.com/personality-analysis/asmongold,asmongold meaning,0,2,0.00,9.0
https://9takes.com/personality-analysis/asmongold,asmongold mental health,0,1,0.00,29.0
https://9takes.com/personality-analysis/asmongold,asmongold mental illness,0,1,0.00,28.0
https://9takes.com/personality-analysis/asmongold,asmongold name,0,1,0.00,3.0
https://9takes.com/personality-analysis/asmongold,asmongold name meaning,0,1,0.00,3.0
https://9takes.com/personality-analysis/asmongold,asmongold nationality,0,1,0.00,8.0
https://9takes.com/personality-analysis/asmongold,asmongold personality traits,0,7,0.00,9.0
https://9takes.com/personality-analysis/asmongold,asmongold personality type,0,23,0.00,8.1
https://9takes.com/personality-analysis/asmongold,asmongold physique,0,36,0.00,9.6
https://9takes.com/personality-analysis/asmongold,asmongold political leaning,0,4,0.00,36.3
https://9takes.com/personality-analysis/asmongold,asmongold real name,0,11,0.00,2.4
https://9takes.com/personality-analysis/asmongold,asmongold siblings,0,1,0.00,9.0
https://9takes.com/personality-analysis/asmongold,asmongold sociopath,0,1,0.00,11.0
https://9takes.com/personality-analysis/asmongold,asmongold streamer biography,0,1,0.00,10.0
https://9takes.com/personality-analysis/asmongold,asmongold teenager,0,3,0.00,10.3
https://9takes.com/personality-analysis/asmongold,asmongold tourettes,0,1,0.00,20.0
https://9takes.com/personality-analysis/asmongold,asmongold weight,0,1,0.00,27.0
https://9takes.com/personality-analysis/asmongold,asmongold what does he do,0,2,0.00,10.0
https://9takes.com/personality-analysis/asmongold,asmongold when did he start streaming,0,6,0.00,9.8
https://9takes.com/personality-analysis/asmongold,asmongold when he was young,0,7,0.00,9.0
https://9takes.com/personality-analysis/asmongold,asmongold wiek,0,1,0.00,12.0
https://9takes.com/personality-analysis/asmongold,asmongold wiki,0,1,0.00,15.0
https://9takes.com/personality-analysis/asmongold,asmongold wojak,0,1,0.00,11.0
https://9takes.com/personality-analysis/asmongold,asmongold young,0,13,0.00,11.1
https://9takes.com/personality-analysis/asmongold,asmongold zodiac,0,4,0.00,8.5
https://9takes.com/personality-analysis/asmongold,asmongold's age,0,2,0.00,11.0
https://9takes.com/personality-analysis/asmongold,define asmongold,0,2,0.00,10.5
https://9takes.com/personality-analysis/asmongold,dexerto most watched twitch streamers 2023 sullygnome,0,1,0.00,19.0
https://9takes.com/personality-analysis/asmongold,did asmongold die,0,1,0.00,10.0
https://9takes.com/personality-analysis/asmongold,did asmongold go to college,0,23,0.00,10.0
https://9takes.com/personality-analysis/asmongold,does asmongold have a degree,0,5,0.00,15.6
https://9takes.com/personality-analysis/asmongold,does asmongold have adhd,0,1,0.00,15.0
https://9takes.com/personality-analysis/asmongold,does asmongold have autism,0,5,0.00,19.0
https://9takes.com/personality-analysis/asmongold,does asmongold have diabetes,0,1,0.00,24.0
https://9takes.com/personality-analysis/asmongold,does asmongold have tics,0,3,0.00,1.0
https://9takes.com/personality-analysis/asmongold,does asmongold have tourettes,0,1,0.00,17.0
https://9takes.com/personality-analysis/asmongold,does asmongold live in his childhood home,0,8,0.00,9.4
https://9takes.com/personality-analysis/asmongold,does asmongold really live like that,0,9,0.00,9.8
https://9takes.com/personality-analysis/asmongold,does asmongold smoke,0,3,0.00,5.3
https://9takes.com/personality-analysis/asmongold,enneagram,0,1,0.00,5.0
https://9takes.com/personality-analysis/asmongold,has asmongold ever had a job,0,17,0.00,9.0
https://9takes.com/personality-analysis/asmongold,hayatı,0,1,0.00,6.0
https://9takes.com/personality-analysis/asmongold,how did asmongold become famous,0,1,0.00,10.0
https://9takes.com/personality-analysis/asmongold,how did asmongold get famous,0,1,0.00,15.0
https://9takes.com/personality-analysis/asmongold,how did asmongold get his name,0,1,0.00,13.0
https://9takes.com/personality-analysis/asmongold,how is asmongold still alive,0,1,0.00,25.0
https://9takes.com/personality-analysis/asmongold,how long has asmon lived in his shitty ahh house for,0,9,0.00,6.4
https://9takes.com/personality-analysis/asmongold,how old is asmon,0,1,0.00,1.0
https://9takes.com/personality-analysis/asmongold,how old is asmongold,0,14,0.00,11.4
https://9takes.com/personality-analysis/asmongold,how old was asmongold when he started streaming,0,6,0.00,9.8
https://9takes.com/personality-analysis/asmongold,is asmongold a character,0,3,0.00,13.7
https://9takes.com/personality-analysis/asmongold,is asmongold a good person,0,1,0.00,10.0
https://9takes.com/personality-analysis/asmongold,is asmongold a millennial,0,7,0.00,10.7
https://9takes.com/personality-analysis/asmongold,is asmongold a psychopath,0,1,0.00,15.0
https://9takes.com/personality-analysis/asmongold,is asmongold alive,0,1,0.00,9.0
https://9takes.com/personality-analysis/asmongold,is asmongold american,0,1,0.00,11.0
https://9takes.com/personality-analysis/asmongold,is asmongold an only child,0,1,0.00,11.0
https://9takes.com/personality-analysis/asmongold,is asmongold autistic,0,3,0.00,20.7
https://9takes.com/personality-analysis/asmongold,is asmongold mentally ill,0,3,0.00,19.0
https://9takes.com/personality-analysis/asmongold,is asmongold neurodivergent,0,1,0.00,1.0
https://9takes.com/personality-analysis/asmongold,life of asmongold,0,7,0.00,8.7
https://9takes.com/personality-analysis/asmongold,old asmongold,0,1,0.00,11.0
https://9takes.com/personality-analysis/asmongold,site:9takes.com,0,6,0.00,11.8
https://9takes.com/personality-analysis/asmongold,what age did asmongold start streaming,0,6,0.00,7.8
https://9takes.com/personality-analysis/asmongold,what did asmongold do before streaming,0,11,0.00,9.4
https://9takes.com/personality-analysis/asmongold,what does asmongold do,0,2,0.00,13.5
https://9takes.com/personality-analysis/asmongold,what high school did asmongold go to,0,1,0.00,10.0
https://9takes.com/personality-analysis/asmongold,what is asmongold,0,2,0.00,1.0
https://9takes.com/personality-analysis/asmongold,what state does asmongold live in,0,1,0.00,15.0
https://9takes.com/personality-analysis/asmongold,when did asmongold become popular,0,1,0.00,15.0
https://9takes.com/personality-analysis/asmongold,when did asmongold start streaming,0,10,0.00,10.4
https://9takes.com/personality-analysis/asmongold,when was asmongold born,0,5,0.00,1.0
https://9takes.com/personality-analysis/asmongold,where did asmongold go to college,0,5,0.00,9.2
https://9takes.com/personality-analysis/asmongold,where did asmongold go to high school,0,4,0.00,10.0
https://9takes.com/personality-analysis/asmongold,where did asmongold grow up,0,7,0.00,10.0
https://9takes.com/personality-analysis/asmongold,where is asmongold from,0,3,0.00,12.0
https://9takes.com/personality-analysis/asmongold,who is asmongold,0,9,0.00,15.3
https://9takes.com/personality-analysis/asmongold,who is asmongold?,0,1,0.00,8.0
https://9takes.com/personality-analysis/asmongold,why asmongold,0,1,0.00,4.0
https://9takes.com/personality-analysis/asmongold,why asmongold live like that,0,1,0.00,8.0
https://9takes.com/personality-analysis/asmongold,why do people like asmongold,0,3,0.00,18.7
https://9takes.com/personality-analysis/asmongold,why do people watch asmongold,0,3,0.00,13.3
https://9takes.com/personality-analysis/asmongold,why does asmongold live like that,0,52,0.00,7.0
https://9takes.com/personality-analysis/asmongold,why is asmongold called the roach king,0,1,0.00,3.0
https://9takes.com/personality-analysis/asmongold,why is asmongold popular,0,3,0.00,15.0
https://9takes.com/personality-analysis/asmongold,why is he called asmongold,0,1,0.00,1.0
https://9takes.com/personality-analysis/asmongold,wikipedia asmongold,0,1,0.00,4.0
https://9takes.com/personality-analysis/asmongold,young asmongold,0,6,0.00,11.0
https://9takes.com/personality-analysis/asmongold,zach rawr,0,1,0.00,5.0
https://9takes.com/personality-analysis/asmongold,zachariah hoyt,0,4,0.00,2.3
https://9takes.com/personality-analysis/asmongold,zack hoyt,0,2,0.00,3.0
https://9takes.com/personality-analysis/asmongold,zack hoyt age,0,2,0.00,9.0
https://9takes.com/personality-analysis/asmongold,zackrawr,0,3,0.00,4.0
https://9takes.com/personality-analysis/asmongold,zackrawrr,0,13,0.00,4.1
https://9takes.com/personality-analysis/aubrey-plaza,aubrey plaza,0,13,0.00,3.1
https://9takes.com/personality-analysis/aubrey-plaza,aubrey plaza adhd,0,9,0.00,6.4
https://9takes.com/personality-analysis/aubrey-plaza,aubrey plaza childhood,0,1,0.00,11.0
https://9takes.com/personality-analysis/aubrey-plaza,aubrey plaza husband what happened,0,1,0.00,2.0
https://9takes.com/personality-analysis/aubrey-plaza,aubrey plaza iq,0,3,0.00,12.3
https://9takes.com/personality-analysis/aubrey-plaza,aubrey plaza mbti,0,22,0.00,17.5
https://9takes.com/personality-analysis/aubrey-plaza,aubrey plaza neurodivergent,0,5,0.00,19.2
https://9takes.com/personality-analysis/aubrey-plaza,christopher abbott,0,1,0.00,3.0
https://9takes.com/personality-analysis/aubrey-plaza,images please,0,1,0.00,50.0
https://9takes.com/personality-analysis/aubrey-plaza,is aubrey plaza a good person,0,10,0.00,8.3
https://9takes.com/personality-analysis/aubrey-plaza,is aubrey plaza a nice person,0,13,0.00,8.1
https://9takes.com/personality-analysis/aubrey-plaza,is aubrey plaza autistic,0,1,0.00,16.0
https://9takes.com/personality-analysis/aubrey-plaza,site:9takes.com,0,1,0.00,87.0
https://9takes.com/personality-analysis/aubrey-plaza,what about aubrey plaza,0,1,0.00,1.0
https://9takes.com/personality-analysis/aubrey-plaza,what is aubrey plaza like in real life,0,1,0.00,10.0
https://9takes.com/personality-analysis/aubrey-plaza,why did jeff baena commit suicide,0,1,0.00,3.0
https://9takes.com/personality-analysis/aubrey-plaza,why is aubrey plaza so weird,0,11,0.00,8.6
https://9takes.com/personality-analysis/aubrey-plaza,yes,0,1,0.00,34.0
https://9takes.com/personality-analysis/austin-butler,tell me about his personality,0,1,0.00,5.0
https://9takes.com/personality-analysis/bad-bunny,bad bunny mbti,0,62,0.00,11.2
https://9takes.com/personality-analysis/bad-bunny,bad bunny personality,0,2,0.00,26.5
https://9takes.com/personality-analysis/bad-bunny,bad bunny personality traits,0,2,0.00,11.0
https://9takes.com/personality-analysis/bad-bunny,bad bunny personality type,0,28,0.00,7.4
https://9takes.com/personality-analysis/bad-bunny,what career did bad bunny briefly pursue,0,6,0.00,6.3
https://9takes.com/personality-analysis/bad-bunny,what career did bad bunny briefly pursue?,0,1,0.00,8.0
https://9takes.com/personality-analysis/barack-obama,"""a promised land"" ""community organizer"" ""right decision""",0,5,0.00,8.4
https://9takes.com/personality-analysis/barack-obama,"""a promised land"" ""community organizer"" ""right decision"" obama",0,4,0.00,6.3
https://9takes.com/personality-analysis/barack-obama,1w2 enneagram,0,1,0.00,4.0
https://9takes.com/personality-analysis/barack-obama,barack obama enneagram,0,16,0.00,11.1
https://9takes.com/personality-analysis/barack-obama,barack obama enneagram type,0,10,0.00,9.3
https://9takes.com/personality-analysis/barack-obama,barack obama personality,0,4,0.00,48.5
https://9takes.com/personality-analysis/barack-obama,barry soetoro wikipedia,0,1,0.00,26.0
https://9takes.com/personality-analysis/barack-obama,enneagram,0,3,0.00,4.3
https://9takes.com/personality-analysis/barack-obama,enneagram 1,0,1,0.00,3.0
https://9takes.com/personality-analysis/barack-obama,enneagram 8,0,1,0.00,3.0
https://9takes.com/personality-analysis/barack-obama,enneagram 9 types,0,1,0.00,4.0
https://9takes.com/personality-analysis/barack-obama,enneagram gut types,0,1,0.00,5.0
https://9takes.com/personality-analysis/barack-obama,enneagram richard rohr,0,1,0.00,3.0
https://9takes.com/personality-analysis/barack-obama,enneagram test,0,5,0.00,2.4
https://9takes.com/personality-analysis/barack-obama,enneagram test free,0,1,0.00,3.0
https://9takes.com/personality-analysis/barack-obama,enneagram types,0,2,0.00,3.5
https://9takes.com/personality-analysis/barack-obama,enneagram wiki,0,1,0.00,8.0
https://9takes.com/personality-analysis/barack-obama,enneagrams,0,1,0.00,3.0
https://9takes.com/personality-analysis/barack-obama,ennegram 3,0,1,0.00,3.0
https://9takes.com/personality-analysis/barack-obama,ennegram 8,0,1,0.00,3.0
https://9takes.com/personality-analysis/barack-obama,four enneagram,0,1,0.00,3.0
https://9takes.com/personality-analysis/barack-obama,gurdjieff enneagram,0,1,0.00,3.0
https://9takes.com/personality-analysis/barack-obama,jack black personality type,0,1,0.00,3.0
https://9takes.com/personality-analysis/barack-obama,most common enneagram,0,1,0.00,2.0
https://9takes.com/personality-analysis/barack-obama,most common enneagram types,0,1,0.00,3.0
https://9takes.com/personality-analysis/barack-obama,naranjo enneagram,0,1,0.00,3.0
https://9takes.com/personality-analysis/barack-obama,obama enneagram,0,12,0.00,10.4
https://9takes.com/personality-analysis/barack-obama,obama personality,0,1,0.00,51.0
https://9takes.com/personality-analysis/barack-obama,type 3 enneagram,0,1,0.00,3.0
https://9takes.com/personality-analysis/barack-obama,what enneagram is obama,0,45,0.00,9.2
https://9takes.com/personality-analysis/bella-hadid,bella hadid personality type,0,1,0.00,12.0
https://9takes.com/personality-analysis/bella-poarch,kenneth taylor bella poarch,0,4,0.00,8.0
https://9takes.com/personality-analysis/ben-horowitz,ben horowitz,0,5,0.00,39.2
https://9takes.com/personality-analysis/ben-horowitz,ben horowitz family,0,1,0.00,48.0
https://9takes.com/personality-analysis/ben-horowitz,ben horowitz son,0,1,0.00,48.0
https://9takes.com/personality-analysis/ben-horowitz,ben horowitz tupac,0,1,0.00,67.0
https://9takes.com/personality-analysis/ben-horowitz,elissa krauthamer,0,2,0.00,40.0
https://9takes.com/personality-analysis/ben-horowitz,horowitz ben,0,1,0.00,47.0
https://9takes.com/personality-analysis/ben-horowitz,how do ben horowitz and ray dalio differ on leadership under pressure?,0,5,0.00,10.2
https://9takes.com/personality-analysis/ben-horowitz,"how does ""no one is coming"" compare to the hard thing about hard things by ben horowitz?",0,9,0.00,7.1
https://9takes.com/personality-analysis/ben-horowitz,john ternus political affiliation,0,1,0.00,65.0
https://9takes.com/personality-analysis/ben-horowitz,site:9takes.com,0,1,0.00,85.0
https://9takes.com/personality-analysis/benny-blanco,"""at 21"" ""own house"" ""studio"" musician",0,1,0.00,11.0
https://9takes.com/personality-analysis/benny-blanco,benny blanco hermoso first week sales,0,1,0.00,9.0
https://9takes.com/personality-analysis/benny-blanco,benny blanco mbti,0,2,0.00,10.0
https://9takes.com/personality-analysis/benny-blanco,benny blanco ocd,0,1,0.00,16.0
https://9takes.com/personality-analysis/benny-blanco,benny blanco personality,0,4,0.00,8.5
https://9takes.com/personality-analysis/benson-boone,ano,0,1,0.00,2.0
https://9takes.com/personality-analysis/benson-boone,benson boon,0,1,0.00,4.0
https://9takes.com/personality-analysis/benson-boone,benson boone,0,5,0.00,3.2
https://9takes.com/personality-analysis/benson-boone,benson boone alcohol,0,8,0.00,11.1
https://9takes.com/personality-analysis/benson-boone,benson boone childhood,0,1,0.00,21.0
https://9takes.com/personality-analysis/benson-boone,benson boone creep,0,1,0.00,9.0
https://9takes.com/personality-analysis/benson-boone,benson boone drugs,0,11,0.00,7.7
https://9takes.com/personality-analysis/benson-boone,benson boone en couple,0,1,0.00,3.0
https://9takes.com/personality-analysis/benson-boone,benson boone ghost town,0,1,0.00,2.0
https://9takes.com/personality-analysis/benson-boone,benson boone mbti,0,31,0.00,8.8
https://9takes.com/personality-analysis/benson-boone,benson boone personality,0,98,0.00,8.2
https://9takes.com/personality-analysis/benson-boone,benson boone sober,0,55,0.00,9.5
https://9takes.com/personality-analysis/benson-boone,benson boone taille,0,2,0.00,2.0
https://9takes.com/personality-analysis/benson-boone,did benson boone die,0,1,0.00,9.0
https://9takes.com/personality-analysis/benson-boone,did he do drugs?,0,1,0.00,4.0
https://9takes.com/personality-analysis/benson-boone,does benson boone do drugs,0,70,0.00,7.7
https://9takes.com/personality-analysis/benson-boone,does benson boone drink,0,2,0.00,18.5
https://9takes.com/personality-analysis/benson-boone,does benson boone drink alcohol,0,60,0.00,11.2
https://9takes.com/personality-analysis/benson-boone,does benson boone drink or smoke,0,1,0.00,12.0
https://9takes.com/personality-analysis/benson-boone,does benson boone have adhd,0,1,0.00,1.0
https://9takes.com/personality-analysis/benson-boone,does benson boone have schizophrenia,0,5,0.00,7.8
https://9takes.com/personality-analysis/benson-boone,does he do drugs?,0,1,0.00,4.0
https://9takes.com/personality-analysis/benson-boone,he did drugs,0,1,0.00,6.0
https://9takes.com/personality-analysis/benson-boone,is benson boone a good person,0,3,0.00,22.0
https://9takes.com/personality-analysis/benson-boone,is benson boone from utah,0,2,0.00,2.0
https://9takes.com/personality-analysis/benson-boone,is benson boone nice,0,1,0.00,3.0
https://9takes.com/personality-analysis/benson-boone,is benson boone sober,0,72,0.00,9.4
https://9takes.com/personality-analysis/benson-boone,is mr electric blue about drugs,0,7,0.00,4.6
https://9takes.com/personality-analysis/benson-boone,letras de benson boone beautiful things,0,1,0.00,3.0
https://9takes.com/personality-analysis/benson-boone,maggie thurmon religion,0,1,0.00,36.0
https://9takes.com/personality-analysis/benson-boone,nate boone benson boone,0,1,0.00,69.0
https://9takes.com/personality-analysis/benson-boone,nights like these benson boone meaning,0,1,0.00,49.0
https://9takes.com/personality-analysis/benson-boone,oui,0,1,0.00,3.0
https://9takes.com/personality-analysis/benson-boone,site:9takes.com,0,1,0.00,83.0
https://9takes.com/personality-analysis/benson-boone,the time of my life benson boone wiki,0,1,0.00,9.0
https://9takes.com/personality-analysis/benson-boone,was he an alcoholic,0,1,0.00,5.0
https://9takes.com/personality-analysis/benson-boone,why do people like benson boone,0,2,0.00,29.5
https://9takes.com/personality-analysis/benson-boone,why is benson boone so hot,0,1,0.00,26.0
https://9takes.com/personality-analysis/benson-boone,why is benson boone so popular,0,1,0.00,61.0
https://9takes.com/personality-analysis/benson-boone,y benson boone,0,1,0.00,2.0
https://9takes.com/personality-analysis/benson-boone,性格,0,1,0.00,9.0
https://9takes.com/personality-analysis/benson-boone#benson-boones-personality-quirks-and-habits,benson boone alcohol,0,5,0.00,10.6
https://9takes.com/personality-analysis/benson-boone#benson-boones-personality-quirks-and-habits,benson boone drugs,0,5,0.00,7.2
https://9takes.com/personality-analysis/benson-boone#benson-boones-personality-quirks-and-habits,benson boone mbti,0,17,0.00,9.9
https://9takes.com/personality-analysis/benson-boone#benson-boones-personality-quirks-and-habits,benson boone mental health,0,6,0.00,8.7
https://9takes.com/personality-analysis/benson-boone#benson-boones-personality-quirks-and-habits,benson boone personality type,0,10,0.00,4.4
https://9takes.com/personality-analysis/benson-boone#benson-boones-personality-quirks-and-habits,benson boone sober,0,43,0.00,9.4
https://9takes.com/personality-analysis/benson-boone#benson-boones-personality-quirks-and-habits,does benson boone do drugs,0,67,0.00,7.7
https://9takes.com/personality-analysis/benson-boone#benson-boones-personality-quirks-and-habits,does benson boone drink alcohol,0,41,0.00,10.9
https://9takes.com/personality-analysis/benson-boone#benson-boones-personality-quirks-and-habits,does benson boone drink or smoke,0,1,0.00,12.0
https://9takes.com/personality-analysis/benson-boone#benson-boones-personality-quirks-and-habits,is benson boone sober,0,60,0.00,9.4
https://9takes.com/personality-analysis/benson-boone#benson-boones-upbringing,benson boone alcohol,0,5,0.00,10.6
https://9takes.com/personality-analysis/benson-boone#benson-boones-upbringing,benson boone drugs,0,5,0.00,7.2
https://9takes.com/personality-analysis/benson-boone#benson-boones-upbringing,benson boone mbti,0,17,0.00,9.9
https://9takes.com/personality-analysis/benson-boone#benson-boones-upbringing,benson boone mental health,0,6,0.00,8.7
https://9takes.com/personality-analysis/benson-boone#benson-boones-upbringing,benson boone personality type,0,4,0.00,4.0
https://9takes.com/personality-analysis/benson-boone#benson-boones-upbringing,benson boone sober,0,43,0.00,9.4
https://9takes.com/personality-analysis/benson-boone#benson-boones-upbringing,does benson boone do drugs,0,67,0.00,7.7
https://9takes.com/personality-analysis/benson-boone#benson-boones-upbringing,does benson boone drink alcohol,0,41,0.00,10.9
https://9takes.com/personality-analysis/benson-boone#benson-boones-upbringing,does benson boone drink or smoke,0,1,0.00,12.0
https://9takes.com/personality-analysis/benson-boone#benson-boones-upbringing,is benson boone sober,0,59,0.00,9.4
https://9takes.com/personality-analysis/benson-boone#rise-to-fame,benson boone alcohol,0,5,0.00,10.6
https://9takes.com/personality-analysis/benson-boone#rise-to-fame,benson boone drugs,0,5,0.00,7.2
https://9takes.com/personality-analysis/benson-boone#rise-to-fame,benson boone mbti,0,17,0.00,9.9
https://9takes.com/personality-analysis/benson-boone#rise-to-fame,benson boone mental health,0,6,0.00,8.7
https://9takes.com/personality-analysis/benson-boone#rise-to-fame,benson boone personality type,0,9,0.00,4.6
https://9takes.com/personality-analysis/benson-boone#rise-to-fame,benson boone sober,0,43,0.00,9.4
https://9takes.com/personality-analysis/benson-boone#rise-to-fame,does benson boone do drugs,0,67,0.00,7.7
https://9takes.com/personality-analysis/benson-boone#rise-to-fame,does benson boone drink alcohol,0,41,0.00,10.9
https://9takes.com/personality-analysis/benson-boone#rise-to-fame,does benson boone drink or smoke,0,1,0.00,12.0
https://9takes.com/personality-analysis/benson-boone#rise-to-fame,is benson boone sober,0,59,0.00,9.4
https://9takes.com/personality-analysis/benson-boone#what-is-benson-boones-personality-type,benson boone alcohol,0,3,0.00,10.3
https://9takes.com/personality-analysis/benson-boone#what-is-benson-boones-personality-type,benson boone drugs,0,5,0.00,7.2
https://9takes.com/personality-analysis/benson-boone#what-is-benson-boones-personality-type,benson boone mbti,0,13,0.00,9.7
https://9takes.com/personality-analysis/benson-boone#what-is-benson-boones-personality-type,benson boone mental health,0,4,0.00,9.5
https://9takes.com/personality-analysis/benson-boone#what-is-benson-boones-personality-type,benson boone personality type,0,10,0.00,4.4
https://9takes.com/personality-analysis/benson-boone#what-is-benson-boones-personality-type,benson boone sober,0,39,0.00,9.4
https://9takes.com/personality-analysis/benson-boone#what-is-benson-boones-personality-type,does benson boone do drugs,0,60,0.00,7.7
https://9takes.com/personality-analysis/benson-boone#what-is-benson-boones-personality-type,does benson boone drink alcohol,0,37,0.00,10.9
https://9takes.com/personality-analysis/benson-boone#what-is-benson-boones-personality-type,does benson boone drink or smoke,0,1,0.00,12.0
https://9takes.com/personality-analysis/benson-boone#what-is-benson-boones-personality-type,is benson boone sober,0,57,0.00,9.4
https://9takes.com/personality-analysis/bernard-arnault,"""wolf in cashmere"" bernard arnault nickname",0,2,0.00,11.0
https://9takes.com/personality-analysis/bernard-arnault,bernard arnault and maria pope,0,1,0.00,8.0
https://9takes.com/personality-analysis/bernard-arnault,bernard arnault childhood,0,6,0.00,10.8
https://9takes.com/personality-analysis/bernard-arnault,bernard arnault current wife,0,1,0.00,11.0
https://9takes.com/personality-analysis/bernard-arnault,bernard arnault leadership style,0,3,0.00,31.3
https://9takes.com/personality-analysis/bernard-arnault,bernard arnault mbti,0,4,0.00,7.3
https://9takes.com/personality-analysis/bernard-arnault,bernard arnault pantheon,0,1,0.00,10.0
https://9takes.com/personality-analysis/bernard-arnault,bernard arnault religion catholic,0,1,0.00,9.0
https://9takes.com/personality-analysis/bernard-arnault,bernard arnault wife,0,1,0.00,4.0
https://9takes.com/personality-analysis/bernard-arnault,bernard arnault young,0,2,0.00,12.5
https://9takes.com/personality-analysis/bernard-arnault,echecs bernard arnault,0,2,0.00,5.5
https://9takes.com/personality-analysis/bernard-arnault,françoise bettencourt meyers religion,0,1,0.00,3.0
https://9takes.com/personality-analysis/bernard-arnault,helene arnault,0,1,0.00,3.0
https://9takes.com/personality-analysis/bernard-arnault,helene mercier,0,1,0.00,3.0
https://9takes.com/personality-analysis/bernard-arnault,hélène mercier,0,1,0.00,2.0
https://9takes.com/personality-analysis/bernard-arnault,hélène mercier-arnault,0,14,0.00,3.1
https://9takes.com/personality-analysis/bernard-arnault,is bernard arnault christian,0,6,0.00,9.3
https://9takes.com/personality-analysis/bernard-arnault,jean arnault height,0,1,0.00,29.0
https://9takes.com/personality-analysis/bernard-arnault,maria pope and bernard arnault,0,1,0.00,9.0
https://9takes.com/personality-analysis/bernard-arnault,patrick-arnault-creation.com,0,2,0.00,34.0
https://9takes.com/personality-analysis/bernard-arnault,richest catholic person in the world,0,1,0.00,1.0
https://9takes.com/personality-analysis/bernard-arnault,what did bernard arnault study,0,2,0.00,11.0
https://9takes.com/personality-analysis/bernard-arnault,when did bernard arnault buy louis vuitton,0,1,0.00,8.0
https://9takes.com/personality-analysis/bernard-arnault#a-childhood-between-an-engineer-and-a-pianist,bernard arnault catholic,0,8,0.00,8.5
https://9takes.com/personality-analysis/bernard-arnault#a-childhood-between-an-engineer-and-a-pianist,bernard arnault personality,0,10,0.00,5.0
https://9takes.com/personality-analysis/bernard-arnault#a-childhood-between-an-engineer-and-a-pianist,is bernard arnault catholic,0,41,0.00,6.2
https://9takes.com/personality-analysis/bernard-arnault#a-childhood-between-an-engineer-and-a-pianist,is bernard arnault christian,0,1,0.00,11.0
https://9takes.com/personality-analysis/bernard-arnault#how-bernard-arnault-bought-dior-for-one-franc,bernard arnault catholic,0,8,0.00,8.5
https://9takes.com/personality-analysis/bernard-arnault#how-bernard-arnault-bought-dior-for-one-franc,bernard arnault personality,0,10,0.00,5.0
https://9takes.com/personality-analysis/bernard-arnault#how-bernard-arnault-bought-dior-for-one-franc,is bernard arnault catholic,0,41,0.00,6.2
https://9takes.com/personality-analysis/bernard-arnault#how-bernard-arnault-bought-dior-for-one-franc,is bernard arnault christian,0,2,0.00,9.0
https://9takes.com/personality-analysis/bernard-arnault#the-1989-takeover-that-ended-a-friendship,bernard arnault catholic,0,8,0.00,8.5
https://9takes.com/personality-analysis/bernard-arnault#the-1989-takeover-that-ended-a-friendship,bernard arnault personality,0,10,0.00,5.0
https://9takes.com/personality-analysis/bernard-arnault#the-1989-takeover-that-ended-a-friendship,is bernard arnault catholic,0,41,0.00,6.2
https://9takes.com/personality-analysis/bernard-arnault#the-1989-takeover-that-ended-a-friendship,is bernard arnault christian,0,1,0.00,11.0
https://9takes.com/personality-analysis/bernard-arnault#the-saturday-morning-pope-of-fashion,bernard arnault catholic,0,8,0.00,8.5
https://9takes.com/personality-analysis/bernard-arnault#the-saturday-morning-pope-of-fashion,bernard arnault personality,0,10,0.00,5.0
https://9takes.com/personality-analysis/bernard-arnault#the-saturday-morning-pope-of-fashion,is bernard arnault catholic,0,41,0.00,6.2
https://9takes.com/personality-analysis/bernard-arnault#the-saturday-morning-pope-of-fashion,is bernard arnault christian,0,1,0.00,11.0
https://9takes.com/personality-analysis/bernard-arnault#what-is-bernard-arnaults-personality-type,bernard arnault catholic,0,13,0.00,8.9
https://9takes.com/personality-analysis/bernard-arnault#what-is-bernard-arnaults-personality-type,bernard arnault personality,0,17,0.00,5.0
https://9takes.com/personality-analysis/bernard-arnault#what-is-bernard-arnaults-personality-type,bernard arnault religion catholic,0,1,0.00,9.0
https://9takes.com/personality-analysis/bernard-arnault#what-is-bernard-arnaults-personality-type,is bernard arnault catholic,0,49,0.00,6.1
https://9takes.com/personality-analysis/bernard-arnault#what-is-bernard-arnaults-personality-type,is bernard arnault christian,0,1,0.00,11.0
https://9takes.com/personality-analysis/bernard-arnault#why-bernard-arnault-wanted-herms,bernard arnault catholic,0,13,0.00,8.9
https://9takes.com/personality-analysis/bernard-arnault#why-bernard-arnault-wanted-herms,bernard arnault personality,0,17,0.00,5.0
https://9takes.com/personality-analysis/bernard-arnault#why-bernard-arnault-wanted-herms,bernard arnault religion catholic,0,1,0.00,9.0
https://9takes.com/personality-analysis/bernard-arnault#why-bernard-arnault-wanted-herms,is bernard arnault catholic,0,49,0.00,6.1
https://9takes.com/personality-analysis/bernard-arnault#why-bernard-arnault-wanted-herms,is bernard arnault christian,0,2,0.00,9.0
https://9takes.com/personality-analysis/bernie-sanders,bernie sanders political compass,0,1,0.00,87.0
https://9takes.com/personality-analysis/beyonce-knowles,beyonce character,0,1,0.00,19.0
https://9takes.com/personality-analysis/beyonce-knowles,beyonce character traits,0,7,0.00,13.6
https://9takes.com/personality-analysis/beyonce-knowles,beyonce characteristics,0,2,0.00,13.5
https://9takes.com/personality-analysis/beyonce-knowles,beyonce enneagram,0,15,0.00,6.6
https://9takes.com/personality-analysis/beyonce-knowles,beyonce human design,0,5,0.00,30.0
https://9takes.com/personality-analysis/beyonce-knowles,beyonce mbti,0,2,0.00,24.5
https://9takes.com/personality-analysis/beyonce-knowles,beyonce persona,0,1,0.00,11.0
https://9takes.com/personality-analysis/beyonce-knowles,beyonce personality traits,0,11,0.00,12.7
https://9takes.com/personality-analysis/beyonce-knowles,beyonce personality type,0,21,0.00,11.0
https://9takes.com/personality-analysis/beyonce-knowles,beyoncé mbti,0,1,0.00,13.0
https://9takes.com/personality-analysis/beyonce-knowles,beyoncé personality,0,13,0.00,9.3
https://9takes.com/personality-analysis/beyonce-knowles,beyoncé personality traits,0,11,0.00,9.7
https://9takes.com/personality-analysis/beyonce-knowles,beyoncé personality type,0,1,0.00,12.0
https://9takes.com/personality-analysis/beyonce-knowles,is beyonce an introvert,0,1,0.00,12.0
https://9takes.com/personality-analysis/beyonce-knowles,is beyonce intelligent,0,2,0.00,14.0
https://9takes.com/personality-analysis/beyonce-knowles,is beyonce kind,0,2,0.00,10.0
https://9takes.com/personality-analysis/beyonce-knowles,is beyonce shy,0,1,0.00,16.0
https://9takes.com/personality-analysis/beyonce-knowles,is beyonce shy in real life,0,1,0.00,8.0
https://9takes.com/personality-analysis/beyonce-knowles,personalities,0,1,0.00,7.0
https://9takes.com/personality-analysis/beyonce-knowles,site:9takes.com,0,1,0.00,81.0
https://9takes.com/personality-analysis/beyonce-knowles,untouchable beyonce,0,1,0.00,4.0
https://9takes.com/personality-analysis/beyonce-knowles,what is beyonce's personality,0,4,0.00,10.3
https://9takes.com/personality-analysis/beyonce-knowles,what personality type is beyonce,0,4,0.00,10.8
https://9takes.com/personality-analysis/beyonce-knowles,ビヨンセ 性格,0,1,0.00,46.0
https://9takes.com/personality-analysis/beyonce-knowles#the-cuts-that-made-destinys-child,beyonce enneagram,0,8,0.00,6.6
https://9takes.com/personality-analysis/beyonce-knowles#the-girl-in-the-salon,beyonce enneagram,0,8,0.00,6.6
https://9takes.com/personality-analysis/beyonce-knowles#the-machine-she-built-herself,beyonce enneagram,0,8,0.00,6.6
https://9takes.com/personality-analysis/beyonce-knowles#the-woman-she-invented,beyonce enneagram,0,8,0.00,6.6
https://9takes.com/personality-analysis/beyonce-knowles#what-is-beyoncs-personality-type,beyonce enneagram,0,8,0.00,6.6
https://9takes.com/personality-analysis/beyonce-knowles#what-mathew-built,beyonce enneagram,0,8,0.00,6.6
https://9takes.com/personality-analysis/bill-burr,"""bill burr"" ""march 2025"" ""new jersey""",0,18,0.00,3.7
https://9takes.com/personality-analysis/bill-burr,"""bill burr"" ""march 2025"" ""new jersey"" comedy",0,9,0.00,4.3
https://9takes.com/personality-analysis/bill-burr,"""bill burr"" ""march 2025"" ""new jersey"" tickets",0,15,0.00,6.7
https://9takes.com/personality-analysis/bill-burr,"""bill burr"" ""march 2025"" ""new york""",0,6,0.00,9.7
https://9takes.com/personality-analysis/bill-burr,"""bill burr"" ""march 2025"" ""new york"" comedy",0,3,0.00,10.7
https://9takes.com/personality-analysis/bill-burr,"""bill burr"" ""march 2025"" ""new york"" stand-up",0,5,0.00,10.0
https://9takes.com/personality-analysis/bill-burr,"""bill burr"" ""march 2025"" ""new york"" tickets",0,3,0.00,11.0
https://9takes.com/personality-analysis/bill-burr,"""bill burr"" ""march 2025"" new jersey comedy",0,2,0.00,4.0
https://9takes.com/personality-analysis/bill-burr,"""bill burr"" ""march 2025"" new york comedy",0,1,0.00,11.0
https://9takes.com/personality-analysis/bill-burr,"""bill burr"" ""march 2025"" new york comedy tickets",0,1,0.00,8.0
https://9takes.com/personality-analysis/bill-burr,"""bill burr"" ""march"" ""2025"" ""new jersey""",0,4,0.00,10.5
https://9takes.com/personality-analysis/bill-burr,"""bill burr"" ""march"" ""2025"" ""new jersey"" comedy",0,6,0.00,9.7
https://9takes.com/personality-analysis/bill-burr,"""bill burr"" ""march"" ""2025"" ""new jersey"" tickets",0,2,0.00,11.0
https://9takes.com/personality-analysis/bill-burr,"""march 2025"" ""bill burr"" new york tickets",0,1,0.00,11.0
https://9takes.com/personality-analysis/bill-burr,bill burr 2012,0,1,0.00,68.0
https://9takes.com/personality-analysis/bill-burr,bill burr mbti,0,8,0.00,10.9
https://9takes.com/personality-analysis/bill-clinton,bill clinton enneagram,0,1,0.00,8.0
https://9takes.com/personality-analysis/bill-clinton,bill clinton mbti,0,1,0.00,40.0
https://9takes.com/personality-analysis/bill-clinton,bill clinton personality,0,4,0.00,13.8
https://9takes.com/personality-analysis/bill-clinton,bill clinton personality type,0,2,0.00,17.5
https://9takes.com/personality-analysis/bill-gates,bill gates enneagram,0,15,0.00,7.5
https://9takes.com/personality-analysis/bill-gates,bill gates personality,0,5,0.00,35.8
https://9takes.com/personality-analysis/bill-gates,bill gates personality type,0,16,0.00,11.6
https://9takes.com/personality-analysis/bill-gates,britannica bill gates lakeside school computer terminal 1968,0,1,0.00,1.0
https://9takes.com/personality-analysis/bill-gates,enneagram 2 celebrities,0,1,0.00,3.0
https://9takes.com/personality-analysis/bill-gates,is bill gates evil,0,2,0.00,2.0
https://9takes.com/personality-analysis/bill-gates,ki manager jobs,0,1,0.00,3.0
https://9takes.com/personality-analysis/bill-gates,kronstorf,0,1,0.00,6.0
https://9takes.com/personality-analysis/bill-gates,site:9takes.com,0,1,0.00,55.0
https://9takes.com/personality-analysis/bill-gates,time 2030,0,1,0.00,4.0
https://9takes.com/personality-analysis/bill-gates,wer hat ki erfunden,0,1,0.00,2.0
https://9takes.com/personality-analysis/bill-gates,what personality type is bill gates,0,1,0.00,12.0
https://9takes.com/personality-analysis/billie-eilish,billie eilish blood type,0,3,0.00,19.3
https://9takes.com/personality-analysis/billie-eilish,billie eilish character traits,0,19,0.00,8.3
https://9takes.com/personality-analysis/billie-eilish,billie eilish characteristics,0,1,0.00,11.0
https://9takes.com/personality-analysis/billie-eilish,billie eilish enneagram,0,58,0.00,7.8
https://9takes.com/personality-analysis/billie-eilish,billie eilish enneagram type,0,11,0.00,8.2
https://9takes.com/personality-analysis/billie-eilish,billie eilish person,0,1,0.00,19.0
https://9takes.com/personality-analysis/billie-eilish,billie eilish persona,0,1,0.00,52.0
https://9takes.com/personality-analysis/billie-eilish,billie eilish personality traits,0,21,0.00,10.0
https://9takes.com/personality-analysis/billie-eilish,billie eilish personality traits 2026,0,2,0.00,10.5
https://9takes.com/personality-analysis/billie-eilish,billie eilish personality traits description,0,10,0.00,15.8
https://9takes.com/personality-analysis/billie-eilish,billie eilish personality traits interviews,0,17,0.00,9.2
https://9takes.com/personality-analysis/billie-eilish,billie eilish personality traits real life interviews,0,7,0.00,6.0
https://9takes.com/personality-analysis/billie-eilish,billie eilish personality type,0,50,0.00,12.2
https://9takes.com/personality-analysis/billie-eilish,billie eilish persönlichkeit,0,1,0.00,9.0
https://9takes.com/personality-analysis/billie-eilish,billie eilish type,0,1,0.00,22.0
https://9takes.com/personality-analysis/billie-eilish,billie eilish's personality,0,1,0.00,11.0
https://9takes.com/personality-analysis/billie-eilish,does billie eilish have bpd,0,1,0.00,35.0
https://9takes.com/personality-analysis/billie-eilish,enneagramm typ 4,0,1,0.00,3.0
https://9takes.com/personality-analysis/billie-eilish,ennéagramme,0,1,0.00,2.0
https://9takes.com/personality-analysis/billie-eilish,is billie eilish a good person,0,1,0.00,13.0
https://9takes.com/personality-analysis/billie-eilish,is billie eilish a real human,0,2,0.00,10.5
https://9takes.com/personality-analysis/billie-eilish,is billie eilish emo,0,4,0.00,43.8
https://9takes.com/personality-analysis/billie-eilish,is billie eilish emo or goth,0,2,0.00,41.5
https://9takes.com/personality-analysis/billie-eilish,is billie eilish goth,0,5,0.00,40.6
https://9takes.com/personality-analysis/billie-eilish,pale kreyol,0,1,0.00,7.0
https://9takes.com/personality-analysis/billie-eilish,site:9takes.com,0,2,0.00,36.5
https://9takes.com/personality-analysis/billie-eilish,what is billie eilish like in real life,0,1,0.00,16.0
https://9takes.com/personality-analysis/billie-eilish,what is billie eilish personality,0,18,0.00,10.3
https://9takes.com/personality-analysis/billie-eilish,what is billie eilish's personality,0,23,0.00,8.3
https://9takes.com/personality-analysis/billie-eilish,what is billie eilish's personality type,0,10,0.00,9.8
https://9takes.com/personality-analysis/billie-eilish,what personality type is billie eilish,0,18,0.00,9.7
https://9takes.com/personality-analysis/billie-eilish,можно по подробнее?,0,1,0.00,1.0
https://9takes.com/personality-analysis/billie-eilish,性格は？,0,1,0.00,2.0
https://9takes.com/personality-analysis/billie-eilish#i-felt-like-a-parody-of-myself,billie eilish character traits,0,6,0.00,10.2
https://9takes.com/personality-analysis/billie-eilish#i-felt-like-a-parody-of-myself,billie eilish personality traits,0,9,0.00,10.6
https://9takes.com/personality-analysis/billie-eilish#i-felt-like-a-parody-of-myself,billie eilish personality traits 2026,0,1,0.00,11.0
https://9takes.com/personality-analysis/billie-eilish#i-felt-like-a-parody-of-myself,billie eilish personality traits interviews,0,7,0.00,10.4
https://9takes.com/personality-analysis/billie-eilish#the-bedroom-in-highland-park,billie eilish character traits,0,3,0.00,9.7
https://9takes.com/personality-analysis/billie-eilish#the-bedroom-in-highland-park,billie eilish personality traits,0,1,0.00,10.0
https://9takes.com/personality-analysis/billie-eilish#the-body-that-betrayed-her,billie eilish character traits,0,3,0.00,9.7
https://9takes.com/personality-analysis/billie-eilish#the-body-that-betrayed-her,billie eilish personality traits,0,1,0.00,10.0
https://9takes.com/personality-analysis/billie-eilish#the-brother-the-blood-harmony-the-fight,billie eilish character traits,0,6,0.00,10.2
https://9takes.com/personality-analysis/billie-eilish#the-brother-the-blood-harmony-the-fight,billie eilish personality traits,0,9,0.00,10.6
https://9takes.com/personality-analysis/billie-eilish#the-brother-the-blood-harmony-the-fight,billie eilish personality traits 2026,0,1,0.00,11.0
https://9takes.com/personality-analysis/billie-eilish#the-brother-the-blood-harmony-the-fight,billie eilish personality traits interviews,0,7,0.00,10.4
https://9takes.com/personality-analysis/billie-eilish#the-clothes-the-cover-and-the-wound-underneath,billie eilish character traits,0,3,0.00,9.7
https://9takes.com/personality-analysis/billie-eilish#the-clothes-the-cover-and-the-wound-underneath,billie eilish personality traits,0,1,0.00,10.0
https://9takes.com/personality-analysis/billie-eilish#the-whisper-and-the-weight,billie eilish character traits,0,3,0.00,9.7
https://9takes.com/personality-analysis/billie-eilish#the-whisper-and-the-weight,billie eilish personality traits,0,1,0.00,10.0
https://9takes.com/personality-analysis/billie-eilish#what-is-billie-eilishs-personality-type,billie eilish character traits,0,6,0.00,10.2
https://9takes.com/personality-analysis/billie-eilish#what-is-billie-eilishs-personality-type,billie eilish personality traits,0,9,0.00,10.6
https://9takes.com/personality-analysis/billie-eilish#what-is-billie-eilishs-personality-type,billie eilish personality traits 2026,0,1,0.00,11.0
https://9takes.com/personality-analysis/billie-eilish#what-is-billie-eilishs-personality-type,billie eilish personality traits interviews,0,7,0.00,10.4
https://9takes.com/personality-analysis/blake-lively,blake brown beauty dry shampoo,0,1,0.00,4.0
https://9takes.com/personality-analysis/blake-lively,blake lively,0,16,0.00,3.1
https://9takes.com/personality-analysis/blake-lively,blake lively a nice person,0,1,0.00,2.0
https://9takes.com/personality-analysis/blake-lively,blake lively annoying,0,1,0.00,2.0
https://9takes.com/personality-analysis/blake-lively,blake lively aujourd'hui,0,1,0.00,3.0
https://9takes.com/personality-analysis/blake-lively,blake lively carattere,0,1,0.00,8.0
https://9takes.com/personality-analysis/blake-lively,blake lively crazy,0,2,0.00,3.5
https://9takes.com/personality-analysis/blake-lively,blake lively es conflictiva,0,2,0.00,3.0
https://9takes.com/personality-analysis/blake-lively,blake lively fisico,0,1,0.00,2.0
https://9takes.com/personality-analysis/blake-lively,blake lively gambe,0,1,0.00,3.0
https://9takes.com/personality-analysis/blake-lively,blake lively heute,0,1,0.00,3.0
https://9takes.com/personality-analysis/blake-lively,blake lively iq,0,6,0.00,14.3
https://9takes.com/personality-analysis/blake-lively,blake lively is a bad person,0,1,0.00,2.0
https://9takes.com/personality-analysis/blake-lively,blake lively is mean,0,1,0.00,3.0
https://9takes.com/personality-analysis/blake-lively,blake lively is she a nice person,0,1,0.00,2.0
https://9takes.com/personality-analysis/blake-lively,blake lively is she nice,0,3,0.00,2.3
https://9takes.com/personality-analysis/blake-lively,blake lively mbti,0,4,0.00,11.5
https://9takes.com/personality-analysis/blake-lively,blake lively mean,0,5,0.00,2.6
https://9takes.com/personality-analysis/blake-lively,blake lively mean girl,0,3,0.00,3.0
https://9takes.com/personality-analysis/blake-lively,blake lively narcissist,0,1,0.00,1.0
https://9takes.com/personality-analysis/blake-lively,blake lively nice or mean,0,1,0.00,1.0
https://9takes.com/personality-analysis/blake-lively,blake lively personality disorder,0,2,0.00,11.0
https://9takes.com/personality-analysis/blake-lively,blake lively personality in real life,0,6,0.00,10.7
https://9takes.com/personality-analysis/blake-lively,blake lively personality type,0,58,0.00,8.1
https://9takes.com/personality-analysis/blake-lively,blake lively reputation,0,4,0.00,2.5
https://9takes.com/personality-analysis/blake-lively,blake lively rude,0,5,0.00,2.8
https://9takes.com/personality-analysis/blake-lively,blake lively y ryan reynolds,0,1,0.00,3.0
https://9takes.com/personality-analysis/blake-lively,breaks things,0,1,0.00,10.0
https://9takes.com/personality-analysis/blake-lively,che carattere ha,0,1,0.00,4.0
https://9takes.com/personality-analysis/blake-lively,che carattere ha?,0,1,0.00,2.0
https://9takes.com/personality-analysis/blake-lively,ihre persönlichkeit,0,1,0.00,2.0
https://9takes.com/personality-analysis/blake-lively,im echten leben meine ich,0,1,0.00,11.0
https://9takes.com/personality-analysis/blake-lively,is blake lively a bitch,0,3,0.00,2.3
https://9takes.com/personality-analysis/blake-lively,is blake lively a good person,0,6,0.00,2.8
https://9takes.com/personality-analysis/blake-lively,is blake lively a mean girl,0,1,0.00,3.0
https://9takes.com/personality-analysis/blake-lively,is blake lively a narcissist,0,5,0.00,14.8
https://9takes.com/personality-analysis/blake-lively,is blake lively a nice person,0,3,0.00,2.7
https://9takes.com/personality-analysis/blake-lively,is blake lively a nice person in real life,0,1,0.00,1.0
https://9takes.com/personality-analysis/blake-lively,is blake lively hard to work with,0,2,0.00,3.0
https://9takes.com/personality-analysis/blake-lively,is blake lively mean,0,8,0.00,2.5
https://9takes.com/personality-analysis/blake-lively,is blake lively mean in real life,0,1,0.00,3.0
https://9takes.com/personality-analysis/blake-lively,is blake lively mean?,0,1,0.00,3.0
https://9takes.com/personality-analysis/blake-lively,is blake lively nice,0,11,0.00,2.5
https://9takes.com/personality-analysis/blake-lively,is blake lively nice in real life,0,6,0.00,2.3
https://9takes.com/personality-analysis/blake-lively,is blake lively rude,0,3,0.00,2.0
https://9takes.com/personality-analysis/blake-lively,leighton meester,0,1,0.00,5.0
https://9takes.com/personality-analysis/blake-lively,leighton meester e blake lively sono amiche,0,1,0.00,3.0
https://9takes.com/personality-analysis/blake-lively,lively,0,1,0.00,4.0
https://9takes.com/personality-analysis/blake-lively,lively personality,0,24,0.00,10.6
https://9takes.com/personality-analysis/blake-lively,romper el círculo reparto,0,1,0.00,2.0
https://9takes.com/personality-analysis/blake-lively,what is blake lively like in real life,0,2,0.00,2.0
https://9takes.com/personality-analysis/blake-lively,what kind of person is blake lively,0,23,0.00,10.0
https://9takes.com/personality-analysis/blake-lively,why is blake lively so mean,0,1,0.00,3.0
https://9takes.com/personality-analysis/blake-lively,wife personality,0,1,0.00,1.0
https://9takes.com/personality-analysis/blake-lively,блейк лайвли,0,1,0.00,3.0
https://9takes.com/personality-analysis/blake-lively,לייטון מיסטר,0,1,0.00,5.0
https://9takes.com/personality-analysis/blake-lively,どんな人柄ですか,0,1,0.00,4.0
https://9takes.com/personality-analysis/blake-lively,ブレイク・ライブリー 性格,0,2,0.00,3.0
https://9takes.com/personality-analysis/blake-lively,性格は？,0,1,0.00,2.0
https://9takes.com/personality-analysis/blake-lively#from-the-hospital-to-the-set,blake lively personality,0,19,0.00,8.8
https://9takes.com/personality-analysis/blake-lively#from-the-hospital-to-the-set,blake lively personality in real life,0,1,0.00,11.0
https://9takes.com/personality-analysis/blake-lively#from-the-hospital-to-the-set,blake lively personality type,0,6,0.00,8.8
https://9takes.com/personality-analysis/blake-lively#from-the-hospital-to-the-set,what kind of person is blake lively,0,4,0.00,10.8
https://9takes.com/personality-analysis/blake-lively#i-would-shape-myself-to-the-version-they-wanted,blake lively personality,0,14,0.00,8.6
https://9takes.com/personality-analysis/blake-lively#i-would-shape-myself-to-the-version-they-wanted,blake lively personality in real life,0,1,0.00,11.0
https://9takes.com/personality-analysis/blake-lively#i-would-shape-myself-to-the-version-they-wanted,blake lively personality type,0,4,0.00,8.3
https://9takes.com/personality-analysis/blake-lively#i-would-shape-myself-to-the-version-they-wanted,what kind of person is blake lively,0,2,0.00,11.0
https://9takes.com/personality-analysis/blake-lively#the-wit-that-cuts,blake lively personality,0,14,0.00,8.6
https://9takes.com/personality-analysis/blake-lively#the-wit-that-cuts,blake lively personality in real life,0,1,0.00,11.0
https://9takes.com/personality-analysis/blake-lively#the-wit-that-cuts,blake lively personality type,0,4,0.00,8.3
https://9takes.com/personality-analysis/blake-lively#the-wit-that-cuts,what kind of person is blake lively,0,2,0.00,11.0
https://9takes.com/personality-analysis/blake-lively#what-is-blake-livelys-personality-type,blake lively personality,0,19,0.00,8.8
https://9takes.com/personality-analysis/blake-lively#what-is-blake-livelys-personality-type,blake lively personality in real life,0,1,0.00,11.0
https://9takes.com/personality-analysis/blake-lively#what-is-blake-livelys-personality-type,blake lively personality type,0,6,0.00,8.8
https://9takes.com/personality-analysis/blake-lively#what-is-blake-livelys-personality-type,what kind of person is blake lively,0,4,0.00,10.8
https://9takes.com/personality-analysis/blake-lively#what-she-controls,blake lively personality,0,19,0.00,8.8
https://9takes.com/personality-analysis/blake-lively#what-she-controls,blake lively personality in real life,0,1,0.00,11.0
https://9takes.com/personality-analysis/blake-lively#what-she-controls,blake lively personality type,0,6,0.00,8.8
https://9takes.com/personality-analysis/blake-lively#what-she-controls,what kind of person is blake lively,0,4,0.00,10.8
https://9takes.com/personality-analysis/blake-lively#when-the-curated-world-cracked,blake lively personality,0,14,0.00,8.6
https://9takes.com/personality-analysis/blake-lively#when-the-curated-world-cracked,blake lively personality in real life,0,1,0.00,11.0
https://9takes.com/personality-analysis/blake-lively#when-the-curated-world-cracked,blake lively personality type,0,4,0.00,8.3
https://9takes.com/personality-analysis/blake-lively#when-the-curated-world-cracked,what kind of person is blake lively,0,2,0.00,11.0
https://9takes.com/personality-analysis/bob-dylan,bob dylan,0,3,0.00,4.0
https://9takes.com/personality-analysis/bob-dylan,bob dylan 1975 breakup album,0,1,0.00,5.0
https://9takes.com/personality-analysis/bob-dylan,bob dylan aspergers,0,1,0.00,39.0
https://9takes.com/personality-analysis/bob-dylan,bob dylan autism,0,1,0.00,36.0
https://9takes.com/personality-analysis/bob-dylan,bob dylan character,0,1,0.00,28.0
https://9takes.com/personality-analysis/bob-dylan,bob dylan diagnose,0,1,0.00,29.0
https://9takes.com/personality-analysis/bob-dylan,bob dylan diagnosis,0,1,0.00,37.0
https://9takes.com/personality-analysis/bob-dylan,bob dylan enneagram,0,6,0.00,6.7
https://9takes.com/personality-analysis/bob-dylan,bob dylan introvert,0,1,0.00,11.0
https://9takes.com/personality-analysis/bob-dylan,bob dylan mbti,0,16,0.00,17.8
https://9takes.com/personality-analysis/bob-dylan,bob dylan mbti type,0,7,0.00,7.3
https://9takes.com/personality-analysis/bob-dylan,bob dylan mental health,0,2,0.00,34.0
https://9takes.com/personality-analysis/bob-dylan,bob dylan myers briggs,0,18,0.00,5.2
https://9takes.com/personality-analysis/bob-dylan,bob dylan net worth,0,1,0.00,3.0
https://9takes.com/personality-analysis/bob-dylan,bob dylan neurodivergent,0,1,0.00,32.0
https://9takes.com/personality-analysis/bob-dylan,bob dylan personalidad,0,12,0.00,11.7
https://9takes.com/personality-analysis/bob-dylan,bob dylan personality traits,0,4,0.00,9.0
https://9takes.com/personality-analysis/bob-dylan,bob dylan personality type,0,174,0.00,7.4
https://9takes.com/personality-analysis/bob-dylan,bob dylan tickets blackpool,0,1,0.00,3.0
https://9takes.com/personality-analysis/bob-dylan,bob dylan type of music,0,1,0.00,60.0
https://9takes.com/personality-analysis/bob-dylan,bob dylan's personality,0,23,0.00,8.8
https://9takes.com/personality-analysis/bob-dylan,che tipo è?,0,1,0.00,7.0
https://9takes.com/personality-analysis/bob-dylan,does bob dylan have aspergers,0,3,0.00,32.0
https://9takes.com/personality-analysis/bob-dylan,dylan,0,1,0.00,2.0
https://9takes.com/personality-analysis/bob-dylan,is bob dylan a good person,0,2,0.00,19.0
https://9takes.com/personality-analysis/bob-dylan,is bob dylan a narcissist,0,1,0.00,19.0
https://9takes.com/personality-analysis/bob-dylan,is bob dylan a nice person,0,1,0.00,18.0
https://9takes.com/personality-analysis/bob-dylan,is bob dylan autistic,0,1,0.00,33.0
https://9takes.com/personality-analysis/bob-dylan,is bob dylan neurodivergent,0,1,0.00,25.0
https://9takes.com/personality-analysis/bob-dylan,is bob dylan on the spectrum,0,1,0.00,41.0
https://9takes.com/personality-analysis/bob-dylan,jaki jest z charakteru,0,1,0.00,3.0
https://9takes.com/personality-analysis/bob-dylan,mehr,0,1,0.00,1.0
https://9takes.com/personality-analysis/bob-dylan,site:9takes.com,0,1,0.00,94.0
https://9takes.com/personality-analysis/bob-dylan,su personalidad,0,1,0.00,5.0
https://9takes.com/personality-analysis/bob-dylan,was bob dylan a good person,0,4,0.00,17.3
https://9takes.com/personality-analysis/bob-dylan,was the march on washington successful,0,1,0.00,3.0
https://9takes.com/personality-analysis/bob-dylan,what genre is bob dylan,0,2,0.00,81.5
https://9takes.com/personality-analysis/bob-dylan,what type of music is bob dylan,0,1,0.00,69.0
https://9takes.com/personality-analysis/bob-dylan,what was bob dylan like,0,2,0.00,23.0
https://9takes.com/personality-analysis/bob-dylan,ボブ ディラン,0,3,0.00,3.0
https://9takes.com/personality-analysis/bob-dylan,ボブディラン,0,17,0.00,3.1
https://9takes.com/personality-analysis/bob-dylan,ボブディラン ファッション,0,1,0.00,6.0
https://9takes.com/personality-analysis/bob-dylan,ボブディランの歌,0,1,0.00,2.0
https://9takes.com/personality-analysis/bob-dylan,ボブデュラン,0,1,0.00,4.0
https://9takes.com/personality-analysis/bob-dylan,ボブ・ディラン,0,1,0.00,3.0
https://9takes.com/personality-analysis/bob-dylan#behind-dark-glasses-the-private-struggles-fueling-creativity,bob dylan personality type,0,5,0.00,8.6
https://9takes.com/personality-analysis/bob-dylan#decoding-dylan-the-man-beneath-the-myth,bob dylan personality type,0,5,0.00,8.6
https://9takes.com/personality-analysis/bob-dylan#how-a-hibbing-kid-named-zimmerman-invented-bob-dylan,bob dylan enneagram,0,3,0.00,6.7
https://9takes.com/personality-analysis/bob-dylan#how-a-hibbing-kid-named-zimmerman-invented-bob-dylan,bob dylan personality,0,11,0.00,9.3
https://9takes.com/personality-analysis/bob-dylan#how-a-hibbing-kid-named-zimmerman-invented-bob-dylan,bob dylan's personality,0,1,0.00,9.0
https://9takes.com/personality-analysis/bob-dylan#like-a-rolling-stone-and-the-missing-person-inside,bob dylan enneagram,0,3,0.00,6.7
https://9takes.com/personality-analysis/bob-dylan#like-a-rolling-stone-and-the-missing-person-inside,bob dylan personality,0,11,0.00,9.3
https://9takes.com/personality-analysis/bob-dylan#like-a-rolling-stone-and-the-missing-person-inside,bob dylan's personality,0,1,0.00,9.0
https://9takes.com/personality-analysis/bob-dylan#minnesota-to-manhattan-the-outsider-finds-his-stage,bob dylan personality type,0,5,0.00,8.6
https://9takes.com/personality-analysis/bob-dylan#never-ending-tour-dylans-perpetual-motion,bob dylan personality type,0,5,0.00,8.6
https://9takes.com/personality-analysis/bob-dylan#newport-65-the-moment-that-split-dylans-world-in-two,bob dylan personality type,0,5,0.00,8.6
https://9takes.com/personality-analysis/bob-dylan#nobel-prize-ambivalence-dylans-complicated-dance-with-recognition,bob dylan personality type,0,5,0.00,8.6
https://9takes.com/personality-analysis/bob-dylan#reinvention-as-ritual-dylans-many-masks,bob dylan personality type,0,5,0.00,8.6
https://9takes.com/personality-analysis/bob-dylan#the-label-bob-dylan-spent-his-life-escaping,bob dylan enneagram,0,6,0.00,6.7
https://9takes.com/personality-analysis/bob-dylan#the-label-bob-dylan-spent-his-life-escaping,bob dylan personality,0,14,0.00,9.0
https://9takes.com/personality-analysis/bob-dylan#the-label-bob-dylan-spent-his-life-escaping,bob dylan personality traits,0,2,0.00,9.0
https://9takes.com/personality-analysis/bob-dylan#the-label-bob-dylan-spent-his-life-escaping,bob dylan's personality,0,1,0.00,9.0
https://9takes.com/personality-analysis/bob-dylan#what-is-bob-dylans-personality-type,bob dylan enneagram,0,6,0.00,6.7
https://9takes.com/personality-analysis/bob-dylan#what-is-bob-dylans-personality-type,bob dylan personality,0,14,0.00,9.0
https://9takes.com/personality-analysis/bob-dylan#what-is-bob-dylans-personality-type,bob dylan personality traits,0,2,0.00,9.0
https://9takes.com/personality-analysis/bob-dylan#what-is-bob-dylans-personality-type,bob dylan's personality,0,1,0.00,9.0
https://9takes.com/personality-analysis/bob-dylan#why-bob-dylan-went-electric-at-newport,bob dylan enneagram,0,3,0.00,6.7
https://9takes.com/personality-analysis/bob-dylan#why-bob-dylan-went-electric-at-newport,bob dylan personality,0,11,0.00,9.3
https://9takes.com/personality-analysis/bob-dylan#why-bob-dylan-went-electric-at-newport,bob dylan's personality,0,1,0.00,9.0
https://9takes.com/personality-analysis/bobbi-althoff,bobbi althoff,0,1,0.00,3.0
https://9takes.com/personality-analysis/bobbi-althoff,bobbi althoff maiden name,0,1,0.00,1.0
https://9takes.com/personality-analysis/bobbi-althoff,bobbi althoff mbti,0,5,0.00,5.4
https://9takes.com/personality-analysis/bobbi-althoff,bobbi althoff mom and dad,0,1,0.00,3.0
https://9takes.com/personality-analysis/bobbi-althoff,bobbi althoff real name,0,3,0.00,2.7
https://9takes.com/personality-analysis/bobbi-althoff,bobbi althoff sucks,0,1,0.00,9.0
https://9takes.com/personality-analysis/bobbi-althoff,bobbi althoff wiki,0,1,0.00,15.0
https://9takes.com/personality-analysis/bobbi-althoff,how did she try to kill herself,0,1,0.00,7.0
https://9takes.com/personality-analysis/bobbi-althoff,site:9takes.com,0,2,0.00,81.0
https://9takes.com/personality-analysis/bobbi-althoff,where does bobbi althoff live,0,5,0.00,10.0
https://9takes.com/personality-analysis/bobbi-althoff#rise-to-fame-from-nanny-to-viral-sensation,bobbi heck,0,11,0.00,8.6
https://9takes.com/personality-analysis/bobbi-althoff#the-divorce-and-its-aftermath,bobbi heck,0,11,0.00,8.6
https://9takes.com/personality-analysis/bobbi-althoff#the-drake-interview-that-changed-everything,bobbi heck,0,12,0.00,8.8
https://9takes.com/personality-analysis/bobbi-althoff#the-making-of-a-deadpan-queen-bobbis-turbulent-childhood,bobbi heck,0,12,0.00,8.8
https://9takes.com/personality-analysis/bobbi-althoff#the-persona-as-transformation,bobbi heck,0,11,0.00,8.6
https://9takes.com/personality-analysis/bobbi-althoff#what-is-bobbi-althoffs-personality-type,bobbi heck,0,12,0.00,8.8
https://9takes.com/personality-analysis/brad-pitt,angelina jolie personality type,0,1,0.00,2.0
https://9takes.com/personality-analysis/brad-pitt,brad pitt attitude,0,2,0.00,35.5
https://9takes.com/personality-analysis/brad-pitt,brad pitt birth chart,0,1,0.00,4.0
https://9takes.com/personality-analysis/brad-pitt,brad pitt blood type,0,2,0.00,19.5
https://9takes.com/personality-analysis/brad-pitt,brad pitt carattere,0,1,0.00,3.0
https://9takes.com/personality-analysis/brad-pitt,brad pitt enneagram,0,10,0.00,3.4
https://9takes.com/personality-analysis/brad-pitt,brad pitt enneagram type,0,38,0.00,4.3
https://9takes.com/personality-analysis/brad-pitt,brad pitt mbti,0,15,0.00,23.1
https://9takes.com/personality-analysis/brad-pitt,brad pitt mbti type,0,11,0.00,8.1
https://9takes.com/personality-analysis/brad-pitt,brad pitt meaning,0,1,0.00,45.0
https://9takes.com/personality-analysis/brad-pitt,brad pitt myers briggs,0,2,0.00,13.0
https://9takes.com/personality-analysis/brad-pitt,brad pitt personality reddit,0,1,0.00,5.0
https://9takes.com/personality-analysis/brad-pitt,brad pitt personality traits,0,31,0.00,11.2
https://9takes.com/personality-analysis/brad-pitt,brad pitt personality type,0,182,0.00,8.1
https://9takes.com/personality-analysis/brad-pitt,brad pitt phenotype,0,2,0.00,12.0
https://9takes.com/personality-analysis/brad-pitt,brad pitt profile,0,1,0.00,46.0
https://9takes.com/personality-analysis/brad-pitt,brad pitt psychic,0,1,0.00,52.0
https://9takes.com/personality-analysis/brad-pitt,brad pitt qi,0,1,0.00,65.0
https://9takes.com/personality-analysis/brad-pitt,brad pitt sensitivity chip,0,1,0.00,46.0
https://9takes.com/personality-analysis/brad-pitt,brand pit,0,1,0.00,1.0
https://9takes.com/personality-analysis/brad-pitt,características pessoais,0,1,0.00,2.0
https://9takes.com/personality-analysis/brad-pitt,cliff booth personality type,0,1,0.00,11.0
https://9takes.com/personality-analysis/brad-pitt,e brad pitt?,0,1,0.00,8.0
https://9takes.com/personality-analysis/brad-pitt,en brad pitt,0,1,0.00,2.0
https://9takes.com/personality-analysis/brad-pitt,igen,0,1,0.00,1.0
https://9takes.com/personality-analysis/brad-pitt,is brad pitt a nice person,0,1,0.00,24.0
https://9takes.com/personality-analysis/brad-pitt,is brad pitt an introvert,0,1,0.00,12.0
https://9takes.com/personality-analysis/brad-pitt,is brad pitt introvert,0,2,0.00,21.0
https://9takes.com/personality-analysis/brad-pitt,is brad pitt shy,0,1,0.00,23.0
https://9takes.com/personality-analysis/brad-pitt,mbti brad pitt,0,1,0.00,21.0
https://9takes.com/personality-analysis/brad-pitt,meaning of brad pitt,0,1,0.00,37.0
https://9takes.com/personality-analysis/brad-pitt,personalidad de brad pitt,0,1,0.00,37.0
https://9takes.com/personality-analysis/brad-pitt,tính cách,0,1,0.00,7.0
https://9takes.com/personality-analysis/brad-pitt,what about brad pitt?,0,1,0.00,2.0
https://9takes.com/personality-analysis/brad-pitt,what is brad pitt like in real life,0,1,0.00,4.0
https://9takes.com/personality-analysis/brad-pitt,what is brad pitt's personality like,0,12,0.00,9.8
https://9takes.com/personality-analysis/brad-pitt,what kind of person is brad pitt,0,18,0.00,9.0
https://9takes.com/personality-analysis/brad-pitt,when did he say that,0,1,0.00,2.0
https://9takes.com/personality-analysis/brad-pitt,y brad pitt?,0,1,0.00,9.0
https://9takes.com/personality-analysis/brad-pitt,брад пит,0,1,0.00,7.0
https://9takes.com/personality-analysis/brad-pitt,бред пит,0,1,0.00,1.0
https://9takes.com/personality-analysis/brad-pitt,какой у него характер,0,1,0.00,2.0
https://9takes.com/personality-analysis/brad-pitt,характеристики его,0,1,0.00,1.0
https://9takes.com/personality-analysis/brad-pitt,это прл?,0,1,0.00,5.0
https://9takes.com/personality-analysis/brad-pitt,ذكاءه,0,1,0.00,9.0
https://9takes.com/personality-analysis/brad-pitt,ماذا عن براد بيت,0,2,0.00,6.5
https://9takes.com/personality-analysis/brad-pitt,もっと教えて,0,1,0.00,5.0
https://9takes.com/personality-analysis/brad-pitt,ブラッドピット,0,1,0.00,3.0
https://9takes.com/personality-analysis/brad-pitt#behind-the-camera-producer-builder-humanitarian,brad pitt enneagram,0,6,0.00,5.2
https://9takes.com/personality-analysis/brad-pitt#behind-the-camera-producer-builder-humanitarian,brad pitt enneagram type,0,11,0.00,5.0
https://9takes.com/personality-analysis/brad-pitt#behind-the-camera-producer-builder-humanitarian,what is brad pitt's personality like,0,3,0.00,10.7
https://9takes.com/personality-analysis/brad-pitt#f1-and-the-late-career-renaissance,brad pitt enneagram,0,6,0.00,5.2
https://9takes.com/personality-analysis/brad-pitt#f1-and-the-late-career-renaissance,brad pitt enneagram type,0,11,0.00,5.0
https://9takes.com/personality-analysis/brad-pitt#f1-and-the-late-career-renaissance,what is brad pitt's personality like,0,3,0.00,10.7
https://9takes.com/personality-analysis/brad-pitt#fight-club-to-ad-astra-what-the-roles-reveal,brad pitt enneagram,0,6,0.00,5.2
https://9takes.com/personality-analysis/brad-pitt#fight-club-to-ad-astra-what-the-roles-reveal,brad pitt enneagram type,0,11,0.00,5.0
https://9takes.com/personality-analysis/brad-pitt#fight-club-to-ad-astra-what-the-roles-reveal,what is brad pitt's personality like,0,3,0.00,10.7
https://9takes.com/personality-analysis/brad-pitt#from-university-dropout-to-thelma-and-louise,brad pitt enneagram,0,6,0.00,5.2
https://9takes.com/personality-analysis/brad-pitt#from-university-dropout-to-thelma-and-louise,brad pitt enneagram type,0,11,0.00,5.0
https://9takes.com/personality-analysis/brad-pitt#from-university-dropout-to-thelma-and-louise,what is brad pitt's personality like,0,2,0.00,11.0
https://9takes.com/personality-analysis/brad-pitt#love-family-and-the-type-9-merging-pattern,brad pitt enneagram,0,6,0.00,5.2
https://9takes.com/personality-analysis/brad-pitt#love-family-and-the-type-9-merging-pattern,brad pitt enneagram type,0,11,0.00,5.0
https://9takes.com/personality-analysis/brad-pitt#love-family-and-the-type-9-merging-pattern,what is brad pitt's personality like,0,3,0.00,10.7
https://9takes.com/personality-analysis/brad-pitt#springfield-missouri-how-the-heartland-shaped-hollywoods-most-laid-back-star,brad pitt enneagram,0,6,0.00,5.2
https://9takes.com/personality-analysis/brad-pitt#springfield-missouri-how-the-heartland-shaped-hollywoods-most-laid-back-star,brad pitt enneagram type,0,11,0.00,5.0
https://9takes.com/personality-analysis/brad-pitt#springfield-missouri-how-the-heartland-shaped-hollywoods-most-laid-back-star,what is brad pitt's personality like,0,6,0.00,10.7
https://9takes.com/personality-analysis/brad-pitt#the-inner-world-behind-those-eyes,what is brad pitt's personality like,0,1,0.00,10.0
https://9takes.com/personality-analysis/brad-pitt#what-stresses-brad-pitt-out,brad pitt enneagram,0,6,0.00,5.2
https://9takes.com/personality-analysis/brad-pitt#what-stresses-brad-pitt-out,brad pitt enneagram type,0,11,0.00,5.0
https://9takes.com/personality-analysis/brad-pitt#what-stresses-brad-pitt-out,what is brad pitt's personality like,0,6,0.00,10.7
https://9takes.com/personality-analysis/brian-chesky,brian chesky and bernard arnault,0,2,0.00,6.5
https://9takes.com/personality-analysis/britney-spears,britney spears personality,0,1,0.00,10.0
https://9takes.com/personality-analysis/britney-spears,britney spears personality type,0,1,0.00,11.0
https://9takes.com/personality-analysis/brittany-broski,brittany broski,0,4,0.00,3.3
https://9takes.com/personality-analysis/brittany-broski,brittany broski dating history,0,8,0.00,10.3
https://9takes.com/personality-analysis/brittany-broski,brittany broski gender,0,3,0.00,9.3
https://9takes.com/personality-analysis/brittany-broski,brittany broski jack innanen,0,1,0.00,6.0
https://9takes.com/personality-analysis/brittany-broski,brittany broski mbti,0,6,0.00,5.7
https://9takes.com/personality-analysis/brittany-broski,brittany broski partner,0,24,0.00,9.5
https://9takes.com/personality-analysis/brittany-broski,brittany broski personality type,0,24,0.00,2.2
https://9takes.com/personality-analysis/brittany-broski,brittany broski siblings age,0,1,0.00,1.0
https://9takes.com/personality-analysis/brittany-broski,brittany broski veteran,0,1,0.00,10.0
https://9takes.com/personality-analysis/brittany-broski,does brittany broski have adhd,0,46,0.00,8.7
https://9takes.com/personality-analysis/brittany-broski,ewan mitchell brittany broski,0,1,0.00,3.0
https://9takes.com/personality-analysis/brittany-broski,fred broski wikipedia,0,1,0.00,11.0
https://9takes.com/personality-analysis/brittany-broski,is brittany broski a veteran,0,1,0.00,1.0
https://9takes.com/personality-analysis/brittany-broski,is brittany broski on ozempic,0,1,0.00,26.0
https://9takes.com/personality-analysis/brittany-broski,site:9takes.com,0,2,0.00,62.0
https://9takes.com/personality-analysis/brittany-broski,why is brittany broski famous,0,1,0.00,30.0
https://9takes.com/personality-analysis/brooke-monk,brooke monk body count,0,1,0.00,10.0
https://9takes.com/personality-analysis/brooke-monk,brooke monk college,0,1,0.00,8.0
https://9takes.com/personality-analysis/brooke-monk,brooke monk education,0,2,0.00,11.0
https://9takes.com/personality-analysis/brooke-monk,brooke monk explanation,0,2,0.00,8.5
https://9takes.com/personality-analysis/brooke-monk,brooke monk face shape,0,1,0.00,10.0
https://9takes.com/personality-analysis/brooke-monk,brooke monk mbti,0,1,0.00,5.0
https://9takes.com/personality-analysis/brooke-monk,brooke monk personality,0,3,0.00,10.3
https://9takes.com/personality-analysis/brooke-monk,corinna kopf sucking,0,1,0.00,64.0
https://9takes.com/personality-analysis/brooke-monk,is brooke monk left handed,0,7,0.00,9.4
https://9takes.com/personality-analysis/brooke-monk,is dit waar,0,1,0.00,2.0
https://9takes.com/personality-analysis/brooke-monk,site:9takes.com,0,2,0.00,7.5
https://9takes.com/personality-analysis/brooke-monk,where did brooke monk go to high school,0,6,0.00,10.8
https://9takes.com/personality-analysis/brooke-monk,why does brooke monk keep posting old videos,0,1,0.00,10.0
https://9takes.com/personality-analysis/caitlin-clark,caitlin clark mbti,0,4,0.00,8.5
https://9takes.com/personality-analysis/caitlin-clark,caitlin clark personality,0,6,0.00,10.2
https://9takes.com/personality-analysis/caitlin-clark,which enneagram,0,1,0.00,4.0
https://9takes.com/personality-analysis/caleb-hearon,caleb haren,0,1,0.00,2.0
https://9takes.com/personality-analysis/caleb-hearon,caleb heaeon,0,1,0.00,3.0
https://9takes.com/personality-analysis/caleb-hearon,caleb hearin,0,2,0.00,2.0
https://9takes.com/personality-analysis/caleb-hearon,caleb hearon,0,166,0.00,3.3
https://9takes.com/personality-analysis/caleb-hearon,caleb hearon age,0,2,0.00,3.0
https://9takes.com/personality-analysis/caleb-hearon,caleb hearon big mouth,0,1,0.00,3.0
https://9takes.com/personality-analysis/caleb-hearon,caleb hearon birth chart,0,1,0.00,11.0
https://9takes.com/personality-analysis/caleb-hearon,caleb hearon birthday,0,2,0.00,19.5
https://9takes.com/personality-analysis/caleb-hearon,caleb hearon birthday zodiac,0,2,0.00,6.0
https://9takes.com/personality-analysis/caleb-hearon,caleb hearon birthplace,0,1,0.00,10.0
https://9takes.com/personality-analysis/caleb-hearon,caleb hearon boyfriend,0,1,0.00,4.0
https://9takes.com/personality-analysis/caleb-hearon,caleb hearon chance,0,1,0.00,4.0
https://9takes.com/personality-analysis/caleb-hearon,caleb hearon chase,0,1,0.00,7.0
https://9takes.com/personality-analysis/caleb-hearon,caleb hearon ethnicity,0,3,0.00,19.3
https://9takes.com/personality-analysis/caleb-hearon,caleb hearon headshot,0,1,0.00,11.0
https://9takes.com/personality-analysis/caleb-hearon,caleb hearon height,0,5,0.00,3.4
https://9takes.com/personality-analysis/caleb-hearon,caleb hearon height and weight,0,1,0.00,20.0
https://9takes.com/personality-analysis/caleb-hearon,caleb hearon hometown,0,2,0.00,18.5
https://9takes.com/personality-analysis/caleb-hearon,caleb hearon mbti,0,73,0.00,7.8
https://9takes.com/personality-analysis/caleb-hearon,caleb hearon mom age,0,1,0.00,11.0
https://9takes.com/personality-analysis/caleb-hearon,caleb hearon movies,0,6,0.00,3.5
https://9takes.com/personality-analysis/caleb-hearon,caleb hearon net worth,0,4,0.00,3.0
https://9takes.com/personality-analysis/caleb-hearon,caleb hearon race,0,2,0.00,9.0
https://9takes.com/personality-analysis/caleb-hearon,caleb hearon snl,0,1,0.00,3.0
https://9takes.com/personality-analysis/caleb-hearon,caleb hearon teenager,0,3,0.00,10.0
https://9takes.com/personality-analysis/caleb-hearon,caleb hearon weight,0,2,0.00,2.5
https://9takes.com/personality-analysis/caleb-hearon,caleb hearon weight loss,0,3,0.00,13.3
https://9takes.com/personality-analysis/caleb-hearon,caleb hearon wiki,0,25,0.00,8.8
https://9takes.com/personality-analysis/caleb-hearon,caleb hearon zodiac,0,1,0.00,16.0
https://9takes.com/personality-analysis/caleb-hearon,caleb hearon zodiac sign,0,2,0.00,13.0
https://9takes.com/personality-analysis/caleb-hearon,caleb heron,0,2,0.00,3.0
https://9takes.com/personality-analysis/caleb-hearon,caleb heron brother,0,1,0.00,1.0
https://9takes.com/personality-analysis/caleb-hearon,chase caleb hearon,0,1,0.00,10.0
https://9takes.com/personality-analysis/caleb-hearon,colton hearon,0,2,0.00,25.0
https://9takes.com/personality-analysis/caleb-hearon,colton hearon missouri,0,3,0.00,29.0
https://9takes.com/personality-analysis/caleb-hearon,did caleb hearon write for big mouth,0,5,0.00,10.2
https://9takes.com/personality-analysis/caleb-hearon,hearon,0,1,0.00,3.0
https://9takes.com/personality-analysis/caleb-hearon,how did caleb hearon get famous,0,2,0.00,3.0
https://9takes.com/personality-analysis/caleb-hearon,how much does caleb hearon weight,0,1,0.00,14.0
https://9takes.com/personality-analysis/caleb-hearon,how old is caleb hearon,0,2,0.00,3.0
https://9takes.com/personality-analysis/caleb-hearon,is caleb hearon gay,0,2,0.00,3.0
https://9takes.com/personality-analysis/caleb-hearon,is caleb hearon jewish,0,2,0.00,9.5
https://9takes.com/personality-analysis/caleb-hearon,site:9takes.com,0,4,0.00,22.0
https://9takes.com/personality-analysis/caleb-hearon,so true pod,0,1,0.00,5.0
https://9takes.com/personality-analysis/caleb-hearon,what fraternity was caleb hearon in,0,3,0.00,14.0
https://9takes.com/personality-analysis/caleb-hearon,where did caleb hearon grew up,0,1,0.00,9.0
https://9takes.com/personality-analysis/caleb-hearon,where did caleb hearon grow up,0,3,0.00,11.0
https://9takes.com/personality-analysis/caleb-hearon,where was caleb hearon born,0,1,0.00,7.0
https://9takes.com/personality-analysis/callum-turner,actor callum turner,0,1,0.00,2.0
https://9takes.com/personality-analysis/callum-turner,callim turner,0,2,0.00,3.0
https://9takes.com/personality-analysis/callum-turner,calllum turner,0,1,0.00,3.0
https://9takes.com/personality-analysis/callum-turner,callu turner,0,1,0.00,3.0
https://9takes.com/personality-analysis/callum-turner,calluk turner,0,1,0.00,3.0
https://9takes.com/personality-analysis/callum-turner,callum tirner,0,1,0.00,3.0
https://9takes.com/personality-analysis/callum-turner,callum tuener,0,1,0.00,3.0
https://9takes.com/personality-analysis/callum-turner,callum tunner,0,1,0.00,3.0
https://9takes.com/personality-analysis/callum-turner,callum turner addiction,0,1,0.00,4.0
https://9takes.com/personality-analysis/callum-turner,callum turner and dua lipa wedding,0,1,0.00,2.0
https://9takes.com/personality-analysis/callum-turner,callum turner blonde hair,0,1,0.00,2.0
https://9takes.com/personality-analysis/callum-turner,callum turner breakout role,0,1,0.00,8.0
https://9takes.com/personality-analysis/callum-turner,callum turner council estate,0,1,0.00,10.0
https://9takes.com/personality-analysis/callum-turner,callum turner ethnic background,0,1,0.00,3.0
https://9takes.com/personality-analysis/callum-turner,callum turner family,0,9,0.00,2.2
https://9takes.com/personality-analysis/callum-turner,callum turner films,0,1,0.00,2.0
https://9takes.com/personality-analysis/callum-turner,callum turner fortune,0,1,0.00,3.0
https://9takes.com/personality-analysis/callum-turner,callum turner gay roles,0,1,0.00,10.0
https://9takes.com/personality-analysis/callum-turner,callum turner girlfriend,0,1,0.00,3.0
https://9takes.com/personality-analysis/callum-turner,callum turner height,0,1,0.00,2.0
https://9takes.com/personality-analysis/callum-turner,callum turner mbti,0,4,0.00,3.0
https://9takes.com/personality-analysis/callum-turner,callum turner movies,0,4,0.00,2.0
https://9takes.com/personality-analysis/callum-turner,callum turner movies and shows,0,5,0.00,2.6
https://9takes.com/personality-analysis/callum-turner,callum turner movies and tv shows,0,23,0.00,2.0
https://9takes.com/personality-analysis/callum-turner,callum turner net worth,0,23,0.00,3.0
https://9takes.com/personality-analysis/callum-turner,callum turner occupation,0,1,0.00,3.0
https://9takes.com/personality-analysis/callum-turner,callum turner personality,0,27,0.00,8.0
https://9takes.com/personality-analysis/callum-turner,callum turner personality type,0,3,0.00,2.7
https://9takes.com/personality-analysis/callum-turner,callum turner profession,0,1,0.00,3.0
https://9takes.com/personality-analysis/callum-turner,callum turner reebok,0,4,0.00,6.3
https://9takes.com/personality-analysis/callum-turner,callum turner roles,0,2,0.00,3.0
https://9takes.com/personality-analysis/callum-turner,callum turner rosemary turner,0,1,0.00,25.0
