page,clicks,impressions,ctr_pct,position
https://9takes.com/enneagram-corner/enneagram-and-mental-illness,317,12607,2.51,9.7
https://9takes.com/enneagram-corner/enneagram-and-adhd-which-types-struggle-most,248,4235,5.86,5.2
https://9takes.com/personality-analysis/jordi-hays,214,10830,1.98,6.5
https://9takes.com/enneagram-corner/astrology-and-the-enneagram,145,10901,1.33,8.4
https://9takes.com/enneagram-corner/depression-patterns-by-enneagram-type,128,5390,2.37,7.8
https://9takes.com/personality-analysis/sky-bri,121,16351,0.74,9.4
https://9takes.com/enneagram-corner/mental-health/enneagram-neurodivergence-guide,93,4688,1.98,7.2
https://9takes.com/enneagram-corner/enneagram-compatibility-matrix,89,8470,1.05,13.4
https://9takes.com/enneagram-corner/toxic-traits-of-each-enneagram-type,73,5398,1.35,10.6
https://9takes.com/,53,578,9.17,12.2
https://9takes.com/personality-analysis/shawn-ryan,52,5641,0.92,8.8
https://9takes.com/enneagram-corner/mental-health/enneagram-addiction-recovery-guide,45,1762,2.55,8.8
https://9takes.com/personality-analysis/type/2,42,4433,0.95,10.2
https://9takes.com/enneagram-corner/attachment-styles-and-enneagram-types,41,5178,0.79,9.1
https://9takes.com/pop-culture/kardashian-family-enneagram-analysis,41,3186,1.29,8.2
https://9takes.com/enneagram-corner/enneagram-wings-complete-guide,40,6953,0.58,9.2
https://9takes.com/enneagram-corner/toxic-traits-relationships-warning-signs,39,1887,2.07,10.3
https://9takes.com/personality-analysis/type/9,39,5319,0.73,22.0
https://9takes.com/personality-analysis/meghan-markle,38,3205,1.19,7.3
https://9takes.com/personality-analysis/dario-amodei,36,3433,1.05,8.7
https://9takes.com/enneagram-corner/how-each-enneagram-type-manipulates,34,3654,0.93,7.3
https://9takes.com/personality-analysis/ishowspeed,34,15229,0.22,7.4
https://9takes.com/personality-analysis/zendaya,34,6631,0.51,9.2
https://9takes.com/personality-analysis/kara-swisher,32,3145,1.02,8.2
https://9takes.com/personality-analysis/jack-black,31,3606,0.86,7.8
https://9takes.com/personality-analysis/ryan-gosling,31,3356,0.92,8.0
https://9takes.com/enneagram-corner/enneagram-instinctual-subtypes,29,7263,0.40,14.4
https://9takes.com/personality-analysis/lionel-messi,29,5144,0.56,8.9
https://9takes.com/personality-analysis/type/1,28,4855,0.58,25.1
https://9takes.com/enneagram-corner/enneagram-strengths-and-weaknesses,25,1437,1.74,9.2
https://9takes.com/enneagram-corner/biggest-compliments-to-give-each-enneagram-type,24,924,2.60,7.2
https://9takes.com/enneagram-corner/enneagram-types-being-ghosted,24,992,2.42,7.5
https://9takes.com/personality-analysis/leila-hormozi,24,1267,1.89,8.8
https://9takes.com/enneagram-corner/how-to-apologize-like-a-pro,23,1131,2.03,7.9
https://9takes.com/personality-analysis/john-coogan,23,2629,0.87,7.0
https://9takes.com/enneagram-corner/enneagram-mental-health-flags,22,708,3.11,11.6
https://9takes.com/enneagram-corner/enneagram-test-comparison-2025,22,6873,0.32,12.7
https://9takes.com/personality-analysis/ashby,22,3788,0.58,9.5
https://9takes.com/personality-analysis/type/6,21,3831,0.55,39.6
https://9takes.com/personality-analysis/benson-boone,20,2418,0.83,8.5
https://9takes.com/personality-analysis/david-friedberg,20,2574,0.78,13.6
https://9takes.com/personality-analysis/type/3,20,4378,0.46,9.2
https://9takes.com/personality-analysis/ariana-grande,19,3749,0.51,9.7
https://9takes.com/personality-analysis/robert-pattinson,19,2214,0.86,8.7
https://9takes.com/personality-analysis/sabrina-carpenter,19,5262,0.36,6.8
https://9takes.com/personality-analysis/selena-gomez,19,3091,0.61,7.7
https://9takes.com/personality-analysis,18,1035,1.74,12.1
https://9takes.com/personality-analysis/asmongold,18,3166,0.57,9.0
https://9takes.com/personality-analysis/ella-langley,18,1865,0.97,8.5
https://9takes.com/personality-analysis/type/4,18,2330,0.77,13.1
https://9takes.com/personality-analysis/type/5,18,4660,0.39,29.6
https://9takes.com/personality-analysis/type/8,18,2170,0.83,12.7
https://9takes.com/personality-analysis/cillian-murphy,17,2938,0.58,10.5
https://9takes.com/personality-analysis/hasan-piker,17,3120,0.54,9.2
https://9takes.com/personality-analysis/blake-lively,16,1330,1.20,8.5
https://9takes.com/personality-analysis/lex-fridman,16,1381,1.16,12.1
https://9takes.com/enneagram-corner/enneagram-communication-tips,15,1224,1.23,10.8
https://9takes.com/enneagram-corner/enneagram-types-and-career-choices,15,2020,0.74,14.9
https://9takes.com/personality-analysis/gracie-abrams,15,2434,0.62,7.8
https://9takes.com/personality-analysis/tom-cruise,15,2270,0.66,9.1
https://9takes.com/enneagram-corner/enneagram-test-comparison-2026,14,1882,0.74,9.9
https://9takes.com/enneagram-corner/enneagram-type-9,14,2563,0.55,37.0
https://9takes.com/enneagram-corner/enneagram-types-in-relationships,14,4695,0.30,37.2
https://9takes.com/personality-analysis/alex-karp,14,1374,1.02,9.6
https://9takes.com/personality-analysis/neil-strauss,14,1287,1.09,7.9
https://9takes.com/enneagram-corner,13,1067,1.22,25.0
https://9takes.com/personality-analysis/bernard-arnault,13,1115,1.17,8.5
https://9takes.com/personality-analysis/kourtney-kardashian,13,1137,1.14,7.0
https://9takes.com/personality-analysis/lana-del-rey,13,2162,0.60,9.4
https://9takes.com/personality-analysis/tara-yummy,13,2153,0.60,9.1
https://9takes.com/personality-analysis/tom-holland,13,2840,0.46,9.3
https://9takes.com/personality-analysis/bob-dylan,12,1508,0.80,9.8
https://9takes.com/personality-analysis/emma-watson,12,3284,0.37,8.7
https://9takes.com/personality-analysis/hailey-bieber,12,1506,0.80,9.6
https://9takes.com/personality-analysis/oliver-tree,12,2716,0.44,7.4
https://9takes.com/personality-analysis/rihanna,12,1841,0.65,10.1
https://9takes.com/enneagram-corner/enneagram-childhood-stereotypes,11,499,2.20,17.1
https://9takes.com/enneagram-corner/enneagram-type-5,11,1629,0.68,14.7
https://9takes.com/enneagram-corner/enneagram-type-8,11,1207,0.91,11.1
https://9takes.com/enneagram-corner/why-dating-apps-are-harder-for-certain-personality-types,11,883,1.25,11.5
https://9takes.com/personality-analysis/brad-pitt,11,1867,0.59,8.9
https://9takes.com/personality-analysis/madison-beer,11,2293,0.48,8.8
https://9takes.com/personality-analysis/prince-harry,11,689,1.60,8.7
https://9takes.com/personality-analysis/charli-damelio,10,1289,0.78,8.5
https://9takes.com/personality-analysis/clavicular,10,2219,0.45,13.3
https://9takes.com/personality-analysis/druski,10,1304,0.77,8.3
https://9takes.com/personality-analysis/emma-chamberlain,10,1710,0.58,13.4
https://9takes.com/personality-analysis/jackie-kennedy,10,678,1.47,9.6
https://9takes.com/personality-analysis/jennifer-lawrence,10,1220,0.82,9.7
https://9takes.com/personality-analysis/marilyn-monroe,10,1604,0.62,10.3
https://9takes.com/personality-analysis/natalie-portman,10,1181,0.85,9.5
https://9takes.com/personality-analysis/sydney-sweeney,10,3044,0.33,7.5
https://9takes.com/personality-analysis/tina-fey,10,1511,0.66,7.4
https://9takes.com/pop-culture/ghislaine-maxwell-psychology,10,1131,0.88,8.0
https://9takes.com/enneagram-corner/enneagram-and-religion,9,1448,0.62,27.8
https://9takes.com/enneagram-corner/enneagram-type-6,9,1283,0.70,57.1
https://9takes.com/enneagram-corner/enneagram-type-7,9,504,1.79,18.7
https://9takes.com/enneagram-corner/enneagram-types-working-in-teams,9,1572,0.57,53.9
https://9takes.com/enneagram-corner/mental-health/enneagram-anxiety-complete-guide,9,1586,0.57,12.4
https://9takes.com/personality-analysis/aubrey-plaza,9,1741,0.52,8.7
https://9takes.com/personality-analysis/beyonce-knowles,9,1676,0.54,9.1
https://9takes.com/personality-analysis/carina-zavline,9,164,5.49,7.5
https://9takes.com/personality-analysis/charli-xcx,9,1153,0.78,10.4
https://9takes.com/personality-analysis/jon-stewart,9,916,0.98,8.0
https://9takes.com/personality-analysis/timothee-chalamet,9,1945,0.46,9.1
https://9takes.com/personality-analysis/tyler-cowen,9,243,3.70,8.8
https://9takes.com/enneagram-corner/enneagram-tldr,8,1599,0.50,45.0
https://9takes.com/enneagram-corner/enneagram-type-3,8,3917,0.20,26.9
https://9takes.com/enneagram-corner/enneagram-types-on-a-first-date,8,544,1.47,10.0
https://9takes.com/enneagram-corner/first-impression-cheat-sheet,8,301,2.66,9.4
https://9takes.com/enneagram-corner/mental-health/enneagram-crisis-management-guide,8,813,0.98,9.0
https://9takes.com/personality-analysis/alex-hormozi,8,1131,0.71,10.5
https://9takes.com/personality-analysis/callum-turner,8,1182,0.68,4.9
https://9takes.com/personality-analysis/jason-sudeikis,8,337,2.37,6.6
https://9takes.com/personality-analysis/john-f-kennedy,8,926,0.86,16.0
https://9takes.com/personality-analysis/michael-seibel,8,807,0.99,8.0
https://9takes.com/personality-analysis/mike-majlak,8,941,0.85,9.4
https://9takes.com/personality-analysis/zayn-malik,8,1331,0.60,7.4
https://9takes.com/enneagram-corner/love-languages-and-enneagram-types,7,2431,0.29,9.0
https://9takes.com/enneagram-corner/mental-health/enneagram-therapy-guide,7,542,1.29,29.8
https://9takes.com/enneagram-corner/mental-health/enneagram-workplace-mental-health,7,191,3.66,10.6
https://9takes.com/personality-analysis/friedrich-nietzsche,7,955,0.73,10.1
https://9takes.com/personality-analysis/kai-cenat,7,3480,0.20,8.1
https://9takes.com/personality-analysis/margot-robbie,7,888,0.79,8.1
https://9takes.com/personality-analysis/sam-altman,7,1527,0.46,12.2
https://9takes.com/personality-analysis/sean-evans,7,715,0.98,8.7
https://9takes.com/personality-analysis/sergey-brin,7,957,0.73,23.4
https://9takes.com/personality-analysis/tom-hiddleston,7,833,0.84,10.0
https://9takes.com/enneagram-corner/enneagram-type-4,6,2166,0.28,39.9
https://9takes.com/enneagram-corner/enneagram-types-in-stress,6,1399,0.43,25.1
https://9takes.com/enneagram-corner/mental-health/enneagram-medication-mental-health,6,286,2.10,11.4
https://9takes.com/how-to-guides/dating-dynamics-by-enneagram-type,6,678,0.88,30.0
https://9takes.com/personality-analysis/alexis-bledel,6,832,0.72,8.8
https://9takes.com/personality-analysis/billie-eilish,6,1692,0.35,10.2
https://9takes.com/personality-analysis/grimes,6,1123,0.53,12.3
https://9takes.com/personality-analysis/jack-dorsey,6,731,0.82,10.8
https://9takes.com/personality-analysis/john-travolta,6,958,0.63,6.9
https://9takes.com/personality-analysis/marcello-hernandez,6,425,1.41,8.2
https://9takes.com/personality-analysis/meryl-streep,6,453,1.32,11.1
https://9takes.com/personality-analysis/peter-thiel,6,1080,0.56,11.5
https://9takes.com/personality-analysis/ronald-reagan,6,697,0.86,19.3
https://9takes.com/personality-analysis/steve-jobs,6,726,0.83,15.5
https://9takes.com/personality-analysis/trevor-noah,6,822,0.73,9.4
https://9takes.com/pop-culture/tech-titans-ai-wars,6,1164,0.52,9.6
https://9takes.com/corpus-stats,5,1549,0.32,8.7
https://9takes.com/enneagram-corner/enneagram-parenting-styles,5,856,0.58,27.6
https://9takes.com/enneagram-corner/mental-health/enneagram-science-mental-health,5,4929,0.10,9.6
https://9takes.com/enneagram-corner/relationship-communication-guide,5,2133,0.23,40.9
https://9takes.com/enneagram-corner/why-you-cant-stop-overthinking-enneagram,5,792,0.63,7.9
https://9takes.com/personality-analysis/anna-kendrick,5,358,1.40,8.1
https://9takes.com/personality-analysis/arnold-schwarzenegger,5,578,0.87,9.8
https://9takes.com/personality-analysis/casey-neistat,5,1351,0.37,10.7
https://9takes.com/personality-analysis/drake,5,1190,0.42,8.2
https://9takes.com/personality-analysis/dua-lipa,5,1248,0.40,8.5
https://9takes.com/personality-analysis/jake-gyllenhaal,5,536,0.93,9.3
https://9takes.com/personality-analysis/keke-palmer,5,876,0.57,7.8
https://9takes.com/personality-analysis/shane-gillis,5,328,1.52,8.4
https://9takes.com/personality-analysis/stavros-halkias,5,558,0.90,7.9
https://9takes.com/personality-analysis/tom-hardy,5,1055,0.47,8.8
https://9takes.com/personality-analysis/zoe-kravitz,5,496,1.01,11.0
https://9takes.com/pop-culture,5,429,1.17,13.0
https://9takes.com/pop-culture/epstein-psychology-part-1,5,577,0.87,14.8
https://9takes.com/pop-culture/tech-titans-enneagram-analysis,5,251,1.99,9.1
https://9takes.com/pop-culture/tech-titans-leadership-styles,5,424,1.18,11.1
https://9takes.com/pop-culture/what-enneagram-type-are-most-musicians,5,330,1.52,6.9
https://9takes.com/enneagram-corner/enneagram-communication-styles,4,360,1.11,16.4
https://9takes.com/enneagram-corner/enneagram-type-2,4,857,0.47,41.2
https://9takes.com/enneagram-corner/enneagram-types-at-party,4,341,1.17,11.8
https://9takes.com/enneagram-corner/how-each-enneagram-flexes,4,273,1.47,13.5
https://9takes.com/personality-analysis/amber-heard,4,526,0.76,10.2
https://9takes.com/personality-analysis/anya-taylor-joy,4,551,0.73,13.2
https://9takes.com/personality-analysis/ben-horowitz,4,405,0.99,13.7
https://9takes.com/personality-analysis/bill-gates,4,738,0.54,10.0
https://9takes.com/personality-analysis/brittany-broski,4,799,0.50,9.2
https://9takes.com/personality-analysis/caleb-hearon,4,1015,0.39,8.2
https://9takes.com/personality-analysis/chamath-palihapitiya,4,267,1.50,15.0
https://9takes.com/personality-analysis/christian-bale,4,463,0.86,7.8
https://9takes.com/personality-analysis/dave-portnoy,4,412,0.97,17.7
https://9takes.com/personality-analysis/denzel-washington,4,601,0.67,7.9
https://9takes.com/personality-analysis/dwayne-johnson,4,1385,0.29,8.7
https://9takes.com/personality-analysis/gordon-ramsay,4,169,2.37,9.1
https://9takes.com/personality-analysis/henry-cavill,4,850,0.47,10.1
https://9takes.com/personality-analysis/jennifer-garner,4,399,1.00,6.8
https://9takes.com/personality-analysis/kim-kardashian,4,449,0.89,11.3
https://9takes.com/personality-analysis/marc-andreessen,4,404,0.99,13.9
https://9takes.com/personality-analysis/mark-zuckerberg,4,1461,0.27,12.1
https://9takes.com/personality-analysis/matt-damon,4,285,1.40,7.5
https://9takes.com/personality-analysis/matthew-mcconaughey,4,583,0.69,8.5
https://9takes.com/personality-analysis/nicole-kidman,4,788,0.51,9.7
https://9takes.com/personality-analysis/nikola-tesla,4,997,0.40,10.1
https://9takes.com/personality-analysis/pete-davidson,4,309,1.29,10.2
https://9takes.com/personality-analysis/sam-parr,4,184,2.17,11.8
https://9takes.com/personality-analysis/steve-carell,4,1044,0.38,8.7
https://9takes.com/personality-analysis/type/7,4,2420,0.17,18.6
https://9takes.com/enneagram-corner/enneagram-dating-guide-for-men,3,322,0.93,12.0
https://9takes.com/enneagram-corner/enneagram-vs-personality-frameworks-comparison,3,3598,0.08,8.5
https://9takes.com/enneagram-corner/mental-health/enneagram-therapy-resistance-guide,3,370,0.81,20.4
https://9takes.com/personality-analysis/adela,3,585,0.51,8.4
https://9takes.com/personality-analysis/conan-obrien,3,392,0.77,8.9
https://9takes.com/personality-analysis/demis-hassabis,3,148,2.03,7.2
https://9takes.com/personality-analysis/garry-tan,3,222,1.35,12.7
https://9takes.com/personality-analysis/george-h-w-bush,3,410,0.73,16.8
https://9takes.com/personality-analysis/gwyneth-paltrow,3,501,0.60,8.7
https://9takes.com/personality-analysis/hilary-duff,3,326,0.92,8.4
https://9takes.com/personality-analysis/hugh-jackman,3,651,0.46,9.4
https://9takes.com/personality-analysis/jacob-elordi,3,386,0.78,7.6
https://9takes.com/personality-analysis/joe-lonsdale,3,257,1.17,10.7
https://9takes.com/personality-analysis/johnny-depp,3,1289,0.23,9.9
https://9takes.com/personality-analysis/justin-bieber,3,697,0.43,10.4
https://9takes.com/personality-analysis/kanye,3,619,0.48,11.9
https://9takes.com/personality-analysis/keanu-reeves,3,739,0.41,10.3
https://9takes.com/personality-analysis/kendrick-lamar,3,778,0.39,10.8
https://9takes.com/personality-analysis/kylie-jenner,3,957,0.31,8.7
https://9takes.com/personality-analysis/larry-page,3,659,0.46,11.4
https://9takes.com/personality-analysis/michael-b-jordan,3,710,0.42,10.3
https://9takes.com/personality-analysis/mikey-madison,3,1004,0.30,8.7
https://9takes.com/personality-analysis/millie-bobby-brown,3,1252,0.24,9.8
https://9takes.com/personality-analysis/morgan-wallen,3,398,0.75,9.6
https://9takes.com/personality-analysis/ray-dalio,3,554,0.54,13.2
https://9takes.com/personality-analysis/robert-greene,3,2172,0.14,9.8
https://9takes.com/personality-analysis/rooney-mara,3,365,0.82,8.2
https://9takes.com/personality-analysis/saoirse-ronan,3,278,1.08,8.5
https://9takes.com/personality-analysis/shia-labeouf,3,492,0.61,8.8
https://9takes.com/personality-analysis/winston-churchill,3,641,0.47,13.4
https://9takes.com/personality-analysis/zara-larsson,3,722,0.42,8.5
https://9takes.com/enneagram-corner/astrology-and-the-enneagram#enneagram-types-and-zodiac-signs-the-complete-correlation-chart,2,1043,0.19,6.7
https://9takes.com/enneagram-corner/enneagram-and-adhd-which-types-struggle-most#why-your-enneagram-type-affects-how-adhd-shows-up,2,2149,0.09,4.3
https://9takes.com/enneagram-corner/enneagram-and-mental-illness#type-6-anxiety-disorders-and-paranoid-thinking,2,2088,0.10,6.5
https://9takes.com/enneagram-corner/enneagram-party-planner,2,52,3.85,8.2
https://9takes.com/enneagram-corner/enneagram-stress-number,2,854,0.23,34.8
https://9takes.com/enneagram-corner/enneagram-type-1,2,395,0.51,16.3
https://9takes.com/enneagram-corner/how-each-enneagram-type-self-sabotages-success,2,710,0.28,8.7
https://9takes.com/enneagram-corner/how-to-navigate-early-relationship-stages,2,123,1.63,14.2
https://9takes.com/enneagram-corner/philosophy-psychology-and-the-enneagram,2,91,2.20,10.0
https://9takes.com/enneagram-corner/why-the-next-thing-wont-fix-it-type-7,2,155,1.29,16.6
https://9takes.com/personality-analysis/adam-sandler,2,251,0.80,9.4
https://9takes.com/personality-analysis/albert-einstein,2,369,0.54,12.8
https://9takes.com/personality-analysis/andrew-callaghan,2,243,0.82,8.2
https://9takes.com/personality-analysis/andrew-ross-sorkin,2,50,4.00,9.2
https://9takes.com/personality-analysis/anna-wintour,2,490,0.41,9.5
https://9takes.com/personality-analysis/barack-obama,2,354,0.56,10.3
https://9takes.com/personality-analysis/bobbi-althoff,2,287,0.70,10.5
https://9takes.com/personality-analysis/christopher-nolan,2,367,0.54,9.1
https://9takes.com/personality-analysis/david-goggins,2,872,0.23,9.1
https://9takes.com/personality-analysis/elon-musk,2,1507,0.13,16.4
https://9takes.com/personality-analysis/emily-ratajkowski,2,137,1.46,9.1
https://9takes.com/personality-analysis/george-rr-martin,2,275,0.73,10.0
https://9takes.com/personality-analysis/gigi-hadid,2,101,1.98,5.9
https://9takes.com/personality-analysis/halsey,2,348,0.57,10.4
https://9takes.com/personality-analysis/jennifer-lopez,2,1223,0.16,9.4
https://9takes.com/personality-analysis/jimmy-fallon,2,702,0.28,7.8
https://9takes.com/personality-analysis/joe-rogan,2,859,0.23,9.4
https://9takes.com/personality-analysis/john-d-rockefeller,2,211,0.95,8.3
https://9takes.com/personality-analysis/john-ternus,2,496,0.40,8.5
https://9takes.com/personality-analysis/kendall-jenner,2,189,1.06,8.7
https://9takes.com/personality-analysis/khloe-kardashian,2,631,0.32,7.9
https://9takes.com/personality-analysis/lili-reinhart,2,414,0.48,10.0
https://9takes.com/personality-analysis/logan-paul,2,764,0.26,11.6
https://9takes.com/personality-analysis/margaret-qualley,2,93,2.15,8.6
https://9takes.com/personality-analysis/michelle-obama,2,231,0.87,15.2
https://9takes.com/personality-analysis/mr-beast,2,1351,0.15,11.4
https://9takes.com/personality-analysis/nate-bargatze,2,71,2.82,10.2
https://9takes.com/personality-analysis/olivia-cooke,2,51,3.92,7.2
https://9takes.com/personality-analysis/oprah-winfrey,2,582,0.34,15.5
https://9takes.com/personality-analysis/palmer-luckey,2,445,0.45,11.4
https://9takes.com/personality-analysis/phoebe-bridgers,2,332,0.60,7.6
https://9takes.com/personality-analysis/ryan-grim,2,339,0.59,10.6
https://9takes.com/personality-analysis/sam-bankman-fried,2,431,0.46,15.2
https://9takes.com/personality-analysis/scarlett-johansson,2,1046,0.19,8.3
https://9takes.com/personality-analysis/travis-kelce,2,241,0.83,7.6
https://9takes.com/pop-culture/google-leadership-evolution,2,741,0.27,11.9
https://9takes.com/pop-culture/us-presidents-enneagram-analysis,2,32,6.25,7.9
https://9takes.com/about,1,187,0.53,3.4
https://9takes.com/community/why-im-selective-sharing-enneagram,1,57,1.75,5.4
https://9takes.com/enneagram-corner/beginners-guide-to-determining-your-enneagram-type,1,379,0.26,30.1
https://9takes.com/enneagram-corner/enneagram-and-adhd-which-types-struggle-most#how-adhd-affects-each-enneagram-type-differently,1,2178,0.05,4.3
https://9takes.com/enneagram-corner/enneagram-books-websites-podcasts,1,96,1.04,43.0
https://9takes.com/enneagram-corner/enneagram-connecting-lines,1,235,0.43,16.4
https://9takes.com/enneagram-corner/enneagram-harmonic-approaches,1,18,5.56,8.4
https://9takes.com/enneagram-corner/enneagram-team-dynamics,1,751,0.13,31.4
https://9takes.com/enneagram-corner/enneagram-vs-meyers-briggs,1,409,0.24,30.8
https://9takes.com/enneagram-corner/mental-health/enneagram-medication-mental-health#type-2-the-helper-and-medication,1,17,5.88,5.4
https://9takes.com/enneagram-corner/neurodiversity-vs-personality,1,43,2.33,11.7
https://9takes.com/how-to-guides/5-tough-conversations-you-need-to-have-with-your-partner,1,145,0.69,32.6
https://9takes.com/how-to-guides/definitive-guide-to-self-efficacy,1,24,4.17,10.1
https://9takes.com/personality-analysis/Charli-xcx,1,64,1.56,7.3
https://9takes.com/personality-analysis/aaron-pierre,1,163,0.61,7.4
https://9takes.com/personality-analysis/adin-ross,1,923,0.11,10.9
https://9takes.com/personality-analysis/alex-cooper,1,579,0.17,11.9
https://9takes.com/personality-analysis/alex-lieberman,1,25,4.00,9.2
https://9takes.com/personality-analysis/alexandria-ocasio-cortez,1,311,0.32,9.1
https://9takes.com/personality-analysis/amelia-dimoldenberg,1,79,1.27,8.0
https://9takes.com/personality-analysis/bad-bunny,1,330,0.30,8.6
https://9takes.com/personality-analysis/benny-blanco,1,138,0.72,8.9
https://9takes.com/personality-analysis/bill-burr,1,531,0.19,7.5
https://9takes.com/personality-analysis/bill-clinton,1,82,1.22,10.0
https://9takes.com/personality-analysis/brian-chesky,1,32,3.13,21.2
https://9takes.com/personality-analysis/caitlin-clark,1,69,1.45,9.2
https://9takes.com/personality-analysis/cardi-b,1,335,0.30,9.4
https://9takes.com/personality-analysis/chappell-roan,1,856,0.12,9.6
https://9takes.com/personality-analysis/chris-hemsworth,1,321,0.31,8.8
https://9takes.com/personality-analysis/corinna-kopf,1,91,1.10,5.5
https://9takes.com/personality-analysis/dalton-caldwell,1,421,0.24,8.3
https://9takes.com/personality-analysis/david-beckham,1,599,0.17,8.2
https://9takes.com/personality-analysis/david-dobrik,1,161,0.62,13.7
https://9takes.com/personality-analysis/david-sacks,1,251,0.40,8.3
https://9takes.com/personality-analysis/dax-shepard,1,71,1.41,7.7
https://9takes.com/personality-analysis/doechii,1,281,0.36,11.2
https://9takes.com/personality-analysis/dolly-parton,1,222,0.45,9.2
https://9takes.com/personality-analysis/donald-trump,1,279,0.36,17.8
https://9takes.com/personality-analysis/dr-phil,1,251,0.40,10.5
https://9takes.com/personality-analysis/eminem,1,1158,0.09,12.2
https://9takes.com/personality-analysis/freddie-mercury,1,150,0.67,8.0
https://9takes.com/personality-analysis/frida-kahlo,1,471,0.21,9.9
https://9takes.com/personality-analysis/gavin-newsom,1,193,0.52,13.5
https://9takes.com/personality-analysis/harrison-ford,1,196,0.51,9.7
https://9takes.com/personality-analysis/hayao-miyazaki,1,379,0.26,9.8
https://9takes.com/personality-analysis/howard-stern,1,421,0.24,11.5
https://9takes.com/personality-analysis/ilona-maher,1,736,0.14,9.8
https://9takes.com/personality-analysis/james-charles,1,40,2.50,6.8
https://9takes.com/personality-analysis/jeff-bezos,1,797,0.13,15.2
https://9takes.com/personality-analysis/joaquin-phoenix,1,762,0.13,15.4
https://9takes.com/personality-analysis/joe-biden,1,79,1.27,16.7
https://9takes.com/personality-analysis/jordi-hays#the-newspaper-came-before-the-studio,1,654,0.15,6.4
https://9takes.com/personality-analysis/jordi-hays#while-other-kids-worshipped-athletes,1,1789,0.06,6.5
https://9takes.com/personality-analysis/joseph-stalin,1,365,0.27,9.2
https://9takes.com/personality-analysis/kacey-musgraves,1,63,1.59,8.3
https://9takes.com/personality-analysis/kamala-harris,1,151,0.66,17.9
https://9takes.com/personality-analysis/kate-hudson,1,94,1.06,7.5
https://9takes.com/personality-analysis/katy-perry,1,254,0.39,10.5
https://9takes.com/personality-analysis/kyle-forgeard,1,386,0.26,7.2
https://9takes.com/personality-analysis/lady-gaga,1,416,0.24,11.3
https://9takes.com/personality-analysis/leonardo-da-vinci,1,199,0.50,9.2
https://9takes.com/personality-analysis/leonardo-dicaprio,1,642,0.16,11.5
https://9takes.com/personality-analysis/lex-fridman#shes-the-reason-for-any-good-that-i-am,1,49,2.04,7.6
https://9takes.com/personality-analysis/lupita-nyongo,1,94,1.06,11.5
https://9takes.com/personality-analysis/machine-gun-kelly,1,77,1.30,7.6
https://9takes.com/personality-analysis/matt-smith,1,94,1.06,6.9
https://9takes.com/personality-analysis/miles-teller,1,685,0.15,12.9
https://9takes.com/personality-analysis/miley-cyrus,1,311,0.32,11.7
https://9takes.com/personality-analysis/mother-teresa,1,128,0.78,10.1
https://9takes.com/personality-analysis/n3on,1,64,1.56,6.2
https://9takes.com/personality-analysis/odessa-azion,1,150,0.67,7.8
https://9takes.com/personality-analysis/olivia-munn,1,322,0.31,9.5
https://9takes.com/personality-analysis/pedro-pascal,1,645,0.16,8.1
https://9takes.com/personality-analysis/pete-hegseth,1,148,0.68,7.3
https://9takes.com/personality-analysis/pinkpantheress,1,166,0.60,7.7
https://9takes.com/personality-analysis/rachel-mcadams,1,46,2.17,8.3
https://9takes.com/personality-analysis/reed-hastings,1,215,0.47,17.5
https://9takes.com/personality-analysis/robert-oppenheimer,1,500,0.20,15.3
https://9takes.com/personality-analysis/ruth-bader-ginsburg,1,191,0.52,14.1
https://9takes.com/personality-analysis/sadie-sink,1,299,0.33,7.2
https://9takes.com/personality-analysis/samara-weaving,1,18,5.56,7.0
https://9takes.com/personality-analysis/simon-sinek,1,140,0.71,7.8
https://9takes.com/personality-analysis/simone-biles,1,58,1.72,8.9
https://9takes.com/personality-analysis/sky-bri#the-girl-at-register-seven,1,3242,0.03,8.8
https://9takes.com/personality-analysis/snoop-dogg,1,454,0.22,9.2
https://9takes.com/personality-analysis/stephen-colbert,1,65,1.54,9.8
https://9takes.com/personality-analysis/stephen-hawking,1,1600,0.06,10.6
https://9takes.com/personality-analysis/steven-bartlett,1,65,1.54,9.1
https://9takes.com/personality-analysis/sundar-pichai,1,473,0.21,11.0
https://9takes.com/personality-analysis/taylor-swift,1,234,0.43,10.9
https://9takes.com/personality-analysis/tim-dillon,1,138,0.72,13.3
https://9takes.com/personality-analysis/tom-hanks,1,717,0.14,9.9
https://9takes.com/personality-analysis/travis-kalanick,1,136,0.74,6.9
https://9takes.com/personality-analysis/vivek-ramaswamy,1,126,0.79,8.0
https://9takes.com/personality-analysis/xqc,1,252,0.40,11.3
https://9takes.com/personality-analysis/zohran-mamdani,1,170,0.59,6.3
https://9takes.com/pop-culture/incel-blackpill-radicalization-enneagram,1,570,0.18,17.7
https://9takes.com/pop-culture/tbpn-john-coogan-jordi-hays-enneagram-dynamic,1,215,0.47,9.5
https://9takes.com/pop-culture/trump-type-8-vs-biden-type-2,1,26,3.85,7.0
https://9takes.com/blog,0,140,0.00,4.0
https://9takes.com/blogs/greek_statues_in_a_circle_holding_hands.webp,0,1,0.00,5.0
https://9takes.com/community,0,138,0.00,8.3
https://9takes.com/community/introducing-9takes,0,1,0.00,6.0
https://9takes.com/community/kantian-filters-and-nine-perspectives,0,33,0.00,9.8
https://9takes.com/community/personality-frameworks-map-not-territory,0,5,0.00,6.4
https://9takes.com/community/societal-ticking-time-bombs,0,7,0.00,10.7
https://9takes.com/enneagram-corner/astrology-and-the-enneagram#enneagram-subtypes-and-astrological-elements,0,741,0.00,7.1
https://9takes.com/enneagram-corner/astrology-and-the-enneagram#enneagram-types-and-astrological-houses,0,740,0.00,6.9
https://9takes.com/enneagram-corner/astrology-and-the-enneagram#enneagram-vs-astrology-whats-the-difference,0,378,0.00,5.8
https://9takes.com/enneagram-corner/astrology-and-the-enneagram#enneagram-wings-and-planetary-aspects,0,1014,0.00,6.7
https://9takes.com/enneagram-corner/astrology-and-the-enneagram#how-to-read-your-birth-chart-and-enneagram-type-together,0,884,0.00,6.9
https://9takes.com/enneagram-corner/astrology-and-the-enneagram#using-transits-as-stress-and-growth-prompts,0,1,0.00,7.0
https://9takes.com/enneagram-corner/astrology-and-the-enneagram#what-enneagram-type-is-your-zodiac-sign,0,1348,0.00,6.6
https://9takes.com/enneagram-corner/astrology-and-the-enneagram#when-your-type-and-sign-seem-to-contradict,0,305,0.00,6.5
https://9takes.com/enneagram-corner/astrology-and-the-enneagram#why-each-enneagram-type-matches-its-zodiac-sign,0,1272,0.00,6.7
https://9takes.com/enneagram-corner/attachment-styles-and-enneagram-types#the-enneagram-attachment-healing-matrix,0,498,0.00,8.4
https://9takes.com/enneagram-corner/attachment-styles-and-enneagram-types#the-missing-piece-what-is-the-enneagram,0,435,0.00,8.2
https://9takes.com/enneagram-corner/attachment-styles-and-enneagram-types#the-three-centers-a-quick-lens-before-we-dive-in,0,6,0.00,9.0
https://9takes.com/enneagram-corner/attachment-styles-and-enneagram-types#two-kinds-of-avoidant-the-distinction-most-articles-skip,0,321,0.00,7.5
https://9takes.com/enneagram-corner/attachment-styles-and-enneagram-types#type-1-the-perfectionists-attachment-dilemma,0,258,0.00,8.7
https://9takes.com/enneagram-corner/attachment-styles-and-enneagram-types#type-2-the-helpers-anxious-attachment-trap,0,606,0.00,8.1
https://9takes.com/enneagram-corner/attachment-styles-and-enneagram-types#type-3-the-achievers-performance-based-attachment,0,380,0.00,8.2
https://9takes.com/enneagram-corner/attachment-styles-and-enneagram-types#type-4-the-individualists-push-pull-attachment,0,675,0.00,8.0
https://9takes.com/enneagram-corner/attachment-styles-and-enneagram-types#type-5-the-investigators-dismissive-fortress,0,188,0.00,6.9
https://9takes.com/enneagram-corner/attachment-styles-and-enneagram-types#type-6-the-loyalists-anxiety-spiral,0,109,0.00,7.6
https://9takes.com/enneagram-corner/attachment-styles-and-enneagram-types#type-7-the-enthusiasts-avoidance-through-adventure,0,105,0.00,7.6
https://9takes.com/enneagram-corner/attachment-styles-and-enneagram-types#type-8-the-challengers-armored-heart,0,116,0.00,6.8
https://9takes.com/enneagram-corner/attachment-styles-and-enneagram-types#type-9-the-peacemakers-invisible-attachment,0,191,0.00,8.9
https://9takes.com/enneagram-corner/attachment-styles-and-enneagram-types#what-are-attachment-styles-really,0,418,0.00,8.0
https://9takes.com/enneagram-corner/beginners-guide-to-determining-your-enneagram-type#step-1-forget-everything-you-know-about-personality-tests,0,2,0.00,10.5
https://9takes.com/enneagram-corner/beginners-guide-to-determining-your-enneagram-type#step-2-find-your-emotional-home-base,0,2,0.00,10.5
https://9takes.com/enneagram-corner/beginners-guide-to-determining-your-enneagram-type#step-3-connect-the-dots-to-your-childhood,0,3,0.00,10.7
https://9takes.com/enneagram-corner/beginners-guide-to-determining-your-enneagram-type#step-4-meet-your-type-the-thats-me-moment,0,3,0.00,10.7
https://9takes.com/enneagram-corner/beginners-guide-to-determining-your-enneagram-type#the-secret-sauce-how-stress-and-growth-confirm-your-type,0,2,0.00,10.5
https://9takes.com/enneagram-corner/biggest-compliments-to-give-each-enneagram-type#before-you-use-the-script-get-the-evidence,0,67,0.00,5.4
https://9takes.com/enneagram-corner/biggest-compliments-to-give-each-enneagram-type#body-types-recognize-how-they-use-their-presence,0,80,0.00,5.5
https://9takes.com/enneagram-corner/biggest-compliments-to-give-each-enneagram-type#compliment-cheat-sheet,0,129,0.00,5.2
https://9takes.com/enneagram-corner/biggest-compliments-to-give-each-enneagram-type#heart-types-separate-worth-from-performance,0,68,0.00,5.5
https://9takes.com/enneagram-corner/biggest-compliments-to-give-each-enneagram-type#type-1-the-perfectionist,0,34,0.00,5.1
https://9takes.com/enneagram-corner/biggest-compliments-to-give-each-enneagram-type#type-2-the-helper,0,34,0.00,5.1
https://9takes.com/enneagram-corner/biggest-compliments-to-give-each-enneagram-type#type-3-the-achiever,0,47,0.00,4.5
https://9takes.com/enneagram-corner/biggest-compliments-to-give-each-enneagram-type#type-4-the-individualist,0,32,0.00,4.9
https://9takes.com/enneagram-corner/biggest-compliments-to-give-each-enneagram-type#type-5-the-investigator,0,49,0.00,4.6
https://9takes.com/enneagram-corner/biggest-compliments-to-give-each-enneagram-type#type-6-the-loyalist,0,32,0.00,4.9
https://9takes.com/enneagram-corner/depression-patterns-by-enneagram-type#depression-patterns-comparison-table,0,791,0.00,5.8
https://9takes.com/enneagram-corner/depression-patterns-by-enneagram-type#how-your-type-relates-to-medication,0,192,0.00,6.1
https://9takes.com/enneagram-corner/depression-patterns-by-enneagram-type#type-1-the-perfectionists-depression,0,253,0.00,6.1
https://9takes.com/enneagram-corner/depression-patterns-by-enneagram-type#type-2-the-helpers-depression,0,469,0.00,6.0
https://9takes.com/enneagram-corner/depression-patterns-by-enneagram-type#type-3-the-achievers-invisible-depression,0,594,0.00,5.7
https://9takes.com/enneagram-corner/depression-patterns-by-enneagram-type#type-4-the-individualists-depression,0,494,0.00,5.8
https://9takes.com/enneagram-corner/depression-patterns-by-enneagram-type#type-5-the-investigators-depression,0,173,0.00,6.6
https://9takes.com/enneagram-corner/depression-patterns-by-enneagram-type#type-6-the-loyalists-depression,0,267,0.00,5.8
https://9takes.com/enneagram-corner/depression-patterns-by-enneagram-type#type-7-the-enthusiasts-hidden-depression,0,783,0.00,5.9
https://9takes.com/enneagram-corner/depression-patterns-by-enneagram-type#type-8-the-challengers-depression,0,175,0.00,6.2
https://9takes.com/enneagram-corner/depression-patterns-by-enneagram-type#type-9-the-peacemakers-depression,0,879,0.00,5.9
https://9takes.com/enneagram-corner/depression-patterns-by-enneagram-type#when-you-dont-recognize-your-own-depression,0,390,0.00,6.4
https://9takes.com/enneagram-corner/depression-patterns-by-enneagram-type#why-depression-varies-by-enneagram-type,0,875,0.00,5.8
https://9takes.com/enneagram-corner/enneagram-and-adhd-which-types-most-and-why,0,1,0.00,1.0
https://9takes.com/enneagram-corner/enneagram-and-adhd-which-types-struggle-most#coping-strategies-that-actually-work-by-type,0,1515,0.00,4.3
https://9takes.com/enneagram-corner/enneagram-and-adhd-which-types-struggle-most#when-to-seek-professional-help,0,1514,0.00,4.3
https://9takes.com/enneagram-corner/enneagram-and-adhd-which-types-struggle-most#which-enneagram-types-are-most-commonly-diagnosed-with-adhd,0,1542,0.00,4.3
https://9takes.com/enneagram-corner/enneagram-and-mental-illness#important-context-and-disclaimer,0,300,0.00,4.3
https://9takes.com/enneagram-corner/enneagram-and-mental-illness#mental-health-risk-overview-by-type,0,1467,0.00,5.3
https://9takes.com/enneagram-corner/enneagram-and-mental-illness#type-1-perfectionism-and-obsessive-compulsive-tendencies,0,2030,0.00,6.8
https://9takes.com/enneagram-corner/enneagram-and-mental-illness#type-2-codependency-and-emotional-manipulation,0,1526,0.00,7.3
https://9takes.com/enneagram-corner/enneagram-and-mental-illness#type-3-narcissistic-traits-and-imposter-syndrome,0,1734,0.00,6.8
https://9takes.com/enneagram-corner/enneagram-and-mental-illness#type-4-chronic-depression-and-identity-issues,0,1830,0.00,7.0
https://9takes.com/enneagram-corner/enneagram-and-mental-illness#type-5-social-isolation-and-schizoid-tendencies,0,1387,0.00,6.3
https://9takes.com/enneagram-corner/enneagram-and-mental-illness#type-7-manic-behavior-and-addiction-struggles,0,1251,0.00,8.1
https://9takes.com/enneagram-corner/enneagram-and-religion#christianity-and-the-enneagram,0,39,0.00,6.8
https://9takes.com/enneagram-corner/enneagram-and-religion#sufism-and-the-enneagrams-origins,0,21,0.00,6.9
https://9takes.com/enneagram-corner/enneagram-and-religion#the-enneagram-and-judaism,0,38,0.00,6.7
https://9takes.com/enneagram-corner/enneagram-childhood-stereotypes#type-1-the-little-perfectionists,0,8,0.00,10.8
https://9takes.com/enneagram-corner/enneagram-childhood-stereotypes#type-2-the-young-caretakers,0,2,0.00,10.5
https://9takes.com/enneagram-corner/enneagram-childhood-stereotypes#type-3-the-little-achievers,0,2,0.00,10.5
https://9takes.com/enneagram-corner/enneagram-childhood-stereotypes#type-4-the-tortured-artists,0,8,0.00,10.8
https://9takes.com/enneagram-corner/enneagram-childhood-stereotypes#type-5-the-young-investigators,0,2,0.00,10.5
https://9takes.com/enneagram-corner/enneagram-childhood-stereotypes#type-6-the-loyal-protectors,0,2,0.00,10.5
https://9takes.com/enneagram-corner/enneagram-childhood-stereotypes#type-7-the-mini-adventurers,0,2,0.00,10.5
https://9takes.com/enneagram-corner/enneagram-communication-guide,0,78,0.00,14.9
https://9takes.com/enneagram-corner/enneagram-communication-styles#type-1-the-perfectionists-dictionary,0,10,0.00,9.4
https://9takes.com/enneagram-corner/enneagram-communication-styles#type-2-the-helpers-emotional-radar,0,16,0.00,9.9
https://9takes.com/enneagram-corner/enneagram-communication-styles#type-3-the-achievers-efficiency-engine,0,18,0.00,9.6
https://9takes.com/enneagram-corner/enneagram-communication-styles#type-4-the-individualists-emotional-symphony,0,10,0.00,9.8
https://9takes.com/enneagram-corner/enneagram-communication-styles#type-5-the-investigators-data-stream,0,9,0.00,9.9
https://9takes.com/enneagram-corner/enneagram-communication-styles#type-6-the-loyalists-radar-system,0,10,0.00,9.9
https://9takes.com/enneagram-corner/enneagram-communication-styles#type-7-the-enthusiasts-possibility-engine,0,16,0.00,9.9
https://9takes.com/enneagram-corner/enneagram-communication-tips#type-1-the-perfectionist,0,23,0.00,6.0
https://9takes.com/enneagram-corner/enneagram-communication-tips#type-2-the-helper,0,6,0.00,6.3
https://9takes.com/enneagram-corner/enneagram-communication-tips#type-3-the-achiever,0,22,0.00,6.0
https://9takes.com/enneagram-corner/enneagram-communication-tips#type-5-the-investigator,0,4,0.00,5.0
https://9takes.com/enneagram-corner/enneagram-communication-tips#type-7-the-enthusiast,0,6,0.00,6.7
https://9takes.com/enneagram-corner/enneagram-communication-tips#type-8-the-challenger,0,5,0.00,5.4
https://9takes.com/enneagram-corner/enneagram-communication-tips#why-your-words-keep-missing-the-target,0,19,0.00,5.4
https://9takes.com/enneagram-corner/enneagram-compatibility-matrix#how-compatibility-actually-works,0,547,0.00,6.8
https://9takes.com/enneagram-corner/enneagram-compatibility-matrix#how-to-navigate-challenging-enneagram-pairings,0,427,0.00,6.9
https://9takes.com/enneagram-corner/enneagram-compatibility-matrix#red-flags-vs-growth-edges-in-enneagram-relationships,0,435,0.00,6.9
https://9takes.com/enneagram-corner/enneagram-compatibility-matrix#the-complete-compatibility-matrix-all-81-combinations,0,594,0.00,6.8
https://9takes.com/enneagram-corner/enneagram-compatibility-matrix#what-makes-any-enneagram-pairing-work,0,446,0.00,7.0
https://9takes.com/enneagram-corner/enneagram-compatibility-matrix#which-enneagram-types-are-most-compatible,0,467,0.00,6.8
https://9takes.com/enneagram-corner/enneagram-compatibility-matrix#why-opposites-attract-and-same-types-clash,0,417,0.00,6.8
https://9takes.com/enneagram-corner/enneagram-concepts,0,423,0.00,45.3
https://9takes.com/enneagram-corner/enneagram-dating-guide-for-men#how-to-read-her-type-in-the-first-three-dates,0,5,0.00,8.6
https://9takes.com/enneagram-corner/enneagram-dating-guide-for-men#how-your-enneagram-type-shapes-your-dating-life,0,4,0.00,9.0
https://9takes.com/enneagram-corner/enneagram-dating-guide-for-men#type-1---the-perfectionist,0,4,0.00,8.0
https://9takes.com/enneagram-corner/enneagram-dating-guide-for-men#type-2---the-helper,0,5,0.00,8.6
https://9takes.com/enneagram-corner/enneagram-dating-guide-for-men#type-3---the-achiever,0,6,0.00,9.0
https://9takes.com/enneagram-corner/enneagram-dating-guide-for-men#type-5---the-investigator,0,1,0.00,5.0
https://9takes.com/enneagram-corner/enneagram-dating-guide-for-men#type-6---the-loyalist,0,1,0.00,11.0
https://9takes.com/enneagram-corner/enneagram-dating-guide-for-men#type-7---the-enthusiast,0,1,0.00,7.0
https://9takes.com/enneagram-corner/enneagram-dating-guide-for-men#type-8---the-challenger,0,3,0.00,9.0
https://9takes.com/enneagram-corner/enneagram-dating-guide-for-men#type-9---the-peacemaker,0,6,0.00,9.7
https://9takes.com/enneagram-corner/enneagram-dating-guide-for-men#why-your-enneagram-type-determines-your-dating-success,0,4,0.00,10.0
https://9takes.com/enneagram-corner/enneagram-influences,0,79,0.00,29.2
https://9takes.com/enneagram-corner/enneagram-instinctual-subtypes#detailed-breakdown-each-enneagram-type-and-its-subtypes,0,148,0.00,9.6
https://9takes.com/enneagram-corner/enneagram-instinctual-subtypes#the-achiever-type-3,0,81,0.00,9.7
https://9takes.com/enneagram-corner/enneagram-instinctual-subtypes#the-enthusiast-type-7,0,73,0.00,9.7
https://9takes.com/enneagram-corner/enneagram-instinctual-subtypes#the-helper-type-2,0,138,0.00,9.6
https://9takes.com/enneagram-corner/enneagram-instinctual-subtypes#the-individualist-type-4,0,8,0.00,9.3
https://9takes.com/enneagram-corner/enneagram-instinctual-subtypes#the-investigator-type-5,0,75,0.00,9.8
https://9takes.com/enneagram-corner/enneagram-instinctual-subtypes#the-loyalist-type-6,0,3,0.00,9.3
https://9takes.com/enneagram-corner/enneagram-instinctual-subtypes#the-perfectionist-type-1,0,77,0.00,9.8
https://9takes.com/enneagram-corner/enneagram-instinctual-subtypes#why-instinctual-subtypes-matter,0,129,0.00,9.6
https://9takes.com/enneagram-corner/enneagram-leadership,0,390,0.00,46.4
https://9takes.com/enneagram-corner/enneagram-mental-health-flags#type-1-the-perfectionists-pressure-cooker,0,10,0.00,6.8
https://9takes.com/enneagram-corner/enneagram-mental-health-flags#type-2-the-helpers-hidden-cry-for-help,0,6,0.00,8.5
https://9takes.com/enneagram-corner/enneagram-mental-health-flags#type-3-the-achievers-authenticity-alarm,0,7,0.00,9.7
https://9takes.com/enneagram-corner/enneagram-mental-health-flags#type-4-the-individualists-emotional-tsunami-warning,0,10,0.00,6.8
https://9takes.com/enneagram-corner/enneagram-mental-health-flags#type-5-the-investigators-information-overload-alert,0,5,0.00,8.6
https://9takes.com/enneagram-corner/enneagram-mental-health-flags#type-6-the-loyalists-anxiety-alarm-system,0,8,0.00,9.1
https://9takes.com/enneagram-corner/enneagram-mental-health-flags#type-7-the-enthusiasts-escape-hatch-alert,0,5,0.00,8.0
https://9takes.com/enneagram-corner/enneagram-mental-health-flags#type-8-the-challengers-vulnerability-fortress-alarm,0,9,0.00,9.0
https://9takes.com/enneagram-corner/enneagram-object-relations,0,2,0.00,11.5
https://9takes.com/enneagram-corner/enneagram-personal-growth,0,997,0.00,24.0
https://9takes.com/enneagram-corner/enneagram-personal-growth#the-growth-multiplier-effect,0,1,0.00,10.0
https://9takes.com/enneagram-corner/enneagram-personal-growth#type-3-the-achiever---from-performer-to-person,0,1,0.00,10.0
https://9takes.com/enneagram-corner/enneagram-self-development,0,95,0.00,21.8
https://9takes.com/enneagram-corner/enneagram-social-styles,0,49,0.00,9.0
https://9takes.com/enneagram-corner/enneagram-strengths-and-weaknesses#strengths-in-different-contexts,0,210,0.00,7.2
https://9takes.com/enneagram-corner/enneagram-strengths-and-weaknesses#type-1---the-perfectionist,0,330,0.00,7.2
https://9takes.com/enneagram-corner/enneagram-strengths-and-weaknesses#type-2---the-helper,0,155,0.00,7.7
https://9takes.com/enneagram-corner/enneagram-strengths-and-weaknesses#type-3---the-achiever,0,183,0.00,7.7
https://9takes.com/enneagram-corner/enneagram-strengths-and-weaknesses#type-4---the-individualist,0,204,0.00,7.6
https://9takes.com/enneagram-corner/enneagram-strengths-and-weaknesses#type-5---the-investigator,0,109,0.00,7.7
https://9takes.com/enneagram-corner/enneagram-strengths-and-weaknesses#type-6---the-loyalist,0,44,0.00,7.9
https://9takes.com/enneagram-corner/enneagram-strengths-and-weaknesses#type-7---the-enthusiast,0,64,0.00,7.0
https://9takes.com/enneagram-corner/enneagram-strengths-and-weaknesses#type-8---the-challenger,0,75,0.00,7.6
https://9takes.com/enneagram-corner/enneagram-strengths-and-weaknesses#type-9---the-peacemaker,0,91,0.00,8.0
https://9takes.com/enneagram-corner/enneagram-strengths-and-weaknesses#working-with-your-weaknesses-a-strategic-approach,0,307,0.00,7.2
https://9takes.com/enneagram-corner/enneagram-test-comparison-2025#faqs-about-enneagram-tests,0,108,0.00,7.6
https://9takes.com/enneagram-corner/enneagram-test-comparison-2025#quick-reference-test-comparison-table,0,74,0.00,7.5
https://9takes.com/enneagram-corner/enneagram-test-comparison-2025#red-flags-tests-to-avoid,0,63,0.00,7.4
https://9takes.com/enneagram-corner/enneagram-test-comparison-2025#the-10-best-enneagram-tests-for-2025-ranked,0,145,0.00,7.7
https://9takes.com/enneagram-corner/enneagram-test-comparison-2025#the-hidden-cost-of-mistyping,0,2,0.00,10.5
https://9takes.com/enneagram-corner/enneagram-test-comparison-2025#what-an-enneagram-test-actually-measures,0,98,0.00,7.8
https://9takes.com/enneagram-corner/enneagram-test-comparison-2025#what-to-do-after-you-get-your-results,0,7,0.00,8.4
https://9takes.com/enneagram-corner/enneagram-test-comparison-2025#which-test-should-you-take-decision-tree,0,70,0.00,7.5
https://9takes.com/enneagram-corner/enneagram-test-comparison-2025#why-most-enneagram-tests-fail,0,78,0.00,7.6
https://9takes.com/enneagram-corner/enneagram-tldr#how-you-fall-apart-and-grow,0,2,0.00,6.5
https://9takes.com/enneagram-corner/enneagram-tldr#narrow-down-your-type-in-30-seconds,0,2,0.00,6.5
https://9takes.com/enneagram-corner/enneagram-tldr#the-9-human-operating-systems,0,2,0.00,6.5
https://9takes.com/enneagram-corner/enneagram-tldr#the-uncomfortable-truth-test,0,2,0.00,6.5
https://9takes.com/enneagram-corner/enneagram-tldr#types-that-get-confused,0,2,0.00,6.5
https://9takes.com/enneagram-corner/enneagram-type-1#how-1s-handle-conflict-the-competency-approach,0,4,0.00,5.5
https://9takes.com/enneagram-corner/enneagram-type-1#relationships-the-improvement-project,0,4,0.00,5.5
https://9takes.com/enneagram-corner/enneagram-type-1#the-anger-underneath,0,3,0.00,3.7
https://9takes.com/enneagram-corner/enneagram-type-1#the-childhood-blueprint,0,3,0.00,3.7
https://9takes.com/enneagram-corner/enneagram-type-1#the-internal-courtroom,0,4,0.00,5.5
https://9takes.com/enneagram-corner/enneagram-type-1#the-perfection-paradox,0,3,0.00,3.7
https://9takes.com/enneagram-corner/enneagram-type-1#when-standards-shatter-ones-under-stress,0,3,0.00,3.7
https://9takes.com/enneagram-corner/enneagram-type-2#how-2s-handle-conflict-the-positive-outlook-approach,0,1,0.00,3.0
https://9takes.com/enneagram-corner/enneagram-type-2#relationships-the-givers-dilemma,0,1,0.00,3.0
https://9takes.com/enneagram-corner/enneagram-type-2#the-childhood-bargain,0,1,0.00,3.0
https://9takes.com/enneagram-corner/enneagram-type-2#the-emotional-shapeshifter,0,1,0.00,3.0
https://9takes.com/enneagram-corner/enneagram-type-2#the-one-way-mirror,0,1,0.00,3.0
https://9takes.com/enneagram-corner/enneagram-type-2#when-helpers-snap,0,1,0.00,3.0
https://9takes.com/enneagram-corner/enneagram-type-3#3s-at-work-the-corporate-natural,0,6,0.00,3.5
https://9takes.com/enneagram-corner/enneagram-type-3#how-3s-handle-conflict-the-competency-approach,0,5,0.00,3.8
https://9takes.com/enneagram-corner/enneagram-type-3#relationships-the-real-test,0,5,0.00,3.8
https://9takes.com/enneagram-corner/enneagram-type-3#the-achievement-machine,0,6,0.00,3.5
https://9takes.com/enneagram-corner/enneagram-type-3#the-deceit-problem,0,6,0.00,3.5
https://9takes.com/enneagram-corner/enneagram-type-3#the-heart-triad-paradox,0,6,0.00,3.5
https://9takes.com/enneagram-corner/enneagram-type-3#the-shape-shifting-self,0,7,0.00,3.3
https://9takes.com/enneagram-corner/enneagram-type-4#how-4s-handle-conflict-the-reactive-approach,0,2,0.00,2.0
https://9takes.com/enneagram-corner/enneagram-type-4#not-sure-if-youre-a-four,0,2,0.00,2.0
https://9takes.com/enneagram-corner/enneagram-type-4#relationships-the-impossible-equation,0,2,0.00,2.0
https://9takes.com/enneagram-corner/enneagram-type-4#the-original-wound,0,2,0.00,2.0
https://9takes.com/enneagram-corner/enneagram-type-4#what-others-see-vs-what-you-feel,0,2,0.00,2.0
https://9takes.com/enneagram-corner/enneagram-type-4#when-depth-becomes-desperation,0,2,0.00,2.0
https://9takes.com/enneagram-corner/enneagram-type-4#your-gifts-and-your-shadows,0,2,0.00,2.0
https://9takes.com/enneagram-corner/enneagram-type-5#fives-at-work,0,32,0.00,10.5
https://9takes.com/enneagram-corner/enneagram-type-5#how-5s-handle-conflict-the-competency-approach,0,38,0.00,9.9
https://9takes.com/enneagram-corner/enneagram-type-5#reading-a-five-what-people-get-wrong,0,29,0.00,10.2
https://9takes.com/enneagram-corner/enneagram-type-5#the-childhood-blueprint,0,35,0.00,9.9
https://9takes.com/enneagram-corner/enneagram-type-5#the-cost-of-distance,0,30,0.00,10.4
https://9takes.com/enneagram-corner/enneagram-type-5#the-fortress-mind,0,31,0.00,9.4
https://9takes.com/enneagram-corner/enneagram-type-5#when-the-fortress-crumbles-fives-under-stress,0,34,0.00,9.8
https://9takes.com/enneagram-corner/enneagram-type-5#when-the-mind-catches-fire,0,1,0.00,12.0
https://9takes.com/enneagram-corner/enneagram-type-6#how-6s-handle-conflict-the-reactive-approach,0,3,0.00,5.7
https://9takes.com/enneagram-corner/enneagram-type-6#the-loyalty-loop,0,3,0.00,5.7
https://9takes.com/enneagram-corner/enneagram-type-6#two-flavors-of-fear-phobic-vs-counterphobic,0,2,0.00,3.0
https://9takes.com/enneagram-corner/enneagram-type-6#wings-how-your-neighbors-shape-you,0,1,0.00,11.0
https://9takes.com/enneagram-corner/enneagram-type-7#how-7s-handle-conflict-the-positive-outlook-approach,0,20,0.00,2.6
https://9takes.com/enneagram-corner/enneagram-type-7#how-you-navigate-relationships,0,23,0.00,2.5
https://9takes.com/enneagram-corner/enneagram-type-7#how-your-possibility-engine-works,0,23,0.00,2.5
https://9takes.com/enneagram-corner/enneagram-type-7#the-tradeoffs-lets-be-real,0,20,0.00,2.6
https://9takes.com/enneagram-corner/enneagram-type-7#what-happens-when-you-cant-escape,0,20,0.00,2.6
https://9takes.com/enneagram-corner/enneagram-type-7#where-this-all-started,0,20,0.00,2.6
https://9takes.com/enneagram-corner/enneagram-type-7#your-mind-works-like-jazz-improvisation,0,20,0.00,2.6
https://9takes.com/enneagram-corner/enneagram-type-8#how-8s-handle-conflict-the-reactive-approach,0,4,0.00,4.3
https://9takes.com/enneagram-corner/enneagram-type-8#life-at-full-volume,0,5,0.00,5.6
https://9takes.com/enneagram-corner/enneagram-type-8#power-at-work,0,1,0.00,11.0
https://9takes.com/enneagram-corner/enneagram-type-8#the-architecture-of-armor,0,1,0.00,11.0
https://9takes.com/enneagram-corner/enneagram-type-8#the-hand-on-the-back-of-the-neck,0,1,0.00,11.0
https://9takes.com/enneagram-corner/enneagram-type-8#the-siege-8s-under-stress,0,2,0.00,11.0
https://9takes.com/enneagram-corner/enneagram-type-8#where-armor-meets-intimacy,0,5,0.00,5.6
https://9takes.com/enneagram-corner/enneagram-type-9#checking-in-with-your-body,0,2,0.00,1.0
https://9takes.com/enneagram-corner/enneagram-type-9#growing-as-a-nine,0,3,0.00,4.0
https://9takes.com/enneagram-corner/enneagram-type-9#how-9s-handle-conflict-the-positive-outlook-approach,0,62,0.00,9.2
https://9takes.com/enneagram-corner/enneagram-type-9#how-nines-may-understand-where-this-started,0,2,0.00,1.0
https://9takes.com/enneagram-corner/enneagram-type-9#how-nines-navigate-the-world,0,32,0.00,8.4
https://9takes.com/enneagram-corner/enneagram-type-9#nines-at-work,0,2,0.00,1.0
https://9takes.com/enneagram-corner/enneagram-type-9#nines-in-relationships,0,37,0.00,8.4
https://9takes.com/enneagram-corner/enneagram-type-9#the-comfort-of-routine,0,45,0.00,8.3
https://9takes.com/enneagram-corner/enneagram-type-9#when-things-get-overwhelming,0,3,0.00,2.7
https://9takes.com/enneagram-corner/enneagram-type-9#where-this-started,0,28,0.00,8.9
https://9takes.com/enneagram-corner/enneagram-type-9#your-body-knows-even-when-you-dont,0,3,0.00,2.7
https://9takes.com/enneagram-corner/enneagram-types-and-career-choices#7-signs-youre-in-the-wrong-job-for-your-type,0,15,0.00,10.1
https://9takes.com/enneagram-corner/enneagram-types-and-career-choices#career-match-comparison-table,0,33,0.00,9.6
https://9takes.com/enneagram-corner/enneagram-types-and-career-choices#type-1---the-perfectionist-pursuing-excellence-in-their-chosen-field,0,21,0.00,10.0
https://9takes.com/enneagram-corner/enneagram-types-and-career-choices#type-2---the-helper-building-careers-around-empowering-others,0,33,0.00,9.9
https://9takes.com/enneagram-corner/enneagram-types-and-career-choices#type-3---the-achiever-driven-to-succeed-in-high-powered-roles,0,32,0.00,10.0
https://9takes.com/enneagram-corner/enneagram-types-and-career-choices#type-4---the-individualist-expressing-creativity-in-unique-careers,0,32,0.00,9.8
https://9takes.com/enneagram-corner/enneagram-types-and-career-choices#type-5---the-investigator-analyzing-complex-problems-in-specialized-fields,0,24,0.00,9.8
https://9takes.com/enneagram-corner/enneagram-types-and-career-choices#type-6---the-loyalist-finding-security-in-responsible-positions,0,30,0.00,10.3
https://9takes.com/enneagram-corner/enneagram-types-and-career-choices#why-the-enneagram-matters-in-career-choice,0,77,0.00,9.8
https://9takes.com/enneagram-corner/enneagram-types-at-party#party-behavior-cheat-sheet,0,39,0.00,5.9
https://9takes.com/enneagram-corner/enneagram-types-at-party#type-1-the-secret-party-police,0,33,0.00,5.7
https://9takes.com/enneagram-corner/enneagram-types-at-party#type-2-the-emotional-support-party,0,28,0.00,5.9
https://9takes.com/enneagram-corner/enneagram-types-at-party#type-3-the-party-ceo,0,32,0.00,5.7
https://9takes.com/enneagram-corner/enneagram-types-at-party#type-4-the-partys-dark-poet,0,30,0.00,5.8
https://9takes.com/enneagram-corner/enneagram-types-at-party#type-5-the-party-anthropologist,0,36,0.00,6.1
https://9takes.com/enneagram-corner/enneagram-types-at-party#type-6-the-party-safety-officer,0,4,0.00,4.5
https://9takes.com/enneagram-corner/enneagram-types-at-party#type-7-the-party-maximizer,0,32,0.00,5.7
https://9takes.com/enneagram-corner/enneagram-types-being-ghosted#type-1-the-perfectionist,0,1,0.00,4.0
https://9takes.com/enneagram-corner/enneagram-types-being-ghosted#type-2-the-helper,0,1,0.00,4.0
https://9takes.com/enneagram-corner/enneagram-types-being-ghosted#type-3-the-achiever,0,1,0.00,4.0
https://9takes.com/enneagram-corner/enneagram-types-being-ghosted#type-4-the-individualist,0,3,0.00,6.3
https://9takes.com/enneagram-corner/enneagram-types-being-ghosted#type-5-the-investigator,0,4,0.00,3.8
https://9takes.com/enneagram-corner/enneagram-types-being-ghosted#type-7-the-enthusiast,0,3,0.00,4.3
https://9takes.com/enneagram-corner/enneagram-types-being-ghosted#type-8-the-challenger,0,2,0.00,3.0
https://9takes.com/enneagram-corner/enneagram-types-being-ghosted#type-9-the-peacemaker,0,3,0.00,6.3
https://9takes.com/enneagram-corner/enneagram-types-being-ghosted#why-each-type-ghosts-comparison-table,0,5,0.00,5.2
https://9takes.com/enneagram-corner/enneagram-types-in-relationships#a-five-step-repair-process-for-any-type,0,3,0.00,6.0
https://9takes.com/enneagram-corner/enneagram-types-in-relationships#enneagram-compatibility-what-type-pairings-can-and-cannot-tell-you,0,3,0.00,6.0
https://9takes.com/enneagram-corner/enneagram-types-in-relationships#enneagram-compatibility-which-types-work-best-together,0,19,0.00,7.2
https://9takes.com/enneagram-corner/enneagram-types-in-relationships#enneagram-relationship-patterns-at-a-glance,0,6,0.00,4.5
https://9takes.com/enneagram-corner/enneagram-types-in-relationships#how-attachment-style-intersects-with-enneagram-type,0,4,0.00,6.5
https://9takes.com/enneagram-corner/enneagram-types-in-relationships#how-each-enneagram-type-behaves-in-relationships,0,27,0.00,7.7
https://9takes.com/enneagram-corner/enneagram-types-in-relationships#how-each-enneagram-type-shows-up-in-love,0,5,0.00,7.0
https://9takes.com/enneagram-corner/enneagram-types-in-relationships#how-each-type-commonly-gives-and-receives-love,0,4,0.00,6.8
https://9takes.com/enneagram-corner/enneagram-types-in-relationships#quick-enneagram-compatibility-overview,0,18,0.00,7.0
https://9takes.com/enneagram-corner/enneagram-types-in-relationships#type-1-in-relationships-when-perfect-love-meets-imperfect-reality,0,12,0.00,7.5
https://9takes.com/enneagram-corner/enneagram-types-in-relationships#type-4-in-relationships-the-intensity-of-longing-for-understanding,0,7,0.00,7.1
https://9takes.com/enneagram-corner/enneagram-types-in-relationships#type-5-in-relationships-love-at-a-safe-distance,0,1,0.00,11.0
https://9takes.com/enneagram-corner/enneagram-types-in-relationships#type-6-in-relationships-testing-trust-while-craving-security,0,10,0.00,8.0
https://9takes.com/enneagram-corner/enneagram-types-in-relationships#type-7-in-relationships-fear-of-missing-out-on-everything-including-depth,0,2,0.00,10.5
https://9takes.com/enneagram-corner/enneagram-types-in-relationships#type-8-in-relationships-armor-so-strong-it-keeps-love-out,0,3,0.00,10.0
https://9takes.com/enneagram-corner/enneagram-types-in-relationships#type-9-in-relationships-keeping-peace-by-losing-pieces-of-themselves,0,2,0.00,10.0
https://9takes.com/enneagram-corner/enneagram-types-in-relationships#what-to-say-during-conflict-with-each-enneagram-type,0,3,0.00,6.0
https://9takes.com/enneagram-corner/enneagram-types-in-stress#core-loop,0,1,0.00,10.0
https://9takes.com/enneagram-corner/enneagram-types-in-stress#enneagram-1-in-stress,0,5,0.00,11.0
https://9takes.com/enneagram-corner/enneagram-types-in-stress#enneagram-2-in-stress,0,5,0.00,9.8
https://9takes.com/enneagram-corner/enneagram-types-in-stress#enneagram-3-in-stress,0,11,0.00,10.3
https://9takes.com/enneagram-corner/enneagram-types-in-stress#enneagram-4-in-stress,0,10,0.00,10.3
https://9takes.com/enneagram-corner/enneagram-types-in-stress#enneagram-5-in-stress,0,10,0.00,10.3
https://9takes.com/enneagram-corner/enneagram-types-in-stress#enneagram-6-in-stress,0,9,0.00,10.2
https://9takes.com/enneagram-corner/enneagram-types-in-stress#enneagram-7-in-stress,0,11,0.00,10.3
https://9takes.com/enneagram-corner/enneagram-types-in-stress#enneagram-8-in-stress,0,11,0.00,10.4
https://9takes.com/enneagram-corner/enneagram-types-in-stress#stress-breakdown-comparison-table,0,4,0.00,10.5
https://9takes.com/enneagram-corner/enneagram-types-in-stress#type-1-loop,0,1,0.00,10.0
https://9takes.com/enneagram-corner/enneagram-types-in-stress#type-4-loop,0,1,0.00,10.0
https://9takes.com/enneagram-corner/enneagram-types-on-a-first-date#type-1-the-perfectionist---planning-the-perfect-date,0,11,0.00,6.5
https://9takes.com/enneagram-corner/enneagram-types-on-a-first-date#type-2-the-helper---creating-connection-through-care,0,9,0.00,6.9
https://9takes.com/enneagram-corner/enneagram-types-on-a-first-date#type-3-the-achiever---putting-their-best-self-forward,0,10,0.00,6.1
https://9takes.com/enneagram-corner/enneagram-types-on-a-first-date#type-4-the-individualist---seeking-authentic-connection,0,8,0.00,6.4
https://9takes.com/enneagram-corner/enneagram-types-on-a-first-date#type-5-the-investigator---analyzing-the-connection,0,10,0.00,7.2
https://9takes.com/enneagram-corner/enneagram-types-on-a-first-date#type-6-the-loyalist---cautiously-optimistic,0,10,0.00,7.2
https://9takes.com/enneagram-corner/enneagram-types-on-a-first-date#type-7-the-enthusiast---seeking-adventure-and-possibility,0,8,0.00,6.4
https://9takes.com/enneagram-corner/enneagram-vs-meyers-briggs#mbti-to-enneagram-common-correlations,0,2,0.00,10.0
https://9takes.com/enneagram-corner/enneagram-vs-meyers-briggs#the-core-difference-in-one-sentence,0,2,0.00,10.0
https://9takes.com/enneagram-corner/enneagram-vs-meyers-briggs#the-dynamic-vs-static-problem,0,2,0.00,10.0
https://9takes.com/enneagram-corner/enneagram-vs-meyers-briggs#what-myers-briggs-actually-measures,0,2,0.00,10.0
https://9takes.com/enneagram-corner/enneagram-vs-meyers-briggs#what-the-enneagram-actually-measures,0,2,0.00,10.0
https://9takes.com/enneagram-corner/enneagram-vs-meyers-briggs#which-should-you-take-first,0,2,0.00,10.0
https://9takes.com/enneagram-corner/enneagram-wings-complete-guide#all-18-wing-combinations-at-a-glance,0,136,0.00,8.5
https://9takes.com/enneagram-corner/enneagram-wings-complete-guide#common-wing-mistyping-patterns,0,98,0.00,8.6
https://9takes.com/enneagram-corner/enneagram-wings-complete-guide#how-all-18-wing-combinations-differ,0,89,0.00,8.6
https://9takes.com/enneagram-corner/enneagram-wings-complete-guide#how-to-identify-your-true-wing,0,98,0.00,8.6
https://9takes.com/enneagram-corner/enneagram-wings-complete-guide#how-wings-actually-work-the-mechanism-most-people-miss,0,98,0.00,8.6
https://9takes.com/enneagram-corner/enneagram-wings-complete-guide#the-18-wing-combinations-deep-dive-analysis,0,47,0.00,8.4
https://9takes.com/enneagram-corner/enneagram-wings-complete-guide#what-are-enneagram-wings-and-why-they-matter-more-than-you-think,0,109,0.00,8.7
https://9takes.com/enneagram-corner/enneagram-wings-complete-guide#wing-dynamics-in-relationships,0,103,0.00,8.6
https://9takes.com/enneagram-corner/enneagram-wings-complete-guide#wings-at-work,0,46,0.00,8.2
https://9takes.com/enneagram-corner/first-impression-enneagram-playbook,0,20,0.00,12.8
https://9takes.com/enneagram-corner/how-each-enneagram-flexes#the-psychology-behind-why-we-flex,0,1,0.00,7.0
https://9takes.com/enneagram-corner/how-each-enneagram-flexes#type-2-the-helpers-heartstring-tug,0,1,0.00,7.0
https://9takes.com/enneagram-corner/how-each-enneagram-flexes#type-7-the-enthusiasts-experience-portfolio,0,1,0.00,7.0
https://9takes.com/enneagram-corner/how-each-enneagram-type-manipulates#are-you-the-manipulator,0,25,0.00,7.0
https://9takes.com/enneagram-corner/how-each-enneagram-type-manipulates#frequently-asked-questions,0,202,0.00,6.3
https://9takes.com/enneagram-corner/how-each-enneagram-type-manipulates#manipulation-tactics-at-a-glance,0,166,0.00,6.6
https://9takes.com/enneagram-corner/how-each-enneagram-type-manipulates#the-psychology-of-manipulation,0,231,0.00,6.4
https://9takes.com/enneagram-corner/how-each-enneagram-type-manipulates#type-1-moral-superiority,0,249,0.00,6.2
https://9takes.com/enneagram-corner/how-each-enneagram-type-manipulates#type-2-guilt-and-obligation,0,70,0.00,5.7
https://9takes.com/enneagram-corner/how-each-enneagram-type-manipulates#type-3-image-crafting,0,23,0.00,6.6
https://9takes.com/enneagram-corner/how-each-enneagram-type-manipulates#type-4-emotional-drama,0,82,0.00,5.9
https://9takes.com/enneagram-corner/how-each-enneagram-type-manipulates#type-5-withholding-and-superiority,0,45,0.00,6.7
https://9takes.com/enneagram-corner/how-each-enneagram-type-manipulates#type-6-testing-and-accusation,0,181,0.00,6.0
https://9takes.com/enneagram-corner/how-each-enneagram-type-manipulates#type-7-distraction-and-reframing,0,17,0.00,6.4
https://9takes.com/enneagram-corner/how-each-enneagram-type-manipulates#type-8-intimidation-and-dominance,0,66,0.00,5.8
https://9takes.com/enneagram-corner/how-each-enneagram-type-manipulates#type-9-passive-resistance,0,227,0.00,6.1
https://9takes.com/enneagram-corner/how-each-enneagram-type-manipulates#when-manipulation-becomes-abuse,0,246,0.00,6.3
https://9takes.com/enneagram-corner/how-each-enneagram-type-self-sabotages-success#type-4-creative-blocks-and-comparison-spirals,0,1,0.00,6.0
https://9takes.com/enneagram-corner/how-each-enneagram-type-self-sabotages-success#type-7-shiny-object-syndrome,0,1,0.00,6.0
https://9takes.com/enneagram-corner/how-each-enneagram-type-unwinds,0,211,0.00,16.8
https://9takes.com/enneagram-corner/how-to-apologize-like-a-pro#how-to-tell-if-their-apology-is-real-based-on-their-type,0,10,0.00,5.4
https://9takes.com/enneagram-corner/how-to-apologize-like-a-pro#nine-apologies-one-for-each-types-blind-spot,0,17,0.00,4.8
https://9takes.com/enneagram-corner/how-to-apologize-like-a-pro#six-components-of-a-real-apology--and-the-ones-your-type-skips,0,10,0.00,5.4
https://9takes.com/enneagram-corner/how-to-apologize-like-a-pro#when-your-apology-meets-their-type,0,10,0.00,5.4
https://9takes.com/enneagram-corner/how-to-apologize-like-a-pro#where-each-types-apology-breaks-down,0,17,0.00,4.8
https://9takes.com/enneagram-corner/love-languages-and-enneagram-types#how-to-discover-your-partners-love-language--enneagram-combination,0,217,0.00,8.0
https://9takes.com/enneagram-corner/love-languages-and-enneagram-types#the-45-combination-matrix,0,7,0.00,7.3
https://9takes.com/enneagram-corner/love-languages-and-enneagram-types#the-wings-instincts-and-health-wrinkle,0,3,0.00,7.3
https://9takes.com/enneagram-corner/love-languages-and-enneagram-types#type-1-the-perfectionists-love-language,0,154,0.00,8.1
https://9takes.com/enneagram-corner/love-languages-and-enneagram-types#type-2-the-helpers-love-language-paradox,0,197,0.00,8.1
https://9takes.com/enneagram-corner/love-languages-and-enneagram-types#type-3-the-achievers-performance-love,0,76,0.00,9.0
https://9takes.com/enneagram-corner/love-languages-and-enneagram-types#type-4-the-individualists-depth-connection,0,5,0.00,7.8
https://9takes.com/enneagram-corner/love-languages-and-enneagram-types#type-5-the-investigators-independent-love,0,139,0.00,8.3
https://9takes.com/enneagram-corner/love-languages-and-enneagram-types#type-6-the-loyalists-security-love,0,153,0.00,8.3
https://9takes.com/enneagram-corner/love-languages-and-enneagram-types#type-7-the-enthusiasts-adventure-love,0,4,0.00,8.5
https://9takes.com/enneagram-corner/love-languages-and-enneagram-types#type-8-the-challengers-power-love,0,148,0.00,8.2
https://9takes.com/enneagram-corner/love-languages-and-enneagram-types#type-9-the-peacemakers-harmony-love,0,75,0.00,7.4
https://9takes.com/enneagram-corner/mental-health/enneagram-addiction-recovery-guide#addiction-isnt-random--its-personality-shaped,0,105,0.00,7.5
https://9takes.com/enneagram-corner/mental-health/enneagram-addiction-recovery-guide#type-1-the-perfectionists-addictions,0,127,0.00,7.4
https://9takes.com/enneagram-corner/mental-health/enneagram-addiction-recovery-guide#type-2-the-helpers-addictions,0,73,0.00,7.6
https://9takes.com/enneagram-corner/mental-health/enneagram-addiction-recovery-guide#type-3-the-achievers-addictions,0,103,0.00,7.3
https://9takes.com/enneagram-corner/mental-health/enneagram-addiction-recovery-guide#type-4-the-individualists-addictions,0,34,0.00,7.4
https://9takes.com/enneagram-corner/mental-health/enneagram-addiction-recovery-guide#type-5-the-investigators-addictions,0,22,0.00,6.7
https://9takes.com/enneagram-corner/mental-health/enneagram-addiction-recovery-guide#type-6-the-loyalists-addictions,0,18,0.00,6.8
https://9takes.com/enneagram-corner/mental-health/enneagram-addiction-recovery-guide#type-7-the-enthusiasts-addictions,0,107,0.00,7.3
https://9takes.com/enneagram-corner/mental-health/enneagram-addiction-recovery-guide#type-8-the-challengers-addictions,0,82,0.00,7.6
https://9takes.com/enneagram-corner/mental-health/enneagram-addiction-recovery-guide#type-9-the-peacemakers-addictions,0,114,0.00,7.5
https://9takes.com/enneagram-corner/mental-health/enneagram-addiction-recovery-guide#universal-recovery-principles,0,27,0.00,7.8
https://9takes.com/enneagram-corner/mental-health/enneagram-anxiety-complete-guide#quick-reference-every-types-anxiety-pattern,0,5,0.00,9.2
https://9takes.com/enneagram-corner/mental-health/enneagram-anxiety-complete-guide#type-1-the-perfectionists-anxiety,0,86,0.00,9.8
https://9takes.com/enneagram-corner/mental-health/enneagram-anxiety-complete-guide#type-2-the-helpers-anxiety,0,81,0.00,9.8
https://9takes.com/enneagram-corner/mental-health/enneagram-anxiety-complete-guide#type-3-the-achievers-anxiety,0,107,0.00,9.6
https://9takes.com/enneagram-corner/mental-health/enneagram-anxiety-complete-guide#type-4-the-individualists-anxiety,0,80,0.00,9.9
https://9takes.com/enneagram-corner/mental-health/enneagram-anxiety-complete-guide#type-5-the-investigators-anxiety,0,92,0.00,9.6
https://9takes.com/enneagram-corner/mental-health/enneagram-anxiety-complete-guide#type-6-the-loyalists-anxiety,0,113,0.00,9.6
https://9takes.com/enneagram-corner/mental-health/enneagram-anxiety-complete-guide#type-7-the-enthusiasts-anxiety,0,77,0.00,10.0
https://9takes.com/enneagram-corner/mental-health/enneagram-anxiety-complete-guide#where-your-anxiety-lives-the-three-centers,0,4,0.00,9.5
https://9takes.com/enneagram-corner/mental-health/enneagram-crisis-management-guide#type-1-the-perfectionist-in-crisis,0,22,0.00,8.9
https://9takes.com/enneagram-corner/mental-health/enneagram-crisis-management-guide#type-2-the-helper-in-crisis,0,4,0.00,9.3
https://9takes.com/enneagram-corner/mental-health/enneagram-crisis-management-guide#type-3-the-achiever-in-crisis,0,30,0.00,8.5
https://9takes.com/enneagram-corner/mental-health/enneagram-crisis-management-guide#type-4-the-individualist-in-crisis,0,30,0.00,8.4
https://9takes.com/enneagram-corner/mental-health/enneagram-crisis-management-guide#type-5-the-investigator-in-crisis,0,11,0.00,8.5
https://9takes.com/enneagram-corner/mental-health/enneagram-crisis-management-guide#type-6-the-loyalist-in-crisis,0,14,0.00,9.2
https://9takes.com/enneagram-corner/mental-health/enneagram-crisis-management-guide#type-7-the-enthusiast-in-crisis,0,26,0.00,8.8
https://9takes.com/enneagram-corner/mental-health/enneagram-crisis-management-guide#type-8-the-challenger-in-crisis,0,21,0.00,9.0
https://9takes.com/enneagram-corner/mental-health/enneagram-crisis-management-guide#understanding-crisis-through-the-enneagram,0,31,0.00,8.2
https://9takes.com/enneagram-corner/mental-health/enneagram-medication-mental-health#type-1-the-perfectionist-and-medication,0,29,0.00,4.9
https://9takes.com/enneagram-corner/mental-health/enneagram-medication-mental-health#type-3-the-achiever-and-medication,0,8,0.00,4.8
https://9takes.com/enneagram-corner/mental-health/enneagram-medication-mental-health#type-4-the-individualist-and-medication,0,37,0.00,4.8
https://9takes.com/enneagram-corner/mental-health/enneagram-medication-mental-health#type-5-the-investigator-and-medication,0,32,0.00,4.4
https://9takes.com/enneagram-corner/mental-health/enneagram-medication-mental-health#type-6-the-loyalist-and-medication,0,29,0.00,5.0
https://9takes.com/enneagram-corner/mental-health/enneagram-medication-mental-health#type-7-the-enthusiast-and-medication,0,4,0.00,5.0
https://9takes.com/enneagram-corner/mental-health/enneagram-medication-mental-health#type-8-the-challenger-and-medication,0,23,0.00,5.2
https://9takes.com/enneagram-corner/mental-health/enneagram-medication-mental-health#type-9-the-peacemaker-and-medication,0,26,0.00,5.0
https://9takes.com/enneagram-corner/mental-health/enneagram-medication-mental-health#universal-medication-principles,0,14,0.00,4.6
https://9takes.com/enneagram-corner/mental-health/enneagram-medication-mental-health#why-your-type-matters-more-than-you-think,0,5,0.00,4.2
https://9takes.com/enneagram-corner/mental-health/enneagram-neurodivergence-guide#a-safer-way-to-use-your-enneagram-type,0,396,0.00,6.6
https://9takes.com/enneagram-corner/mental-health/enneagram-neurodivergence-guide#choose-support-by-function-not-by-type,0,231,0.00,6.3
https://9takes.com/enneagram-corner/mental-health/enneagram-neurodivergence-guide#frequently-asked-questions,0,393,0.00,6.6
https://9takes.com/enneagram-corner/mental-health/enneagram-neurodivergence-guide#motivation-and-processing-are-different-layers,0,336,0.00,6.6
https://9takes.com/enneagram-corner/mental-health/enneagram-neurodivergence-guide#similar-behavior-different-mechanisms,0,350,0.00,6.5
https://9takes.com/enneagram-corner/mental-health/enneagram-neurodivergence-guide#type-1-the-perfectionist--neurodivergence,0,282,0.00,7.4
https://9takes.com/enneagram-corner/mental-health/enneagram-neurodivergence-guide#type-2-the-helper--neurodivergence,0,302,0.00,7.3
https://9takes.com/enneagram-corner/mental-health/enneagram-neurodivergence-guide#type-3-the-achiever--neurodivergence,0,250,0.00,7.4
https://9takes.com/enneagram-corner/mental-health/enneagram-neurodivergence-guide#type-4-the-individualist--neurodivergence,0,320,0.00,7.4
https://9takes.com/enneagram-corner/mental-health/enneagram-neurodivergence-guide#type-5-the-investigator--neurodivergence,0,218,0.00,7.4
https://9takes.com/enneagram-corner/mental-health/enneagram-neurodivergence-guide#type-6-the-loyalist--neurodivergence,0,47,0.00,6.7
https://9takes.com/enneagram-corner/mental-health/enneagram-neurodivergence-guide#type-7-the-enthusiast--neurodivergence,0,233,0.00,7.6
https://9takes.com/enneagram-corner/mental-health/enneagram-neurodivergence-guide#type-8-the-challenger--neurodivergence,0,105,0.00,7.3
https://9takes.com/enneagram-corner/mental-health/enneagram-neurodivergence-guide#type-9-the-peacemaker--neurodivergence,0,136,0.00,7.2
https://9takes.com/enneagram-corner/mental-health/enneagram-neurodivergence-guide#what-this-guide-can-and-cannot-do,0,231,0.00,6.6
https://9takes.com/enneagram-corner/mental-health/enneagram-neurodivergence-guide#what-were-covering,0,450,0.00,7.0
https://9takes.com/enneagram-corner/mental-health/enneagram-neurodivergence-guide#when-an-evaluation-may-help,0,242,0.00,6.6
https://9takes.com/enneagram-corner/mental-health/enneagram-neurodivergence-guide#workplace-accommodations-and-disclosure-in-the-united-states,0,58,0.00,6.1
https://9takes.com/enneagram-corner/philosophy-psychology-and-the-enneagram#freuds-idea-of-the-psyche,0,2,0.00,9.0
https://9takes.com/enneagram-corner/philosophy-psychology-and-the-enneagram#platos-idea-of-the-soul,0,2,0.00,9.0
https://9takes.com/enneagram-corner/philosophy-psychology-and-the-enneagram#the-enneagram-framework,0,2,0.00,9.0
https://9takes.com/enneagram-corner/relationship-communication-guide#a-note-about-wings,0,5,0.00,10.4
https://9takes.com/enneagram-corner/relationship-communication-guide#applying-these-insights-daily,0,5,0.00,10.4
https://9takes.com/enneagram-corner/relationship-communication-guide#how-to-use-the-enneagram-in-your-relationships,0,13,0.00,9.8
https://9takes.com/enneagram-corner/relationship-communication-guide#the-communication-playbook-for-each-enneagram-type,0,13,0.00,9.8
https://9takes.com/enneagram-corner/subtopic/development,0,25,0.00,12.0
https://9takes.com/enneagram-corner/subtopic/nine-types,0,49,0.00,36.6
https://9takes.com/enneagram-corner/subtopic/situational,0,147,0.00,22.6
https://9takes.com/enneagram-corner/toxic-traits-of-each-enneagram-type#the-darker-side-of-personality-why-everyone-has-toxic-traits,0,635,0.00,7.3
https://9takes.com/enneagram-corner/toxic-traits-of-each-enneagram-type#toxic-traits-red-flags-by-type,0,637,0.00,7.1
https://9takes.com/enneagram-corner/toxic-traits-of-each-enneagram-type#type-1-the-righteous-critic-whos-never-wrong,0,796,0.00,8.1
https://9takes.com/enneagram-corner/toxic-traits-of-each-enneagram-type#type-2-the-helper-with-hidden-hooks,0,860,0.00,8.2
https://9takes.com/enneagram-corner/toxic-traits-of-each-enneagram-type#type-3-the-success-addict-with-empty-achievements,0,546,0.00,8.4
https://9takes.com/enneagram-corner/toxic-traits-of-each-enneagram-type#type-4-the-emotional-amplifier-who-makes-everything-feel-personal,0,898,0.00,8.2
https://9takes.com/enneagram-corner/toxic-traits-of-each-enneagram-type#type-5-the-cold-analyzer-who-cant-connect,0,317,0.00,9.6
https://9takes.com/enneagram-corner/toxic-traits-of-each-enneagram-type#type-6-the-paranoid-overthinker-preparing-for-disasters,0,928,0.00,8.3
https://9takes.com/enneagram-corner/toxic-traits-of-each-enneagram-type#type-7-the-chronic-escapist-running-from-reality,0,577,0.00,8.6
https://9takes.com/enneagram-corner/toxic-traits-relationships-warning-signs#relationship-red-flags-by-type,0,364,0.00,8.0
https://9takes.com/enneagram-corner/toxic-traits-relationships-warning-signs#toxic-relationship-patterns-by-enneagram-type,0,370,0.00,8.1
https://9takes.com/enneagram-corner/toxic-traits-relationships-warning-signs#when-survival-strategies-become-toxic-patterns,0,312,0.00,8.1
https://9takes.com/enneagram-corner/toxic-traits-relationships-warning-signs#why-were-drawn-to-toxic-traits-against-our-better-judgment,0,316,0.00,8.1
https://9takes.com/enneagram-corner/why-you-cant-stop-overthinking-enneagram#overthinking-loops-at-a-glance,0,11,0.00,7.5
https://9takes.com/enneagram-corner/why-you-cant-stop-overthinking-enneagram#the-psychology-of-overthinking,0,23,0.00,6.9
https://9takes.com/enneagram-corner/why-you-cant-stop-overthinking-enneagram#type-1-the-moral-perfectionism-loop,0,13,0.00,6.2
https://9takes.com/enneagram-corner/why-you-cant-stop-overthinking-enneagram#type-2-the-relationship-analysis-loop,0,14,0.00,7.0
https://9takes.com/enneagram-corner/why-you-cant-stop-overthinking-enneagram#type-4-the-emotional-replay-loop,0,1,0.00,9.0
https://9takes.com/enneagram-corner/why-you-cant-stop-overthinking-enneagram#type-6-the-worst-case-scenario-loop,0,11,0.00,7.5
https://9takes.com/enneagram-corner/why-you-cant-stop-overthinking-enneagram#type-9-the-harmony-monitoring-loop,0,2,0.00,10.0
https://9takes.com/enneagram-corner/why-you-cant-stop-overthinking-enneagram#why-overthinking-gets-worse-at-night,0,23,0.00,7.0
https://9takes.com/enneagram-corner/why-you-cant-stop-overthinking-enneagram#your-bodys-early-warning-system,0,10,0.00,7.4
https://9takes.com/enneagram-test,0,5,0.00,27.0
https://9takes.com/how-to-guides,0,26,0.00,9.2
https://9takes.com/how-to-guides/the-crash-course-on-emotions-that-we-missed-in-kindergarten,0,1,0.00,15.0
https://9takes.com/how-to-guides/using-the-enneagram-for-self-development,0,22,0.00,16.5
https://9takes.com/personality-analysis/Bad-Bunny,0,10,0.00,5.7
https://9takes.com/personality-analysis/Bobbi-Althoff,0,25,0.00,8.2
https://9takes.com/personality-analysis/Brittany-Broski,0,2,0.00,7.5
https://9takes.com/personality-analysis/Chamath-Palihapitiya,0,1,0.00,9.0
https://9takes.com/personality-analysis/Charli-D'Amelio,0,34,0.00,9.8
https://9takes.com/personality-analysis/David-Dobrik,0,9,0.00,7.8
https://9takes.com/personality-analysis/Lupita-Nyongo,0,14,0.00,19.9
https://9takes.com/personality-analysis/Marcello-Hernandez,0,1,0.00,2.0
https://9takes.com/personality-analysis/Pete-Davidson,0,25,0.00,9.2
https://9takes.com/personality-analysis/Pete-Davidson#a-dare-at-a-bowling-alley,0,2,0.00,6.0
https://9takes.com/personality-analysis/Pete-Davidson#the-boy-who-lost-the-ground-beneath-him,0,2,0.00,6.0
https://9takes.com/personality-analysis/Pete-Davidson#the-relationship-pattern,0,2,0.00,6.0
https://9takes.com/personality-analysis/Pete-Davidson#what-is-pete-davidsons-personality-type,0,2,0.00,6.0
https://9takes.com/personality-analysis/abraham-lincoln,0,37,0.00,6.4
https://9takes.com/personality-analysis/adam-neumann,0,68,0.00,9.4
https://9takes.com/personality-analysis/addison-rae,0,47,0.00,9.1
https://9takes.com/personality-analysis/agatha-christie,0,277,0.00,18.7
https://9takes.com/personality-analysis/agatha-christie#agatha-christies-childhood-seeds-of-a-mystery-writer,0,19,0.00,6.5
https://9takes.com/personality-analysis/agatha-christie#agatha-christies-childhood-the-girl-who-taught-herself-to-read,0,53,0.00,8.3
https://9takes.com/personality-analysis/agatha-christie#agatha-christies-inner-demons-anxiety-depression-and-creative-genius,0,24,0.00,6.3
https://9takes.com/personality-analysis/agatha-christie#agatha-christies-second-life-the-archaeologists-eye,0,28,0.00,7.0
https://9takes.com/personality-analysis/agatha-christie#how-agatha-christie-learned-to-kill-people-on-paper,0,45,0.00,8.7
https://9takes.com/personality-analysis/agatha-christie#how-did-agatha-christie-write-her-novels-the-secret-process-behind-66-detective-novels,0,39,0.00,6.9
https://9takes.com/personality-analysis/agatha-christie#poirot-vs-marple-the-two-sides-of-christies-mind,0,19,0.00,6.8
https://9takes.com/personality-analysis/agatha-christie#what-is-agatha-christies-personality-type,0,62,0.00,8.3
https://9takes.com/personality-analysis/agatha-christie#why-agatha-christie-disappeared-for-11-days,0,62,0.00,8.3
https://9takes.com/personality-analysis/agatha-christie#why-did-agatha-christie-disappear-the-psychological-mystery-behind-her-famous-vanishing-act,0,21,0.00,7.0
https://9takes.com/personality-analysis/alex-cooper#from-an-apartment-to-a-war,0,41,0.00,6.0
https://9takes.com/personality-analysis/alex-cooper#how-she-gets-them-to-talk,0,23,0.00,6.6
https://9takes.com/personality-analysis/alex-cooper#the-girl-in-the-control-room,0,40,0.00,6.0
https://9takes.com/personality-analysis/alex-cooper#what-is-alex-coopers-personality-type,0,40,0.00,6.0
https://9takes.com/personality-analysis/alex-cooper#what-the-coach-wouldnt-say,0,23,0.00,6.6
https://9takes.com/personality-analysis/alex-cooper#what-they-actually-get-from-her,0,24,0.00,6.7
https://9takes.com/personality-analysis/alex-hormozi#from-top-secret-clearance-to-sleeping-on-a-floor-mat,0,12,0.00,8.4
https://9takes.com/personality-analysis/alex-hormozi#inside-hormozis-mind-the-operating-system,0,34,0.00,7.9
https://9takes.com/personality-analysis/alex-hormozi#the-body-as-brand-hormozis-physical-transformation,0,13,0.00,8.2
https://9takes.com/personality-analysis/alex-hormozi#the-frugality-paradox-rich-man-simple-lifestyle,0,12,0.00,8.4
https://9takes.com/personality-analysis/alex-hormozi#the-iranian-american-drive-how-his-father-shaped-everything,0,13,0.00,7.8
https://9takes.com/personality-analysis/alex-hormozi#the-tony-robbins-conversation-when-a-type-3-confronts-his-shadow,0,35,0.00,7.8
https://9takes.com/personality-analysis/alex-hormozi#what-is-alex-hormozis-personality-type,0,36,0.00,7.6
https://9takes.com/personality-analysis/alex-karp#alex-karps-outsider-childhood,0,7,0.00,9.3
https://9takes.com/personality-analysis/alex-karp#how-alex-karp-became-palantirs-war-tech-ceo,0,11,0.00,8.9
https://9takes.com/personality-analysis/alex-karp#how-alex-karp-learned-to-fight-with-ideas,0,9,0.00,9.1
https://9takes.com/personality-analysis/alex-karp#what-is-alex-karps-personality-type,0,9,0.00,9.0
https://9takes.com/personality-analysis/alex-karp#why-alex-karp-cant-sit-still,0,7,0.00,9.3
https://9takes.com/personality-analysis/alex-karp#why-he-hid-the-dyslexia-for-decades,0,7,0.00,9.3
https://9takes.com/personality-analysis/alex-warren,0,104,0.00,11.1
https://9takes.com/personality-analysis/alexandria-ocasio-cortez#boston-university-and-the-ted-kennedy-connection,0,11,0.00,4.0
https://9takes.com/personality-analysis/alexandria-ocasio-cortez#taking-on-titans,0,11,0.00,4.0
https://9takes.com/personality-analysis/alexandria-ocasio-cortez#the-aoc-way-personality-in-action,0,13,0.00,3.9
https://9takes.com/personality-analysis/alexandria-ocasio-cortez#the-authority-tests,0,1,0.00,3.0
https://9takes.com/personality-analysis/alexandria-ocasio-cortez#the-bronx-where-it-started,0,11,0.00,4.0
https://9takes.com/personality-analysis/alexandria-ocasio-cortez#the-lost-decade,0,18,0.00,3.9
https://9takes.com/personality-analysis/alexandria-ocasio-cortez#the-pelosi-dynamic-type-6-meets-type-3,0,15,0.00,4.1
https://9takes.com/personality-analysis/alexandria-ocasio-cortez#what-is-alexandria-ocasio-cortezs-personality-type,0,18,0.00,3.9
https://9takes.com/personality-analysis/alexandria-ocasio-cortez#what-it-costs,0,1,0.00,3.0
https://9takes.com/personality-analysis/alix-earle,0,108,0.00,7.5
https://9takes.com/personality-analysis/alysa-liu,0,341,0.00,11.3
https://9takes.com/personality-analysis/amber-heard#coming-out-a-calculated-risk-2010,0,4,0.00,6.0
https://9takes.com/personality-analysis/amber-heard#the-activist-identity-what-she-actually-did,0,4,0.00,6.0
https://9takes.com/personality-analysis/amber-heard#the-aquaman-2-humiliation,0,4,0.00,6.0
https://9takes.com/personality-analysis/amber-heard#the-depp-relationship-type-3-meets-type-4,0,4,0.00,6.0
https://9takes.com/personality-analysis/amber-heard#the-making-of-a-performer,0,14,0.00,6.1
https://9takes.com/personality-analysis/amber-heard#the-trial-a-type-3s-worst-nightmare,0,14,0.00,6.1
https://9takes.com/personality-analysis/amber-heard#what-is-amber-heards-personality-type,0,14,0.00,6.1
https://9takes.com/personality-analysis/ana-de-armas,0,69,0.00,6.8
https://9takes.com/personality-analysis/andrew-tate,0,498,0.00,9.8
https://9takes.com/personality-analysis/anne-hathaway,0,134,0.00,9.5
https://9takes.com/personality-analysis/anthony-bourdain,0,42,0.00,8.9
https://9takes.com/personality-analysis/ariana-grande#from-florida-to-broadway-to-the-oscars,0,300,0.00,8.9
https://9takes.com/personality-analysis/ariana-grande#music-as-evidence,0,307,0.00,8.9
https://9takes.com/personality-analysis/ariana-grande#the-four-octave-range-mastery-as-identity,0,293,0.00,8.4
https://9takes.com/personality-analysis/ariana-grande#what-is-ariana-grandes-personality-type,0,370,0.00,8.6
https://9takes.com/personality-analysis/ariana-grande#when-the-scoreboard-doesnt-cooperate,0,227,0.00,8.8
https://9takes.com/personality-analysis/ariana-grande#why-not-type-2-or-type-4,0,294,0.00,8.5
https://9takes.com/personality-analysis/arnold-schwarzenegger#emotions-on-deep-freeze,0,22,0.00,5.6
https://9takes.com/personality-analysis/arnold-schwarzenegger#the-boy-gustav-didnt-want,0,27,0.00,5.5
https://9takes.com/personality-analysis/arnold-schwarzenegger#the-first-schmah,0,22,0.00,5.6
https://9takes.com/personality-analysis/arnold-schwarzenegger#the-machine-and-the-accent,0,27,0.00,5.5
https://9takes.com/personality-analysis/arnold-schwarzenegger#the-secret-that-lasted-14-years,0,22,0.00,5.6
https://9takes.com/personality-analysis/arnold-schwarzenegger#what-is-arnold-schwarzeneggers-personality-type,0,27,0.00,5.5
https://9takes.com/personality-analysis/ashby#ten-days-in-a-fevered-daze,0,4,0.00,5.0
https://9takes.com/personality-analysis/ashby#the-detour-that-built-the-instrument,0,4,0.00,5.0
https://9takes.com/personality-analysis/ashby#what-is-ashbys-personality-type,0,4,0.00,5.0
https://9takes.com/personality-analysis/ashby#who-is-ashby-florence,0,4,0.00,5.0
https://9takes.com/personality-analysis/asmongold#what-is-asmongolds-personality-type,0,1,0.00,6.0
https://9takes.com/personality-analysis/asmongold#why-asmongold-lived-like-an-animal-for-13-years,0,1,0.00,6.0
https://9takes.com/personality-analysis/aubrey-plaza#building-ground-underfoot-from-survival-mode-to-control,0,7,0.00,8.7
https://9takes.com/personality-analysis/aubrey-plaza#i-forgot-how-to-talk-the-stroke-that-changed-everything,0,7,0.00,8.7
https://9takes.com/personality-analysis/aubrey-plaza#seven-seasons-of-found-family-parks-and-recreation,0,10,0.00,9.2
https://9takes.com/personality-analysis/aubrey-plaza#the-best-time-of-my-life-ucb-and-the-underground,0,7,0.00,8.7
https://9takes.com/personality-analysis/aubrey-plaza#the-shy-girl-from-delaware-who-watched-her-parents-build-from-nothing,0,10,0.00,9.2
https://9takes.com/personality-analysis/aubrey-plaza#weaponized-awkwardness-how-discomfort-became-a-tool,0,7,0.00,8.7
https://9takes.com/personality-analysis/austin-butler,0,65,0.00,9.6
https://9takes.com/personality-analysis/barack-obama#no-drama-obama-and-what-the-composure-cost,0,15,0.00,10.6
https://9takes.com/personality-analysis/barack-obama#the-boy-between-worlds,0,9,0.00,10.9
https://9takes.com/personality-analysis/barack-obama#the-man-watching-himself-watch-himself,0,9,0.00,10.9
https://9takes.com/personality-analysis/barack-obama#what-is-barack-obamas-personality-type,0,15,0.00,10.6
https://9takes.com/personality-analysis/bella-hadid,0,13,0.00,7.6
https://9takes.com/personality-analysis/bella-poarch,0,126,0.00,8.0
https://9takes.com/personality-analysis/ben-horowitz#ben-horowitz-and-marc-andreessen-the-30-year-contract,0,1,0.00,5.0
https://9takes.com/personality-analysis/ben-horowitz#what-is-ben-horowitzs-personality-type,0,1,0.00,4.0
https://9takes.com/personality-analysis/ben-horowitz#why-ben-horowitz-cant-stop-preparing-for-the-worst,0,2,0.00,4.5
https://9takes.com/personality-analysis/ben-shapiro,0,2,0.00,6.0
https://9takes.com/personality-analysis/benson-boone#benson-boones-personality-quirks-and-habits,0,589,0.00,8.4
https://9takes.com/personality-analysis/benson-boone#benson-boones-upbringing,0,570,0.00,8.5
https://9takes.com/personality-analysis/benson-boone#rise-to-fame,0,583,0.00,8.4
https://9takes.com/personality-analysis/benson-boone#what-is-benson-boones-personality-type,0,522,0.00,8.4
https://9takes.com/personality-analysis/bernard-arnault#a-childhood-between-an-engineer-and-a-pianist,0,130,0.00,6.8
https://9takes.com/personality-analysis/bernard-arnault#how-bernard-arnault-bought-dior-for-one-franc,0,136,0.00,6.9
https://9takes.com/personality-analysis/bernard-arnault#the-1989-takeover-that-ended-a-friendship,0,129,0.00,6.8
https://9takes.com/personality-analysis/bernard-arnault#the-saturday-morning-pope-of-fashion,0,129,0.00,6.8
https://9takes.com/personality-analysis/bernard-arnault#what-is-bernard-arnaults-personality-type,0,216,0.00,6.7
https://9takes.com/personality-analysis/bernard-arnault#why-bernard-arnault-wanted-herms,0,220,0.00,6.7
https://9takes.com/personality-analysis/bernie-sanders,0,19,0.00,5.6
https://9takes.com/personality-analysis/bert-kreischer,0,13,0.00,7.5
https://9takes.com/personality-analysis/beyonce-knowles#the-cuts-that-made-destinys-child,0,22,0.00,7.4
https://9takes.com/personality-analysis/beyonce-knowles#the-girl-in-the-salon,0,30,0.00,7.3
https://9takes.com/personality-analysis/beyonce-knowles#the-machine-she-built-herself,0,22,0.00,7.4
https://9takes.com/personality-analysis/beyonce-knowles#the-woman-she-invented,0,22,0.00,7.4
https://9takes.com/personality-analysis/beyonce-knowles#what-is-beyoncs-personality-type,0,32,0.00,7.5
https://9takes.com/personality-analysis/beyonce-knowles#what-mathew-built,0,32,0.00,7.5
https://9takes.com/personality-analysis/bill-gates#from-harvard-dropout-to-microsoft-mastermind,0,3,0.00,6.0
https://9takes.com/personality-analysis/bill-gates#lakeside-allen-and-the-friend-he-lost,0,3,0.00,6.0
https://9takes.com/personality-analysis/bill-gates#the-emotional-gates-behind-the-machine,0,3,0.00,6.0
https://9takes.com/personality-analysis/bill-gates#the-harsh-brilliance-gates-leadership-style,0,6,0.00,6.2
https://9takes.com/personality-analysis/bill-gates#the-investigators-quirks-and-habits,0,3,0.00,6.0
https://9takes.com/personality-analysis/bill-gates#the-making-of-an-investigator-gates-childhood,0,6,0.00,6.2
https://9takes.com/personality-analysis/bill-gates#under-fire-the-antitrust-years,0,3,0.00,6.0
https://9takes.com/personality-analysis/billie-eilish#i-felt-like-a-parody-of-myself,0,53,0.00,9.8
https://9takes.com/personality-analysis/billie-eilish#the-bedroom-in-highland-park,0,25,0.00,8.0
https://9takes.com/personality-analysis/billie-eilish#the-body-that-betrayed-her,0,19,0.00,8.7
https://9takes.com/personality-analysis/billie-eilish#the-brother-the-blood-harmony-the-fight,0,63,0.00,9.4
https://9takes.com/personality-analysis/billie-eilish#the-clothes-the-cover-and-the-wound-underneath,0,16,0.00,8.8
https://9takes.com/personality-analysis/billie-eilish#the-whisper-and-the-weight,0,16,0.00,8.8
https://9takes.com/personality-analysis/billie-eilish#what-is-billie-eilishs-personality-type,0,64,0.00,9.4
https://9takes.com/personality-analysis/blake-lively#from-the-hospital-to-the-set,0,97,0.00,8.1
https://9takes.com/personality-analysis/blake-lively#i-would-shape-myself-to-the-version-they-wanted,0,70,0.00,8.0
https://9takes.com/personality-analysis/blake-lively#the-wit-that-cuts,0,66,0.00,8.0
https://9takes.com/personality-analysis/blake-lively#what-is-blake-livelys-personality-type,0,103,0.00,8.0
https://9takes.com/personality-analysis/blake-lively#what-she-controls,0,103,0.00,8.0
https://9takes.com/personality-analysis/blake-lively#when-the-curated-world-cracked,0,68,0.00,8.0
https://9takes.com/personality-analysis/bob-dylan#behind-dark-glasses-the-private-struggles-fueling-creativity,0,18,0.00,7.3
https://9takes.com/personality-analysis/bob-dylan#decoding-dylan-the-man-beneath-the-myth,0,23,0.00,7.0
https://9takes.com/personality-analysis/bob-dylan#how-a-hibbing-kid-named-zimmerman-invented-bob-dylan,0,164,0.00,7.4
https://9takes.com/personality-analysis/bob-dylan#like-a-rolling-stone-and-the-missing-person-inside,0,137,0.00,7.7
https://9takes.com/personality-analysis/bob-dylan#minnesota-to-manhattan-the-outsider-finds-his-stage,0,18,0.00,7.3
https://9takes.com/personality-analysis/bob-dylan#never-ending-tour-dylans-perpetual-motion,0,18,0.00,7.3
https://9takes.com/personality-analysis/bob-dylan#newport-65-the-moment-that-split-dylans-world-in-two,0,18,0.00,7.3
https://9takes.com/personality-analysis/bob-dylan#nobel-prize-ambivalence-dylans-complicated-dance-with-recognition,0,18,0.00,7.3
https://9takes.com/personality-analysis/bob-dylan#reinvention-as-ritual-dylans-many-masks,0,23,0.00,7.0
https://9takes.com/personality-analysis/bob-dylan#the-label-bob-dylan-spent-his-life-escaping,0,199,0.00,7.5
https://9takes.com/personality-analysis/bob-dylan#what-is-bob-dylans-personality-type,0,189,0.00,7.7
https://9takes.com/personality-analysis/bob-dylan#why-bob-dylan-went-electric-at-newport,0,138,0.00,7.7
https://9takes.com/personality-analysis/bobbi-althoff#rise-to-fame-from-nanny-to-viral-sensation,0,12,0.00,8.5
https://9takes.com/personality-analysis/bobbi-althoff#the-divorce-and-its-aftermath,0,12,0.00,8.5
https://9takes.com/personality-analysis/bobbi-althoff#the-drake-interview-that-changed-everything,0,13,0.00,8.6
https://9takes.com/personality-analysis/bobbi-althoff#the-making-of-a-deadpan-queen-bobbis-turbulent-childhood,0,13,0.00,8.6
https://9takes.com/personality-analysis/bobbi-althoff#the-persona-as-transformation,0,12,0.00,8.5
https://9takes.com/personality-analysis/bobbi-althoff#what-is-bobbi-althoffs-personality-type,0,13,0.00,8.6
https://9takes.com/personality-analysis/bobby-lee,0,30,0.00,7.4
https://9takes.com/personality-analysis/brad-pitt#behind-the-camera-producer-builder-humanitarian,0,88,0.00,5.7
https://9takes.com/personality-analysis/brad-pitt#f1-and-the-late-career-renaissance,0,89,0.00,5.8
https://9takes.com/personality-analysis/brad-pitt#fight-club-to-ad-astra-what-the-roles-reveal,0,89,0.00,5.8
https://9takes.com/personality-analysis/brad-pitt#from-university-dropout-to-thelma-and-louise,0,89,0.00,5.7
https://9takes.com/personality-analysis/brad-pitt#love-family-and-the-type-9-merging-pattern,0,94,0.00,5.9
https://9takes.com/personality-analysis/brad-pitt#springfield-missouri-how-the-heartland-shaped-hollywoods-most-laid-back-star,0,99,0.00,6.1
https://9takes.com/personality-analysis/brad-pitt#the-inner-world-behind-those-eyes,0,5,0.00,7.6
https://9takes.com/personality-analysis/brad-pitt#what-stresses-brad-pitt-out,0,103,0.00,6.2
https://9takes.com/personality-analysis/bradley-martyn,0,14,0.00,6.6
https://9takes.com/personality-analysis/britney-spears,0,40,0.00,7.0
https://9takes.com/personality-analysis/brooke-monk,0,216,0.00,9.0
https://9takes.com/personality-analysis/bryan-johnson,0,11,0.00,5.8
https://9takes.com/personality-analysis/carl-jung,0,40,0.00,8.8
https://9takes.com/personality-analysis/caseoh,0,264,0.00,8.4
https://9takes.com/personality-analysis/casey-neistat#800-days-inside-the-camera,0,29,0.00,9.7
https://9takes.com/personality-analysis/casey-neistat#the-brothers-the-ipod-and-the-city-that-wouldnt-let-him-leave,0,30,0.00,9.7
https://9takes.com/personality-analysis/casey-neistat#the-son-he-left-behind,0,45,0.00,9.8
https://9takes.com/personality-analysis/casey-neistat#the-unsupervised-childhood-that-taught-him-to-roam,0,29,0.00,9.7
https://9takes.com/personality-analysis/casey-neistat#turning-a-nike-ad-into-a-personal-manifesto,0,45,0.00,9.8
https://9takes.com/personality-analysis/casey-neistat#what-is-casey-neistats-personality-type,0,46,0.00,9.8
https://9takes.com/personality-analysis/categories/authors-thinkers,0,2,0.00,11.5
https://9takes.com/personality-analysis/categories/creator-media,0,61,0.00,7.2
https://9takes.com/personality-analysis/categories/film-tv,0,71,0.00,7.5
https://9takes.com/personality-analysis/categories/politics-public,0,33,0.00,10.7
https://9takes.com/personality-analysis/cathie-wood,0,48,0.00,6.8
https://9takes.com/personality-analysis/chamath-palihapitiya-cant-stop-chasing-the-next-win,0,1,0.00,1.0
https://9takes.com/personality-analysis/chappell-roan#growing-up-kayleigh-the-origin-of-a-challenger,0,4,0.00,8.3
https://9takes.com/personality-analysis/chappell-roan#how-the-music-actually-sounds,0,4,0.00,8.3
https://9takes.com/personality-analysis/chappell-roan#strength-everywhere-except-love,0,4,0.00,8.3
https://9takes.com/personality-analysis/chappell-roan#the-breakthrough-that-almost-didnt-happen,0,4,0.00,8.3
https://9takes.com/personality-analysis/chappell-roan#the-mind-shes-building-in-public,0,5,0.00,7.0
https://9takes.com/personality-analysis/chappell-roan#the-pre-chappell-years-school-nights-and-the-atlantic-drop,0,4,0.00,8.3
https://9takes.com/personality-analysis/chappell-roan#what-is-chappell-roans-personality-type,0,5,0.00,7.0
https://9takes.com/personality-analysis/charli-d'amelio,0,1,0.00,9.0
https://9takes.com/personality-analysis/charli-damelio#dancing-through-it,0,15,0.00,10.1
https://9takes.com/personality-analysis/charli-damelio#the-accidental-empire,0,15,0.00,10.1
https://9takes.com/personality-analysis/charli-damelio#the-controversies-that-shaped-her,0,20,0.00,9.9
https://9takes.com/personality-analysis/charli-damelio#the-disappearing-self,0,20,0.00,9.9
https://9takes.com/personality-analysis/charli-damelio#the-wound-before-the-fame,0,15,0.00,10.1
https://9takes.com/personality-analysis/charli-damelio#what-is-charli-damelios-personality-type,0,20,0.00,9.9
https://9takes.com/personality-analysis/charli-damelio#when-the-peacemaker-fights,0,15,0.00,10.1
https://9takes.com/personality-analysis/charli-xcx#girl-so-confusing,0,148,0.00,6.4
https://9takes.com/personality-analysis/charli-xcx#not-cool-enough-for-hilary-duff,0,201,0.00,6.5
https://9takes.com/personality-analysis/charli-xcx#the-50-page-manifesto,0,148,0.00,6.4
https://9takes.com/personality-analysis/charli-xcx#the-summer-everyone-turned-green,0,148,0.00,6.4
https://9takes.com/personality-analysis/charli-xcx#two-half-lives,0,201,0.00,6.5
https://9takes.com/personality-analysis/charli-xcx#what-is-charli-xcxs-personality-type,0,201,0.00,6.5
https://9takes.com/personality-analysis/charlie-puth,0,484,0.00,8.9
https://9takes.com/personality-analysis/charlie-puth#creative-originality-an-expression-of-type-4-individualism,0,1,0.00,10.0
https://9takes.com/personality-analysis/charlie-puth#embracing-the-emotions-type-4s-emotional-depth,0,1,0.00,10.0
https://9takes.com/personality-analysis/charlie-puth#how-charlie-puth-went-from-youtube-covers-to-see-you-again,0,46,0.00,6.0
https://9takes.com/personality-analysis/charlie-puth#the-05-percent-ear-that-made-charlie-puth-a-target,0,44,0.00,6.1
https://9takes.com/personality-analysis/charlie-puth#what-is-charlie-puths-personality-type,0,61,0.00,6.2
https://9takes.com/personality-analysis/charlie-puth#why-elton-john-telling-charlie-puth-his-music-sucked-sent-him-back-to-zero,0,59,0.00,6.3
https://9takes.com/personality-analysis/chelsea-handler,0,46,0.00,9.8
https://9takes.com/personality-analysis/chris-williamson,0,132,0.00,9.8
https://9takes.com/personality-analysis/christian-bale#craft-is-more-than-a-changing-body,0,53,0.00,9.1
https://9takes.com/personality-analysis/christian-bale#the-anger-that-does-not-fit-the-easy-story,0,53,0.00,9.0
https://9takes.com/personality-analysis/christian-bale#the-body-as-currency,0,66,0.00,9.2
https://9takes.com/personality-analysis/christian-bale#the-child-provider-behind-the-private-adult,0,63,0.00,9.2
https://9takes.com/personality-analysis/christian-bale#what-happened-at-the-dorchester,0,52,0.00,9.0
https://9takes.com/personality-analysis/christian-bale#what-is-christian-bales-personality-type,0,66,0.00,9.2
https://9takes.com/personality-analysis/cillian-murphy#cillian-murphys-childhood-in-cork,0,274,0.00,9.3
https://9takes.com/personality-analysis/cillian-murphy#how-cillian-murphy-became-a-leading-man,0,332,0.00,9.3
https://9takes.com/personality-analysis/cillian-murphy#the-summer-everything-changed,0,277,0.00,9.3
https://9takes.com/personality-analysis/cillian-murphy#what-is-cillian-murphys-personality-type,0,317,0.00,9.3
https://9takes.com/personality-analysis/cillian-murphy#why-cillian-murphy-is-so-private,0,292,0.00,9.3
https://9takes.com/personality-analysis/clavicular#every-drug-clavicular-takes-mdash-and-what-each-one-does-to-him,0,138,0.00,5.3
https://9takes.com/personality-analysis/clavicular#nothing-they-could-do-to-stop-my-ascension,0,131,0.00,5.4
https://9takes.com/personality-analysis/clavicular#the-boy-before-the-bone,0,127,0.00,5.5
https://9takes.com/personality-analysis/clavicular#what-is-claviculars-personality-type,0,193,0.00,5.3
https://9takes.com/personality-analysis/clavicular#why-clavicular-doesnt-want-sex-anymore,0,182,0.00,5.5
https://9takes.com/personality-analysis/clavicular#why-clavicular-named-himself-after-a-bone,0,188,0.00,5.4
https://9takes.com/personality-analysis/cristiano-ronaldo,0,99,0.00,8.8
https://9takes.com/personality-analysis/dario-amodei#a-boy-who-trusted-numbers,0,299,0.00,9.0
https://9takes.com/personality-analysis/dario-amodei#fourteen-people-followed-him-out-the-door,0,217,0.00,9.4
https://9takes.com/personality-analysis/dario-amodei#the-four-year-gap,0,318,0.00,9.0
https://9takes.com/personality-analysis/dario-amodei#the-most-talented-graduate-student,0,204,0.00,9.4
https://9takes.com/personality-analysis/dario-amodei#what-is-dario-amodeis-personality-type,0,318,0.00,9.0
https://9takes.com/personality-analysis/dave-portnoy#a-20-bill-and-a-horse-named-sunday-silence,0,6,0.00,9.2
https://9takes.com/personality-analysis/dave-portnoy#davey-day-trader-and-the-barstool-fund,0,6,0.00,9.2
https://9takes.com/personality-analysis/dave-portnoy#handing-out-newspapers-at-the-t-stop,0,6,0.00,9.2
https://9takes.com/personality-analysis/dave-portnoy#im-a-loyalty-guy,0,6,0.00,9.2
https://9takes.com/personality-analysis/dave-portnoy#one-bite-everyone-knows-the-rules,0,6,0.00,9.2
https://9takes.com/personality-analysis/dave-portnoy#the-450-million-gamble,0,1,0.00,10.0
https://9takes.com/personality-analysis/dave-portnoy#the-gatekeepers,0,6,0.00,9.2
https://9takes.com/personality-analysis/dave-portnoy#what-is-dave-portnoys-personality-type,0,5,0.00,9.0
https://9takes.com/personality-analysis/david-corenswet,0,178,0.00,7.0
https://9takes.com/personality-analysis/david-dobrik#how-david-dobrik-built-youtubes-joy-machine,0,1,0.00,7.0
https://9takes.com/personality-analysis/david-dobrik#the-16-year-old-who-found-out-he-wasnt-american,0,1,0.00,7.0
https://9takes.com/personality-analysis/david-dobrik#the-one-time-he-filmed-something-real,0,1,0.00,7.0
https://9takes.com/personality-analysis/david-dobrik#what-is-david-dobriks-personality-type,0,1,0.00,7.0
https://9takes.com/personality-analysis/david-dobrik#why-the-stunts-had-to-keep-getting-bigger,0,1,0.00,7.0
https://9takes.com/personality-analysis/david-friedberg#cape-town-to-los-angeles-with-nothing,0,379,0.00,7.4
https://9takes.com/personality-analysis/david-friedberg#the-11-billion-education-in-humility,0,207,0.00,7.6
https://9takes.com/personality-analysis/david-friedberg#the-astrophysicist-in-the-card-room,0,206,0.00,7.6
https://9takes.com/personality-analysis/david-friedberg#watching-the-bike-hut-disappear,0,204,0.00,7.6
https://9takes.com/personality-analysis/david-friedberg#what-is-david-friedbergs-personality-type,0,384,0.00,7.5
https://9takes.com/personality-analysis/denzel-washington#a-pentecostal-ministers-son-on-the-streets-of-mount-vernon,0,74,0.00,7.3
https://9takes.com/personality-analysis/denzel-washington#from-st-elsewhere-to-glory,0,56,0.00,7.3
https://9takes.com/personality-analysis/denzel-washington#the-father-his-father-never-was,0,56,0.00,7.3
https://9takes.com/personality-analysis/denzel-washington#the-prophecy-the-camp-counselor-and-a-kid-named-othello,0,56,0.00,7.3
https://9takes.com/personality-analysis/denzel-washington#the-woman-he-proposed-to-three-times,0,56,0.00,7.3
https://9takes.com/personality-analysis/denzel-washington#two-bottles-a-day-no-more-no-less,0,56,0.00,7.3
https://9takes.com/personality-analysis/denzel-washington#what-is-denzel-washingtons-personality-type,0,74,0.00,7.3
https://9takes.com/personality-analysis/dixie-d'amelio,0,59,0.00,7.2
https://9takes.com/personality-analysis/dixie-damelio,0,46,0.00,7.5
https://9takes.com/personality-analysis/doechii#denial-is-a-river-and-sobriety-is-the-shore,0,14,0.00,8.6
https://9takes.com/personality-analysis/doechii#i-am-doechii-the-diary-entry-that-built-a-person,0,19,0.00,8.1
https://9takes.com/personality-analysis/doechii#i-have-the-right-to-suck-right-now,0,14,0.00,8.6
https://9takes.com/personality-analysis/doechii#six-days-a-week-in-that-church,0,14,0.00,8.6
https://9takes.com/personality-analysis/doechii#the-swamp-princess-learns-to-record,0,14,0.00,8.6
https://9takes.com/personality-analysis/doechii#what-is-doechiis-personality-type,0,19,0.00,8.1
https://9takes.com/personality-analysis/donald-trump#moments-the-mask-slipped,0,2,0.00,10.5
https://9takes.com/personality-analysis/donald-trump#relationships-as-performance,0,1,0.00,10.0
https://9takes.com/personality-analysis/donald-trump#the-apprentice-the-reinvention-that-changed-everything,0,4,0.00,10.3
https://9takes.com/personality-analysis/donald-trump#the-image-machine-never-stops,0,2,0.00,10.5
https://9takes.com/personality-analysis/donald-trump#the-making-of-an-achiever-trumps-childhood,0,4,0.00,10.3
https://9takes.com/personality-analysis/donald-trump#the-narrative-vacuum-trumps-missing-story,0,3,0.00,10.3
https://9takes.com/personality-analysis/donald-trump#the-usfl-destroying-a-league-for-personal-glory,0,1,0.00,10.0
https://9takes.com/personality-analysis/donald-trump#the-vocabulary-of-shame-how-trump-speaks,0,3,0.00,10.3
https://9takes.com/personality-analysis/donald-trump#what-is-donald-trumps-personality-type,0,4,0.00,10.3
https://9takes.com/personality-analysis/drake#ovo-and-the-loyalty-problem,0,1,0.00,6.0
https://9takes.com/personality-analysis/drake#the-chameleon-question,0,1,0.00,6.0
https://9takes.com/personality-analysis/drake#the-making-of-an-achiever-drakes-origin-story,0,1,0.00,6.0
https://9takes.com/personality-analysis/drake#the-success-addiction,0,1,0.00,6.0
https://9takes.com/personality-analysis/drake#the-vulnerability-paradox-that-changed-hip-hop,0,1,0.00,6.0
https://9takes.com/personality-analysis/druski#coulda-fest-and-the-global-expansion,0,1,0.00,8.0
https://9takes.com/personality-analysis/druski#how-big-boss-energy-got-him-into-hip-hops-inner-circle,0,227,0.00,7.8
https://9takes.com/personality-analysis/druski#the-2025-mainstream-breakthrough,0,7,0.00,8.4
https://9takes.com/personality-analysis/druski#the-childhood-rejection-that-fueled-the-rise,0,230,0.00,7.8
https://9takes.com/personality-analysis/druski#the-depression-nobody-saw-behind-the-rise,0,77,0.00,8.0
https://9takes.com/personality-analysis/druski#the-mafiathon-stream-and-the-apology-that-wouldnt-land,0,226,0.00,7.8
https://9takes.com/personality-analysis/druski#under-fire-and-fighting-back,0,221,0.00,7.8
https://9takes.com/personality-analysis/druski#we-dont-need-anybody-else-how-netflixs-rejection-built-an-empire,0,147,0.00,7.9
https://9takes.com/personality-analysis/druski#what-gwinnett-county-gave-him,0,18,0.00,6.1
https://9takes.com/personality-analysis/druski#whiteface-erika-kirk-and-the-argument-druski-wont-have,0,250,0.00,7.9
https://9takes.com/personality-analysis/druski#why-druski-can-roast-himself-better-than-anyone-else-could,0,233,0.00,7.8
https://9takes.com/personality-analysis/dua-lipa#dua-lipa-is-an-enneagram-type-3,0,16,0.00,8.8
https://9takes.com/personality-analysis/dua-lipa#how-dua-lipa-turns-criticism-into-a-work-specification,0,6,0.00,9.8
https://9takes.com/personality-analysis/dua-lipa#kosovo-is-the-identity-she-refuses-to-treat-as-decoration,0,5,0.00,9.8
https://9takes.com/personality-analysis/dua-lipa#radical-optimism-put-control-on-trial,0,5,0.00,9.8
https://9takes.com/personality-analysis/dua-lipa#service95-changed-the-kind-of-score-she-keeps,0,5,0.00,9.8
https://9takes.com/personality-analysis/dua-lipa#the-plan-was-precise-the-execution-was-messy,0,5,0.00,9.8
https://9takes.com/personality-analysis/dua-lipa#the-scariest-teacher-and-what-he-understood-about-her,0,11,0.00,9.4
https://9takes.com/personality-analysis/dua-lipa#what-is-dua-lipas-personality-type,0,24,0.00,9.2
https://9takes.com/personality-analysis/dua-lipa#why-dua-lipa-keeps-private-lives-out-of-her-songs,0,7,0.00,9.9
https://9takes.com/personality-analysis/dua-lipa#writing-the-rules,0,16,0.00,8.8
https://9takes.com/personality-analysis/duke-dennis,0,150,0.00,7.9
https://9takes.com/personality-analysis/dwayne-johnson#rocky-maivia-had-to-die,0,395,0.00,7.9
https://9takes.com/personality-analysis/dwayne-johnson#seven-bucks-and-the-art-of-turning-shame-into-a-brand,0,201,0.00,8.3
https://9takes.com/personality-analysis/dwayne-johnson#the-boy-on-interstate-65,0,395,0.00,7.9
https://9takes.com/personality-analysis/dwayne-johnson#the-father-who-crossed-the-line,0,194,0.00,8.4
https://9takes.com/personality-analysis/dwayne-johnson#what-is-dwayne-johnsons-personality-type,0,402,0.00,7.9
https://9takes.com/personality-analysis/ed-sheeran,0,8,0.00,9.4
https://9takes.com/personality-analysis/eddie-murphy,0,408,0.00,8.0
https://9takes.com/personality-analysis/elizabeth-holmes,0,87,0.00,9.0
https://9takes.com/personality-analysis/ella-langley#hope-hull-built-a-kid-who-couldnt-sit-still,0,72,0.00,5.4
https://9takes.com/personality-analysis/ella-langley#the-wanderer-who-needs-to-be-home,0,34,0.00,5.8
https://9takes.com/personality-analysis/ella-langley#what-ella-langley-actually-sounds-like,0,75,0.00,5.4
https://9takes.com/personality-analysis/ella-langley#what-is-ella-langleys-personality-type,0,72,0.00,5.4
https://9takes.com/personality-analysis/ella-langley#why-ella-langley-left-auburn-for-nashville,0,37,0.00,5.9
https://9takes.com/personality-analysis/ellen-degeneres,0,26,0.00,7.4
https://9takes.com/personality-analysis/elon-musk#elon-musk-in-2026-the-year-he-corrected-the-map,0,11,0.00,8.9
https://9takes.com/personality-analysis/elon-musk#first-principles-how-retreat-becomes-power,0,56,0.00,10.6
https://9takes.com/personality-analysis/elon-musk#how-childhood-forged-the-investigator,0,105,0.00,9.7
https://9takes.com/personality-analysis/elon-musk#how-elon-musk-turns-uncertainty-into-a-map,0,9,0.00,8.2
https://9takes.com/personality-analysis/elon-musk#how-retreat-became-elon-musks-operating-system,0,10,0.00,9.1
https://9takes.com/personality-analysis/elon-musk#love-family-and-the-investigator,0,99,0.00,9.8
https://9takes.com/personality-analysis/elon-musk#stress-and-growth,0,105,0.00,9.7
https://9takes.com/personality-analysis/elon-musk#the-difference-between-showing-up-and-taking-over,0,10,0.00,9.1
https://9takes.com/personality-analysis/elon-musk#the-empire-as-pattern,0,59,0.00,10.4
https://9takes.com/personality-analysis/elon-musk#the-investigators-mind,0,56,0.00,10.6
https://9takes.com/personality-analysis/elon-musk#the-meme-lord-paradox,0,1,0.00,9.0
https://9takes.com/personality-analysis/elon-musk#what-is-elon-musks-personality-type,0,13,0.00,8.8
https://9takes.com/personality-analysis/elon-musk#what-pretoria-inherited-before-he-was-born,0,57,0.00,10.6
https://9takes.com/personality-analysis/elon-musk#when-every-escape-route-becomes-another-company,0,8,0.00,9.4
https://9takes.com/personality-analysis/elton-john,0,315,0.00,9.7
https://9takes.com/personality-analysis/elton-john#elton-johns-addiction-and-the-funeral-that-got-him-sober,0,1,0.00,2.0
https://9takes.com/personality-analysis/elton-john#what-is-elton-johns-personality-type,0,1,0.00,2.0
https://9takes.com/personality-analysis/eminem#8-mile-weaponizing-vulnerability,0,12,0.00,10.8
https://9takes.com/personality-analysis/eminem#going-to-war,0,12,0.00,10.8
https://9takes.com/personality-analysis/eminem#the-foundations-of-fear,0,7,0.00,11.3
https://9takes.com/personality-analysis/eminem#the-protector-emerges,0,10,0.00,11.0
https://9takes.com/personality-analysis/eminem#the-weapon-he-built,0,7,0.00,11.3
https://9takes.com/personality-analysis/eminem#the-white-kid-nobody-wanted,0,9,0.00,11.0
https://9takes.com/personality-analysis/eminem#trust-nobody-except-these-people,0,7,0.00,11.3
https://9takes.com/personality-analysis/emma-chamberlain#chamberlain-coffee-feels-like-a-marriage,0,3,0.00,10.0
https://9takes.com/personality-analysis/emma-chamberlain#how-posting-videos-saved-emma-chamberlain-from-high-school-depression,0,8,0.00,8.5
https://9takes.com/personality-analysis/emma-chamberlain#the-painters-daughter,0,3,0.00,10.0
https://9takes.com/personality-analysis/emma-chamberlain#what-is-emma-chamberlains-personality-type,0,8,0.00,8.5
https://9takes.com/personality-analysis/emma-myers,0,59,0.00,7.4
https://9takes.com/personality-analysis/emma-watson#emma-watsons-childhood-a-perfectionist-forged-in-paris-and-oxford,0,358,0.00,8.2
https://9takes.com/personality-analysis/emma-watson#emma-watsons-education-the-quest-for-self-improvement,0,228,0.00,8.3
https://9takes.com/personality-analysis/emma-watson#emma-watsons-post-potter-career-a-curated-filmography-that-mostly-did-not-land,0,396,0.00,8.1
https://9takes.com/personality-analysis/emma-watson#renais-gin-the-business-of-doing-it-right,0,193,0.00,8.6
https://9takes.com/personality-analysis/emma-watson#the-heforshe-campaign-moral-imperative-made-public,0,193,0.00,8.6
https://9takes.com/personality-analysis/emma-watson#the-perfectionists-burden,0,198,0.00,8.6
https://9takes.com/personality-analysis/ernest-hemingway,0,98,0.00,9.6
https://9takes.com/personality-analysis/frank-lloyd-wright,0,30,0.00,8.7
https://9takes.com/personality-analysis/friedrich-nietzsche#friedrich-nietzsches-childhood-a-house-of-five-women-and-one-grave,0,51,0.00,10.0
https://9takes.com/personality-analysis/friedrich-nietzsche#god-is-dead-and-nietzsche-is-the-one-who-has-to-say-it-out-loud,0,59,0.00,10.0
https://9takes.com/personality-analysis/friedrich-nietzsche#the-body-that-forced-nietzsche-into-exile,0,46,0.00,10.0
https://9takes.com/personality-analysis/friedrich-nietzsche#what-is-friedrich-nietzsches-personality-type,0,75,0.00,10.1
https://9takes.com/personality-analysis/friedrich-nietzsche#why-friedrich-nietzsche-wrote-his-hardest-books-completely-alone,0,57,0.00,10.1
https://9takes.com/personality-analysis/friedrich-nietzsche#why-nietzsche-proposed-to-lou-salom-and-never-recovered,0,46,0.00,10.0
https://9takes.com/personality-analysis/gary-vee,0,10,0.00,8.0
https://9takes.com/personality-analysis/gavin-newsom#the-winter-of-love,0,1,0.00,5.0
https://9takes.com/personality-analysis/gavin-newsom#two-worlds-one-boy,0,1,0.00,5.0
https://9takes.com/personality-analysis/gavin-newsom#what-is-gavin-newsoms-personality-type,0,1,0.00,5.0
https://9takes.com/personality-analysis/george-h-w-bush#before-the-white-house-combat-marriage-and-oil,0,26,0.00,5.5
https://9takes.com/personality-analysis/george-h-w-bush#building-security-through-alliance,0,24,0.00,5.6
https://9takes.com/personality-analysis/george-h-w-bush#forged-in-greenwich-the-making-of-a-loyalist,0,35,0.00,5.0
https://9takes.com/personality-analysis/george-h-w-bush#the-loyalist-in-action,0,37,0.00,5.0
https://9takes.com/personality-analysis/george-h-w-bush#what-is-george-hw-bushs-personality-type,0,37,0.00,5.0
https://9takes.com/personality-analysis/george-w-bush,0,318,0.00,10.9
https://9takes.com/personality-analysis/george-w-bush#can-you-remember-the-last-day-you-didnt-have-a-drink,0,21,0.00,6.3
https://9takes.com/personality-analysis/george-w-bush#i-can-hear-you,0,28,0.00,6.4
https://9takes.com/personality-analysis/george-w-bush#in-his-fathers-shadow-and-out-of-it,0,20,0.00,6.3
https://9takes.com/personality-analysis/george-w-bush#the-boy-who-became-the-family-comedian,0,20,0.00,6.3
https://9takes.com/personality-analysis/george-w-bush#the-pictures-from-the-cellblock,0,20,0.00,6.3
https://9takes.com/personality-analysis/george-w-bush#the-weight-of-the-decision,0,27,0.00,6.4
https://9takes.com/personality-analysis/george-w-bush#what-is-george-w-bushs-personality-type,0,28,0.00,6.4
https://9takes.com/personality-analysis/gracie-abrams#gracie-abrams-hid-her-dad-before-she-hid-anything-else,0,711,0.00,7.3
https://9takes.com/personality-analysis/gracie-abrams#the-madison-square-garden-stage-was-her-childhood-bedroom,0,436,0.00,7.4
https://9takes.com/personality-analysis/gracie-abrams#what-audrey-hobert-saw-that-aaron-dessner-saw-too,0,436,0.00,7.4
https://9takes.com/personality-analysis/gracie-abrams#what-is-gracie-abramss-personality-type,0,691,0.00,7.1
https://9takes.com/personality-analysis/gracie-abrams#why-gracie-abrams-couldnt-stop-vomiting-before-shows,0,524,0.00,7.5
https://9takes.com/personality-analysis/greta-gerwig,0,14,0.00,7.9
https://9takes.com/personality-analysis/greta-thunberg,0,46,0.00,13.4
https://9takes.com/personality-analysis/grimes#building-alternate-realities-for-a-living,0,14,0.00,7.4
https://9takes.com/personality-analysis/grimes#from-montreal-chaos-to-art-angels,0,13,0.00,7.4
https://9takes.com/personality-analysis/grimes#the-childhood-that-made-an-outsider,0,13,0.00,7.4
https://9takes.com/personality-analysis/grimes#the-mind-that-cant-stop-escaping-forward,0,13,0.00,7.4
https://9takes.com/personality-analysis/grimes#the-musk-era-love-children-and-conflict,0,13,0.00,7.4
https://9takes.com/personality-analysis/grimes#what-does-grimes-music-actually-sound-like,0,17,0.00,7.1
https://9takes.com/personality-analysis/grimes#what-is-grimes-personality-type,0,18,0.00,7.2
https://9takes.com/personality-analysis/gwyneth-paltrow#gwyneth-paltrows-upbringing,0,4,0.00,7.0
https://9takes.com/personality-analysis/gwyneth-paltrow#major-accomplishments,0,3,0.00,7.7
https://9takes.com/personality-analysis/gwyneth-paltrow#personality-quirks-and-mental-patterns,0,3,0.00,7.7
https://9takes.com/personality-analysis/gwyneth-paltrow#rise-to-fame,0,4,0.00,7.0
https://9takes.com/personality-analysis/gwyneth-paltrow#the-loss-that-changed-everything,0,3,0.00,7.7
https://9takes.com/personality-analysis/gwyneth-paltrow#what-is-gwyneth-paltrows-personality-type,0,4,0.00,7.0
https://9takes.com/personality-analysis/hailee-steinfeld,0,68,0.00,9.0
https://9takes.com/personality-analysis/hailey-bieber#hailey-biebers-biggest-public-controversies,0,176,0.00,8.5
https://9takes.com/personality-analysis/hailey-bieber#hailey-biebers-childhood-faith-family-and-early-pressure,0,241,0.00,8.3
https://9takes.com/personality-analysis/hailey-bieber#how-hailey-bieber-built-her-career-before-rhode,0,167,0.00,8.6
https://9takes.com/personality-analysis/hailey-bieber#how-hailey-bieber-turned-pressure-into-rhode,0,167,0.00,8.6
https://9takes.com/personality-analysis/hailey-bieber#what-is-hailey-biebers-personality-type,0,250,0.00,8.2
https://9takes.com/personality-analysis/hailey-bieber#why-hailey-bieber-seems-so-controlled-in-public,0,175,0.00,8.5
https://9takes.com/personality-analysis/halsey#i-can-make-all-of-these-really-smart-men-dumb,0,11,0.00,5.7
https://9takes.com/personality-analysis/halsey#ice-cream-and-rollerskating,0,11,0.00,5.7
https://9takes.com/personality-analysis/halsey#the-9-that-changed-everything,0,11,0.00,5.7
https://9takes.com/personality-analysis/halsey#the-most-inadequate-ive-ever-felt,0,11,0.00,5.7
https://9takes.com/personality-analysis/halsey#the-pantyhose-pop-filter,0,11,0.00,5.7
https://9takes.com/personality-analysis/halsey#what-is-halseys-personality-type,0,11,0.00,5.7
https://9takes.com/personality-analysis/hasan-piker#does-he-ever-back-down,0,111,0.00,9.6
https://9takes.com/personality-analysis/hasan-piker#from-tyt-to-twitch-hasans-rise-to-fame,0,85,0.00,8.2
https://9takes.com/personality-analysis/hasan-piker#hasans-personality-anger-as-a-love-language,0,166,0.00,6.3
https://9takes.com/personality-analysis/hasan-piker#more-than-politics-entertainment-and-chat-culture,0,251,0.00,6.9
https://9takes.com/personality-analysis/hasan-piker#the-engine-his-anger-has-never-been-about-him,0,1,0.00,10.0
https://9takes.com/personality-analysis/hasan-piker#the-himbo-gateway-drug,0,110,0.00,9.6
https://9takes.com/personality-analysis/hasan-piker#the-himbo-gateway-drug-redefining-leftist-masculinity,0,84,0.00,8.2
https://9takes.com/personality-analysis/hasan-piker#the-making-of-a-challenger-hasans-formative-years,0,350,0.00,8.6
https://9takes.com/personality-analysis/hasan-piker#the-people-he-lets-in,0,117,0.00,9.4
https://9takes.com/personality-analysis/hasan-piker#the-same-move-three-times-seven-years-apart,0,110,0.00,9.6
https://9takes.com/personality-analysis/hasan-piker#the-year-the-punishment-became-continuous,0,175,0.00,9.1
https://9takes.com/personality-analysis/hasan-piker#what-is-hasan-pikers-personality-type,0,434,0.00,7.8
https://9takes.com/personality-analysis/hasan-piker#why-millions-actually-watch,0,84,0.00,8.2
https://9takes.com/personality-analysis/henry-cavill#300-lines-of-lore-how-a-helper-becomes-a-producer,0,48,0.00,10.4
https://9takes.com/personality-analysis/henry-cavill#fat-cavill-was-the-actual-name,0,62,0.00,9.9
https://9takes.com/personality-analysis/henry-cavill#the-ambassador-for-hobbies-nobody-asked-him-to-defend,0,48,0.00,10.4
https://9takes.com/personality-analysis/henry-cavill#the-boy-who-approached-russell-crowe-and-then-waited-twelve-years-to-mention-it,0,48,0.00,10.4
https://9takes.com/personality-analysis/henry-cavill#the-mirror-that-doesnt-match-the-cape,0,48,0.00,10.4
https://9takes.com/personality-analysis/henry-cavill#the-unluckiest-man-in-hollywood-who-never-complained,0,48,0.00,10.4
https://9takes.com/personality-analysis/henry-cavill#the-witcher-when-helpers-read-every-book,0,62,0.00,9.9
https://9takes.com/personality-analysis/hilary-duff#how-her-divorce-rewired-the-pattern,0,79,0.00,7.6
https://9takes.com/personality-analysis/hilary-duff#the-body-they-watched-break-down,0,79,0.00,7.6
https://9takes.com/personality-analysis/hilary-duff#the-girl-who-moved-to-hollywood-for-her-sister,0,97,0.00,7.5
https://9takes.com/personality-analysis/hilary-duff#the-lizzie-she-refused-to-play,0,78,0.00,7.6
https://9takes.com/personality-analysis/hilary-duff#what-aaron-carter-revealed-about-her-wiring,0,93,0.00,7.6
https://9takes.com/personality-analysis/hilary-duff#what-is-hilary-duffs-personality-type,0,97,0.00,7.5
https://9takes.com/personality-analysis/hillary-clinton,0,29,0.00,12.7
https://9takes.com/personality-analysis/hugh-jackman#coco-the-clown-and-the-accidental-calling,0,167,0.00,8.4
https://9takes.com/personality-analysis/hugh-jackman#the-85-rule-and-the-3-am-wolverine,0,161,0.00,8.4
https://9takes.com/personality-analysis/hugh-jackman#the-boy-who-waited-outside,0,237,0.00,8.3
https://9takes.com/personality-analysis/hugh-jackman#what-is-hugh-jackmans-personality-type,0,246,0.00,8.3
https://9takes.com/personality-analysis/hugh-jackman#white-rage-and-the-diving-board,0,161,0.00,8.4
https://9takes.com/personality-analysis/hunter-biden,0,4,0.00,3.8
https://9takes.com/personality-analysis/ibai-llanos,0,70,0.00,6.3
https://9takes.com/personality-analysis/ice-spice,0,16,0.00,8.3
https://9takes.com/personality-analysis/ishowspeed#china-and-the-maturity-test,0,4,0.00,7.5
https://9takes.com/personality-analysis/ishowspeed#friends-rivals-and-loyalty-tests,0,202,0.00,7.7
https://9takes.com/personality-analysis/ishowspeed#how-he-got-famous-at-16,0,3,0.00,4.3
https://9takes.com/personality-analysis/ishowspeed#how-he-is-changing,0,340,0.00,6.8
https://9takes.com/personality-analysis/ishowspeed#the-africa-tour-and-search-for-home,0,31,0.00,7.7
https://9takes.com/personality-analysis/ishowspeed#the-biggest-public-embarrassment,0,540,0.00,7.1
https://9takes.com/personality-analysis/ishowspeed#the-empty-desk-that-still-drives-him,0,330,0.00,7.1
https://9takes.com/personality-analysis/ishowspeed#the-family-he-protects-most,0,332,0.00,7.7
https://9takes.com/personality-analysis/ishowspeed#the-ghana-homecoming,0,344,0.00,7.2
https://9takes.com/personality-analysis/ishowspeed#the-tokyo-hospital-scare-and-what-it-revealed,0,112,0.00,5.4
https://9takes.com/personality-analysis/ishowspeed#turning-streaming-into-music-wwe-and-global-fame,0,199,0.00,6.2
https://9takes.com/personality-analysis/ishowspeed#what-is-ishowspeeds-personality-type,0,710,0.00,7.0
https://9takes.com/personality-analysis/ishowspeed#why-ishowspeed-gets-so-angry-on-stream,0,715,0.00,7.0
https://9takes.com/personality-analysis/j.k.-rowling,0,35,0.00,8.7
https://9takes.com/personality-analysis/jack-antonoff,0,46,0.00,9.4
https://9takes.com/personality-analysis/jack-black#jack-blacks-mind-quirks-habits-and-hidden-depths,0,242,0.00,5.4
https://9takes.com/personality-analysis/jack-black#rise-to-fame-from-tenacious-d-to-stealing-every-scene,0,166,0.00,5.4
https://9takes.com/personality-analysis/jack-black#the-dark-years-jack-rarely-discusses,0,242,0.00,5.4
https://9takes.com/personality-analysis/jack-black#what-is-jack-blacks-personality-type,0,242,0.00,5.4
https://9takes.com/personality-analysis/jack-black#when-the-showman-goes-quiet,0,166,0.00,5.4
https://9takes.com/personality-analysis/jackie-kennedy#how-jackie-kennedy-restored-the-white-house,0,69,0.00,4.4
https://9takes.com/personality-analysis/jackie-kennedy#the-daughter-of-black-jack-bouvier,0,25,0.00,4.5
https://9takes.com/personality-analysis/jackie-kennedy#the-funeral-she-designed-and-the-myth-she-chose,0,42,0.00,4.5
https://9takes.com/personality-analysis/jackie-kennedy#the-inquiring-camera-girl,0,17,0.00,4.9
https://9takes.com/personality-analysis/jackie-kennedy#the-pink-suit-she-refused-to-change,0,40,0.00,4.5
https://9takes.com/personality-analysis/jackie-kennedy#what-is-jackie-kennedys-personality-type,0,71,0.00,4.3
https://9takes.com/personality-analysis/jackie-kennedy#what-the-white-house-photographs-did-not-show,0,41,0.00,4.6
https://9takes.com/personality-analysis/jackie-kennedy#why-jackie-kennedy-wanted-minimum-information,0,42,0.00,4.5
https://9takes.com/personality-analysis/jake-gyllenhaal#running-through-the-dark-to-become-nightcrawler,0,4,0.00,8.5
https://9takes.com/personality-analysis/jake-gyllenhaal#the-childhood-that-taught-vigilance,0,4,0.00,8.5
https://9takes.com/personality-analysis/jake-gyllenhaal#the-family-ritual-that-keeps-him-steady,0,4,0.00,8.5
https://9takes.com/personality-analysis/jake-gyllenhaal#what-is-jake-gyllenhaals-personality-type,0,4,0.00,8.5
https://9takes.com/personality-analysis/jake-paul,0,380,0.00,11.4
https://9takes.com/personality-analysis/jake-shane,0,3,0.00,7.7
https://9takes.com/personality-analysis/jamie-dimon,0,212,0.00,7.2
https://9takes.com/personality-analysis/jared-kushner,0,14,0.00,9.0
https://9takes.com/personality-analysis/jason-calacanis,0,170,0.00,8.4
https://9takes.com/personality-analysis/jeff-bezos#the-laugh,0,7,0.00,8.7
https://9takes.com/personality-analysis/jeff-bezos#the-operating-system,0,4,0.00,9.5
https://9takes.com/personality-analysis/jeff-bezos#the-princeton-calibration,0,4,0.00,9.5
https://9takes.com/personality-analysis/jeff-bezos#the-type-8-algorithm-punch-what-you-can-punch-stay-quiet-when-you-cant,0,5,0.00,9.0
https://9takes.com/personality-analysis/jeff-bezos#three-childhoods-that-built-him,0,6,0.00,9.0
https://9takes.com/personality-analysis/jeff-bezos#what-is-jeff-bezoss-personality-type,0,7,0.00,8.7
https://9takes.com/personality-analysis/jennifer-garner#but-isnt-she-a-type-9,0,9,0.00,7.6
https://9takes.com/personality-analysis/jennifer-garner#feeding-kids-is-her-real-third-act,0,8,0.00,8.1
https://9takes.com/personality-analysis/jennifer-garner#the-career-narrowing-nobody-asks-her-about,0,9,0.00,7.8
https://9takes.com/personality-analysis/jennifer-garner#the-word-she-keeps-using-pretend,0,8,0.00,8.1
https://9takes.com/personality-analysis/jennifer-garner#the-yellow-house-and-the-rules,0,8,0.00,8.1
https://9takes.com/personality-analysis/jennifer-garner#what-is-jennifer-garners-personality-type,0,10,0.00,7.3
https://9takes.com/personality-analysis/jennifer-lawrence#i-married-the-opposite-of-me,0,134,0.00,8.5
https://9takes.com/personality-analysis/jennifer-lawrence#the-cool-girl-cage,0,177,0.00,8.5
https://9takes.com/personality-analysis/jennifer-lawrence#the-imposter-in-the-bathroom,0,24,0.00,7.3
https://9takes.com/personality-analysis/jennifer-lawrence#the-light-that-went-out,0,177,0.00,8.5
https://9takes.com/personality-analysis/jennifer-lawrence#the-secret-tiktok-account,0,127,0.00,8.4
https://9takes.com/personality-analysis/jennifer-lawrence#the-winters-bone-walk,0,117,0.00,8.8
https://9takes.com/personality-analysis/jennifer-lawrence#what-is-jennifer-lawrences-personality-type,0,179,0.00,8.5
https://9takes.com/personality-analysis/jennifer-lawrence#working-made-me-feel-like-nobody-could-be-mad-at-me,0,136,0.00,8.5
https://9takes.com/personality-analysis/jennifer-lopez#how-jennifer-lopez-survived-being-over-twice,0,17,0.00,9.5
https://9takes.com/personality-analysis/jennifer-lopez#jennifer-lopezs-childhood-three-girls-one-bed-one-worthiness-wound,0,17,0.00,9.5
https://9takes.com/personality-analysis/jennifer-lopez#jennifer-lopezs-relationships-and-the-need-to-be-chosen,0,17,0.00,9.5
https://9takes.com/personality-analysis/jennifer-lopez#what-is-jennifer-lopezs-personality-type,0,23,0.00,9.4
https://9takes.com/personality-analysis/jennifer-lopez#why-hustlers-mattered-so-much-to-jennifer-lopez,0,17,0.00,9.5
https://9takes.com/personality-analysis/jennifer-lopez#why-jennifer-lopez-left-home-to-dance,0,24,0.00,9.4
https://9takes.com/personality-analysis/jennifer-lopez#why-jennifer-lopez-seems-so-demanding,0,18,0.00,9.6
https://9takes.com/personality-analysis/jensen-huang,0,7,0.00,9.3
https://9takes.com/personality-analysis/jeremy-allen-white,0,100,0.00,7.7
https://9takes.com/personality-analysis/jimmy-carter,0,6,0.00,4.7
https://9takes.com/personality-analysis/jimmy-fallon#how-jimmy-fallon-turned-late-night-into-a-playground,0,54,0.00,5.7
https://9takes.com/personality-analysis/jimmy-fallon#how-jimmy-fallons-type-7-tonight-show-revolutionized-late-night,0,28,0.00,5.6
https://9takes.com/personality-analysis/jimmy-fallon#jimmy-fallons-childhood-the-backyard-that-couldnt-hold-him,0,59,0.00,5.5
https://9takes.com/personality-analysis/jimmy-fallon#jimmy-fallons-lost-years-the-movies-that-flopped-and-the-drinking-that-didnt,0,51,0.00,5.6
https://9takes.com/personality-analysis/jimmy-fallon#jimmy-fallons-type-7-musical-abilities-joy-through-multiple-talents,0,22,0.00,5.0
https://9takes.com/personality-analysis/jimmy-fallon#jimmy-fallons-type-7-snl-breakthrough-variety-as-survival-strategy,0,33,0.00,5.4
https://9takes.com/personality-analysis/jimmy-fallon#the-giggle-that-made-jimmy-fallon-famous-and-makes-critics-groan,0,53,0.00,5.6
https://9takes.com/personality-analysis/jimmy-fallon#what-is-jimmy-fallons-personality-type,0,108,0.00,5.3
https://9takes.com/personality-analysis/jimmy-fallon#what-jimmy-fallon-does-when-the-fun-stops-working,0,82,0.00,5.5
https://9takes.com/personality-analysis/jk-rowling,0,61,0.00,7.8
https://9takes.com/personality-analysis/joaquin-phoenix#behind-the-transformation-phoenixs-body-as-emotional-canvas,0,1,0.00,8.0
https://9takes.com/personality-analysis/joaquin-phoenix#finding-his-tribe-phoenixs-relationships-and-inner-circle,0,1,0.00,8.0
https://9takes.com/personality-analysis/joaquin-phoenix#from-cult-to-spotlight-how-phoenixs-unusual-childhood-shaped-his-identity,0,3,0.00,5.3
https://9takes.com/personality-analysis/joaquin-phoenix#how-a-childhood-in-a-cult-taught-joaquin-phoenix-he-did-not-belong,0,3,0.00,8.0
https://9takes.com/personality-analysis/joaquin-phoenix#how-joaquin-phoenix-turns-his-own-body-into-the-character,0,8,0.00,7.8
https://9takes.com/personality-analysis/joaquin-phoenix#living-in-the-shadow-rivers-death-and-joaquins-identity-crisis,0,3,0.00,5.3
https://9takes.com/personality-analysis/joaquin-phoenix#the-activist-soul-phoenixs-search-for-meaning-beyond-acting,0,1,0.00,8.0
https://9takes.com/personality-analysis/joaquin-phoenix#the-night-outside-the-viper-room-that-reset-everything,0,2,0.00,9.0
https://9takes.com/personality-analysis/joaquin-phoenix#the-voice-within-phoenixs-inner-dialogue-and-self-doubt,0,1,0.00,8.0
https://9takes.com/personality-analysis/joaquin-phoenix#what-is-joaquin-phoenixs-personality-type,0,3,0.00,9.7
https://9takes.com/personality-analysis/joaquin-phoenix#why-joaquin-phoenix-keeps-trying-to-quit-acting,0,6,0.00,7.5
https://9takes.com/personality-analysis/jocko-willink,0,5,0.00,8.6
https://9takes.com/personality-analysis/joe-biden#december-18-1972,0,18,0.00,9.8
https://9takes.com/personality-analysis/joe-biden#no-one-fks-with-a-biden,0,18,0.00,9.8
https://9takes.com/personality-analysis/joe-biden#promise-me-dad,0,7,0.00,9.7
https://9takes.com/personality-analysis/joe-biden#the-boy-with-the-flashlight,0,7,0.00,9.7
https://9takes.com/personality-analysis/joe-biden#the-need-to-be-needed,0,7,0.00,9.7
https://9takes.com/personality-analysis/joe-biden#the-rosary-and-the-rule-book,0,7,0.00,9.7
https://9takes.com/personality-analysis/joe-biden#what-biden-is-like-behind-closed-doors,0,18,0.00,9.8
https://9takes.com/personality-analysis/joe-rogan#how-comedy-replaced-the-dojo,0,112,0.00,6.0
https://9takes.com/personality-analysis/joe-rogan#newark-and-the-two-fathers,0,121,0.00,6.0
https://9takes.com/personality-analysis/joe-rogan#no-single-point-of-failure,0,149,0.00,6.2
https://9takes.com/personality-analysis/joe-rogan#the-dojo-as-sanctuary,0,68,0.00,5.8
https://9takes.com/personality-analysis/joe-rogan#the-violence-i-carry,0,136,0.00,6.1
https://9takes.com/personality-analysis/joe-rogan#what-is-joe-rogans-personality-type,0,150,0.00,6.2
https://9takes.com/personality-analysis/joe-rogan#why-other-peoples-pain-lands-so-hard,0,114,0.00,6.1
https://9takes.com/personality-analysis/joe-rogan#why-texas-made-sense,0,43,0.00,6.2
https://9takes.com/personality-analysis/john-coogan#lucy-and-the-usefulness-of-a-closed-door,0,116,0.00,8.4
https://9takes.com/personality-analysis/john-coogan#pasadena-gave-him-the-ocean-and-outer-space,0,79,0.00,8.4
https://9takes.com/personality-analysis/john-coogan#soylent-taught-him-what-a-strange-idea-can-unlock,0,75,0.00,8.6
https://9takes.com/personality-analysis/john-coogan#what-is-john-coogans-personality-type,0,125,0.00,8.2
https://9takes.com/personality-analysis/john-coogan#who-is-john-coogan,0,94,0.00,7.8
https://9takes.com/personality-analysis/john-f-kennedy#how-jfk-handled-public-humiliation,0,37,0.00,7.1
https://9takes.com/personality-analysis/john-f-kennedy#how-joe-kennedy-shaped-jfk,0,53,0.00,7.0
https://9takes.com/personality-analysis/john-f-kennedy#jfk-and-jackie-the-marriage-behind-camelot,0,23,0.00,7.4
https://9takes.com/personality-analysis/john-f-kennedy#jfks-childhood-illness-and-early-brush-with-death,0,39,0.00,7.2
https://9takes.com/personality-analysis/john-f-kennedy#jfks-hidden-pain-and-daily-injections,0,42,0.00,7.3
https://9takes.com/personality-analysis/john-f-kennedy#the-affairs-were-not-just-affairs,0,18,0.00,6.9
https://9takes.com/personality-analysis/john-f-kennedy#what-is-jfks-personality-type,0,53,0.00,7.0
https://9takes.com/personality-analysis/john-f-kennedy#why-jfk-seemed-effortless-in-public,0,44,0.00,7.5
https://9takes.com/personality-analysis/john-lennon,0,20,0.00,8.1
https://9takes.com/personality-analysis/john-travolta#aviation-the-cockpit-where-grief-cant-follow,0,24,0.00,5.7
https://9takes.com/personality-analysis/john-travolta#how-hollywoods-biggest-star-became-a-punchline,0,6,0.00,8.7
https://9takes.com/personality-analysis/john-travolta#the-basement-theater-that-built-a-shapeshifter,0,22,0.00,5.7
https://9takes.com/personality-analysis/john-travolta#the-phone-call-that-brought-him-back-to-life,0,26,0.00,6.0
https://9takes.com/personality-analysis/john-travolta#the-sealed-room-scientology-and-the-self-travolta-wont-show,0,27,0.00,6.0
https://9takes.com/personality-analysis/john-travolta#the-walk-he-borrowed-and-the-world-he-conquered,0,26,0.00,6.0
https://9takes.com/personality-analysis/john-travolta#the-woman-he-was-holding-when-she-died,0,27,0.00,6.0
https://9takes.com/personality-analysis/john-travolta#what-is-john-travoltas-personality-type,0,27,0.00,6.0
https://9takes.com/personality-analysis/johnny-depp#burton-and-the-permission-to-hide,0,79,0.00,8.9
https://9takes.com/personality-analysis/johnny-depp#the-first-locked-door,0,63,0.00,9.0
https://9takes.com/personality-analysis/johnny-depp#the-role-that-turned-him-into-a-product,0,62,0.00,9.0
https://9takes.com/personality-analysis/johnny-depp#what-is-johnny-depps-personality-type,0,87,0.00,8.9
https://9takes.com/personality-analysis/johnny-depp#whatever-was-handy,0,63,0.00,9.0
https://9takes.com/personality-analysis/johnny-depp#winona-forever,0,86,0.00,8.9
https://9takes.com/personality-analysis/jon-stewart#the-911-monologue-that-recast-jons-public-role,0,2,0.00,8.0
https://9takes.com/personality-analysis/jon-stewart#the-boy-named-jonathan-stuart-leibowitz,0,2,0.00,8.0
https://9takes.com/personality-analysis/jon-stewart#the-lost-years-at-william-mary,0,2,0.00,8.0
https://9takes.com/personality-analysis/jon-stewart#what-is-jon-stewarts-personality-type,0,2,0.00,8.0
https://9takes.com/personality-analysis/jon-stewart#where-the-empathy-still-breaks-down,0,2,0.00,8.0
https://9takes.com/personality-analysis/jon-stewart#why-political-comedy-became-turd-mining,0,2,0.00,8.0
https://9takes.com/personality-analysis/jon-stewart#why-the-last-name-changed,0,2,0.00,8.0
https://9takes.com/personality-analysis/jonathan-bailey,0,59,0.00,7.7
https://9takes.com/personality-analysis/jordi-hays#branded-native-was-the-same-trick-on-a-bigger-target,0,9,0.00,3.9
https://9takes.com/personality-analysis/jordi-hays#capital-made-attention-part-of-the-product,0,656,0.00,6.4
https://9takes.com/personality-analysis/jordi-hays#from-skatepark-to-shanghai,0,1788,0.00,6.5
https://9takes.com/personality-analysis/jordi-hays#golden-retriever-mode-is-a-type-3-designing-a-posture,0,651,0.00,6.4
https://9takes.com/personality-analysis/jordi-hays#tbpn-makes-spontaneity-on-a-schedule,0,650,0.00,6.4
https://9takes.com/personality-analysis/jordi-hays#the-compounding-machine,0,1955,0.00,6.8
https://9takes.com/personality-analysis/jordi-hays#the-year-the-market-tried-to-kill-him,0,1807,0.00,6.5
https://9takes.com/personality-analysis/jordi-hays#what-is-jordi-hayss-personality-type,0,3448,0.00,6.6
https://9takes.com/personality-analysis/jordi-hays#while-party-round-was-fun-jordi-was-dead-serious,0,1934,0.00,6.7
https://9takes.com/personality-analysis/jordi-hays#why-did-openai-acquire-tbpn,0,662,0.00,6.4
https://9takes.com/personality-analysis/jordi-hays#why-jordi-hays-reads-as-an-enneagram-type-3,0,1498,0.00,6.5
https://9takes.com/personality-analysis/julia-fox,0,457,0.00,8.9
https://9takes.com/personality-analysis/julius-caesar,0,2,0.00,7.5
https://9takes.com/personality-analysis/justin-bieber#48-hours,0,23,0.00,7.8
https://9takes.com/personality-analysis/justin-bieber#a-bathtub-at-3am,0,58,0.00,8.9
https://9takes.com/personality-analysis/justin-bieber#before-the-product,0,57,0.00,8.9
https://9takes.com/personality-analysis/justin-bieber#selena-the-identity-he-poured-into-someone-else,0,56,0.00,8.9
https://9takes.com/personality-analysis/justin-bieber#the-boy-on-youtube,0,66,0.00,9.1
https://9takes.com/personality-analysis/justin-bieber#the-loneliest-star-on-earth,0,43,0.00,9.8
https://9takes.com/personality-analysis/justin-bieber#the-unraveling,0,58,0.00,8.9
https://9takes.com/personality-analysis/justin-bieber#what-is-justin-biebers-personality-type,0,66,0.00,9.1
https://9takes.com/personality-analysis/jynxzi,0,232,0.00,8.5
https://9takes.com/personality-analysis/kai-cenat#amp-and-the-brotherhood-that-keeps-him-grounded,0,309,0.00,5.8
https://9takes.com/personality-analysis/kai-cenat#how-he-became-twitchs-loudest-star,0,204,0.00,5.9
https://9takes.com/personality-analysis/kai-cenat#how-he-changed-internet-culture,0,271,0.00,5.6
https://9takes.com/personality-analysis/kai-cenat#how-mafiathon-made-him-bigger-than-twitch,0,232,0.00,5.9
https://9takes.com/personality-analysis/kai-cenat#the-biggest-controversies-and-consequences,0,204,0.00,6.0
https://9takes.com/personality-analysis/kai-cenat#the-bronx-childhood-that-never-really-left,0,260,0.00,5.7
https://9takes.com/personality-analysis/kai-cenat#what-is-kai-cenats-personality-type,0,400,0.00,5.7
https://9takes.com/personality-analysis/kaia-gerber,0,541,0.00,8.5
https://9takes.com/personality-analysis/kamala-harris#shyamalas-daughter,0,5,0.00,8.8
https://9takes.com/personality-analysis/kamala-harris#the-prosecutor-who-wouldnt-bend,0,3,0.00,8.3
https://9takes.com/personality-analysis/kamala-harris#the-room-readers-dilemma,0,5,0.00,8.8
https://9takes.com/personality-analysis/kamala-harris#what-is-kamala-harriss-personality-type,0,5,0.00,8.8
https://9takes.com/personality-analysis/kanye#the-night-everything-changed,0,76,0.00,8.1
https://9takes.com/personality-analysis/kanye#the-wire-that-never-came-off,0,81,0.00,8.3
https://9takes.com/personality-analysis/kanye#there-is-no-room-for-shyness-dondas-son,0,101,0.00,8.1
https://9takes.com/personality-analysis/kanye#twenty-four-hours-a-day-in-paradise,0,76,0.00,8.1
https://9takes.com/personality-analysis/kanye#we-all-will-live-in-turrell-spaces,0,77,0.00,8.2
https://9takes.com/personality-analysis/kanye#what-is-kanye-wests-personality-type,0,107,0.00,8.2
https://9takes.com/personality-analysis/kanye#you-aint-got-the-answers-the-fashion-war,0,77,0.00,8.2
https://9takes.com/personality-analysis/kara-swisher#how-kara-swisher-interviews-powerful-men,0,1803,0.00,6.8
https://9takes.com/personality-analysis/kara-swisher#kara-swishers-childhood-and-her-fathers-death,0,1796,0.00,6.9
https://9takes.com/personality-analysis/kara-swisher#kara-swishers-stroke-and-mortality-shift,0,2196,0.00,6.9
https://9takes.com/personality-analysis/kara-swisher#why-kara-swisher-had-to-build-her-own-career,0,1964,0.00,7.0
https://9takes.com/personality-analysis/kara-swisher#why-kara-swisher-seems-so-confrontational,0,1685,0.00,6.9
https://9takes.com/personality-analysis/keanu-reeves#born-in-beirut-raised-nowhere,0,44,0.00,9.4
https://9takes.com/personality-analysis/keanu-reeves#hes-a-listener-and-it-drives-people-crazy,0,44,0.00,9.8
https://9takes.com/personality-analysis/keanu-reeves#the-characters-he-chose,0,42,0.00,9.6
https://9takes.com/personality-analysis/keanu-reeves#the-dracula-moment,0,57,0.00,9.2
https://9takes.com/personality-analysis/keanu-reeves#the-losses-that-made-the-man,0,47,0.00,9.6
https://9takes.com/personality-analysis/keanu-reeves#what-is-keanu-reeves-personality-type,0,57,0.00,9.2
https://9takes.com/personality-analysis/keith-lee,0,72,0.00,8.3
https://9takes.com/personality-analysis/keke-palmer#signed-shelved-signed-again,0,31,0.00,3.8
https://9takes.com/personality-analysis/keke-palmer#sorry-to-this-man,0,32,0.00,3.8
https://9takes.com/personality-analysis/keke-palmer#the-black-girl-on-the-network,0,31,0.00,3.8
https://9takes.com/personality-analysis/keke-palmer#the-girl-who-held-her-breath,0,31,0.00,3.8
https://9takes.com/personality-analysis/keke-palmer#the-girl-who-went-to-work-at-nine,0,31,0.00,3.8
https://9takes.com/personality-analysis/keke-palmer#the-millionaire-who-filed-for-bankruptcy,0,4,0.00,3.5
https://9takes.com/personality-analysis/keke-palmer#walking-around-in-a-spongebob-suit,0,28,0.00,3.8
https://9takes.com/personality-analysis/keke-palmer#what-is-keke-palmers-personality-type,0,32,0.00,3.8
https://9takes.com/personality-analysis/kendall-jenner#hannah-montana-without-the-disguise,0,11,0.00,7.8
https://9takes.com/personality-analysis/kendall-jenner#the-girl-who-retreats-to-bathrooms,0,11,0.00,7.8
https://9takes.com/personality-analysis/kendall-jenner#the-jenner-who-stripped-her-name,0,12,0.00,8.1
https://9takes.com/personality-analysis/kendall-jenner#what-is-kendall-jenners-personality-type,0,12,0.00,8.1
https://9takes.com/personality-analysis/kendrick-lamar#how-not-like-us-turned-a-diss-into-a-verdict,0,33,0.00,7.9
https://9takes.com/personality-analysis/kendrick-lamar#what-gnx-and-the-whited-out-murals-reveal,0,33,0.00,7.9
https://9takes.com/personality-analysis/kendrick-lamar#what-is-kendrick-lamars-personality-type,0,54,0.00,7.7
https://9takes.com/personality-analysis/kendrick-lamar#what-kendrick-sounds-like-under-pressure,0,54,0.00,7.7
https://9takes.com/personality-analysis/kendrick-lamar#why-kendrick-cant-stop-returning-to-compton,0,33,0.00,7.9
https://9takes.com/personality-analysis/kevin-hart,0,184,0.00,9.5
https://9takes.com/personality-analysis/khabib-nurmagomedov,0,66,0.00,8.6
https://9takes.com/personality-analysis/khloe-kardashian#how-khlo-kardashian-lost-herself-saving-lamar-odom,0,104,0.00,7.5
https://9takes.com/personality-analysis/khloe-kardashian#im-the-ugly-sister-im-the-fat-one-im-the-transvestite,0,101,0.00,7.5
https://9takes.com/personality-analysis/khloe-kardashian#what-is-khlo-kardashians-personality-type,0,162,0.00,7.3
https://9takes.com/personality-analysis/khloe-kardashian#why-khlo-kardashian-kept-forgiving-tristan-thompson,0,116,0.00,7.5
https://9takes.com/personality-analysis/khloe-kardashian#why-khlo-kardashians-obsessive-organizing-isnt-about-tidiness,0,150,0.00,7.2
https://9takes.com/personality-analysis/kourtney-kardashian#five-failed-ivf-cycles-and-the-body-she-couldnt-control,0,272,0.00,5.8
https://9takes.com/personality-analysis/kourtney-kardashian#sometimes-i-just-wish-nobody-knew-who-i-was,0,274,0.00,5.9
https://9takes.com/personality-analysis/kourtney-kardashian#the-eldest-daughter-of-a-broken-home,0,366,0.00,5.9
https://9takes.com/personality-analysis/kourtney-kardashian#the-ten-year-trial-of-scott-disick,0,272,0.00,5.8
https://9takes.com/personality-analysis/kourtney-kardashian#what-is-kourtney-kardashians-personality-type,0,368,0.00,5.9
https://9takes.com/personality-analysis/kris-jenner,0,126,0.00,7.0
https://9takes.com/personality-analysis/kristen-bell,0,180,0.00,11.5
https://9takes.com/personality-analysis/kristen-bell#dax-and-kristen-what-marriage-looks-like-when-two-people-do-the-work,0,39,0.00,6.1
https://9takes.com/personality-analysis/kristen-bell#i-was-a-food-truck-for-three-years-the-codependency-awakening,0,28,0.00,5.7
https://9takes.com/personality-analysis/kristen-bell#the-anniversary-post-a-type-2-choosing-herself,0,28,0.00,5.7
https://9takes.com/personality-analysis/kristen-bell#the-anxiety-map-when-the-helper-mapped-her-own-nervous-system,0,28,0.00,5.7
https://9takes.com/personality-analysis/kristen-bell#the-girl-from-michigan-how-bells-childhood-shaped-the-helper,0,39,0.00,6.1
https://9takes.com/personality-analysis/kristen-bell#what-is-kristen-bells-personality-type,0,39,0.00,6.1
https://9takes.com/personality-analysis/krystal-ball,0,36,0.00,13.8
https://9takes.com/personality-analysis/kylie-jenner#how-kylie-jenner-built-kylie-cosmetics,0,153,0.00,8.2
https://9takes.com/personality-analysis/kylie-jenner#nobody-cared-kylies-place-in-the-kardashian-jenner-dynasty,0,127,0.00,8.2
https://9takes.com/personality-analysis/kylie-jenner#the-jordyn-woods-betrayal-when-a-type-9s-world-shatters,0,121,0.00,8.1
https://9takes.com/personality-analysis/kylie-jenner#the-lip-filler-loop-a-type-9s-identity-crisis,0,121,0.00,8.1
https://9takes.com/personality-analysis/kylie-jenner#what-is-kylie-jenners-personality-type,0,270,0.00,7.9
https://9takes.com/personality-analysis/kylie-jenner#why-kylie-jenner-created-a-persona,0,232,0.00,7.7
https://9takes.com/personality-analysis/kylie-jenner#why-kylie-jenner-disappears-when-chaos-hits,0,121,0.00,8.1
https://9takes.com/personality-analysis/lamine-yamal,0,265,0.00,7.0
https://9takes.com/personality-analysis/lana-del-rey#lake-placid-the-girl-who-watched-through-glass,0,209,0.00,8.6
https://9takes.com/personality-analysis/lana-del-rey#philosophy-the-trailer-park-and-the-woman-she-was-building,0,209,0.00,8.6
https://9takes.com/personality-analysis/lana-del-rey#the-albums-as-chapters,0,400,0.00,8.4
https://9takes.com/personality-analysis/lana-del-rey#the-invention-of-lana-del-rey,0,403,0.00,8.4
https://9takes.com/personality-analysis/lana-del-rey#what-is-lana-del-reys-personality-type,0,403,0.00,8.4
https://9takes.com/personality-analysis/lana-del-rey#what-the-music-is-actually-doing,0,209,0.00,8.6
https://9takes.com/personality-analysis/lana-rhoades,0,228,0.00,7.7
https://9takes.com/personality-analysis/leila-hormozi#how-leila-hormozi-met-alex-hormozi,0,45,0.00,5.8
https://9takes.com/personality-analysis/leila-hormozi#how-leila-hormozi-performs-composure,0,66,0.00,5.7
https://9takes.com/personality-analysis/leila-hormozi#leila-hormozis-childhood-trauma-and-emotional-shutdown,0,69,0.00,5.7
https://9takes.com/personality-analysis/leila-hormozi#what-is-leila-hormozis-personality-type,0,46,0.00,6.0
https://9takes.com/personality-analysis/leila-hormozi#who-is-leila-hormozi,0,46,0.00,6.0
https://9takes.com/personality-analysis/leila-hormozi#why-leila-stayed-when-alex-lost-everything,0,44,0.00,5.9
https://9takes.com/personality-analysis/leonardo-dicaprio#a-hundred-little-attributes,0,22,0.00,9.2
https://9takes.com/personality-analysis/leonardo-dicaprio#george-dicaprios-son,0,23,0.00,9.3
https://9takes.com/personality-analysis/leonardo-dicaprio#oh-i-dont-read,0,22,0.00,9.2
https://9takes.com/personality-analysis/leonardo-dicaprio#the-corner-of-hollywood-and-western,0,22,0.00,9.2
https://9takes.com/personality-analysis/leonardo-dicaprio#the-noodle,0,23,0.00,9.3
https://9takes.com/personality-analysis/leonardo-dicaprio#the-prince-of-the-city,0,22,0.00,9.2
https://9takes.com/personality-analysis/leonardo-dicaprio#what-is-leonardo-dicaprios-personality-type,0,23,0.00,9.3
https://9takes.com/personality-analysis/lex-fridman#a-silly-kid-who-couldnt-speak-english,0,50,0.00,7.5
https://9takes.com/personality-analysis/lex-fridman#from-the-lab-to-the-listening-booth,0,62,0.00,8.3
https://9takes.com/personality-analysis/lex-fridman#i-see-myself-as-the-idiot-and-an-idiot,0,49,0.00,7.6
https://9takes.com/personality-analysis/lex-fridman#i-will-talk-with-everyone,0,49,0.00,7.6
https://9takes.com/personality-analysis/lex-fridman#what-is-lex-fridmans-personality-type,0,63,0.00,8.2
https://9takes.com/personality-analysis/liang-wenfeng,0,50,0.00,7.4
https://9takes.com/personality-analysis/lily-allen,0,79,0.00,9.5
https://9takes.com/personality-analysis/lionel-messi#how-messis-body-kept-score,0,994,0.00,6.9
https://9takes.com/personality-analysis/lionel-messi#leaving-the-only-home-he-knew,0,864,0.00,6.8
https://9takes.com/personality-analysis/lionel-messi#the-boy-who-left-everything-at-thirteen,0,948,0.00,6.8
https://9takes.com/personality-analysis/lionel-messi#the-mute-one-and-the-art-of-disappearing,0,967,0.00,6.8
https://9takes.com/personality-analysis/lionel-messi#the-reluctant-king-of-barcelonas-dressing-room,0,1014,0.00,6.9
https://9takes.com/personality-analysis/lionel-messi#the-retirement-that-lasted-two-months,0,86,0.00,6.9
https://9takes.com/personality-analysis/lionel-messi#the-speech-no-one-expected,0,927,0.00,6.8
https://9takes.com/personality-analysis/lionel-messi#the-walk-to-glory,0,23,0.00,6.0
https://9takes.com/personality-analysis/lionel-messi#what-is-lionel-messis-personality-type,0,1016,0.00,6.9
https://9takes.com/personality-analysis/logan-paul#earning-it-prime-wwe-and-the-legitimacy-test,0,247,0.00,8.7
https://9takes.com/personality-analysis/logan-paul#rivals-as-mirrors-jake-and-ksi,0,155,0.00,8.9
https://9takes.com/personality-analysis/logan-paul#the-camera-became-the-first-scoreboard,0,155,0.00,8.9
https://9takes.com/personality-analysis/logan-paul#the-comeback-instinct,0,155,0.00,8.9
https://9takes.com/personality-analysis/logan-paul#the-public-vs-private-gap,0,248,0.00,8.7
https://9takes.com/personality-analysis/logan-paul#what-is-logan-pauls-personality-type,0,248,0.00,8.7
https://9takes.com/personality-analysis/logan-paul#when-control-gets-taken-away,0,155,0.00,8.9
https://9takes.com/personality-analysis/madelaine-petsch,0,16,0.00,9.5
https://9takes.com/personality-analysis/madison-beer#the-balcony-and-the-brother,0,35,0.00,8.2
https://9takes.com/personality-analysis/madison-beer#the-comparison-she-cant-shake,0,36,0.00,8.1
https://9takes.com/personality-analysis/madison-beer#the-discipline-nobody-sees,0,106,0.00,5.9
https://9takes.com/personality-analysis/madison-beer#the-girl-who-was-famous-before-she-was-anyone,0,35,0.00,8.1
https://9takes.com/personality-analysis/madison-beer#the-wilderness-made-her,0,1,0.00,6.0
https://9takes.com/personality-analysis/madison-beer#twelve-hours,0,102,0.00,5.9
https://9takes.com/personality-analysis/madison-beer#what-happens-when-a-four-falls-in-love,0,11,0.00,7.4
https://9takes.com/personality-analysis/madison-beer#what-is-madison-beers-personality-type,0,107,0.00,5.9
https://9takes.com/personality-analysis/madison-beer#writing-songs-about-leaving-while-still-sitting-in-the-room,0,32,0.00,8.0
https://9takes.com/personality-analysis/marcus-aurelius,0,47,0.00,7.3
https://9takes.com/personality-analysis/margot-robbie#before-hollywood-three-jobs-cold-calls-and-the-machine,0,42,0.00,4.8
https://9takes.com/personality-analysis/margot-robbie#luckychap-the-system-she-built-to-scale-the-giving,0,42,0.00,4.8
https://9takes.com/personality-analysis/margot-robbie#the-audition-30-seconds-to-read-the-room,0,71,0.00,4.7
https://9takes.com/personality-analysis/margot-robbie#the-roles-finding-people-through-their-pain,0,48,0.00,5.0
https://9takes.com/personality-analysis/margot-robbie#what-is-margot-robbies-personality-type,0,77,0.00,4.8
https://9takes.com/personality-analysis/marilyn-monroe#four-loyalty-tests,0,25,0.00,6.2
https://9takes.com/personality-analysis/marilyn-monroe#the-girl-who-belonged-to-nobody,0,24,0.00,6.3
https://9takes.com/personality-analysis/marilyn-monroe#the-voice-that-came-from-nowhere,0,14,0.00,6.5
https://9takes.com/personality-analysis/marilyn-monroe#what-is-marilyn-monroes-personality-type,0,25,0.00,6.2
https://9takes.com/personality-analysis/mark-zuckerberg#how-priscilla-chan-changed-the-architecture,0,363,0.00,7.9
https://9takes.com/personality-analysis/mark-zuckerberg#senator-we-run-ads,0,387,0.00,8.1
https://9takes.com/personality-analysis/mark-zuckerberg#the-drawbridge,0,11,0.00,9.1
https://9takes.com/personality-analysis/mark-zuckerberg#the-facebook-that-already-existed,0,392,0.00,8.1
https://9takes.com/personality-analysis/mark-zuckerberg#the-management-team-walked-away,0,362,0.00,7.9
https://9takes.com/personality-analysis/mark-zuckerberg#three-people-on-the-honeymoon,0,359,0.00,7.9
https://9takes.com/personality-analysis/mark-zuckerberg#what-is-mark-zuckerbergs-personality-type,0,394,0.00,8.1
https://9takes.com/personality-analysis/mark-zuckerberg#zucknet-and-the-shouting-problem,0,362,0.00,7.9
https://9takes.com/personality-analysis/markiplier,0,375,0.00,8.7
https://9takes.com/personality-analysis/martin-luther-king-jr,0,109,0.00,30.0
https://9takes.com/personality-analysis/martin-luther-king-jr#coretta-the-partner-who-wouldnt-submit,0,2,0.00,10.5
https://9takes.com/personality-analysis/martin-luther-king-jr#letter-from-birmingham-jail-controlled-fury-on-scraps-of-paper,0,2,0.00,10.5
https://9takes.com/personality-analysis/martin-luther-king-jr#nonviolence-the-harder-weapon,0,2,0.00,10.5
https://9takes.com/personality-analysis/martin-luther-king-jr#thats-a-boy-im-a-man,0,4,0.00,10.0
https://9takes.com/personality-analysis/martin-luther-king-jr#the-education-of-a-fighter,0,2,0.00,10.5
https://9takes.com/personality-analysis/martin-luther-king-jr#the-kitchen-table-where-the-armor-cracked,0,2,0.00,10.5
https://9takes.com/personality-analysis/martin-luther-king-jr#what-was-martin-luther-king-jrs-personality-type,0,4,0.00,10.0
https://9takes.com/personality-analysis/matt-rife,0,5,0.00,11.8
https://9takes.com/personality-analysis/matthew-mcconaughey#145-million-to-keep-sleeping,0,160,0.00,6.3
https://9takes.com/personality-analysis/matthew-mcconaughey#a-decade-of-pleasant-drifting,0,126,0.00,6.4
https://9takes.com/personality-analysis/matthew-mcconaughey#the-book-that-found-him,0,126,0.00,6.4
https://9takes.com/personality-analysis/matthew-mcconaughey#three-weddings-two-divorces-one-family,0,160,0.00,6.4
https://9takes.com/personality-analysis/matthew-mcconaughey#what-is-matthew-mcconaugheys-personality-type,0,161,0.00,6.4
https://9takes.com/personality-analysis/megan-fox,0,163,0.00,7.7
https://9takes.com/personality-analysis/meghan-markle#before-the-palace-a-helper-without-a-stage,0,285,0.00,7.2
https://9takes.com/personality-analysis/meghan-markle#the-11-year-old-who-changed-a-commercial,0,293,0.00,7.2
https://9takes.com/personality-analysis/meghan-markle#the-census-form-she-left-blank,0,326,0.00,7.2
https://9takes.com/personality-analysis/meghan-markle#the-night-she-stopped-wanting-to-be-alive,0,286,0.00,7.2
https://9takes.com/personality-analysis/meghan-markle#the-royal-chapter-when-giving-isnt-enough,0,290,0.00,7.2
https://9takes.com/personality-analysis/meghan-markle#what-is-meghan-markles-personality-type,0,338,0.00,7.3
https://9takes.com/personality-analysis/meghan-trainor,0,63,0.00,8.9
https://9takes.com/personality-analysis/meryl-streep#more-exhausting-than-any-work-ive-ever-done,0,32,0.00,6.1
https://9takes.com/personality-analysis/meryl-streep#the-devil-wears-prada-and-the-one-character-she-couldnt-play,0,33,0.00,6.3
https://9takes.com/personality-analysis/meryl-streep#the-forty-five-year-performance,0,43,0.00,6.4
https://9takes.com/personality-analysis/meryl-streep#the-girl-who-disappeared-at-fourteen,0,42,0.00,6.3
https://9takes.com/personality-analysis/meryl-streep#the-king-kong-audition-and-the-armor-of-preparation,0,32,0.00,6.1
https://9takes.com/personality-analysis/meryl-streep#what-is-meryl-streeps-personality-type,0,43,0.00,6.4
https://9takes.com/personality-analysis/michael-b-jordan#i-dont-think-this-guy-knows-who-he-is,0,25,0.00,7.7
https://9takes.com/personality-analysis/michael-b-jordan#i-shut-out-love,0,16,0.00,8.7
https://9takes.com/personality-analysis/michael-b-jordan#the-deck-was-stacked,0,15,0.00,8.6
https://9takes.com/personality-analysis/michael-b-jordan#two-sizes-of-shoes,0,24,0.00,7.6
https://9takes.com/personality-analysis/michael-b-jordan#what-is-michael-b-jordans-personality-type,0,25,0.00,7.7
https://9takes.com/personality-analysis/michael-b-jordan#wheres-wallace,0,15,0.00,8.6
https://9takes.com/personality-analysis/michael-seibel#brooklyn-suburbia-and-the-slow-reader,0,28,0.00,7.9
https://9takes.com/personality-analysis/michael-seibel#the-detour-that-lasted-twenty-years,0,27,0.00,7.9
https://9takes.com/personality-analysis/michael-seibel#the-professional-hater-who-cares-more-than-anyone,0,42,0.00,8.8
https://9takes.com/personality-analysis/michael-seibel#what-is-michael-seibels-personality-type,0,43,0.00,8.7
https://9takes.com/personality-analysis/michael-seibel#yale-politics-and-the-first-departure,0,27,0.00,7.9
https://9takes.com/personality-analysis/michael-seibel#you-change-the-stats-by-funding-people,0,27,0.00,7.9
https://9takes.com/personality-analysis/michelle-obama#feeling-like-a-visitor-at-princeton,0,98,0.00,9.9
https://9takes.com/personality-analysis/michelle-obama#leaving-prestige-for-purpose,0,76,0.00,9.9
https://9takes.com/personality-analysis/michelle-obama#the-causes-she-took-personally,0,52,0.00,9.6
https://9takes.com/personality-analysis/michelle-obama#the-five-words-that-explain-her-standards,0,76,0.00,9.9
https://9takes.com/personality-analysis/michelle-obama#the-man-who-never-complained,0,111,0.00,9.8
https://9takes.com/personality-analysis/michelle-obama#the-therapist-who-saw-the-anger-more-clearly,0,88,0.00,9.8
https://9takes.com/personality-analysis/michelle-obama#what-is-michelle-obamas-personality-type,0,112,0.00,9.8
https://9takes.com/personality-analysis/michelle-obama#when-restraint-became-a-weapon,0,26,0.00,10.3
https://9takes.com/personality-analysis/mike-majlak#285-pounds-and-a-bucket-list,0,5,0.00,4.8
https://9takes.com/personality-analysis/mike-majlak#a-decade-in-the-dark,0,9,0.00,4.9
https://9takes.com/personality-analysis/mike-majlak#how-a-beanbag-salesman-built-a-podcast-empire,0,5,0.00,4.8
https://9takes.com/personality-analysis/mike-majlak#the-brainiac-who-became-the-dealer,0,9,0.00,4.9
https://9takes.com/personality-analysis/mike-majlak#the-year-everything-screamed,0,5,0.00,4.8
https://9takes.com/personality-analysis/mike-majlak#what-is-mike-majlaks-personality-type,0,9,0.00,4.9
https://9takes.com/personality-analysis/mikey-madison#how-directors-spotted-fire-inside-mikey-madison,0,7,0.00,8.7
https://9takes.com/personality-analysis/mikey-madison#how-mikey-madison-prepared-for-anora,0,7,0.00,8.7
https://9takes.com/personality-analysis/mikey-madison#mikey-madisons-childhood-as-a-horse-girl-and-daydreamer,0,10,0.00,8.0
https://9takes.com/personality-analysis/mikey-madison#the-voicemail-that-changed-mikey-madisons-career,0,7,0.00,8.7
https://9takes.com/personality-analysis/mikey-madison#what-is-mikey-madisons-personality-type,0,10,0.00,8.0
https://9takes.com/personality-analysis/mikey-madison#why-mikey-madison-never-felt-like-a-hollywood-kid,0,7,0.00,8.7
https://9takes.com/personality-analysis/mila-kunis,0,36,0.00,12.7
https://9takes.com/personality-analysis/miles-teller#80-miles-per-hour-on-a-two-lane-road,0,36,0.00,6.9
https://9takes.com/personality-analysis/miles-teller#bloody-blisters-and-the-emotional-spell,0,23,0.00,6.5
https://9takes.com/personality-analysis/miles-teller#i-didnt-come-to-la-to-find-myself,0,23,0.00,6.5
https://9takes.com/personality-analysis/miles-teller#the-biggest-douchebag-too,0,23,0.00,6.5
https://9takes.com/personality-analysis/miles-teller#what-is-miles-tellers-personality-type,0,36,0.00,6.9
https://9takes.com/personality-analysis/miley-cyrus#shes-been-murdered,0,21,0.00,8.0
https://9takes.com/personality-analysis/miley-cyrus#the-excavations,0,21,0.00,8.0
https://9takes.com/personality-analysis/miley-cyrus#the-show-that-taught-her-she-had-two-selves,0,40,0.00,7.5
https://9takes.com/personality-analysis/miley-cyrus#this-is-what-i-want-to-do-daddy,0,40,0.00,7.5
https://9takes.com/personality-analysis/miley-cyrus#what-is-miley-cyruss-personality-type,0,40,0.00,7.5
https://9takes.com/personality-analysis/milly-alcock,0,73,0.00,8.4
https://9takes.com/personality-analysis/mindy-kaling,0,94,0.00,8.4
https://9takes.com/personality-analysis/mira-murati,0,88,0.00,8.1
https://9takes.com/personality-analysis/morgan-freeman,0,2,0.00,7.0
https://9takes.com/personality-analysis/morgan-wallen#a-pitchers-arm-and-a-walmart-guitar,0,1,0.00,10.0
https://9takes.com/personality-analysis/morgan-wallen#hour-72,0,1,0.00,10.0
https://9takes.com/personality-analysis/morgan-wallen#the-brotherhood-that-holds,0,1,0.00,10.0
https://9takes.com/personality-analysis/morgan-wallen#the-preachers-son-who-did-the-opposite,0,1,0.00,10.0
https://9takes.com/personality-analysis/morgan-wallen#the-sound-nobody-expected,0,1,0.00,10.0
https://9takes.com/personality-analysis/morgan-wallen#the-voice-was-just-the-door,0,1,0.00,10.0
https://9takes.com/personality-analysis/morgan-wallen#what-is-morgan-wallens-personality-type,0,1,0.00,10.0
https://9takes.com/personality-analysis/mr-beast#1000-days-of-studying-the-algorithm,0,13,0.00,8.7
https://9takes.com/personality-analysis/mr-beast#how-crohns-disease-became-the-engine,0,13,0.00,8.7
https://9takes.com/personality-analysis/mr-beast#how-mrbeast-became-a-machine-that-couldnt-slow-down,0,15,0.00,8.9
https://9takes.com/personality-analysis/mr-beast#the-silent-kid-who-couldnt-relate-to-anyone,0,13,0.00,8.7
https://9takes.com/personality-analysis/mr-beast#turning-every-doubt-into-fuel,0,15,0.00,8.9
https://9takes.com/personality-analysis/mr-beast#why-loyalty-matters-more-than-credentials,0,13,0.00,8.7
https://9takes.com/personality-analysis/mr-rogers,0,17,0.00,9.4
https://9takes.com/personality-analysis/nancy-pelosi,0,197,0.00,18.8
https://9takes.com/personality-analysis/nancy-pelosi#mother-get-a-life,0,14,0.00,6.5
https://9takes.com/personality-analysis/nancy-pelosi#playing-with-fire,0,11,0.00,6.1
https://9takes.com/personality-analysis/nancy-pelosi#the-achievers-toolkit-how-pelosi-wins,0,14,0.00,6.5
https://9takes.com/personality-analysis/nancy-pelosi#the-dalesandro-machine-where-service-became-strategy,0,11,0.00,6.1
https://9takes.com/personality-analysis/nancy-pelosi#the-woman-who-calls-herself-shy,0,11,0.00,6.1
https://9takes.com/personality-analysis/nancy-pelosi#what-is-nancy-pelosis-personality-type,0,14,0.00,6.5
https://9takes.com/personality-analysis/nancy-reagan,0,20,0.00,6.5
https://9takes.com/personality-analysis/naomi-osaka,0,18,0.00,11.2
https://9takes.com/personality-analysis/nara-smith,0,33,0.00,7.8
https://9takes.com/personality-analysis/natalie-portman#_black-swan_-and-the-perfectionists-mirror,0,154,0.00,6.9
https://9takes.com/personality-analysis/natalie-portman#harvard-and-the-fortress-that-worked-too-well,0,153,0.00,6.9
https://9takes.com/personality-analysis/natalie-portman#i-was-really-sexualized,0,156,0.00,6.9
https://9takes.com/personality-analysis/natalie-portman#the-ambition-that-changed-shape,0,166,0.00,7.1
https://9takes.com/personality-analysis/natalie-portman#the-girl-who-decided-what-the-world-would-see,0,153,0.00,6.9
https://9takes.com/personality-analysis/natalie-portman#the-privacy-paradox,0,166,0.00,7.1
https://9takes.com/personality-analysis/natalie-portman#what-is-natalie-portmans-personality-type,0,169,0.00,7.1
https://9takes.com/personality-analysis/neil-strauss#how-neil-strauss-built-style-out-of-spare-parts,0,87,0.00,4.1
https://9takes.com/personality-analysis/neil-strauss#the-boy-who-wasnt-given-keys-to-his-own-house,0,17,0.00,4.9
https://9takes.com/personality-analysis/neil-strauss#what-is-neil-strausss-personality-type,0,21,0.00,4.7
https://9takes.com/personality-analysis/neil-strauss#why-every-neil-strauss-book-is-a-new-self,0,71,0.00,4.1
https://9takes.com/personality-analysis/neil-strauss#why-neil-strauss-went-to-sex-rehab-to-learn-monogamy,0,29,0.00,4.6
https://9takes.com/personality-analysis/nicki-minaj,0,80,0.00,6.8
https://9takes.com/personality-analysis/nicole-kidman#emotional-limbo-the-method-behind-the-madness,0,1,0.00,10.0
https://9takes.com/personality-analysis/nicole-kidman#how-nicole-kidman-disappears-into-a-role,0,36,0.00,8.6
https://9takes.com/personality-analysis/nicole-kidman#nicole-kidmans-childhood-the-tall-pale-girl-who-wanted-to-disappear,0,30,0.00,8.8
https://9takes.com/personality-analysis/nicole-kidman#the-amc-ad-everyone-memed-and-why-nicole-kidman-refused-to-flinch,0,28,0.00,8.9
https://9takes.com/personality-analysis/nicole-kidman#the-amc-phenomenon-when-type-4-authenticity-becomes-cultural-gospel,0,1,0.00,10.0
https://9takes.com/personality-analysis/nicole-kidman#the-childhood-that-created-a-transformer,0,1,0.00,10.0
https://9takes.com/personality-analysis/nicole-kidman#the-self-soothing-ritual-understanding-her-hair-twirling-habit,0,1,0.00,10.0
https://9takes.com/personality-analysis/nicole-kidman#the-spontaneous-artist-type-4s-intuitive-decision-making,0,1,0.00,10.0
https://9takes.com/personality-analysis/nicole-kidman#the-transformation-artist-type-4s-search-for-authentic-expression,0,1,0.00,10.0
https://9takes.com/personality-analysis/nicole-kidman#tom-cruise-keith-urban-and-the-child-who-married-too-young,0,28,0.00,8.9
https://9takes.com/personality-analysis/nicole-kidman#what-grief-does-to-a-woman-who-feels-everything,0,34,0.00,8.7
https://9takes.com/personality-analysis/nicole-kidman#what-is-nicole-kidmans-personality-type,0,35,0.00,8.7
https://9takes.com/personality-analysis/nikola-tesla#the-brother-nikola-tesla-spent-his-life-replacing,0,52,0.00,8.0
https://9takes.com/personality-analysis/nikola-tesla#the-contract-nikola-tesla-tore-up,0,51,0.00,8.1
https://9takes.com/personality-analysis/nikola-tesla#the-early-years-a-different-kind-of-child,0,14,0.00,5.4
https://9takes.com/personality-analysis/nikola-tesla#the-spark-teslas-educational-journey,0,29,0.00,4.8
https://9takes.com/personality-analysis/nikola-tesla#the-struggles-tesla-vs-the-world,0,29,0.00,4.8
https://9takes.com/personality-analysis/nikola-tesla#the-triumphs-a-light-in-the-darkness,0,14,0.00,5.4
https://9takes.com/personality-analysis/nikola-tesla#what-is-nikola-teslas-personality-type,0,58,0.00,8.2
https://9takes.com/personality-analysis/nikola-tesla#what-wardenclyffe-tower-reveals-about-teslas-hunger-to-be-singular,0,55,0.00,8.4
https://9takes.com/personality-analysis/nikola-tesla#why-nikola-tesla-walked-away-from-thomas-edison,0,54,0.00,8.3
https://9takes.com/personality-analysis/ninja,0,5,0.00,5.8
https://9takes.com/personality-analysis/noah-kahan,0,137,0.00,8.4
https://9takes.com/personality-analysis/noah-wyle,0,456,0.00,6.4
https://9takes.com/personality-analysis/oliver-tree#cowboy-tears-and-the-crying-he-kept-asking-for,0,6,0.00,7.0
https://9takes.com/personality-analysis/oliver-tree#oliver-trees-childhood-raised-inside-a-traveling-performance,0,10,0.00,5.5
https://9takes.com/personality-analysis/oliver-tree#the-director-hiding-inside-the-clown,0,6,0.00,7.0
https://9takes.com/personality-analysis/oliver-tree#what-is-oliver-trees-personality-type,0,10,0.00,5.5
https://9takes.com/personality-analysis/oliver-tree#why-oliver-tree-turned-himself-into-a-meme,0,10,0.00,5.5
https://9takes.com/personality-analysis/oprah-winfrey#she-takes-her-own-lunch-to-work,0,17,0.00,10.6
https://9takes.com/personality-analysis/oprah-winfrey#stuart-weitzman-shoes-and-67-pounds-of-animal-fat,0,17,0.00,10.6
https://9takes.com/personality-analysis/oprah-winfrey#the-girl-who-won-them-over,0,17,0.00,10.6
https://9takes.com/personality-analysis/oprah-winfrey#the-pig-farm-the-premonition-and-the-whippings,0,17,0.00,10.6
https://9takes.com/personality-analysis/palmer-luckey#boy-disorder,0,14,0.00,5.3
https://9takes.com/personality-analysis/palmer-luckey#fifty-headsets-and-a-roll-of-duct-tape,0,8,0.00,4.6
https://9takes.com/personality-analysis/palmer-luckey#the-cage,0,14,0.00,5.3
https://9takes.com/personality-analysis/palmer-luckey#what-is-palmer-luckeys-personality-type,0,14,0.00,5.3
https://9takes.com/personality-analysis/pamela-anderson,0,22,0.00,9.2
https://9takes.com/personality-analysis/paris-hilton,0,267,0.00,10.3
https://9takes.com/personality-analysis/paris-hilton#the-schools-that-made-the-character,0,2,0.00,2.0
https://9takes.com/personality-analysis/paris-hilton#the-sex-tape-and-what-it-actually-cost-her,0,2,0.00,2.0
https://9takes.com/personality-analysis/paris-hilton#what-is-paris-hiltons-personality-type,0,2,0.00,2.0
https://9takes.com/personality-analysis/patrick-bet-david,0,32,0.00,7.8
https://9takes.com/personality-analysis/patrick-mahomes,0,113,0.00,8.8
https://9takes.com/personality-analysis/paul-graham,0,183,0.00,8.8
https://9takes.com/personality-analysis/paul-mescal,0,106,0.00,8.2
https://9takes.com/personality-analysis/penelope-cruz,0,79,0.00,8.4
https://9takes.com/personality-analysis/pete-davidson#a-dare-at-a-bowling-alley,0,14,0.00,7.6
https://9takes.com/personality-analysis/pete-davidson#the-boy-who-lost-the-ground-beneath-him,0,14,0.00,7.6
https://9takes.com/personality-analysis/pete-davidson#the-relationship-pattern,0,14,0.00,7.6
https://9takes.com/personality-analysis/pete-davidson#what-is-pete-davidsons-personality-type,0,14,0.00,7.6
https://9takes.com/personality-analysis/peter-thiel#death-happens-to-all-animals,0,31,0.00,4.8
https://9takes.com/personality-analysis/peter-thiel#how-monopoly-explains-his-worldview,0,32,0.00,5.0
https://9takes.com/personality-analysis/peter-thiel#not-power-fear-the-misread-of-peter-thiel,0,28,0.00,4.9
https://9takes.com/personality-analysis/peter-thiel#stanford-girard-and-why-losing-was-the-best-thing-that-happened-to-him,0,32,0.00,5.0
https://9takes.com/personality-analysis/peter-thiel#the-loyalists-tribe,0,32,0.00,5.0
https://9takes.com/personality-analysis/peter-thiel#what-is-peter-thiels-personality-type,0,33,0.00,5.2
https://9takes.com/personality-analysis/pokimane,0,53,0.00,9.8
https://9takes.com/personality-analysis/post-malone,0,32,0.00,8.2
https://9takes.com/personality-analysis/prince,0,224,0.00,9.2
https://9takes.com/personality-analysis/prince#how-prince-made-purple-rain-and-then-buried-it,0,23,0.00,8.3
https://9takes.com/personality-analysis/prince#princes-childhood-in-minneapolis-epilepsy-a-divorce-and-a-basement,0,29,0.00,8.2
https://9takes.com/personality-analysis/prince#the-vault-thousands-of-songs-nobody-was-allowed-to-hear,0,23,0.00,8.3
https://9takes.com/personality-analysis/prince#what-is-princes-personality-type,0,29,0.00,8.2
https://9takes.com/personality-analysis/prince#why-prince-changed-his-name-to-a-symbol,0,29,0.00,8.2
https://9takes.com/personality-analysis/prince-harry#fatherhood-breaking-the-cycle,0,38,0.00,10.3
https://9takes.com/personality-analysis/prince-harry#fighting-the-force-that-killed-his-mother,0,12,0.00,10.4
https://9takes.com/personality-analysis/prince-harry#how-dianas-death-shaped-prince-harry,0,5,0.00,6.2
https://9takes.com/personality-analysis/prince-harry#how-he-chose-meghan-and-what-that-choice-reveals,0,41,0.00,10.3
https://9takes.com/personality-analysis/prince-harry#megxit-the-risk-calculation-most-people-miss,0,28,0.00,10.2
https://9takes.com/personality-analysis/prince-harry#spare-why-he-had-to-tell-his-version,0,38,0.00,10.3
https://9takes.com/personality-analysis/prince-harry#the-12-year-old-who-learned-the-world-isnt-safe,0,53,0.00,10.3
https://9takes.com/personality-analysis/prince-harry#the-reckless-prince-the-type-6-story-has-to-explain,0,2,0.00,2.0
https://9takes.com/personality-analysis/prince-harry#the-security-fight-was-never-just-about-logistics,0,38,0.00,10.3
https://9takes.com/personality-analysis/prince-harry#what-is-prince-harrys-personality-type,0,5,0.00,6.2
https://9takes.com/personality-analysis/prince-harry#why-military-service-made-sense-when-nothing-else-did,0,58,0.00,10.3
https://9takes.com/personality-analysis/prince-harry#why-prince-harry-chose-meghan-and-closed-ranks,0,5,0.00,6.2
https://9takes.com/personality-analysis/prince-harry#why-the-army-made-more-sense-than-royal-life,0,2,0.00,2.0
https://9takes.com/personality-analysis/ray-dalio#ray-dalios-childhood-the-caddy-who-asked-nixon-for-stock-tips,0,2,0.00,2.5
https://9takes.com/personality-analysis/ray-dalio#the-1982-bet-that-broke-ray-dalio,0,6,0.00,4.7
https://9takes.com/personality-analysis/ray-dalio#why-ray-dalio-writes-everything-down,0,6,0.00,4.2
https://9takes.com/personality-analysis/reed-hastings#building-a-jazz-band,0,2,0.00,8.0
https://9takes.com/personality-analysis/reed-hastings#the-system-that-ate-its-creator,0,2,0.00,8.0
https://9takes.com/personality-analysis/reed-hastings#the-systematic-liar,0,15,0.00,6.5
https://9takes.com/personality-analysis/reed-hastings#the-vacuum-cleaners-the-marines-and-the-valleys-of-swaziland,0,15,0.00,6.5
https://9takes.com/personality-analysis/reed-hastings#what-is-reed-hastings-personality-type,0,15,0.00,6.5
https://9takes.com/personality-analysis/rick-rubin,0,12,0.00,7.5
https://9takes.com/personality-analysis/riz-ahmed,0,307,0.00,8.4
https://9takes.com/personality-analysis/robert-de-niro,0,133,0.00,7.9
https://9takes.com/personality-analysis/robert-greene#3000-notecards-and-a-fountain-pen,0,14,0.00,4.6
https://9takes.com/personality-analysis/robert-greene#eighty-jobs-and-a-revenge-fantasy,0,13,0.00,4.6
https://9takes.com/personality-analysis/robert-greene#the-question-of-the-book-itself,0,13,0.00,4.6
https://9takes.com/personality-analysis/robert-greene#the-two-faces-of-robert-greene,0,18,0.00,4.5
https://9takes.com/personality-analysis/robert-greene#what-is-robert-greenes-personality-type,0,19,0.00,4.5
https://9takes.com/personality-analysis/robert-oppenheimer#physics-as-a-way-of-feeling,0,16,0.00,5.9
https://9takes.com/personality-analysis/robert-oppenheimer#the-boy-who-watched-everyone-else-belong,0,21,0.00,5.8
https://9takes.com/personality-analysis/robert-oppenheimer#the-director-nobody-saw-coming,0,14,0.00,5.9
https://9takes.com/personality-analysis/robert-oppenheimer#what-is-robert-oppenheimers-personality-type,0,23,0.00,5.8
https://9takes.com/personality-analysis/robert-pattinson#how-fame-unmade-robert-pattinson,0,492,0.00,7.3
https://9takes.com/personality-analysis/robert-pattinson#the-accidental-movie-star,0,373,0.00,7.3
https://9takes.com/personality-analysis/robert-pattinson#the-boy-they-called-claudia,0,373,0.00,7.3
https://9takes.com/personality-analysis/robert-pattinson#the-career-they-said-was-over,0,373,0.00,7.3
https://9takes.com/personality-analysis/robert-pattinson#the-liar-who-cant-stop-telling-the-truth,0,375,0.00,7.3
https://9takes.com/personality-analysis/robert-pattinson#the-music-nobody-will-ever-hear,0,373,0.00,7.3
https://9takes.com/personality-analysis/robert-pattinson#what-is-robert-pattinsons-personality-type,0,494,0.00,7.3
https://9takes.com/personality-analysis/robin-williams,0,110,0.00,8.0
https://9takes.com/personality-analysis/ronald-reagan#iran-contra-the-shadow-side-of-trust,0,4,0.00,6.5
https://9takes.com/personality-analysis/ronald-reagan#the-great-communicator-in-action,0,4,0.00,6.5
https://9takes.com/personality-analysis/ronald-reagan#the-making-of-a-peacemaker,0,7,0.00,7.1
https://9takes.com/personality-analysis/ronald-reagan#what-is-ronald-reagans-personality-type,0,7,0.00,7.1
https://9takes.com/personality-analysis/rooney-mara#the-characters-she-keeps-choosing,0,74,0.00,4.9
https://9takes.com/personality-analysis/rooney-mara#the-family-she-was-born-into,0,100,0.00,4.8
https://9takes.com/personality-analysis/rooney-mara#what-is-rooney-maras-personality-type,0,107,0.00,4.9
https://9takes.com/personality-analysis/rooney-mara#what-understanding-everything-before-you-act-looks-like-in-practice,0,107,0.00,4.9
https://9takes.com/personality-analysis/rupert-murdoch,0,35,0.00,8.4
https://9takes.com/personality-analysis/ruth-bader-ginsburg#how-ruth-bader-ginsburg-won-womens-rights-by-defending-men,0,2,0.00,8.5
https://9takes.com/personality-analysis/ruth-bader-ginsburg#ruth-bader-ginsburgs-childhood-in-brooklyn,0,3,0.00,7.0
https://9takes.com/personality-analysis/ruth-bader-ginsburg#the-unlikely-friendship-that-defined-ruth-bader-ginsburg,0,3,0.00,7.0
https://9takes.com/personality-analysis/ruth-bader-ginsburg#what-is-ruth-bader-ginsburgs-personality-type,0,2,0.00,8.5
https://9takes.com/personality-analysis/ruth-bader-ginsburg#why-no-law-firm-would-hire-ruth-bader-ginsburg,0,2,0.00,8.5
https://9takes.com/personality-analysis/ruth-bader-ginsburg#why-ruth-bader-ginsburg-read-her-dissents-aloud,0,2,0.00,8.5
https://9takes.com/personality-analysis/ryan-gosling#eva-mendes-family-and-i-live-with-angels,0,1475,0.00,7.5
https://9takes.com/personality-analysis/ryan-gosling#george,0,117,0.00,8.6
https://9takes.com/personality-analysis/ryan-gosling#the-funniest-serious-actor-alive,0,1418,0.00,7.4
https://9takes.com/personality-analysis/ryan-gosling#the-kid-who-threw-knives-at-recess,0,1402,0.00,7.4
https://9takes.com/personality-analysis/ryan-gosling#the-man-who-becomes-the-role,0,1408,0.00,7.4
https://9takes.com/personality-analysis/ryan-gosling#the-restaurant-that-nearly-bankrupted-him,0,1343,0.00,7.4
https://9takes.com/personality-analysis/ryan-gosling#tv-was-his-best-friend,0,1440,0.00,7.5
https://9takes.com/personality-analysis/ryan-gosling#what-is-ryan-goslings-personality-type,0,1498,0.00,7.6
https://9takes.com/personality-analysis/ryan-holiday,0,75,0.00,9.1
https://9takes.com/personality-analysis/ryan-reynolds,0,26,0.00,7.3
https://9takes.com/personality-analysis/sabrina-carpenter#fashion-as-part-of-the-machine,0,210,0.00,5.3
https://9takes.com/personality-analysis/sabrina-carpenter#from-disney-cage-to-pop-reinvention,0,216,0.00,5.3
https://9takes.com/personality-analysis/sabrina-carpenter#how-sabrina-turns-control-into-momentum,0,502,0.00,5.2
https://9takes.com/personality-analysis/sabrina-carpenter#the-family-that-built-the-machine,0,217,0.00,5.3
https://9takes.com/personality-analysis/sabrina-carpenter#the-fan-relationship-intimacy-by-design,0,199,0.00,5.3
https://9takes.com/personality-analysis/sabrina-carpenter#the-inner-circle,0,604,0.00,5.1
https://9takes.com/personality-analysis/sabrina-carpenter#the-music-what-sabrina-actually-made,0,488,0.00,5.2
https://9takes.com/personality-analysis/sabrina-carpenter#the-taylor-swift-dynamic,0,2,0.00,5.5
https://9takes.com/personality-analysis/sabrina-carpenter#what-is-sabrina-carpenters-personality-type,0,783,0.00,5.2
https://9takes.com/personality-analysis/sam-altman#the-76000-question,0,249,0.00,7.2
https://9takes.com/personality-analysis/sam-altman#the-anxiety-behind-the-calm,0,30,0.00,8.6
https://9takes.com/personality-analysis/sam-altman#the-first-failure,0,52,0.00,7.7
https://9takes.com/personality-analysis/sam-altman#the-first-island-st-louis-the-macintosh-and-a-secret,0,33,0.00,6.3
https://9takes.com/personality-analysis/sam-altman#the-identity-that-rewrites-its-own-story,0,240,0.00,7.3
https://9takes.com/personality-analysis/sam-altman#the-night-everything-broke,0,52,0.00,7.8
https://9takes.com/personality-analysis/sam-altman#the-speech-that-proved-graham-right,0,5,0.00,9.2
https://9takes.com/personality-analysis/sam-altman#the-yc-years-building-the-machine,0,54,0.00,7.8
https://9takes.com/personality-analysis/sam-altman#what-is-sam-altmans-personality-type,0,255,0.00,7.2
https://9takes.com/personality-analysis/sam-bankman-fried#the-stanford-dinner-table-that-wrote-his-defense,0,1,0.00,4.0
https://9takes.com/personality-analysis/sam-bankman-fried#what-is-sam-bankman-frieds-personality-type,0,1,0.00,4.0
https://9takes.com/personality-analysis/samuel-l-jackson,0,83,0.00,7.2
https://9takes.com/personality-analysis/saoirse-ronan#never-feeling-fully-from-one-place,0,25,0.00,7.8
https://9takes.com/personality-analysis/saoirse-ronan#the-addiction-wound-she-finally-faced,0,18,0.00,8.2
https://9takes.com/personality-analysis/saoirse-ronan#the-graham-norton-moment-that-changed-the-room,0,18,0.00,8.2
https://9takes.com/personality-analysis/saoirse-ronan#what-is-saoirse-ronans-personality-type,0,25,0.00,7.8
https://9takes.com/personality-analysis/saoirse-ronan#why-acting-costs-something-real,0,18,0.00,8.2
https://9takes.com/personality-analysis/sarah-safari,0,1,0.00,9.0
https://9takes.com/personality-analysis/satya-nadella,0,102,0.00,16.7
https://9takes.com/personality-analysis/scarlett-johansson#going-to-war-with-disney,0,57,0.00,9.0
https://9takes.com/personality-analysis/scarlett-johansson#learning-to-look-calm-before-feeling-safe,0,58,0.00,8.9
https://9takes.com/personality-analysis/scarlett-johansson#the-rejection-that-built-the-shell,0,75,0.00,8.7
https://9takes.com/personality-analysis/scarlett-johansson#what-is-scarlett-johanssons-personality-type,0,76,0.00,8.7
https://9takes.com/personality-analysis/sean-evans#a-fathers-vhs-tapes-and-a-mother-who-didnt-make-it-to-graduation,0,13,0.00,5.6
https://9takes.com/personality-analysis/sean-evans#how-sean-evans-prepares-for-every-hot-ones-interview,0,13,0.00,5.7
https://9takes.com/personality-analysis/sean-evans#the-10-day-rubiks-cube,0,12,0.00,5.4
https://9takes.com/personality-analysis/sean-evans#what-is-sean-evanss-personality-type,0,12,0.00,5.4
https://9takes.com/personality-analysis/sean-evans#why-sean-evans-gets-nervous-on-a-show-he-hosts,0,14,0.00,5.9
https://9takes.com/personality-analysis/selena-gomez#navigating-type-9-challenges,0,320,0.00,6.9
https://9takes.com/personality-analysis/selena-gomez#the-roots-how-selenas-early-years-shaped-her-type-9-core,0,319,0.00,6.9
https://9takes.com/personality-analysis/selena-gomez#unique-ways-selenas-type-9-personality-manifests,0,521,0.00,6.5
https://9takes.com/personality-analysis/selena-gomez#what-is-selena-gomezs-personality-type,0,522,0.00,6.5
https://9takes.com/personality-analysis/sergey-brin#how-larryandsergey-built-a-search-engine-to-index-everything-they-wanted-to-know,0,22,0.00,7.6
https://9takes.com/personality-analysis/sergey-brin#the-50-million-question-sergey-brin-asked-about-his-own-body,0,21,0.00,7.9
https://9takes.com/personality-analysis/sergey-brin#what-is-sergey-brins-personality-type,0,58,0.00,7.2
https://9takes.com/personality-analysis/sergey-brin#what-sergey-brins-soviet-childhood-taught-him-about-authority,0,41,0.00,7.8
https://9takes.com/personality-analysis/sergey-brin#why-sergey-brin-burst-into-stanford-professors-offices-without-knocking,0,45,0.00,7.4
https://9takes.com/personality-analysis/sergey-brin#why-sergey-brin-pulled-google-out-of-china,0,47,0.00,7.0
https://9takes.com/personality-analysis/sergey-brin#why-sergey-brin-walks-on-his-hands-in-meetings,0,20,0.00,8.0
https://9takes.com/personality-analysis/seth-rogen,0,91,0.00,7.8
https://9takes.com/personality-analysis/shaan-puri,0,73,0.00,11.5
https://9takes.com/personality-analysis/shailene-woodley,0,35,0.00,6.7
https://9takes.com/personality-analysis/shawn-ryan#how-shawn-ryan-finds-faith,0,584,0.00,7.5
https://9takes.com/personality-analysis/shawn-ryan#the-business-nobody-sees,0,457,0.00,7.6
https://9takes.com/personality-analysis/shawn-ryan#the-investigators-career-arc,0,460,0.00,7.6
https://9takes.com/personality-analysis/shawn-ryan#the-long-road-back,0,583,0.00,7.5
https://9takes.com/personality-analysis/shawn-ryan#the-observer-takes-shape,0,461,0.00,7.6
https://9takes.com/personality-analysis/shawn-ryan#what-is-shawn-ryans-personality-type,0,586,0.00,7.5
https://9takes.com/personality-analysis/shawn-ryan#when-the-mind-turns-on-itself,0,458,0.00,7.6
https://9takes.com/personality-analysis/shia-labeouf#i-am-not-famous-anymore,0,68,0.00,8.1
https://9takes.com/personality-analysis/shia-labeouf#the-clowns-son,0,90,0.00,8.0
https://9takes.com/personality-analysis/shia-labeouf#the-screenplay-he-wrote-in-rehab,0,78,0.00,8.2
https://9takes.com/personality-analysis/shia-labeouf#the-tooth-and-the-knife,0,80,0.00,7.9
https://9takes.com/personality-analysis/shia-labeouf#what-is-shia-labeoufs-personality-type,0,90,0.00,8.0
https://9takes.com/personality-analysis/sky-bri#permanent-marks-for-temporary-people,0,3239,0.00,8.8
https://9takes.com/personality-analysis/sky-bri#sky-bri-is-an-enneagram-type-2,0,3478,0.00,8.9
https://9takes.com/personality-analysis/sky-bri#what-is-sky-bris-personality-type,0,3495,0.00,8.9
https://9takes.com/personality-analysis/sofia-vergara,0,77,0.00,7.2
https://9takes.com/personality-analysis/stephen-a-smith,0,27,0.00,8.1
https://9takes.com/personality-analysis/steve-carell#how-a-quiet-kid-in-acton-massachusetts-decided-to-not-be-noticed,0,14,0.00,4.3
https://9takes.com/personality-analysis/steve-carell#the-improv-trick-that-explains-his-whole-career-i-love-lamp,0,9,0.00,4.1
https://9takes.com/personality-analysis/steve-carell#the-most-type-9-exit-in-sitcom-history,0,9,0.00,4.1
https://9takes.com/personality-analysis/steve-carell#the-quietest-man-on-the-daily-show,0,9,0.00,4.1
https://9takes.com/personality-analysis/steve-carell#what-is-steve-carells-personality-type,0,17,0.00,4.4
https://9takes.com/personality-analysis/steve-carell#why-nancy-walls-thought-steve-carell-hated-her,0,17,0.00,4.4
https://9takes.com/personality-analysis/steve-carell#why-the-last-man-who-wanted-attention-ended-up-playing-michael-scott,0,11,0.00,4.5
https://9takes.com/personality-analysis/steve-jobs#steve-jobss-spiritual-minimalism-and-design-obsession,0,67,0.00,10.6
https://9takes.com/personality-analysis/steve-jobs#the-boy-who-was-given-away,0,30,0.00,11.2
https://9takes.com/personality-analysis/steve-jobs#the-inner-courtroom-at-infinite-loop,0,30,0.00,11.2
https://9takes.com/personality-analysis/steve-jobs#the-mattress-on-the-floor,0,30,0.00,11.2
https://9takes.com/personality-analysis/steve-jobs#what-is-steve-jobs-personality-type,0,70,0.00,10.6
https://9takes.com/personality-analysis/steve-jobs#why-steve-jobs-denied-lisa-for-years,0,70,0.00,10.6
https://9takes.com/personality-analysis/sydney-sweeney#before-euphoria-the-system-already-had-a-name,0,10,0.00,6.0
https://9takes.com/personality-analysis/sydney-sweeney#fifty-fifty-films-the-pivot-from-performer-to-owner,0,10,0.00,6.0
https://9takes.com/personality-analysis/sydney-sweeney#reality-2023-the-project-where-the-character-book-couldnt-help,0,18,0.00,4.5
https://9takes.com/personality-analysis/sydney-sweeney#the-body-trap-and-how-she-reclaimed-the-frame,0,11,0.00,5.7
https://9takes.com/personality-analysis/sydney-sweeney#the-twelve-year-old-who-made-all-the-rules,0,6,0.00,5.5
https://9takes.com/personality-analysis/sydney-sweeney#two-failures-that-reveal-the-whole-psychology,0,5,0.00,6.2
https://9takes.com/personality-analysis/sydney-sweeney#what-her-directors-and-co-stars-see-up-close,0,10,0.00,6.0
https://9takes.com/personality-analysis/sydney-sweeney#what-her-family-lost-to-fund-the-powerpoint,0,5,0.00,7.2
https://9takes.com/personality-analysis/sydney-sweeney#what-is-sydney-sweeneys-personality-type,0,25,0.00,5.0
https://9takes.com/personality-analysis/sza,0,245,0.00,7.9
https://9takes.com/personality-analysis/tara-yummy#an-only-child-between-public-and-private-worlds,0,1,0.00,11.0
https://9takes.com/personality-analysis/tara-yummy#how-she-built-it-one-room-at-a-time,0,1,0.00,11.0
https://9takes.com/personality-analysis/tara-yummy#the-mindset-and-what-it-costs,0,1,0.00,11.0
https://9takes.com/personality-analysis/tara-yummy#the-stuck-in-a-car-formula,0,1,0.00,11.0
https://9takes.com/personality-analysis/tara-yummy#what-is-tara-yummys-personality-type,0,1,0.00,11.0
https://9takes.com/personality-analysis/tate-mcrae,0,111,0.00,7.6
https://9takes.com/personality-analysis/taylor-frankie-paul,0,31,0.00,9.9
https://9takes.com/personality-analysis/taylor-lorenz,0,24,0.00,9.3
https://9takes.com/personality-analysis/teyana-taylor,0,224,0.00,8.4
https://9takes.com/personality-analysis/theo-von,0,116,0.00,9.0
https://9takes.com/personality-analysis/tim-cook,0,33,0.00,8.2
https://9takes.com/personality-analysis/tim-robinson,0,18,0.00,7.7
https://9takes.com/personality-analysis/timothee-chalamet#how-timothe-chalamet-over-prepares-for-roles,0,9,0.00,9.0
https://9takes.com/personality-analysis/timothee-chalamet#loyalty-as-architecture-the-directors-he-returns-to,0,9,0.00,9.0
https://9takes.com/personality-analysis/timothee-chalamet#the-authority-question,0,6,0.00,8.5
https://9takes.com/personality-analysis/timothee-chalamet#the-backup-plan-mentality,0,6,0.00,8.5
https://9takes.com/personality-analysis/timothee-chalamet#the-co-star-he-wouldnt-discuss,0,6,0.00,8.5
https://9takes.com/personality-analysis/timothee-chalamet#under-stress-the-pursuit-of-greatness,0,6,0.00,8.5
https://9takes.com/personality-analysis/tina-fey#the-childhood-knife-scar-that-shaped-tina-feys-persona,0,392,0.00,6.8
https://9takes.com/personality-analysis/tina-fey#the-woman-she-built-to-replace-herself,0,284,0.00,6.7
https://9takes.com/personality-analysis/tina-fey#the-writers-room-had-cups-of-urine-in-it,0,284,0.00,6.7
https://9takes.com/personality-analysis/tina-fey#this-is-going-to-be-my-thing,0,284,0.00,6.7
https://9takes.com/personality-analysis/tina-fey#what-is-tina-feys-personality-type,0,392,0.00,6.8
https://9takes.com/personality-analysis/tobey-maguire,0,6,0.00,8.3
https://9takes.com/personality-analysis/tom-cruise#how-a-persona-named-tom-cruise-was-invented,0,215,0.00,7.4
https://9takes.com/personality-analysis/tom-cruise#how-the-stunts-turned-the-persona-into-flesh,0,132,0.00,7.6
https://9takes.com/personality-analysis/tom-cruise#the-roles-that-reveal-the-man-underneath,0,132,0.00,7.6
https://9takes.com/personality-analysis/tom-cruise#the-warmest-thing-about-tom-is-also-the-weirdest,0,132,0.00,7.6
https://9takes.com/personality-analysis/tom-cruise#what-is-tom-cruises-personality-type,0,215,0.00,7.4
https://9takes.com/personality-analysis/tom-cruise#why-control-became-non-negotiable,0,93,0.00,7.5
https://9takes.com/personality-analysis/tom-cruise#why-the-running-never-stops,0,127,0.00,7.7
https://9takes.com/personality-analysis/tom-cruise#why-thomas-mapother-had-to-disappear,0,44,0.00,7.8
https://9takes.com/personality-analysis/tom-hanks#how-a-safe-actor-took-the-riskiest-role-in-hollywood,0,8,0.00,8.6
https://9takes.com/personality-analysis/tom-hanks#the-childhood-that-created-americas-dad,0,23,0.00,8.5
https://9takes.com/personality-analysis/tom-hanks#the-collaborative-genius-of-type-6-loyalty,0,17,0.00,7.9
https://9takes.com/personality-analysis/tom-hanks#the-normal-guy-persona-as-type-6-strategy,0,18,0.00,8.0
https://9takes.com/personality-analysis/tom-hanks#the-self-doubt-that-makes-him-trustworthy,0,23,0.00,7.7
https://9takes.com/personality-analysis/tom-hanks#the-ten-houses-that-built-americas-dad,0,8,0.00,8.6
https://9takes.com/personality-analysis/tom-hanks#the-total-terror-behind-every-tom-hanks-performance,0,23,0.00,8.3
https://9takes.com/personality-analysis/tom-hanks#what-is-tom-hanks-personality-type,0,54,0.00,8.3
https://9takes.com/personality-analysis/tom-hanks#why-hes-called-americas-dad-the-type-6-authority-dynamic,0,24,0.00,7.8
https://9takes.com/personality-analysis/tom-hanks#why-tom-hanks-collects-typewriters,0,23,0.00,8.3
https://9takes.com/personality-analysis/tom-hardy#building-the-fortress-hardys-artistic-evolution,0,164,0.00,7.9
https://9takes.com/personality-analysis/tom-hardy#how-tom-hardy-turns-his-body-and-voice-into-weapons,0,202,0.00,7.9
https://9takes.com/personality-analysis/tom-hardy#how-type-8-energy-shows-up-in-hardy,0,1,0.00,3.0
https://9takes.com/personality-analysis/tom-hardy#the-crucible-addiction-destruction-and-sobriety,0,163,0.00,8.0
https://9takes.com/personality-analysis/tom-hardy#what-is-tom-hardys-personality-type,0,202,0.00,7.9
https://9takes.com/personality-analysis/tom-hardy#when-intensity-becomes-liability,0,163,0.00,8.0
https://9takes.com/personality-analysis/tom-hardy#why-tom-hardy-says-he-feels-intrinsically-feminine,0,201,0.00,7.9
https://9takes.com/personality-analysis/tom-hiddleston#how-rejection-built-the-perfect-loki,0,13,0.00,6.0
https://9takes.com/personality-analysis/tom-hiddleston#the-boy-at-eton-whose-parents-were-splitting-apart,0,12,0.00,6.2
https://9takes.com/personality-analysis/tom-hiddleston#the-golden-globes-and-the-helpers-nightmare,0,12,0.00,6.2
https://9takes.com/personality-analysis/tom-hiddleston#the-man-everyone-loves-and-nobody-knows,0,12,0.00,6.2
https://9takes.com/personality-analysis/tom-hiddleston#the-summer-everything-inverted,0,12,0.00,6.2
https://9takes.com/personality-analysis/tom-hiddleston#what-is-tom-hiddlestons-personality-type,0,13,0.00,6.0
https://9takes.com/personality-analysis/tom-holland#i-was-definitely-addicted-to-alcohol,0,18,0.00,10.1
https://9takes.com/personality-analysis/tom-holland#spider-man-and-the-performance-of-openness,0,45,0.00,9.6
https://9takes.com/personality-analysis/tom-holland#the-kid-from-kingston-who-couldnt-sit-still,0,45,0.00,9.6
https://9takes.com/personality-analysis/tom-holland#this-show-absolutely-broke-me,0,18,0.00,10.1
https://9takes.com/personality-analysis/tom-holland#what-is-tom-hollands-personality-type,0,45,0.00,9.6
https://9takes.com/personality-analysis/tom-holland#what-sick-note-did-to-him,0,18,0.00,10.1
https://9takes.com/personality-analysis/trevor-noah#happy-and-depressed,0,61,0.00,5.8
https://9takes.com/personality-analysis/trevor-noah#patricia-noahs-one-goal,0,63,0.00,5.8
https://9takes.com/personality-analysis/trevor-noah#the-chameleons-toolkit,0,40,0.00,5.9
https://9takes.com/personality-analysis/trevor-noah#the-outsiders-act,0,39,0.00,6.0
https://9takes.com/personality-analysis/trevor-noah#the-scrapbook,0,39,0.00,6.0
https://9takes.com/personality-analysis/trevor-noah#what-is-trevor-noahs-personality-type,0,63,0.00,5.8
https://9takes.com/personality-analysis/tucker-carlson,0,323,0.00,28.6
https://9takes.com/personality-analysis/tyler-cowen#i-literally-dont-have-unhappy-days,0,2,0.00,4.0
https://9takes.com/personality-analysis/tyler-cowen#thirty-seconds-per-page,0,2,0.00,4.0
https://9takes.com/personality-analysis/tyler-cowen#what-is-tyler-cowens-personality-type,0,2,0.00,4.0
https://9takes.com/personality-analysis/tyler-perry,0,6,0.00,9.2
https://9takes.com/personality-analysis/tyler1,0,46,0.00,9.8
https://9takes.com/personality-analysis/victoria-justice,0,84,0.00,8.4
https://9takes.com/personality-analysis/vincent-van-gogh,0,50,0.00,7.8
https://9takes.com/personality-analysis/warren-buffett,0,160,0.00,10.4
https://9takes.com/personality-analysis/will-smith,0,5,0.00,5.4
https://9takes.com/personality-analysis/winston-churchill#how-winston-churchill-led-britain-in-world-war-ii,0,138,0.00,7.8
https://9takes.com/personality-analysis/winston-churchill#painting-how-churchill-survived-gallipoli,0,114,0.00,8.0
https://9takes.com/personality-analysis/winston-churchill#the-darker-side-bengal-and-the-8s-blind-spots,0,90,0.00,8.1
https://9takes.com/personality-analysis/winston-churchill#the-wilderness-years-right-while-everyone-ignored-him,0,7,0.00,8.0
https://9takes.com/personality-analysis/winston-churchill#what-is-winston-churchills-personality-type,0,145,0.00,8.0
https://9takes.com/personality-analysis/winston-churchill#winston-churchill-and-clementine,0,116,0.00,8.0
https://9takes.com/personality-analysis/winston-churchill#winston-churchills-black-dog-and-depression,0,97,0.00,8.1
https://9takes.com/personality-analysis/winston-churchill#winston-churchills-childhood-and-emotional-neglect,0,113,0.00,7.9
https://9takes.com/personality-analysis/yang-zhilin,0,90,0.00,7.1
https://9takes.com/personality-analysis/zach-bryan,0,107,0.00,7.1
https://9takes.com/personality-analysis/zara-larsson#i-had-the-big-song-but-i-didnt-have-the-world,0,1,0.00,11.0
https://9takes.com/personality-analysis/zara-larsson#the-ambition-engine,0,1,0.00,11.0
https://9takes.com/personality-analysis/zara-larsson#what-is-zara-larssons-personality-type,0,1,0.00,11.0
https://9takes.com/personality-analysis/zayn-malik#navigating-challenges-stress-and-the-individualist,0,50,0.00,7.8
https://9takes.com/personality-analysis/zayn-malik#personality-quirks-habits-and-mindset,0,71,0.00,7.4
https://9takes.com/personality-analysis/zayn-malik#rise-to-fame-from-one-direction-to-finding-his-own-direction,0,51,0.00,7.8
https://9takes.com/personality-analysis/zayn-malik#the-shoe-cupboard-where-zayn-malik-stopped-performing,0,298,0.00,6.1
https://9takes.com/personality-analysis/zayn-malik#what-is-zayn-maliks-personality-type,0,453,0.00,6.3
https://9takes.com/personality-analysis/zayn-malik#what-zayn-malik-sounds-like-under-pressure,0,394,0.00,6.1
https://9takes.com/personality-analysis/zayn-malik#why-zayn-malik-left-one-direction-at-its-peak,0,376,0.00,6.0
https://9takes.com/personality-analysis/zayn-malik#why-zayn-malik-never-quite-belonged-in-bradford,0,312,0.00,6.1
https://9takes.com/personality-analysis/zayn-malik#zayns-upbringing-the-making-of-an-individualist,0,73,0.00,7.4
https://9takes.com/personality-analysis/zendaya#2024-when-zendaya-stopped-hiding-her-anxiety,0,172,0.00,8.3
https://9takes.com/personality-analysis/zendaya#2025-2026-the-strategic-next-moves,0,93,0.00,8.3
https://9takes.com/personality-analysis/zendaya#challengers-playing-a-type-6-mastermind,0,190,0.00,7.8
https://9takes.com/personality-analysis/zendaya#how-type-6-shows-up-in-her-scene-work,0,99,0.00,7.9
https://9takes.com/personality-analysis/zendaya#method-dressing-how-zendaya-turns-fashion-into-type-6-armor,0,299,0.00,7.7
https://9takes.com/personality-analysis/zendaya#method-dressing-turning-the-red-carpet-into-territory,0,137,0.00,9.1
https://9takes.com/personality-analysis/zendaya#oakland-where-the-habit-started,0,121,0.00,9.2
https://9takes.com/personality-analysis/zendaya#tashi-duncan-and-what-the-containment-is-actually-for,0,138,0.00,9.1
https://9takes.com/personality-analysis/zendaya#the-disney-to-dune-strategy-a-type-6-masterclass,0,162,0.00,7.8
https://9takes.com/personality-analysis/zendaya#the-disney-to-dune-strategy-building-the-exit-first,0,130,0.00,9.1
https://9takes.com/personality-analysis/zendaya#the-music-pivot-what-she-refused-to-pay,0,4,0.00,10.0
https://9takes.com/personality-analysis/zendaya#the-music-pivot-when-a-type-6-cuts-her-losses,0,23,0.00,7.3
https://9takes.com/personality-analysis/zendaya#the-oakland-foundation-where-her-type-6-patterns-formed,0,197,0.00,7.9
https://9takes.com/personality-analysis/zendaya#the-one-room-she-cannot-prepare-her-way-out-of,0,11,0.00,7.6
https://9takes.com/personality-analysis/zendaya#the-overexposure-charge,0,13,0.00,9.5
https://9takes.com/personality-analysis/zendaya#the-secret-wedding-she-never-hid-it-she-refused-to-hand-it-over,0,269,0.00,8.6
https://9takes.com/personality-analysis/zendaya#the-tom-holland-dynamic-two-people-who-both-want-the-door-closed,0,6,0.00,7.3
https://9takes.com/personality-analysis/zendaya#the-tom-holland-dynamic-when-two-types-find-security-in-each-other,0,82,0.00,7.7
https://9takes.com/personality-analysis/zendaya#the-year-of-endings,0,270,0.00,8.6
https://9takes.com/personality-analysis/zendaya#what-is-zendayas-personality-type,0,575,0.00,8.2
https://9takes.com/personality-analysis/zoe-kravitz#lets-go-how-she-directs,0,8,0.00,7.0
https://9takes.com/personality-analysis/zoe-kravitz#miami-the-girl-who-tried-to-disappear,0,2,0.00,5.0
https://9takes.com/personality-analysis/zoe-kravitz#the-body-as-battleground,0,8,0.00,7.0
https://9takes.com/personality-analysis/zoe-kravitz#the-childhood-plays-nobody-asked-for,0,8,0.00,7.0
https://9takes.com/personality-analysis/zoe-kravitz#the-guard,0,6,0.00,7.7
https://9takes.com/personality-analysis/zoe-kravitz#the-name-she-didnt-earn,0,8,0.00,7.0
https://9takes.com/personality-analysis/zoe-kravitz#the-rupture-at-eleven,0,8,0.00,7.0
https://9takes.com/personality-analysis/zoe-kravitz#what-is-zo-kravitzs-personality-type,0,8,0.00,7.0
https://9takes.com/pop-culture/alex-cooper-alix-earle-beef-enneagram-analysis,0,31,0.00,9.1
https://9takes.com/pop-culture/cancel-culture-enneagram-type,0,133,0.00,9.3
https://9takes.com/pop-culture/comedy-kings-enneagram-analysis,0,55,0.00,8.2
https://9takes.com/pop-culture/dark-triad-meets-enneagram,0,25,0.00,7.8
https://9takes.com/pop-culture/epstein-psychology-part-1#a-note-on-speculation,0,2,0.00,9.5
https://9takes.com/pop-culture/epstein-psychology-part-1#the-making-of-a-dark-helper-epsteins-origin-story,0,2,0.00,9.5
https://9takes.com/pop-culture/epstein-psychology-part-1#the-realm-above-why-epstein-was-so-effective,0,2,0.00,9.5
https://9takes.com/pop-culture/epstein-psychology-part-2,0,131,0.00,12.2
https://9takes.com/pop-culture/fallen-founders-enneagram-analysis,0,63,0.00,9.0
https://9takes.com/pop-culture/ghislaine-maxwell-psychology#enter-epstein-the-replacement,0,10,0.00,8.4
https://9takes.com/pop-culture/ghislaine-maxwell-psychology#the-18000-emails-what-loyalty-looked-like,0,7,0.00,8.4
https://9takes.com/pop-culture/ghislaine-maxwell-psychology#the-collapse-november-1991,0,7,0.00,8.4
https://9takes.com/pop-culture/ghislaine-maxwell-psychology#the-family-business-espionage-as-normal,0,7,0.00,8.4
https://9takes.com/pop-culture/ghislaine-maxwell-psychology#the-fixer-why-she-participated,0,9,0.00,8.3
https://9takes.com/pop-culture/ghislaine-maxwell-psychology#the-origin-a-child-who-didnt-exist,0,10,0.00,8.2
https://9takes.com/pop-culture/ghislaine-maxwell-psychology#why-type-6,0,11,0.00,8.3
https://9takes.com/pop-culture/hollywood-heartthrobs-enneagram-analysis,0,143,0.00,8.3
https://9takes.com/pop-culture/kardashian-family-enneagram-analysis#family-dynamics-when-types-collide,0,64,0.00,8.0
https://9takes.com/pop-culture/kardashian-family-enneagram-analysis#kendall-jenner-type-6---the-loyalist,0,224,0.00,8.1
https://9takes.com/pop-culture/kardashian-family-enneagram-analysis#khlo%C3%A9-kardashian-type-2---the-helper,0,242,0.00,7.7
https://9takes.com/pop-culture/kardashian-family-enneagram-analysis#kim-kardashian-type-3w4---the-achiever-with-individualist-wing,0,362,0.00,7.7
https://9takes.com/pop-culture/kardashian-family-enneagram-analysis#kourtney-kardashian-type-1---the-perfectionist,0,290,0.00,7.7
https://9takes.com/pop-culture/kardashian-family-enneagram-analysis#kylie-jenner-type-9---the-peacekeeper,0,317,0.00,7.8
https://9takes.com/pop-culture/kardashian-family-enneagram-analysis#rob-kardashian-type-9---the-peacekeeper-who-disappeared,0,389,0.00,7.7
https://9takes.com/pop-culture/kardashian-family-enneagram-analysis#the-matriarch-kris-jenner-type-3---the-achiever,0,335,0.00,7.8
https://9takes.com/pop-culture/kardashian-family-enneagram-analysis#what-the-critics-get-right-and-wrong,0,80,0.00,7.4
https://9takes.com/pop-culture/musk-vs-altman-trial-personality-dynamics,0,12,0.00,8.9
https://9takes.com/pop-culture/podcast-bros-enneagram-analysis,0,36,0.00,15.0
https://9takes.com/pop-culture/podcaster-personality-map,0,52,0.00,9.1
https://9takes.com/pop-culture/psychology-of-public-shame,0,9,0.00,10.4
https://9takes.com/pop-culture/tech-titans-ai-wars#dario-amodei-the-type-5-who-left-because-it-wasnt-rigorous-enough,0,1,0.00,8.0
https://9takes.com/pop-culture/tech-titans-ai-wars#elon-musk-the-type-5-who-couldnt-let-go,0,1,0.00,8.0
https://9takes.com/pop-culture/tech-titans-disruptors,0,37,0.00,7.9
https://9takes.com/pop-culture/tech-titans-platform-emperors,0,2,0.00,3.0
https://9takes.com/questions,0,101,0.00,5.9
https://9takes.com/questions/categories/intimacy-and-connection,0,1,0.00,6.0
https://9takes.com/questions/categories/personal-challenges,0,2,0.00,48.0
https://9takes.com/questions/categories/personal-growth,0,1,0.00,9.0
https://9takes.com/questions/categories/relationship-challenges,0,1,0.00,2.0
https://9takes.com/questions/categories/relationships,0,3,0.00,8.7
https://9takes.com/questions/if-you-could-truly-disappear-from-everything-and-everyone-you,0,2,0.00,4.5
https://9takes.com/questions/if-you-had-to-be-trapped-somewhere-where-would-you-choose,0,2,0.00,28.0
https://9takes.com/questions/parents-encourage-toddler-boys-poo-grass-garden,0,6,0.00,5.2
https://9takes.com/questions/part-daily-routine-wish-started-sooner,0,1,0.00,8.0
https://9takes.com/questions/technical-skills-worth-knowing-programming,0,5,0.00,37.6
https://9takes.com/questions/tell-parents-knew-wouldnt-angry-upset,0,1,0.00,3.0
https://9takes.com/questions/what-are-you-thinking-about-these-days,0,1,0.00,7.0
https://9takes.com/questions/whats-criteria-considering-someone-friend,0,1,0.00,6.0
https://9takes.com/questions/whats-something-every-day-seem-fine-nobody-knows-costing-effort,0,3,0.00,16.0
https://9takes.com/questions/whats-something-overresearched-no-one-asked,0,2,0.00,7.5
https://9takes.com/questions/when-you-have-to-choose-between-going-along-with-the,0,2,0.00,7.5
https://9takes.com/questions/why-people-2-phones-trying-find-answer-without-assuming-bf-anything-negative-people,0,19,0.00,8.7
https://9takes.com/social-image.png?path=%2Ftypes%2F7s%2FJimmy-Fallon.webp,0,1,0.00,3.0
https://9takes.com/types/2s/Hilary-Duff.webp,0,1,0.00,5.0
https://9takes.com/types/2s/Sky-Bri.webp,0,1,0.00,3.0
https://9takes.com/types/4s/Bob-Dylan.webp,0,1,0.00,3.0
https://9takes.com/types/4s/Oliver-Tree.webp,0,1,0.00,8.0
https://9takes.com/types/4s/Sam-Altman.webp,0,1,0.00,8.0
https://9takes.com/types/5s/Asmongold.webp,0,1,0.00,3.0
https://9takes.com/types/8s/IShowSpeed.webp,0,2,0.00,5.0
https://9takes.com/types/9s/Lionel-Messi.webp,0,12,0.00,3.0
https://www.9takes.com/,0,1,0.00,2.0
