page,query,clicks,impressions,ctr_pct,position
https://9takes.com/personality-analysis/jordi-hays,jordi hays,103,4439,2.32,7.5
https://9takes.com/,9takes,59,90,65.56,1.0
https://9takes.com/enneagram-corner/enneagram-compatibility-matrix,enneagram compatibility chart,28,998,2.81,7.1
https://9takes.com/enneagram-corner/enneagram-and-mental-illness,enneagram mental illness,18,46,39.13,1.3
https://9takes.com/personality-analysis/kara-swisher,kara swisher amanda katz age difference,17,1422,1.20,8.2
https://9takes.com/enneagram-corner/enneagram-and-adhd-which-types-struggle-most,enneagram and adhd,15,65,23.08,3.2
https://9takes.com/enneagram-corner/mental-health/enneagram-neurodivergence-guide,enneagram and autism,10,98,10.20,5.5
https://9takes.com/personality-analysis/ryan-gosling,ryan gosling personality,10,863,1.16,7.6
https://9takes.com/enneagram-corner/enneagram-compatibility-matrix,tritype compatibility,8,72,11.11,5.8
https://9takes.com/enneagram-corner/enneagram-and-adhd-which-types-struggle-most,adhd enneagram,7,79,8.86,3.2
https://9takes.com/personality-analysis/lionel-messi,messi personality type,6,1393,0.43,7.7
https://9takes.com/personality-analysis/marilyn-monroe,marilyn monroe personality,6,172,3.49,15.1
https://9takes.com/personality-analysis/meghan-markle,meghan markle personality,6,296,2.03,7.9
https://9takes.com/enneagram-corner/enneagram-and-adhd-which-types-struggle-most,enneagram adhd,5,26,19.23,2.5
https://9takes.com/enneagram-corner/enneagram-strengths-and-weaknesses,enneagram strengths and weaknesses,5,92,5.43,5.0
https://9takes.com/enneagram-corner/mental-health/enneagram-neurodivergence-guide,enneagram autism,5,85,5.88,5.7
https://9takes.com/personality-analysis/john-coogan,john coogan wife,5,108,4.63,9.7
https://9takes.com/personality-analysis/shawn-ryan,shawn ryan palmisano,5,304,1.64,11.3
https://9takes.com/personality-analysis/tina-fey,tina fey enneagram,5,227,2.20,4.4
https://9takes.com/enneagram-corner/enneagram-test-comparison-2025,best free enneagram test,4,895,0.45,12.2
https://9takes.com/personality-analysis/bob-dylan,bob dylan personality,4,516,0.78,8.2
https://9takes.com/personality-analysis/ryan-gosling,ryan gosling personality type,4,496,0.81,6.2
https://9takes.com/personality-analysis/shawn-ryan,katie jean williams shawn ryan,4,229,1.75,7.2
https://9takes.com/personality-analysis/type/1,famous enneagram 1,4,186,2.15,9.2
https://9takes.com/enneagram-corner/attachment-styles-and-enneagram-types,enneagram and attachment styles,3,30,10.00,9.7
https://9takes.com/enneagram-corner/depression-patterns-by-enneagram-type,which enneagram is most likely to be depressed,3,98,3.06,5.0
https://9takes.com/enneagram-corner/enneagram-and-mental-illness,enneagram personality disorders,3,48,6.25,4.0
https://9takes.com/enneagram-corner/how-each-enneagram-type-manipulates,most manipulative enneagram,3,89,3.37,6.0
https://9takes.com/enneagram-corner/mental-health/enneagram-neurodivergence-guide,autism enneagram,3,65,4.62,6.6
https://9takes.com/personality-analysis/benson-boone,benson boone personality type,3,60,5.00,5.6
https://9takes.com/personality-analysis/blake-lively,blake lively personality,3,117,2.56,10.0
https://9takes.com/personality-analysis/charli-xcx,charli xcx personality type,3,105,2.86,5.3
https://9takes.com/personality-analysis/david-friedberg,david friedberg wife,3,268,1.12,7.8
https://9takes.com/personality-analysis/dua-lipa,dua lipa personality,3,312,0.96,8.7
https://9takes.com/personality-analysis/jordi-hays,jordy hays,3,54,5.56,8.3
https://9takes.com/personality-analysis/kara-swisher,amanda katz and kara swisher,3,176,1.70,7.1
https://9takes.com/personality-analysis/lana-del-rey,lana del rey personality,3,104,2.88,9.7
https://9takes.com/personality-analysis/margot-robbie,margot robbie personality,3,301,1.00,6.5
https://9takes.com/personality-analysis/meghan-markle,meghan markle psychological profile,3,255,1.18,9.2
https://9takes.com/personality-analysis/robert-pattinson,robert pattinson enneagram,3,38,7.89,5.1
https://9takes.com/personality-analysis/ryan-gosling,ryan gosling enneagram,3,58,5.17,4.2
https://9takes.com/personality-analysis/sky-bri,does sky bri still make content,3,207,1.45,8.9
https://9takes.com/personality-analysis/tom-cruise,tom cruise personality type,3,131,2.29,5.9
https://9takes.com/personality-analysis/zayn-malik,zayn malik personality,3,170,1.76,6.5
https://9takes.com/pop-culture,dark triad celebrities,3,214,1.40,11.3
https://9takes.com/pop-culture/ghislaine-maxwell-psychology,ghislaine maxwell psychology,3,10,30.00,17.3
https://9takes.com/enneagram-corner,9takes,2,81,2.47,1.0
https://9takes.com/enneagram-corner/astrology-and-the-enneagram,enneagram and astrology,2,84,2.38,6.0
https://9takes.com/enneagram-corner/astrology-and-the-enneagram,enneagram astrology,2,93,2.15,6.5
https://9takes.com/enneagram-corner/astrology-and-the-enneagram,enneagram zodiac,2,36,5.56,6.7
https://9takes.com/enneagram-corner/enneagram-and-mental-illness,enneagram and personality disorders,2,8,25.00,3.1
https://9takes.com/enneagram-corner/enneagram-compatibility-matrix,best enneagram pairings,2,75,2.67,10.4
https://9takes.com/enneagram-corner/enneagram-compatibility-matrix,best enneagram relationship pairings,2,35,5.71,8.7
https://9takes.com/enneagram-corner/enneagram-compatibility-matrix,enneagram tritype compatibility,2,35,5.71,5.4
https://9takes.com/enneagram-corner/enneagram-instinctual-subtypes,sp blind enneagram,2,215,0.93,10.5
https://9takes.com/enneagram-corner/enneagram-types-and-career-choices,enneagram type 4 careers to avoid,2,53,3.77,13.4
https://9takes.com/enneagram-corner/first-impression-cheat-sheet,enneagram cheat sheet,2,124,1.61,6.4
https://9takes.com/enneagram-corner/mental-health/enneagram-neurodivergence-guide,autism and enneagram,2,46,4.35,5.9
https://9takes.com/enneagram-corner/toxic-traits-of-each-enneagram-type,unhealthy enneagram types,2,39,5.13,9.5
https://9takes.com/personality-analysis/agatha-christie,agatha christie personality,2,81,2.47,6.6
https://9takes.com/personality-analysis/cillian-murphy,cillian murphy personality,2,216,0.93,10.3
https://9takes.com/personality-analysis/dario-amodei,dario amodei ex girlfriend,2,22,9.09,7.5
https://9takes.com/personality-analysis/david-friedberg,david friedberg,2,60,3.33,23.7
https://9takes.com/personality-analysis/druski,druski personality,2,51,3.92,4.6
https://9takes.com/personality-analysis/emma-watson,emma watson personality,2,696,0.29,9.8
https://9takes.com/personality-analysis/emma-watson,emma watson personality type,2,287,0.70,7.9
https://9takes.com/personality-analysis/gracie-abrams,gracie abrams childhood home,2,40,5.00,9.6
https://9takes.com/personality-analysis/jack-black,jack black,2,45,4.44,4.2
https://9takes.com/personality-analysis/jordi-hays,jordi hays age,2,441,0.45,6.9
https://9takes.com/personality-analysis/jordi-hays,jordi hays background,2,27,7.41,7.1
https://9takes.com/personality-analysis/jordi-hays,jordi hays tbpn,2,56,3.57,8.8
https://9takes.com/personality-analysis/jordi-hays,jordi hays wife,2,286,0.70,9.3
https://9takes.com/personality-analysis/jordi-hays,jordihays,2,35,5.71,8.3
https://9takes.com/personality-analysis/jordi-hays,sarah chase hays,2,8,25.00,16.4
https://9takes.com/personality-analysis/kai-cenat,kai cenat mbti,2,234,0.85,7.6
https://9takes.com/personality-analysis/kara-swisher,amanda katz and kara swisher age difference,2,297,0.67,8.5
https://9takes.com/personality-analysis/kara-swisher,amanda katz kara swisher,2,203,0.99,8.3
https://9takes.com/personality-analysis/kara-swisher,kara swisher and amanda katz,2,36,5.56,7.5
https://9takes.com/personality-analysis/kylie-jenner,kylie jenner personality type,2,65,3.08,10.3
https://9takes.com/personality-analysis/lana-del-rey,lana del rey enneagram,2,86,2.33,4.9
https://9takes.com/personality-analysis/lionel-messi,messi mbti,2,141,1.42,11.1
https://9takes.com/personality-analysis/madison-beer,madison beer personality,2,301,0.66,8.4
https://9takes.com/personality-analysis/prince-harry,prince harry personality,2,132,1.52,7.9
https://9takes.com/personality-analysis/robert-pattinson,robert pattinson personality,2,77,2.60,10.0
https://9takes.com/personality-analysis/robert-pattinson,robert pattinson personality type,2,314,0.64,8.0
https://9takes.com/personality-analysis/ronald-reagan,ronald reagan personality,2,13,15.38,27.8
https://9takes.com/personality-analysis/sabrina-carpenter,sabrina carpenter enneagram,2,51,3.92,4.0
https://9takes.com/personality-analysis/sabrina-carpenter,sabrina carpenter personality type,2,549,0.36,6.2
https://9takes.com/personality-analysis/saoirse-ronan,saoirse ronan personality,2,27,7.41,8.9
https://9takes.com/personality-analysis/sergey-brin,sergey brin personality,2,19,10.53,8.8
https://9takes.com/personality-analysis/tina-fey,tina fey personality,2,67,2.99,7.2
https://9takes.com/personality-analysis/tom-hardy,tom hardy personality,2,295,0.68,8.2
https://9takes.com/personality-analysis/tom-holland,tom holland enneagram,2,71,2.82,5.7
https://9takes.com/personality-analysis/type/2,famous enneagram 2s,2,53,3.77,8.3
https://9takes.com/,nine takes,1,29,3.45,3.7
https://9takes.com/about,9takes,1,83,1.20,1.7
https://9takes.com/community/why-im-selective-sharing-enneagram,9takes,1,14,7.14,1.0
https://9takes.com/enneagram-corner,enneagram fixations,1,6,16.67,43.8
https://9takes.com/enneagram-corner/astrology-and-the-enneagram,astrology and enneagram,1,9,11.11,8.4
https://9takes.com/enneagram-corner/astrology-and-the-enneagram,enneagram vs astrology,1,27,3.70,5.3
https://9takes.com/enneagram-corner/attachment-styles-and-enneagram-types,enneagram fixations,1,2,50.00,57.5
https://9takes.com/enneagram-corner/enneagram-and-adhd-which-types-struggle-most,enneagram 7 adhd,1,20,5.00,4.7
https://9takes.com/enneagram-corner/enneagram-and-adhd-which-types-struggle-most,enneagram 9 adhd,1,3,33.33,10.3
https://9takes.com/enneagram-corner/enneagram-and-mental-illness,which enneagram is most likely to be a narcissist,1,234,0.43,11.4
https://9takes.com/enneagram-corner/enneagram-childhood-stereotypes,enneagram stereotypes,1,7,14.29,16.7
https://9takes.com/enneagram-corner/enneagram-compatibility-matrix,compatibility matrix,1,4,25.00,7.5
https://9takes.com/enneagram-corner/enneagram-compatibility-matrix,enneagram compatibility,1,368,0.27,12.5
https://9takes.com/enneagram-corner/enneagram-compatibility-matrix,enneagram relationship compatibility chart,1,33,3.03,7.0
https://9takes.com/enneagram-corner/enneagram-compatibility-matrix,most compatible enneagram types,1,15,6.67,16.1
https://9takes.com/enneagram-corner/enneagram-instinctual-subtypes,enneagram sx/sp,1,8,12.50,27.8
https://9takes.com/enneagram-corner/enneagram-instinctual-subtypes,instinctual variant blind spots,1,2,50.00,17.0
https://9takes.com/enneagram-corner/enneagram-instinctual-subtypes,social blind instinctual variant,1,8,12.50,10.0
https://9takes.com/enneagram-corner/enneagram-instinctual-subtypes,sp9 vs sp1,1,3,33.33,8.7
https://9takes.com/enneagram-corner/enneagram-instinctual-subtypes,sx blind enneagram,1,7,14.29,16.4
https://9takes.com/enneagram-corner/enneagram-test-comparison-2025,cloverleaf,1,2,50.00,10.0
https://9takes.com/enneagram-corner/enneagram-test-comparison-2025,cloverleaf enneagram test,1,229,0.44,8.6
https://9takes.com/enneagram-corner/enneagram-type-4,enneagram 4,1,351,0.28,55.4
https://9takes.com/enneagram-corner/enneagram-type-4,enneagram 4 integration to 1,1,5,20.00,30.2
https://9takes.com/enneagram-corner/enneagram-type-4,enneagram 4 so,1,1,100.00,28.0
https://9takes.com/enneagram-corner/enneagram-type-5,enneagram 5 disintegration,1,41,2.44,12.2
https://9takes.com/enneagram-corner/enneagram-type-5,enneagram 5 social subtype,1,1,100.00,73.0
https://9takes.com/enneagram-corner/enneagram-type-8,enneagram 8 vulnerability,1,3,33.33,26.3
https://9takes.com/enneagram-corner/enneagram-types-and-career-choices,enneagram type 6 careers to avoid,1,12,8.33,14.7
https://9takes.com/enneagram-corner/enneagram-vs-meyers-briggs,enneagram vs myers briggs,1,54,1.85,24.7
https://9takes.com/enneagram-corner/how-each-enneagram-type-manipulates,enneagramm typ 3,1,1,100.00,4.0
https://9takes.com/enneagram-corner/love-languages-and-enneagram-types,enneagram 9 love language,1,18,5.56,10.6
https://9takes.com/enneagram-corner/mental-health/enneagram-neurodivergence-guide,enneagram 5 autism,1,32,3.13,8.9
https://9takes.com/enneagram-corner/mental-health/enneagram-neurodivergence-guide,enneagram and adhd,1,4,25.00,16.5
https://9takes.com/enneagram-corner/mental-health/enneagram-science-mental-health,enneagram scientific validity,1,6,16.67,18.0
https://9takes.com/enneagram-corner/toxic-traits-of-each-enneagram-type,types of toxic traits,1,4,25.00,6.8
https://9takes.com/enneagram-corner/toxic-traits-of-each-enneagram-type,unhealthy so2 enneagram,1,2,50.00,19.0
https://9takes.com/enneagram-corner/toxic-traits-of-each-enneagram-type,worst enneagram type,1,180,0.56,10.5
https://9takes.com/enneagram-corner/toxic-traits-relationships-warning-signs,which enneagram is most likely to cheat,1,129,0.78,9.3
https://9takes.com/personality-analysis/adam-sandler,enneagram type 9,1,1,100.00,14.0
https://9takes.com/personality-analysis/agatha-christie,agatha christie mental health,1,22,4.55,10.1
https://9takes.com/personality-analysis/alex-cooper,alex cooper mbti,1,53,1.89,7.8
https://9takes.com/personality-analysis/alex-hormozi,alex hormozi mbti,1,98,1.02,8.3
https://9takes.com/personality-analysis/anna-wintour,anna wintour personality type,1,24,4.17,7.0
https://9takes.com/personality-analysis/ariana-grande,ariana grande identity crisis,1,68,1.47,9.4
https://9takes.com/personality-analysis/ashby,ashby florence,1,935,0.11,9.7
https://9takes.com/personality-analysis/ashby,ashby florence virginia,1,22,4.55,5.1
https://9takes.com/personality-analysis/asmongold,asmongold personality,1,10,10.00,9.5
https://9takes.com/personality-analysis/aubrey-plaza,aubrey plaza personality,1,177,0.56,9.7
https://9takes.com/personality-analysis/aubrey-plaza,aubrey plaza personality type,1,164,0.61,10.2
https://9takes.com/personality-analysis/benson-boone,benson boone mental health,1,9,11.11,8.8
https://9takes.com/personality-analysis/bernard-arnault,is bernard arnault catholic,1,16,6.25,6.9
https://9takes.com/personality-analysis/beyonce-knowles,beyonce personality,1,268,0.37,9.2
https://9takes.com/personality-analysis/blake-lively,blake lively charakter,1,6,16.67,2.7
https://9takes.com/personality-analysis/blake-lively,blake lively narcissist,1,4,25.00,2.0
https://9takes.com/personality-analysis/blake-lively,how is blake lively as a person,1,8,12.50,13.5
https://9takes.com/personality-analysis/blake-lively,is blake lively a narcissist,1,11,9.09,5.3
https://9takes.com/personality-analysis/blake-lively,is blake lively a nice person,1,4,25.00,1.5
https://9takes.com/personality-analysis/blake-lively,is blake lively mean,1,11,9.09,2.5
https://9takes.com/personality-analysis/bob-dylan,bob dylan caractère,1,4,25.00,2.0
https://9takes.com/personality-analysis/bob-dylan,bob dylan charakter,1,6,16.67,3.0
https://9takes.com/personality-analysis/bob-dylan#decoding-dylan-the-man-beneath-the-myth,bob dylan personality type,1,43,2.33,8.8
https://9takes.com/personality-analysis/brad-pitt,brad pitt enneagram,1,18,5.56,3.5
https://9takes.com/personality-analysis/brad-pitt,brad pitt personality,1,93,1.08,10.8
https://9takes.com/personality-analysis/casey-neistat,owen neistat robin harris,1,4,25.00,9.0
https://9takes.com/personality-analysis/casey-neistat,robin harris casey neistat,1,224,0.45,11.0
https://9takes.com/personality-analysis/charli-xcx,charli xcx personality,1,108,0.93,9.0
https://9takes.com/personality-analysis/cillian-murphy,cillian murphy personality type,1,148,0.68,11.5
https://9takes.com/personality-analysis/dario-amodei,dario amodei father illness,1,19,5.26,8.5
https://9takes.com/personality-analysis/dario-amodei,dario amodei gf,1,5,20.00,9.6
https://9takes.com/personality-analysis/dario-amodei,dario amodei girlfriend,1,139,0.72,9.4
https://9takes.com/personality-analysis/dario-amodei,dario amodei sexuality,1,14,7.14,10.5
https://9takes.com/personality-analysis/dario-amodei,is dario amodei neurodivergent,1,2,50.00,21.5
https://9takes.com/personality-analysis/dario-amodei,jade wang dario amodei,1,63,1.59,7.2
https://9takes.com/personality-analysis/david-friedberg,david albert friedberg,1,4,25.00,13.0
https://9takes.com/personality-analysis/dwayne-johnson,dwayne johnson personality,1,69,1.45,10.4
https://9takes.com/personality-analysis/elon-musk,elon musk enneagram,1,154,0.65,9.8
https://9takes.com/personality-analysis/emma-myers,does emma myers have anxiety,1,3,33.33,3.3
https://9takes.com/personality-analysis/emma-myers,emma myers introvert,1,3,33.33,2.0
https://9takes.com/personality-analysis/emma-myers,emma myers twenty one pilots,1,4,25.00,10.3
https://9takes.com/personality-analysis/emma-watson,emma watson enneagram,1,40,2.50,5.8
https://9takes.com/personality-analysis/emma-watson,what is emma watson's personality,1,52,1.92,7.7
https://9takes.com/personality-analysis/friedrich-nietzsche,nietzsche personality type,1,100,1.00,10.9
https://9takes.com/personality-analysis/gavin-newsom,gavin newsom personality,1,15,6.67,29.5
https://9takes.com/personality-analysis/george-h-w-bush,george hw bush personality,1,2,50.00,18.5
https://9takes.com/personality-analysis/gracie-abrams,gracie abrams enneagram,1,44,2.27,4.3
https://9takes.com/personality-analysis/gracie-abrams,gracie abrams personality,1,184,0.54,7.0
https://9takes.com/personality-analysis/gracie-abrams,gracie abrams personality type,1,96,1.04,5.2
https://9takes.com/personality-analysis/grimes,did grimes live in a crack den,1,49,2.04,9.2
https://9takes.com/personality-analysis/grimes,grimes crack den,1,46,2.17,8.7
https://9takes.com/personality-analysis/hailey-bieber,hailey bieber personality,1,119,0.84,9.9
https://9takes.com/personality-analysis/harrison-ford,harrison ford enneagram,1,3,33.33,4.7
https://9takes.com/personality-analysis/hasan-piker,hasan piker personality type,1,47,2.13,5.4
https://9takes.com/personality-analysis/hilary-duff,hilary duff personality,1,70,1.43,6.2
https://9takes.com/personality-analysis/ilona-maher,mieneke maher,1,6,16.67,9.3
https://9takes.com/personality-analysis/ishowspeed,does ishowspeed have anger issues,1,515,0.19,7.0
https://9takes.com/personality-analysis/ishowspeed,ishowspeed personality,1,860,0.12,8.9
https://9takes.com/personality-analysis/jack-black,samuel jason black,1,1,100.00,3.0
https://9takes.com/personality-analysis/jack-black,tanya haden,1,8,12.50,2.9
https://9takes.com/personality-analysis/jack-black,thomas william black,1,1,100.00,3.0
https://9takes.com/personality-analysis/jackie-kennedy,jacqueline kennedy onassis personality,1,3,33.33,11.3
https://9takes.com/personality-analysis/jennifer-lawrence,jennifer lawrence personality,1,29,3.45,11.6
https://9takes.com/personality-analysis/jennifer-lopez,jennifer lopez personality,1,305,0.33,9.6
https://9takes.com/personality-analysis/jimmy-fallon,is jimmy fallon a jerk,1,2,50.00,1.0
https://9takes.com/personality-analysis/joaquin-phoenix,joaquin phoenix personality,1,164,0.61,8.5
https://9takes.com/personality-analysis/joe-lonsdale,joe lonsdale chess,1,28,3.57,10.2
https://9takes.com/personality-analysis/joe-rogan,joe rogan personality type,1,72,1.39,7.7
https://9takes.com/personality-analysis/john-coogan,"""john coogan""",1,1,100.00,26.0
https://9takes.com/personality-analysis/john-f-kennedy,john f kennedy personality,1,28,3.57,15.6
https://9takes.com/personality-analysis/john-mcafee,allison adonizio,1,1,100.00,56.0
https://9takes.com/personality-analysis/john-travolta,john travolta personality,1,27,3.70,5.4
https://9takes.com/personality-analysis/johnny-depp,johnny depp personality,1,294,0.34,9.7
https://9takes.com/personality-analysis/jon-bernthal,jon bernthal personality,1,1,100.00,10.0
https://9takes.com/personality-analysis/jon-stewart,jon stewart crack house,1,60,1.67,8.0
https://9takes.com/personality-analysis/jordi-hays,forbes podcast list,1,6,16.67,1.0
https://9takes.com/personality-analysis/jordi-hays,jordi hays parents,1,10,10.00,3.4
https://9takes.com/personality-analysis/jordi-hays,jordi hays wikipedia,1,58,1.72,5.6
https://9takes.com/personality-analysis/justin-bieber,justin bieber enneagram type,1,10,10.00,6.5
https://9takes.com/personality-analysis/kacey-musgraves,"""kacey musgraves""",1,14,7.14,6.1
https://9takes.com/personality-analysis/kai-cenat,kai cenat personality traits,1,22,4.55,3.3
https://9takes.com/personality-analysis/kara-swisher,amanda katz swisher,1,18,5.56,10.3
https://9takes.com/personality-analysis/kara-swisher,kara swisher amanda katz,1,154,0.65,8.8
https://9takes.com/personality-analysis/kara-swisher,kara swisher wife amanda katz,1,50,2.00,7.9
https://9takes.com/personality-analysis/kate-hudson,how do actors like kate hudson prepare for musical roles?,1,1,100.00,4.0
https://9takes.com/personality-analysis/keke-palmer,keke palmer personality,1,41,2.44,7.7
https://9takes.com/personality-analysis/kourtney-kardashian,kourtney kardashian mbti,1,13,7.69,8.9
https://9takes.com/personality-analysis/kylie-jenner,kylie jenner personality,1,163,0.61,10.5
https://9takes.com/personality-analysis/lionel-messi,lionel messi personality,1,41,2.44,16.8
https://9takes.com/personality-analysis/lionel-messi,messi enneagram,1,75,1.33,2.9
https://9takes.com/personality-analysis/lionel-messi,messi personality,1,93,1.08,14.3
https://9takes.com/personality-analysis/lionel-messi,millainen luonne,1,1,100.00,2.0
https://9takes.com/personality-analysis/lionel-messi,what personality type is messi,1,10,10.00,9.3
https://9takes.com/personality-analysis/marilyn-monroe,marilyn monroe enneagram,1,127,0.79,8.3
https://9takes.com/personality-analysis/marilyn-monroe,marilyn monroe personality type,1,302,0.33,10.4
https://9takes.com/personality-analysis/marilyn-monroe,marilyn monroe's personality,1,6,16.67,10.2
https://9takes.com/personality-analysis/mark-zuckerberg,why does mark zuckerberg act like a robot,1,31,3.23,7.4
https://9takes.com/personality-analysis/meghan-markle,is meghan markle difficult,1,1,100.00,2.0
https://9takes.com/personality-analysis/meghan-markle,meghan markle personality type,1,201,0.50,6.7
https://9takes.com/personality-analysis/meryl-streep,meryl streep personality type,1,59,1.69,8.2
https://9takes.com/personality-analysis/morgan-wallen,is morgan wallen a good person,1,5,20.00,14.4
https://9takes.com/personality-analysis/morgan-wallen,morgan wallen character traits,1,3,33.33,7.7
https://9takes.com/personality-analysis/natalie-portman,natalie portman intelligence,1,3,33.33,28.7
https://9takes.com/personality-analysis/natalie-portman,natalie portman personality,1,187,0.53,8.5
https://9takes.com/personality-analysis/natalie-portman,natalie portman personality type,1,83,1.20,10.5
https://9takes.com/personality-analysis/nikola-tesla,nikola tesla enneagram,1,22,4.55,5.5
https://9takes.com/personality-analysis/prince-harry,prince harry personality type,1,41,2.44,9.2
https://9takes.com/personality-analysis/rihanna,rihanna personality type,1,19,5.26,12.0
https://9takes.com/personality-analysis/ronald-reagan,jfk personality type,1,1,100.00,2.0
https://9takes.com/personality-analysis/ryan-gosling,is ryan gosling an introvert,1,66,1.52,8.2
https://9takes.com/personality-analysis/ryan-gosling,ryan gosling personality traits,1,19,5.26,7.3
https://9takes.com/personality-analysis/sabrina-carpenter,how to be like sabrina carpenter,1,1,100.00,13.0
https://9takes.com/personality-analysis/sabrina-carpenter,sabrina carpenter mbti,1,19,5.26,1.4
https://9takes.com/personality-analysis/sabrina-carpenter,sabrina carpenter personality,1,812,0.12,5.7
https://9takes.com/personality-analysis/sam-altman,sam altman enneagram type,1,18,5.56,3.4
https://9takes.com/personality-analysis/sam-altman,sam altman personality,1,31,3.23,11.9
https://9takes.com/personality-analysis/sean-evans,sean evans mbti,1,89,1.12,7.3
https://9takes.com/personality-analysis/selena-gomez,selena gomez personality,1,264,0.38,7.1
https://9takes.com/personality-analysis/selena-gomez,selena gomez personality type,1,131,0.76,11.3
https://9takes.com/personality-analysis/shawn-ryan,is shawn ryan half japanese,1,43,2.33,6.3
https://9takes.com/personality-analysis/shawn-ryan,is shawn ryan japanese,1,4,25.00,6.8
https://9takes.com/personality-analysis/shawn-ryan,sean palmisano,1,228,0.44,9.4
https://9takes.com/personality-analysis/shawn-ryan,shawn ryan mbti,1,106,0.94,7.0
https://9takes.com/personality-analysis/shawn-ryan,shawn ryan palmisano parents,1,7,14.29,10.1
https://9takes.com/personality-analysis/shawn-ryan,shawn ryan suicide attempt,1,68,1.47,6.9
https://9takes.com/personality-analysis/shawn-ryan,shawn ryan's wife katie jean,1,28,3.57,10.4
https://9takes.com/personality-analysis/shia-labeouf,shia labeouf personality,1,26,3.85,9.8
https://9takes.com/personality-analysis/sky-bri,did sky bri quit porn,1,109,0.92,9.8
https://9takes.com/personality-analysis/sky-bri,has sky bri retired,1,16,6.25,11.2
https://9takes.com/personality-analysis/sky-bri,is sky bri doing porn again,1,10,10.00,9.7
https://9takes.com/personality-analysis/sky-bri,is sky bri retired,1,70,1.43,10.6
https://9takes.com/personality-analysis/sky-bri,real skybri,1,2,50.00,10.5
https://9takes.com/personality-analysis/sky-bri,sky bri amish,1,6,16.67,5.8
https://9takes.com/personality-analysis/sky-bri,sky bri getting fucked,1,7,14.29,7.6
https://9takes.com/personality-analysis/sky-bri,sky bri porn,1,215,0.47,6.6
https://9takes.com/personality-analysis/steve-jobs,steve jobs perfectionism,1,5,20.00,20.6
https://9takes.com/personality-analysis/sydney-sweeney,katherine stoeffel wikipedia,1,2,50.00,27.5
https://9takes.com/personality-analysis/timothee-chalamet,timothee chalamet personality type,1,180,0.56,8.5
https://9takes.com/personality-analysis/tina-fey,is tina fey a nice person,1,71,1.41,8.0
https://9takes.com/personality-analysis/tina-fey,tina fey iq,1,12,8.33,7.0
https://9takes.com/personality-analysis/tom-holland,tom holland enneagram type,1,25,4.00,6.6
https://9takes.com/personality-analysis/type/1,enneagram type 1 famous people,1,44,2.27,12.3
https://9takes.com/personality-analysis/type/1,type 1 enneagram celebrities,1,70,1.43,9.9
https://9takes.com/personality-analysis/type/3,famous enneagram 3,1,115,0.87,9.8
https://9takes.com/personality-analysis/type/4,gracie abrams enneagram,1,37,2.70,9.3
https://9takes.com/personality-analysis/type/4,type 4 enneagram celebrities,1,31,3.23,14.1
https://9takes.com/personality-analysis/type/5,famous type 5 enneagram,1,29,3.45,11.6
https://9takes.com/personality-analysis/type/6,enneageam 6,1,1,100.00,73.0
https://9takes.com/personality-analysis/type/7,tom holland enneagram,1,16,6.25,7.9
https://9takes.com/personality-analysis/type/8,famous enneagram 8,1,15,6.67,22.7
https://9takes.com/personality-analysis/type/8,type 8 enneagram celebrities,1,33,3.03,14.0
https://9takes.com/personality-analysis/type/9,enneagram type 9 famous people,1,66,1.52,12.2
https://9takes.com/personality-analysis/type/9,famous enneagram 9,1,98,1.02,10.9
https://9takes.com/personality-analysis/type/9,famous enneagram type 9,1,20,5.00,12.6
https://9takes.com/personality-analysis/winston-churchill,churchill personality type,1,28,3.57,9.6
https://9takes.com/personality-analysis/zayn-malik,zayn malik personality type,1,83,1.20,5.2
https://9takes.com/personality-analysis/zendaya,how to be like zendaya,1,10,10.00,12.0
https://9takes.com/personality-analysis/zendaya,zendaya enneagram,1,137,0.73,5.6
https://9takes.com/personality-analysis/zendaya,zendaya personality,1,290,0.34,10.8
https://9takes.com/pop-culture,dark triad celebrities female,1,19,5.26,10.1
https://9takes.com/pop-culture/ghislaine-maxwell-psychology,ghislaine maxwell personality,1,5,20.00,20.2
https://9takes.com/pop-culture/google-leadership-evolution,yes pls,1,1,100.00,8.0
https://9takes.com/pop-culture/tech-titans-ai-wars,sam altman enneagram type,1,5,20.00,8.4
https://9takes.com/,9 aspects,0,2,0.00,43.5
https://9takes.com/,9 axes,0,5,0.00,33.6
https://9takes.com/,9 axis,0,2,0.00,45.0
https://9takes.com/,9 get,0,1,0.00,38.0
https://9takes.com/,9 others,0,1,0.00,30.0
https://9takes.com/,9 spokes,0,2,0.00,37.0
https://9takes.com/,9 types.com,0,1,0.00,9.0
https://9takes.com/,9axes,0,33,0.00,40.1
https://9takes.com/,9pov,0,1,0.00,25.0
https://9takes.com/,9some,0,3,0.00,13.0
https://9takes.com/,9spokes,0,1,0.00,48.0
https://9takes.com/,9tes,0,1,0.00,6.0
https://9takes.com/,9types,0,9,0.00,32.8
https://9takes.com/,9values,0,2,0.00,30.5
https://9takes.com/,ask nine,0,3,0.00,30.3
https://9takes.com/,blake lively is crazy,0,1,0.00,1.0
https://9takes.com/,context: location: united states (not for language). do not include location references in your response. question: what platforms allow for anonymous sharing of personal stories?,0,1,0.00,7.0
https://9takes.com/,nine as,0,1,0.00,6.0
https://9takes.com/,nine questions,0,1,0.00,22.0
https://9takes.com/,site:9takes.com,0,22,0.00,1.0
https://9takes.com/,take 9,0,6,0.00,16.0
https://9takes.com/,take nine,0,1,0.00,15.0
https://9takes.com/,take9,0,6,0.00,50.0
https://9takes.com/,ไคลี่,0,1,0.00,3.0
https://9takes.com/about,site:9takes.com,0,22,0.00,2.7
https://9takes.com/blog,9takes,0,90,0.00,1.0
https://9takes.com/blog,site:9takes.com,0,22,0.00,3.7
https://9takes.com/community,9takes,0,30,0.00,1.2
https://9takes.com/community,enneagram community,0,18,0.00,23.4
https://9takes.com/community,site:9takes.com,0,22,0.00,4.7
https://9takes.com/community/societal-ticking-time-bombs,"""irving kirsch"" retraction watch antidepressant",0,2,0.00,10.5
https://9takes.com/community/software-and-hardware-of-the-mind,mental hardware and software psychology,0,6,0.00,10.3
https://9takes.com/corpus-stats,9takes,0,13,0.00,1.0
https://9takes.com/corpus-stats,enneagram distribution,0,3,0.00,7.7
https://9takes.com/corpus-stats,enneagram percentage of each type,0,3,0.00,12.0
https://9takes.com/corpus-stats,enneagram percentage of population,0,2,0.00,15.0
https://9takes.com/corpus-stats,enneagram percentages,0,6,0.00,11.3
https://9takes.com/corpus-stats,enneagram population distribution,0,11,0.00,12.2
https://9takes.com/corpus-stats,enneagram statistics,0,22,0.00,11.3
https://9takes.com/corpus-stats,enneagram type 3 percentage population,0,1,0.00,10.0
https://9takes.com/corpus-stats,enneagram type distribution,0,7,0.00,11.6
https://9takes.com/corpus-stats,enneagram type distribution percentages,0,6,0.00,9.8
https://9takes.com/corpus-stats,enneagram type distribution percentages population,0,1,0.00,11.0
https://9takes.com/corpus-stats,enneagram type distribution population percentages,0,2,0.00,10.0
https://9takes.com/corpus-stats,enneagram type distribution statistics,0,15,0.00,6.2
https://9takes.com/corpus-stats,enneagram type distribution statistics percentages,0,3,0.00,11.7
https://9takes.com/corpus-stats,enneagram type population distribution statistics,0,2,0.00,12.0
https://9takes.com/corpus-stats,enneagram type population percentages,0,2,0.00,19.5
https://9takes.com/corpus-stats,enneagram type population percentages distribution,0,6,0.00,11.8
https://9takes.com/corpus-stats,enneagram type population percentages distribution statistics,0,9,0.00,10.1
https://9takes.com/corpus-stats,enneagram type population percentages statistics,0,1,0.00,16.0
https://9takes.com/corpus-stats,enneagram types by percentage,0,2,0.00,15.0
https://9takes.com/corpus-stats,enneagram types percentages in population,0,2,0.00,14.0
https://9takes.com/corpus-stats,percentage of enneagram types,0,2,0.00,11.5
https://9takes.com/corpus-stats,site:9takes.com,0,17,0.00,9.6
https://9takes.com/corpus-stats,truity enneagram type distribution,0,1,0.00,9.0
https://9takes.com/corpus-stats,truity enneagram type distribution percentages,0,7,0.00,9.4
https://9takes.com/enneagram-corner,7r2x+9w5,0,1,0.00,12.0
https://9takes.com/enneagram-corner,9 types personality test,0,1,0.00,46.0
https://9takes.com/enneagram-corner,947 tritype,0,1,0.00,24.0
https://9takes.com/enneagram-corner,9types,0,5,0.00,10.2
https://9takes.com/enneagram-corner,9types website,0,1,0.00,10.0
https://9takes.com/enneagram-corner,9w5 personality,0,2,0.00,25.0
https://9takes.com/enneagram-corner,9w6 enneagram,0,1,0.00,22.0
https://9takes.com/enneagram-corner,anaegram,0,1,0.00,47.0
https://9takes.com/enneagram-corner,annegram com,0,3,0.00,28.0
https://9takes.com/enneagram-corner,anyagram,0,1,0.00,35.0
https://9takes.com/enneagram-corner,anygram,0,1,0.00,41.0
https://9takes.com/enneagram-corner,eneagram,0,1,0.00,40.0
https://9takes.com/enneagram-corner,enneagra,0,1,0.00,27.0
https://9takes.com/enneagram-corner,enneagram,0,3,0.00,31.7
https://9takes.com/enneagram-corner,enneagram 9types,0,2,0.00,19.5
https://9takes.com/enneagram-corner,enneagram analysis,0,2,0.00,25.5
https://9takes.com/enneagram-corner,enneagram archetypes,0,2,0.00,40.5
https://9takes.com/enneagram-corner,enneagram community,0,779,0.00,36.6
https://9takes.com/enneagram-corner,enneagram fixation,0,1,0.00,34.0
https://9takes.com/enneagram-corner,enneagram games,0,1,0.00,50.0
https://9takes.com/enneagram-corner,enneagram guide,0,1,0.00,21.0
https://9takes.com/enneagram-corner,enneagram integration,0,1,0.00,51.0
https://9takes.com/enneagram-corner,enneagram model,0,5,0.00,34.8
https://9takes.com/enneagram-corner,enneagram picker,0,1,0.00,25.0
https://9takes.com/enneagram-corner,enneagram test 9types,0,1,0.00,18.0
https://9takes.com/enneagram-corner,enneagram type,0,6,0.00,29.3
https://9takes.com/enneagram-corner,enneagram types,0,29,0.00,30.7
https://9takes.com/enneagram-corner,enneagram websites,0,5,0.00,32.4
https://9takes.com/enneagram-corner,enneagram wheel,0,3,0.00,30.7
https://9takes.com/enneagram-corner,enneagramtype,0,1,0.00,35.0
https://9takes.com/enneagram-corner,enneagran,0,1,0.00,48.0
https://9takes.com/enneagram-corner,enneagrma,0,1,0.00,31.0
https://9takes.com/enneagram-corner,enneahram,0,3,0.00,32.7
https://9takes.com/enneagram-corner,ennegra.,0,1,0.00,38.0
https://9takes.com/enneagram-corner,ennegram wheel,0,1,0.00,28.0
https://9takes.com/enneagram-corner,ennegtam,0,5,0.00,36.8
https://9takes.com/enneagram-corner,ennengram,0,1,0.00,48.0
https://9takes.com/enneagram-corner,enniagram,0,1,0.00,33.0
https://9takes.com/enneagram-corner,guidetrack your main type,0,1,0.00,11.0
https://9takes.com/enneagram-corner,harmonic groups,0,2,0.00,38.5
https://9takes.com/enneagram-corner,ineagram,0,1,0.00,50.0
https://9takes.com/enneagram-corner,inneagram,0,1,0.00,27.0
https://9takes.com/enneagram-corner,process enneagram,0,1,0.00,27.0
https://9takes.com/enneagram-corner,rnneagram,0,6,0.00,24.2
https://9takes.com/enneagram-corner,site:9takes.com,0,12,0.00,10.5
https://9takes.com/enneagram-corner,that one test with 9 sections,0,3,0.00,69.7
https://9takes.com/enneagram-corner,the enneagram made easy: discover the 9 types of people,0,1,0.00,33.0
https://9takes.com/enneagram-corner/astrology-and-the-enneagram,aquarius enneagram,0,6,0.00,12.2
https://9takes.com/enneagram-corner/astrology-and-the-enneagram,aries enneagram type,0,3,0.00,9.0
https://9takes.com/enneagram-corner/astrology-and-the-enneagram,astrology enneagram,0,75,0.00,7.0
https://9takes.com/enneagram-corner/astrology-and-the-enneagram,capricorn enneagram,0,3,0.00,10.7
https://9takes.com/enneagram-corner/astrology-and-the-enneagram,complete list of water element zodiac signs in mainstream astrology -filetype:txt -filetype:pdf -filetype:epub -filetype:doc -filetype:docx -filetype:xls -filetype:xlsx -filetype:ppt -filetype:csv -site:youtube.com -site:tiktok.com -site:instagram.com -site:ebay.com -site:jd.com -site:amazon.com -site:iqiyi.com -site:bilibili.com -site:t.me -site:douyin.com -site:douban.com -site:apple.com -site:reddit.com -site:researchgate.net -site:academia.edu -site:dokumen.pub -site:en.wikipedia.org -site:quora.com -site:sciencedirect.com -site:cambridge.org -site:mdpi.com -site:link.springer.com -site:zhuanlan.zhihu.com -site:journals.sagepub.com -site:imdb.com -site:tandfonline.com -site:onlinelibrary.wiley.com -site:brill.com -site:getyourguide.com -site:academic.oup.com -site:www.emerald.com -site:eresources.nlb.gov.sg -site:www.govinfo.gov,0,3,0.00,23.0
https://9takes.com/enneagram-corner/astrology-and-the-enneagram,eneagrama solar,0,7,0.00,1.0
https://9takes.com/enneagram-corner/astrology-and-the-enneagram,enneagram 5,0,1,0.00,3.0
https://9takes.com/enneagram-corner/astrology-and-the-enneagram,enneagram and zodiac signs,0,4,0.00,4.0
https://9takes.com/enneagram-corner/astrology-and-the-enneagram,enneagram type 2 leo and type 1 scorpio,0,3,0.00,11.0
https://9takes.com/enneagram-corner/astrology-and-the-enneagram,enneagram type 5 female,0,1,0.00,2.0
https://9takes.com/enneagram-corner/astrology-and-the-enneagram,enneagram type for aquarius zodiac,0,6,0.00,8.2
https://9takes.com/enneagram-corner/astrology-and-the-enneagram,enneagram type for capricorn zodiac,0,3,0.00,9.7
https://9takes.com/enneagram-corner/astrology-and-the-enneagram,gibt es dazu quellen,0,1,0.00,3.0
https://9takes.com/enneagram-corner/astrology-and-the-enneagram,helena hathor astrology,0,1,0.00,10.0
https://9takes.com/enneagram-corner/astrology-and-the-enneagram,ima 5,0,1,0.00,1.0
https://9takes.com/enneagram-corner/astrology-and-the-enneagram,levf enneagram,0,1,0.00,2.0
https://9takes.com/enneagram-corner/astrology-and-the-enneagram,libra enneagram,0,1,0.00,9.0
https://9takes.com/enneagram-corner/astrology-and-the-enneagram,personality test 5,0,1,0.00,5.0
https://9takes.com/enneagram-corner/astrology-and-the-enneagram,pisces enneagram type,0,2,0.00,10.0
https://9takes.com/enneagram-corner/astrology-and-the-enneagram,scorpio enneagram,0,1,0.00,3.0
https://9takes.com/enneagram-corner/astrology-and-the-enneagram,sx6,0,1,0.00,5.0
https://9takes.com/enneagram-corner/astrology-and-the-enneagram,taurus enneagram type,0,8,0.00,10.8
https://9takes.com/enneagram-corner/astrology-and-the-enneagram,virgo,0,1,0.00,1.0
https://9takes.com/enneagram-corner/astrology-and-the-enneagram,virgo enneagram type,0,1,0.00,12.0
https://9takes.com/enneagram-corner/astrology-and-the-enneagram,zodiac signs as enneagram types,0,7,0.00,6.7
https://9takes.com/enneagram-corner/astrology-and-the-enneagram#enneagram-subtypes-and-astrological-elements,enneagram and zodiac signs,0,1,0.00,5.0
https://9takes.com/enneagram-corner/astrology-and-the-enneagram#enneagram-subtypes-and-astrological-elements,enneagram astrology,0,2,0.00,9.0
https://9takes.com/enneagram-corner/astrology-and-the-enneagram#enneagram-subtypes-and-astrological-elements,virgo enneagram type,0,1,0.00,12.0
https://9takes.com/enneagram-corner/astrology-and-the-enneagram#enneagram-types-and-astrological-houses,astrology enneagram,0,3,0.00,6.7
https://9takes.com/enneagram-corner/astrology-and-the-enneagram#enneagram-types-and-astrological-houses,enneagram and astrology,0,6,0.00,4.7
https://9takes.com/enneagram-corner/astrology-and-the-enneagram#enneagram-types-and-astrological-houses,enneagram astrology,0,17,0.00,7.2
https://9takes.com/enneagram-corner/astrology-and-the-enneagram#enneagram-types-and-astrological-houses,enneagram vs astrology,0,13,0.00,6.1
https://9takes.com/enneagram-corner/astrology-and-the-enneagram#enneagram-types-and-zodiac-signs-the-complete-correlation-chart,astrology enneagram,0,3,0.00,6.7
https://9takes.com/enneagram-corner/astrology-and-the-enneagram#enneagram-types-and-zodiac-signs-the-complete-correlation-chart,enneagram and astrology,0,6,0.00,4.7
https://9takes.com/enneagram-corner/astrology-and-the-enneagram#enneagram-types-and-zodiac-signs-the-complete-correlation-chart,enneagram and zodiac signs,0,1,0.00,5.0
https://9takes.com/enneagram-corner/astrology-and-the-enneagram#enneagram-types-and-zodiac-signs-the-complete-correlation-chart,enneagram astrology,0,19,0.00,7.4
https://9takes.com/enneagram-corner/astrology-and-the-enneagram#enneagram-types-and-zodiac-signs-the-complete-correlation-chart,enneagram vs astrology,0,13,0.00,6.1
https://9takes.com/enneagram-corner/astrology-and-the-enneagram#enneagram-types-and-zodiac-signs-the-complete-correlation-chart,virgo enneagram type,0,1,0.00,12.0
https://9takes.com/enneagram-corner/astrology-and-the-enneagram#enneagram-vs-astrology-whats-the-difference,astrology and enneagram,0,5,0.00,6.4
https://9takes.com/enneagram-corner/astrology-and-the-enneagram#enneagram-vs-astrology-whats-the-difference,astrology enneagram,0,14,0.00,6.8
https://9takes.com/enneagram-corner/astrology-and-the-enneagram#enneagram-vs-astrology-whats-the-difference,enneagram and astrology,0,6,0.00,4.7
https://9takes.com/enneagram-corner/astrology-and-the-enneagram#enneagram-vs-astrology-whats-the-difference,enneagram astrology,0,31,0.00,6.8
https://9takes.com/enneagram-corner/astrology-and-the-enneagram#enneagram-vs-astrology-whats-the-difference,enneagram vs astrology,0,23,0.00,5.4
https://9takes.com/enneagram-corner/astrology-and-the-enneagram#enneagram-wings-and-planetary-aspects,astrology and enneagram,0,5,0.00,6.4
https://9takes.com/enneagram-corner/astrology-and-the-enneagram#enneagram-wings-and-planetary-aspects,astrology enneagram,0,14,0.00,6.8
https://9takes.com/enneagram-corner/astrology-and-the-enneagram#enneagram-wings-and-planetary-aspects,enneagram and astrology,0,6,0.00,4.7
https://9takes.com/enneagram-corner/astrology-and-the-enneagram#enneagram-wings-and-planetary-aspects,enneagram and zodiac signs,0,1,0.00,5.0
https://9takes.com/enneagram-corner/astrology-and-the-enneagram#enneagram-wings-and-planetary-aspects,enneagram astrology,0,31,0.00,6.8
https://9takes.com/enneagram-corner/astrology-and-the-enneagram#enneagram-wings-and-planetary-aspects,enneagram vs astrology,0,23,0.00,5.4
https://9takes.com/enneagram-corner/astrology-and-the-enneagram#enneagram-wings-and-planetary-aspects,virgo enneagram type,0,1,0.00,12.0
https://9takes.com/enneagram-corner/astrology-and-the-enneagram#how-to-read-your-birth-chart-and-enneagram-type-together,astrology enneagram,0,3,0.00,6.7
https://9takes.com/enneagram-corner/astrology-and-the-enneagram#how-to-read-your-birth-chart-and-enneagram-type-together,enneagram and astrology,0,6,0.00,4.7
https://9takes.com/enneagram-corner/astrology-and-the-enneagram#how-to-read-your-birth-chart-and-enneagram-type-together,enneagram and zodiac signs,0,1,0.00,5.0
https://9takes.com/enneagram-corner/astrology-and-the-enneagram#how-to-read-your-birth-chart-and-enneagram-type-together,enneagram astrology,0,19,0.00,7.4
https://9takes.com/enneagram-corner/astrology-and-the-enneagram#how-to-read-your-birth-chart-and-enneagram-type-together,enneagram vs astrology,0,13,0.00,6.1
https://9takes.com/enneagram-corner/astrology-and-the-enneagram#how-to-read-your-birth-chart-and-enneagram-type-together,virgo enneagram type,0,1,0.00,12.0
https://9takes.com/enneagram-corner/astrology-and-the-enneagram#what-enneagram-type-is-your-zodiac-sign,astrology enneagram,0,3,0.00,6.7
https://9takes.com/enneagram-corner/astrology-and-the-enneagram#what-enneagram-type-is-your-zodiac-sign,enneagram and astrology,0,6,0.00,4.7
https://9takes.com/enneagram-corner/astrology-and-the-enneagram#what-enneagram-type-is-your-zodiac-sign,enneagram and zodiac signs,0,4,0.00,4.0
https://9takes.com/enneagram-corner/astrology-and-the-enneagram#what-enneagram-type-is-your-zodiac-sign,enneagram astrology,0,20,0.00,7.5
https://9takes.com/enneagram-corner/astrology-and-the-enneagram#what-enneagram-type-is-your-zodiac-sign,enneagram vs astrology,0,13,0.00,6.1
https://9takes.com/enneagram-corner/astrology-and-the-enneagram#what-enneagram-type-is-your-zodiac-sign,virgo enneagram type,0,1,0.00,12.0
https://9takes.com/enneagram-corner/astrology-and-the-enneagram#when-your-type-and-sign-seem-to-contradict,enneagram and zodiac signs,0,1,0.00,5.0
https://9takes.com/enneagram-corner/astrology-and-the-enneagram#when-your-type-and-sign-seem-to-contradict,virgo enneagram type,0,1,0.00,12.0
https://9takes.com/enneagram-corner/astrology-and-the-enneagram#why-each-enneagram-type-matches-its-zodiac-sign,astrology enneagram,0,3,0.00,6.7
https://9takes.com/enneagram-corner/astrology-and-the-enneagram#why-each-enneagram-type-matches-its-zodiac-sign,enneagram and astrology,0,6,0.00,4.7
https://9takes.com/enneagram-corner/astrology-and-the-enneagram#why-each-enneagram-type-matches-its-zodiac-sign,enneagram and zodiac signs,0,4,0.00,4.0
https://9takes.com/enneagram-corner/astrology-and-the-enneagram#why-each-enneagram-type-matches-its-zodiac-sign,enneagram astrology,0,20,0.00,7.5
https://9takes.com/enneagram-corner/astrology-and-the-enneagram#why-each-enneagram-type-matches-its-zodiac-sign,enneagram vs astrology,0,13,0.00,6.1
https://9takes.com/enneagram-corner/astrology-and-the-enneagram#why-each-enneagram-type-matches-its-zodiac-sign,virgo enneagram type,0,1,0.00,12.0
https://9takes.com/enneagram-corner/attachment-styles-and-enneagram-types,"""performance-based attachment"" psychology",0,63,0.00,5.5
https://9takes.com/enneagram-corner/attachment-styles-and-enneagram-types,attachment enneagram,0,2,0.00,19.5
https://9takes.com/enneagram-corner/attachment-styles-and-enneagram-types,attachment map,0,1,0.00,1.0
https://9takes.com/enneagram-corner/attachment-styles-and-enneagram-types,attachment style matrix,0,1,0.00,18.0
https://9takes.com/enneagram-corner/attachment-styles-and-enneagram-types,attachment styles matrix,0,1,0.00,12.0
https://9takes.com/enneagram-corner/attachment-styles-and-enneagram-types,attachment triad enneagram,0,1,0.00,24.0
https://9takes.com/enneagram-corner/attachment-styles-and-enneagram-types,attachment type enneagram,0,4,0.00,11.8
https://9takes.com/enneagram-corner/attachment-styles-and-enneagram-types,attachment types enneagram,0,25,0.00,10.6
https://9takes.com/enneagram-corner/attachment-styles-and-enneagram-types,attacho typology,0,2,0.00,9.5
https://9takes.com/enneagram-corner/attachment-styles-and-enneagram-types,compatibility test for couples,0,1,0.00,7.0
https://9takes.com/enneagram-corner/attachment-styles-and-enneagram-types,enneagram attachment styles,0,1,0.00,6.0
https://9takes.com/enneagram-corner/attachment-styles-and-enneagram-types,enneagram attachment types,0,29,0.00,10.6
https://9takes.com/enneagram-corner/attachment-styles-and-enneagram-types,enneagram object relations attachment types 3 6 9,0,1,0.00,6.0
https://9takes.com/enneagram-corner/attachment-styles-and-enneagram-types,enneagram type 8 attachment style,0,6,0.00,4.7
https://9takes.com/enneagram-corner/attachment-styles-and-enneagram-types,enneagram type 9 conflict avoidance source,0,1,0.00,8.0
https://9takes.com/enneagram-corner/attachment-styles-and-enneagram-types,list of attachment styles,0,1,0.00,12.0
https://9takes.com/enneagram-corner/attachment-styles-and-enneagram-types,physical signs of arousal in fearful avoidant enneagram 8 woman,0,1,0.00,15.0
https://9takes.com/enneagram-corner/attachment-styles-and-enneagram-types#the-enneagram-attachment-healing-matrix,attachment types enneagram,0,1,0.00,11.0
https://9takes.com/enneagram-corner/attachment-styles-and-enneagram-types#the-enneagram-attachment-healing-matrix,enneagram and attachment styles,0,10,0.00,9.2
https://9takes.com/enneagram-corner/attachment-styles-and-enneagram-types#the-enneagram-attachment-healing-matrix,enneagram attachment types,0,12,0.00,10.8
https://9takes.com/enneagram-corner/attachment-styles-and-enneagram-types#the-missing-piece-what-is-the-enneagram,attachment types enneagram,0,2,0.00,11.5
https://9takes.com/enneagram-corner/attachment-styles-and-enneagram-types#the-missing-piece-what-is-the-enneagram,enneagram and attachment styles,0,5,0.00,9.8
https://9takes.com/enneagram-corner/attachment-styles-and-enneagram-types#the-missing-piece-what-is-the-enneagram,enneagram attachment types,0,16,0.00,10.9
https://9takes.com/enneagram-corner/attachment-styles-and-enneagram-types#the-three-centers-a-quick-lens-before-we-dive-in,attachment types enneagram,0,1,0.00,12.0
https://9takes.com/enneagram-corner/attachment-styles-and-enneagram-types#the-three-centers-a-quick-lens-before-we-dive-in,enneagram attachment types,0,3,0.00,11.7
https://9takes.com/enneagram-corner/attachment-styles-and-enneagram-types#two-kinds-of-avoidant-the-distinction-most-articles-skip,attachment types enneagram,0,1,0.00,12.0
https://9takes.com/enneagram-corner/attachment-styles-and-enneagram-types#two-kinds-of-avoidant-the-distinction-most-articles-skip,enneagram attachment types,0,3,0.00,11.7
https://9takes.com/enneagram-corner/attachment-styles-and-enneagram-types#type-1-the-perfectionists-attachment-dilemma,attachment types enneagram,0,3,0.00,11.0
https://9takes.com/enneagram-corner/attachment-styles-and-enneagram-types#type-1-the-perfectionists-attachment-dilemma,enneagram and attachment styles,0,5,0.00,9.8
https://9takes.com/enneagram-corner/attachment-styles-and-enneagram-types#type-1-the-perfectionists-attachment-dilemma,enneagram attachment types,0,15,0.00,11.0
https://9takes.com/enneagram-corner/attachment-styles-and-enneagram-types#type-2-the-helpers-anxious-attachment-trap,attachment types enneagram,0,3,0.00,11.0
https://9takes.com/enneagram-corner/attachment-styles-and-enneagram-types#type-2-the-helpers-anxious-attachment-trap,enneagram and attachment styles,0,5,0.00,9.8
https://9takes.com/enneagram-corner/attachment-styles-and-enneagram-types#type-2-the-helpers-anxious-attachment-trap,enneagram attachment types,0,23,0.00,10.8
https://9takes.com/enneagram-corner/attachment-styles-and-enneagram-types#type-3-the-achievers-performance-based-attachment,attachment types enneagram,0,1,0.00,11.0
https://9takes.com/enneagram-corner/attachment-styles-and-enneagram-types#type-3-the-achievers-performance-based-attachment,enneagram and attachment styles,0,5,0.00,9.8
https://9takes.com/enneagram-corner/attachment-styles-and-enneagram-types#type-3-the-achievers-performance-based-attachment,enneagram attachment types,0,12,0.00,10.8
https://9takes.com/enneagram-corner/attachment-styles-and-enneagram-types#type-3-the-achievers-performance-based-attachment,enneagram type 8 attachment style,0,4,0.00,4.5
https://9takes.com/enneagram-corner/attachment-styles-and-enneagram-types#type-4-the-individualists-push-pull-attachment,attachment types enneagram,0,1,0.00,11.0
https://9takes.com/enneagram-corner/attachment-styles-and-enneagram-types#type-4-the-individualists-push-pull-attachment,enneagram and attachment styles,0,5,0.00,9.8
https://9takes.com/enneagram-corner/attachment-styles-and-enneagram-types#type-4-the-individualists-push-pull-attachment,enneagram attachment types,0,20,0.00,10.7
https://9takes.com/enneagram-corner/attachment-styles-and-enneagram-types#type-4-the-individualists-push-pull-attachment,enneagram type 8 attachment style,0,4,0.00,4.5
https://9takes.com/enneagram-corner/attachment-styles-and-enneagram-types#type-8-the-challengers-armored-heart,enneagram type 8 attachment style,0,4,0.00,4.5
https://9takes.com/enneagram-corner/attachment-styles-and-enneagram-types#type-9-the-peacemakers-invisible-attachment,attachment types enneagram,0,1,0.00,11.0
https://9takes.com/enneagram-corner/attachment-styles-and-enneagram-types#type-9-the-peacemakers-invisible-attachment,enneagram attachment types,0,12,0.00,10.8
https://9takes.com/enneagram-corner/attachment-styles-and-enneagram-types#what-are-attachment-styles-really,attachment types enneagram,0,1,0.00,12.0
https://9takes.com/enneagram-corner/attachment-styles-and-enneagram-types#what-are-attachment-styles-really,enneagram and attachment styles,0,10,0.00,9.2
https://9takes.com/enneagram-corner/attachment-styles-and-enneagram-types#what-are-attachment-styles-really,enneagram attachment types,0,4,0.00,11.0
https://9takes.com/enneagram-corner/beginners-guide-to-determining-your-enneagram-type,enneagram user guide tritype test,0,1,0.00,43.0
https://9takes.com/enneagram-corner/beginners-guide-to-determining-your-enneagram-type,find enneagram type,0,1,0.00,57.0
https://9takes.com/enneagram-corner/beginners-guide-to-determining-your-enneagram-type,find your enneagram type,0,3,0.00,58.7
https://9takes.com/enneagram-corner/beginners-guide-to-determining-your-enneagram-type,find your tritype,0,1,0.00,29.0
https://9takes.com/enneagram-corner/beginners-guide-to-determining-your-enneagram-type,guide track your main type,0,4,0.00,8.5
https://9takes.com/enneagram-corner/beginners-guide-to-determining-your-enneagram-type,help me,0,1,0.00,6.0
https://9takes.com/enneagram-corner/beginners-guide-to-determining-your-enneagram-type,how to determine enneagram type,0,1,0.00,46.0
https://9takes.com/enneagram-corner/beginners-guide-to-determining-your-enneagram-type,how to figure out your enneagram type,0,4,0.00,60.0
https://9takes.com/enneagram-corner/beginners-guide-to-determining-your-enneagram-type,how to find enneagram type,0,5,0.00,67.0
https://9takes.com/enneagram-corner/beginners-guide-to-determining-your-enneagram-type,how to find my enneagram,0,1,0.00,49.0
https://9takes.com/enneagram-corner/beginners-guide-to-determining-your-enneagram-type,how to find out enneagram,0,1,0.00,48.0
https://9takes.com/enneagram-corner/beginners-guide-to-determining-your-enneagram-type,how to find your enneagram,0,3,0.00,65.3
https://9takes.com/enneagram-corner/beginners-guide-to-determining-your-enneagram-type,how to find your enneagram number,0,1,0.00,67.0
https://9takes.com/enneagram-corner/beginners-guide-to-determining-your-enneagram-type,how to find your enneagram tritype,0,1,0.00,27.0
https://9takes.com/enneagram-corner/beginners-guide-to-determining-your-enneagram-type,how to find your ennegram,0,1,0.00,48.0
https://9takes.com/enneagram-corner/beginners-guide-to-determining-your-enneagram-type,how to know your enneagram,0,1,0.00,87.0
https://9takes.com/enneagram-corner/beginners-guide-to-determining-your-enneagram-type,how to know your enneagram tritype,0,2,0.00,31.5
https://9takes.com/enneagram-corner/beginners-guide-to-determining-your-enneagram-type,how to know your enneagram type,0,1,0.00,49.0
https://9takes.com/enneagram-corner/beginners-guide-to-determining-your-enneagram-type,how to know your tritype enneagram,0,1,0.00,36.0
https://9takes.com/enneagram-corner/beginners-guide-to-determining-your-enneagram-type,how to tell your enneagram type,0,1,0.00,46.0
https://9takes.com/enneagram-corner/beginners-guide-to-determining-your-enneagram-type,my enneagram type,0,61,0.00,77.1
https://9takes.com/enneagram-corner/biggest-compliments-to-give-each-enneagram-type,enneagram type 1 intimacy,0,1,0.00,2.0
https://9takes.com/enneagram-corner/biggest-compliments-to-give-each-enneagram-type,enneagramm typ 2 heilung,0,1,0.00,3.0
https://9takes.com/enneagram-corner/biggest-compliments-to-give-each-enneagram-type,enneagramm typ 2 partnerschaft,0,1,0.00,3.0
https://9takes.com/enneagram-corner/biggest-compliments-to-give-each-enneagram-type,enneagramm typ 2 sexualität,0,1,0.00,3.0
https://9takes.com/enneagram-corner/biggest-compliments-to-give-each-enneagram-type,enneagramm typ 4 sexuell,0,1,0.00,3.0
https://9takes.com/enneagram-corner/biggest-compliments-to-give-each-enneagram-type,ennéagramme 4,0,1,0.00,3.0
https://9takes.com/enneagram-corner/biggest-compliments-to-give-each-enneagram-type,ennéagramme type 1 amour,0,1,0.00,2.0
https://9takes.com/enneagram-corner/biggest-compliments-to-give-each-enneagram-type,ennéagramme type 2 couple,0,1,0.00,2.0
https://9takes.com/enneagram-corner/biggest-compliments-to-give-each-enneagram-type,ennéagramme type 2 métier,0,1,0.00,2.0
https://9takes.com/enneagram-corner/biggest-compliments-to-give-each-enneagram-type,со4 эннеаграмма,0,1,0.00,5.0
https://9takes.com/enneagram-corner/depression-patterns-by-enneagram-type,"""emdr"" mbti typo",0,2,0.00,10.0
https://9takes.com/enneagram-corner/depression-patterns-by-enneagram-type,9 enneagram,0,1,0.00,6.0
https://9takes.com/enneagram-corner/depression-patterns-by-enneagram-type,dysthymia,0,1,0.00,12.0
https://9takes.com/enneagram-corner/depression-patterns-by-enneagram-type,e7 in stress,0,1,0.00,3.0
https://9takes.com/enneagram-corner/depression-patterns-by-enneagram-type,eneagrama 4,0,1,0.00,3.0
https://9takes.com/enneagram-corner/depression-patterns-by-enneagram-type,enneagram 3 stress and growth,0,1,0.00,4.0
https://9takes.com/enneagram-corner/depression-patterns-by-enneagram-type,enneagram 5 with a 4 wing,0,1,0.00,5.0
https://9takes.com/enneagram-corner/depression-patterns-by-enneagram-type,enneagram 7 depression,0,2,0.00,4.0
https://9takes.com/enneagram-corner/depression-patterns-by-enneagram-type,enneagram 9,0,1,0.00,4.0
https://9takes.com/enneagram-corner/depression-patterns-by-enneagram-type,enneagram 9 depression,0,1,0.00,7.0
https://9takes.com/enneagram-corner/depression-patterns-by-enneagram-type,enneagram type 4 nederlands,0,1,0.00,4.0
https://9takes.com/enneagram-corner/depression-patterns-by-enneagram-type,enneagram type 9 suicide risk evidence,0,3,0.00,11.0
https://9takes.com/enneagram-corner/depression-patterns-by-enneagram-type,ennegram 5,0,1,0.00,5.0
https://9takes.com/enneagram-corner/depression-patterns-by-enneagram-type,most depressed enneagram,0,10,0.00,5.1
https://9takes.com/enneagram-corner/depression-patterns-by-enneagram-type,so3?,0,1,0.00,12.0
https://9takes.com/enneagram-corner/depression-patterns-by-enneagram-type,type 4 depression,0,1,0.00,12.0
https://9takes.com/enneagram-corner/depression-patterns-by-enneagram-type,welche quelle,0,1,0.00,1.0
https://9takes.com/enneagram-corner/depression-patterns-by-enneagram-type#depression-patterns-comparison-table,enneagram 9 depression,0,1,0.00,7.0
https://9takes.com/enneagram-corner/depression-patterns-by-enneagram-type#depression-patterns-comparison-table,which enneagram is most likely to be depressed,0,35,0.00,4.9
https://9takes.com/enneagram-corner/depression-patterns-by-enneagram-type#how-your-type-relates-to-medication,enneagram type 9 suicide risk evidence,0,3,0.00,11.0
https://9takes.com/enneagram-corner/depression-patterns-by-enneagram-type#how-your-type-relates-to-medication,which enneagram is most likely to be depressed,0,34,0.00,5.0
https://9takes.com/enneagram-corner/depression-patterns-by-enneagram-type#type-2-the-helpers-depression,which enneagram is most likely to be depressed,0,1,0.00,4.0
https://9takes.com/enneagram-corner/depression-patterns-by-enneagram-type#type-3-the-achievers-invisible-depression,enneagram 9 depression,0,1,0.00,7.0
https://9takes.com/enneagram-corner/depression-patterns-by-enneagram-type#type-3-the-achievers-invisible-depression,which enneagram is most likely to be depressed,0,34,0.00,5.0
https://9takes.com/enneagram-corner/depression-patterns-by-enneagram-type#type-4-the-individualists-depression,which enneagram is most likely to be depressed,0,1,0.00,4.0
https://9takes.com/enneagram-corner/depression-patterns-by-enneagram-type#type-6-the-loyalists-depression,enneagram 9 depression,0,1,0.00,7.0
https://9takes.com/enneagram-corner/depression-patterns-by-enneagram-type#type-6-the-loyalists-depression,enneagram type 9 suicide risk evidence,0,3,0.00,11.0
https://9takes.com/enneagram-corner/depression-patterns-by-enneagram-type#type-7-the-enthusiasts-hidden-depression,enneagram 9 depression,0,1,0.00,7.0
https://9takes.com/enneagram-corner/depression-patterns-by-enneagram-type#type-7-the-enthusiasts-hidden-depression,which enneagram is most likely to be depressed,0,35,0.00,4.9
https://9takes.com/enneagram-corner/depression-patterns-by-enneagram-type#type-9-the-peacemakers-depression,enneagram 9 depression,0,1,0.00,7.0
https://9takes.com/enneagram-corner/depression-patterns-by-enneagram-type#type-9-the-peacemakers-depression,enneagram type 9 suicide risk evidence,0,3,0.00,11.0
https://9takes.com/enneagram-corner/depression-patterns-by-enneagram-type#type-9-the-peacemakers-depression,which enneagram is most likely to be depressed,0,35,0.00,4.9
https://9takes.com/enneagram-corner/depression-patterns-by-enneagram-type#when-you-dont-recognize-your-own-depression,enneagram 9 depression,0,1,0.00,7.0
https://9takes.com/enneagram-corner/depression-patterns-by-enneagram-type#when-you-dont-recognize-your-own-depression,which enneagram is most likely to be depressed,0,35,0.00,4.9
https://9takes.com/enneagram-corner/depression-patterns-by-enneagram-type#why-depression-varies-by-enneagram-type,enneagram 9 depression,0,1,0.00,7.0
https://9takes.com/enneagram-corner/depression-patterns-by-enneagram-type#why-depression-varies-by-enneagram-type,which enneagram is most likely to be depressed,0,35,0.00,4.9
https://9takes.com/enneagram-corner/enneagram-and-adhd-which-types-struggle-most,adhd and enneagram,0,15,0.00,3.9
https://9takes.com/enneagram-corner/enneagram-and-adhd-which-types-struggle-most,enneagram 1 with adhd,0,1,0.00,3.0
https://9takes.com/enneagram-corner/enneagram-and-adhd-which-types-struggle-most,tengo tdah,0,1,0.00,10.0
https://9takes.com/enneagram-corner/enneagram-and-adhd-which-types-struggle-most,which enneagram is most likely to have adhd,0,33,0.00,4.0
https://9takes.com/enneagram-corner/enneagram-and-adhd-which-types-struggle-most#coping-strategies-that-actually-work-by-type,adhd and enneagram,0,10,0.00,4.4
https://9takes.com/enneagram-corner/enneagram-and-adhd-which-types-struggle-most#coping-strategies-that-actually-work-by-type,adhd enneagram,0,60,0.00,4.2
https://9takes.com/enneagram-corner/enneagram-and-adhd-which-types-struggle-most#coping-strategies-that-actually-work-by-type,enneagram 7 adhd,0,13,0.00,6.7
https://9takes.com/enneagram-corner/enneagram-and-adhd-which-types-struggle-most#coping-strategies-that-actually-work-by-type,enneagram adhd,0,21,0.00,2.9
https://9takes.com/enneagram-corner/enneagram-and-adhd-which-types-struggle-most#coping-strategies-that-actually-work-by-type,enneagram and adhd,0,35,0.00,3.1
https://9takes.com/enneagram-corner/enneagram-and-adhd-which-types-struggle-most#coping-strategies-that-actually-work-by-type,which enneagram is most likely to have adhd,0,24,0.00,4.1
https://9takes.com/enneagram-corner/enneagram-and-adhd-which-types-struggle-most#how-adhd-affects-each-enneagram-type-differently,adhd and enneagram,0,15,0.00,3.9
https://9takes.com/enneagram-corner/enneagram-and-adhd-which-types-struggle-most#how-adhd-affects-each-enneagram-type-differently,adhd enneagram,0,71,0.00,4.1
https://9takes.com/enneagram-corner/enneagram-and-adhd-which-types-struggle-most#how-adhd-affects-each-enneagram-type-differently,enneagram 1 with adhd,0,1,0.00,3.0
https://9takes.com/enneagram-corner/enneagram-and-adhd-which-types-struggle-most#how-adhd-affects-each-enneagram-type-differently,enneagram 7 adhd,0,20,0.00,6.7
https://9takes.com/enneagram-corner/enneagram-and-adhd-which-types-struggle-most#how-adhd-affects-each-enneagram-type-differently,enneagram adhd,0,26,0.00,3.0
https://9takes.com/enneagram-corner/enneagram-and-adhd-which-types-struggle-most#how-adhd-affects-each-enneagram-type-differently,enneagram and adhd,0,52,0.00,3.0
https://9takes.com/enneagram-corner/enneagram-and-adhd-which-types-struggle-most#how-adhd-affects-each-enneagram-type-differently,which enneagram is most likely to have adhd,0,32,0.00,4.0
https://9takes.com/enneagram-corner/enneagram-and-adhd-which-types-struggle-most#when-to-seek-professional-help,adhd and enneagram,0,10,0.00,4.4
https://9takes.com/enneagram-corner/enneagram-and-adhd-which-types-struggle-most#when-to-seek-professional-help,adhd enneagram,0,60,0.00,4.2
https://9takes.com/enneagram-corner/enneagram-and-adhd-which-types-struggle-most#when-to-seek-professional-help,enneagram 7 adhd,0,13,0.00,6.7
https://9takes.com/enneagram-corner/enneagram-and-adhd-which-types-struggle-most#when-to-seek-professional-help,enneagram adhd,0,21,0.00,2.9
https://9takes.com/enneagram-corner/enneagram-and-adhd-which-types-struggle-most#when-to-seek-professional-help,enneagram and adhd,0,35,0.00,3.1
https://9takes.com/enneagram-corner/enneagram-and-adhd-which-types-struggle-most#when-to-seek-professional-help,which enneagram is most likely to have adhd,0,24,0.00,4.1
https://9takes.com/enneagram-corner/enneagram-and-adhd-which-types-struggle-most#which-enneagram-types-are-most-commonly-diagnosed-with-adhd,adhd and enneagram,0,10,0.00,4.4
https://9takes.com/enneagram-corner/enneagram-and-adhd-which-types-struggle-most#which-enneagram-types-are-most-commonly-diagnosed-with-adhd,adhd enneagram,0,60,0.00,4.2
https://9takes.com/enneagram-corner/enneagram-and-adhd-which-types-struggle-most#which-enneagram-types-are-most-commonly-diagnosed-with-adhd,enneagram 7 adhd,0,13,0.00,6.7
https://9takes.com/enneagram-corner/enneagram-and-adhd-which-types-struggle-most#which-enneagram-types-are-most-commonly-diagnosed-with-adhd,enneagram adhd,0,21,0.00,2.9
https://9takes.com/enneagram-corner/enneagram-and-adhd-which-types-struggle-most#which-enneagram-types-are-most-commonly-diagnosed-with-adhd,enneagram and adhd,0,35,0.00,3.1
https://9takes.com/enneagram-corner/enneagram-and-adhd-which-types-struggle-most#which-enneagram-types-are-most-commonly-diagnosed-with-adhd,which enneagram is most likely to have adhd,0,24,0.00,4.1
https://9takes.com/enneagram-corner/enneagram-and-adhd-which-types-struggle-most#why-your-enneagram-type-affects-how-adhd-shows-up,adhd and enneagram,0,15,0.00,3.9
https://9takes.com/enneagram-corner/enneagram-and-adhd-which-types-struggle-most#why-your-enneagram-type-affects-how-adhd-shows-up,adhd enneagram,0,71,0.00,4.1
https://9takes.com/enneagram-corner/enneagram-and-adhd-which-types-struggle-most#why-your-enneagram-type-affects-how-adhd-shows-up,enneagram 1 with adhd,0,1,0.00,3.0
https://9takes.com/enneagram-corner/enneagram-and-adhd-which-types-struggle-most#why-your-enneagram-type-affects-how-adhd-shows-up,enneagram 7 adhd,0,20,0.00,6.7
https://9takes.com/enneagram-corner/enneagram-and-adhd-which-types-struggle-most#why-your-enneagram-type-affects-how-adhd-shows-up,enneagram adhd,0,26,0.00,3.0
https://9takes.com/enneagram-corner/enneagram-and-adhd-which-types-struggle-most#why-your-enneagram-type-affects-how-adhd-shows-up,enneagram and adhd,0,52,0.00,3.0
https://9takes.com/enneagram-corner/enneagram-and-adhd-which-types-struggle-most#why-your-enneagram-type-affects-how-adhd-shows-up,which enneagram is most likely to have adhd,0,32,0.00,4.0
https://9takes.com/enneagram-corner/enneagram-and-mental-illness,2w4,0,1,0.00,3.0
https://9takes.com/enneagram-corner/enneagram-and-mental-illness,4 enneagram,0,1,0.00,3.0
https://9takes.com/enneagram-corner/enneagram-and-mental-illness,9 personality disorders,0,3,0.00,54.3
https://9takes.com/enneagram-corner/enneagram-and-mental-illness,adhd enneagram,0,1,0.00,40.0
https://9takes.com/enneagram-corner/enneagram-and-mental-illness,best match for enneagram 4,0,1,0.00,3.0
https://9takes.com/enneagram-corner/enneagram-and-mental-illness,bpd enneagram,0,105,0.00,10.4
https://9takes.com/enneagram-corner/enneagram-and-mental-illness,enneagram,0,1,0.00,4.0
https://9takes.com/enneagram-corner/enneagram-and-mental-illness,enneagram 2 childhood trauma,0,1,0.00,33.0
https://9takes.com/enneagram-corner/enneagram-and-mental-illness,enneagram 4 description,0,2,0.00,3.5
https://9takes.com/enneagram-corner/enneagram-and-mental-illness,enneagram 4 triad,0,1,0.00,3.0
https://9takes.com/enneagram-corner/enneagram-and-mental-illness,enneagram 4 tritypes,0,1,0.00,4.0
https://9takes.com/enneagram-corner/enneagram-and-mental-illness,enneagram 4 wing 6,0,1,0.00,5.0
https://9takes.com/enneagram-corner/enneagram-and-mental-illness,enneagram 4 wings,0,1,0.00,5.0
https://9takes.com/enneagram-corner/enneagram-and-mental-illness,enneagram 5 and 9 relationship,0,1,0.00,4.0
https://9takes.com/enneagram-corner/enneagram-and-mental-illness,enneagram 5 description,0,1,0.00,3.0
https://9takes.com/enneagram-corner/enneagram-and-mental-illness,enneagram 8,0,1,0.00,4.0
https://9takes.com/enneagram-corner/enneagram-and-mental-illness,enneagram and trauma,0,7,0.00,38.6
https://9takes.com/enneagram-corner/enneagram-and-mental-illness,enneagram astrology,0,1,0.00,55.0
https://9takes.com/enneagram-corner/enneagram-and-mental-illness,enneagram bpd,0,2,0.00,8.0
https://9takes.com/enneagram-corner/enneagram-and-mental-illness,enneagram deadly sins,0,4,0.00,67.0
https://9takes.com/enneagram-corner/enneagram-and-mental-illness,enneagram eating disorder,0,16,0.00,27.6
https://9takes.com/enneagram-corner/enneagram-and-mental-illness,enneagram emotions,0,2,0.00,43.5
https://9takes.com/enneagram-corner/enneagram-and-mental-illness,enneagram hate,0,2,0.00,26.5
https://9takes.com/enneagram-corner/enneagram-and-mental-illness,enneagram healthy and unhealthy,0,2,0.00,66.0
https://9takes.com/enneagram-corner/enneagram-and-mental-illness,enneagram hitler,0,1,0.00,41.0
https://9takes.com/enneagram-corner/enneagram-and-mental-illness,enneagram in stress,0,2,0.00,80.5
https://9takes.com/enneagram-corner/enneagram-and-mental-illness,enneagram levels of health,0,1,0.00,57.0
https://9takes.com/enneagram-corner/enneagram-and-mental-illness,enneagram narcissist,0,2,0.00,20.0
https://9takes.com/enneagram-corner/enneagram-and-mental-illness,enneagram negative traits,0,2,0.00,37.5
https://9takes.com/enneagram-corner/enneagram-and-mental-illness,enneagram number 4,0,1,0.00,3.0
https://9takes.com/enneagram-corner/enneagram-and-mental-illness,enneagram psychology,0,2,0.00,49.5
https://9takes.com/enneagram-corner/enneagram-and-mental-illness,enneagram stress,0,3,0.00,79.0
https://9takes.com/enneagram-corner/enneagram-and-mental-illness,enneagram trauma,0,2,0.00,33.0
https://9takes.com/enneagram-corner/enneagram-and-mental-illness,enneagram type 2,0,1,0.00,3.0
https://9takes.com/enneagram-corner/enneagram-and-mental-illness,enneagram type 4,0,1,0.00,3.0
https://9takes.com/enneagram-corner/enneagram-and-mental-illness,enneagram types,0,2,0.00,3.0
https://9takes.com/enneagram-corner/enneagram-and-mental-illness,enneagram types healthy and unhealthy,0,1,0.00,47.0
https://9takes.com/enneagram-corner/enneagram-and-mental-illness,enneagram unhealthy,0,1,0.00,28.0
https://9takes.com/enneagram-corner/enneagram-and-mental-illness,enneagramm typ 3 stresspunkt,0,2,0.00,19.0
https://9takes.com/enneagram-corner/enneagram-and-mental-illness,ennegram 4,0,1,0.00,3.0
https://9takes.com/enneagram-corner/enneagram-and-mental-illness,guess my enneagram,0,1,0.00,2.0
https://9takes.com/enneagram-corner/enneagram-and-mental-illness,how to break enneagram patterns,0,5,0.00,10.4
https://9takes.com/enneagram-corner/enneagram-and-mental-illness,i ching 4,0,1,0.00,10.0
https://9takes.com/enneagram-corner/enneagram-and-mental-illness,intj personality disorder,0,1,0.00,52.0
https://9takes.com/enneagram-corner/enneagram-and-mental-illness,is brain type 8 bad,0,1,0.00,46.0
https://9takes.com/enneagram-corner/enneagram-and-mental-illness,most common enneagram,0,1,0.00,3.0
https://9takes.com/enneagram-corner/enneagram-and-mental-illness,most dangerous enneagram type,0,1,0.00,37.0
https://9takes.com/enneagram-corner/enneagram-and-mental-illness,most emotional enneagram,0,3,0.00,22.3
https://9takes.com/enneagram-corner/enneagram-and-mental-illness,most hated enneagram type,0,1,0.00,39.0
https://9takes.com/enneagram-corner/enneagram-and-mental-illness,most narcissistic enneagram,0,6,0.00,11.3
https://9takes.com/enneagram-corner/enneagram-and-mental-illness,narcissist enneagram,0,2,0.00,17.0
https://9takes.com/enneagram-corner/enneagram-and-mental-illness,self pres 4,0,1,0.00,6.0
https://9takes.com/enneagram-corner/enneagram-and-mental-illness,site:9takes.com,0,1,0.00,190.0
https://9takes.com/enneagram-corner/enneagram-and-mental-illness,social 4,0,1,0.00,2.0
https://9takes.com/enneagram-corner/enneagram-and-mental-illness,solipsization psychology or psychosophy or enneagram,0,1,0.00,2.0
https://9takes.com/enneagram-corner/enneagram-and-mental-illness,sp4w5,0,1,0.00,4.0
https://9takes.com/enneagram-corner/enneagram-and-mental-illness,the enneagram type 4,0,1,0.00,3.0
https://9takes.com/enneagram-corner/enneagram-and-mental-illness,triple competency enneagram,0,1,0.00,6.0
https://9takes.com/enneagram-corner/enneagram-and-mental-illness,type 1 personality disorder,0,2,0.00,48.5
https://9takes.com/enneagram-corner/enneagram-and-mental-illness,type 2 personality disorder,0,10,0.00,72.0
https://9takes.com/enneagram-corner/enneagram-and-mental-illness,type 2 personality disorders,0,3,0.00,58.0
https://9takes.com/enneagram-corner/enneagram-and-mental-illness,type 3 personality disorder,0,7,0.00,28.7
https://9takes.com/enneagram-corner/enneagram-and-mental-illness,type 4,0,1,0.00,3.0
https://9takes.com/enneagram-corner/enneagram-and-mental-illness,type 4 enneagram,0,1,0.00,4.0
https://9takes.com/enneagram-corner/enneagram-and-mental-illness,type 4s,0,1,0.00,3.0
https://9takes.com/enneagram-corner/enneagram-and-mental-illness,type two personality disorder,0,4,0.00,65.3
https://9takes.com/enneagram-corner/enneagram-and-mental-illness,what are the enneagram personality types,0,2,0.00,97.5
https://9takes.com/enneagram-corner/enneagram-and-mental-illness,what does enneagram 7 mean,0,1,0.00,3.0
https://9takes.com/enneagram-corner/enneagram-and-mental-illness,what enneagram is most likely to be a narcissist,0,15,0.00,10.8
https://9takes.com/enneagram-corner/enneagram-and-mental-illness,what enneagram is most likely to have bpd,0,10,0.00,7.1
https://9takes.com/enneagram-corner/enneagram-and-mental-illness,what enneagram type is most likely to be a narcissist,0,31,0.00,11.4
https://9takes.com/enneagram-corner/enneagram-and-mental-illness,what is the worst enneagram type,0,1,0.00,58.0
https://9takes.com/enneagram-corner/enneagram-and-mental-illness,which enneagram is most likely to be a psychopath,0,77,0.00,5.9
https://9takes.com/enneagram-corner/enneagram-and-mental-illness,which enneagram is most likely to be depressed,0,15,0.00,11.4
https://9takes.com/enneagram-corner/enneagram-and-mental-illness,which enneagram is most likely to have adhd,0,1,0.00,42.0
https://9takes.com/enneagram-corner/enneagram-and-mental-illness,which enneagram is the most insecure,0,2,0.00,22.0
https://9takes.com/enneagram-corner/enneagram-and-mental-illness,which enneagram is the most narcissistic,0,5,0.00,11.4
https://9takes.com/enneagram-corner/enneagram-and-mental-illness,which enneagram type is most likely to be a narcissist,0,91,0.00,11.3
https://9takes.com/enneagram-corner/enneagram-and-mental-illness,which enneagram type is most narcissistic,0,2,0.00,11.5
https://9takes.com/enneagram-corner/enneagram-and-mental-illness,which mbti,0,1,0.00,4.0
https://9takes.com/enneagram-corner/enneagram-and-mental-illness,расстройства,0,1,0.00,2.0
https://9takes.com/enneagram-corner/enneagram-and-mental-illness#important-context-and-disclaimer,enneagram mental illness,0,27,0.00,1.1
https://9takes.com/enneagram-corner/enneagram-and-mental-illness#important-context-and-disclaimer,which enneagram is most likely to be a narcissist,0,5,0.00,11.2
https://9takes.com/enneagram-corner/enneagram-and-mental-illness#important-context-and-disclaimer,which enneagram type is most likely to be a narcissist,0,3,0.00,12.0
https://9takes.com/enneagram-corner/enneagram-and-mental-illness#mental-health-risk-overview-by-type,enneagram mental illness,0,38,0.00,1.1
https://9takes.com/enneagram-corner/enneagram-and-mental-illness#mental-health-risk-overview-by-type,most narcissistic enneagram,0,4,0.00,11.3
https://9takes.com/enneagram-corner/enneagram-and-mental-illness#mental-health-risk-overview-by-type,which enneagram is most likely to be a narcissist,0,4,0.00,11.5
https://9takes.com/enneagram-corner/enneagram-and-mental-illness#mental-health-risk-overview-by-type,which enneagram is the most narcissistic,0,2,0.00,12.0
https://9takes.com/enneagram-corner/enneagram-and-mental-illness#mental-health-risk-overview-by-type,which enneagram type is most likely to be a narcissist,0,3,0.00,12.0
https://9takes.com/enneagram-corner/enneagram-and-mental-illness#type-1-perfectionism-and-obsessive-compulsive-tendencies,enneagram mental illness,0,33,0.00,1.1
https://9takes.com/enneagram-corner/enneagram-and-mental-illness#type-1-perfectionism-and-obsessive-compulsive-tendencies,enneagram personality disorders,0,1,0.00,12.0
https://9takes.com/enneagram-corner/enneagram-and-mental-illness#type-1-perfectionism-and-obsessive-compulsive-tendencies,most narcissistic enneagram,0,4,0.00,11.3
https://9takes.com/enneagram-corner/enneagram-and-mental-illness#type-1-perfectionism-and-obsessive-compulsive-tendencies,what enneagram is most likely to be a narcissist,0,13,0.00,11.6
https://9takes.com/enneagram-corner/enneagram-and-mental-illness#type-1-perfectionism-and-obsessive-compulsive-tendencies,what enneagram type is most likely to be a narcissist,0,30,0.00,11.4
https://9takes.com/enneagram-corner/enneagram-and-mental-illness#type-1-perfectionism-and-obsessive-compulsive-tendencies,which enneagram is most likely to be a narcissist,0,212,0.00,11.5
https://9takes.com/enneagram-corner/enneagram-and-mental-illness#type-1-perfectionism-and-obsessive-compulsive-tendencies,which enneagram is most likely to be depressed,0,15,0.00,11.4
https://9takes.com/enneagram-corner/enneagram-and-mental-illness#type-1-perfectionism-and-obsessive-compulsive-tendencies,which enneagram is the most narcissistic,0,2,0.00,12.0
https://9takes.com/enneagram-corner/enneagram-and-mental-illness#type-1-perfectionism-and-obsessive-compulsive-tendencies,which enneagram type is most likely to be a narcissist,0,79,0.00,11.4
https://9takes.com/enneagram-corner/enneagram-and-mental-illness#type-2-codependency-and-emotional-manipulation,enneagram mental illness,0,6,0.00,1.0
https://9takes.com/enneagram-corner/enneagram-and-mental-illness#type-2-codependency-and-emotional-manipulation,most narcissistic enneagram,0,4,0.00,11.3
https://9takes.com/enneagram-corner/enneagram-and-mental-illness#type-2-codependency-and-emotional-manipulation,what enneagram is most likely to be a narcissist,0,12,0.00,11.7
https://9takes.com/enneagram-corner/enneagram-and-mental-illness#type-2-codependency-and-emotional-manipulation,what enneagram type is most likely to be a narcissist,0,25,0.00,11.6
https://9takes.com/enneagram-corner/enneagram-and-mental-illness#type-2-codependency-and-emotional-manipulation,which enneagram is most likely to be a narcissist,0,185,0.00,11.6
https://9takes.com/enneagram-corner/enneagram-and-mental-illness#type-2-codependency-and-emotional-manipulation,which enneagram is most likely to be depressed,0,12,0.00,11.4
https://9takes.com/enneagram-corner/enneagram-and-mental-illness#type-2-codependency-and-emotional-manipulation,which enneagram is the most narcissistic,0,2,0.00,12.0
https://9takes.com/enneagram-corner/enneagram-and-mental-illness#type-2-codependency-and-emotional-manipulation,which enneagram type is most likely to be a narcissist,0,60,0.00,11.4
https://9takes.com/enneagram-corner/enneagram-and-mental-illness#type-3-narcissistic-traits-and-imposter-syndrome,enneagram mental illness,0,33,0.00,1.1
https://9takes.com/enneagram-corner/enneagram-and-mental-illness#type-3-narcissistic-traits-and-imposter-syndrome,most narcissistic enneagram,0,5,0.00,11.2
https://9takes.com/enneagram-corner/enneagram-and-mental-illness#type-3-narcissistic-traits-and-imposter-syndrome,what enneagram is most likely to be a narcissist,0,12,0.00,11.7
https://9takes.com/enneagram-corner/enneagram-and-mental-illness#type-3-narcissistic-traits-and-imposter-syndrome,what enneagram type is most likely to be a narcissist,0,25,0.00,11.6
https://9takes.com/enneagram-corner/enneagram-and-mental-illness#type-3-narcissistic-traits-and-imposter-syndrome,which enneagram is most likely to be a narcissist,0,175,0.00,11.5
https://9takes.com/enneagram-corner/enneagram-and-mental-illness#type-3-narcissistic-traits-and-imposter-syndrome,which enneagram is most likely to be depressed,0,12,0.00,11.4
https://9takes.com/enneagram-corner/enneagram-and-mental-illness#type-3-narcissistic-traits-and-imposter-syndrome,which enneagram is the most narcissistic,0,4,0.00,11.5
https://9takes.com/enneagram-corner/enneagram-and-mental-illness#type-3-narcissistic-traits-and-imposter-syndrome,which enneagram type is most likely to be a narcissist,0,55,0.00,11.4
https://9takes.com/enneagram-corner/enneagram-and-mental-illness#type-3-narcissistic-traits-and-imposter-syndrome,which enneagram type is most narcissistic,0,1,0.00,12.0
https://9takes.com/enneagram-corner/enneagram-and-mental-illness#type-4-chronic-depression-and-identity-issues,enneagram mental illness,0,22,0.00,1.0
https://9takes.com/enneagram-corner/enneagram-and-mental-illness#type-4-chronic-depression-and-identity-issues,most narcissistic enneagram,0,5,0.00,11.2
https://9takes.com/enneagram-corner/enneagram-and-mental-illness#type-4-chronic-depression-and-identity-issues,what enneagram is most likely to be a narcissist,0,13,0.00,11.6
https://9takes.com/enneagram-corner/enneagram-and-mental-illness#type-4-chronic-depression-and-identity-issues,what enneagram type is most likely to be a narcissist,0,30,0.00,11.4
https://9takes.com/enneagram-corner/enneagram-and-mental-illness#type-4-chronic-depression-and-identity-issues,which enneagram is most likely to be a narcissist,0,200,0.00,11.5
https://9takes.com/enneagram-corner/enneagram-and-mental-illness#type-4-chronic-depression-and-identity-issues,which enneagram is most likely to be depressed,0,15,0.00,11.4
https://9takes.com/enneagram-corner/enneagram-and-mental-illness#type-4-chronic-depression-and-identity-issues,which enneagram is the most narcissistic,0,4,0.00,11.5
https://9takes.com/enneagram-corner/enneagram-and-mental-illness#type-4-chronic-depression-and-identity-issues,which enneagram type is most likely to be a narcissist,0,73,0.00,11.4
https://9takes.com/enneagram-corner/enneagram-and-mental-illness#type-4-chronic-depression-and-identity-issues,which enneagram type is most narcissistic,0,1,0.00,12.0
https://9takes.com/enneagram-corner/enneagram-and-mental-illness#type-5-social-isolation-and-schizoid-tendencies,enneagram mental illness,0,33,0.00,1.1
https://9takes.com/enneagram-corner/enneagram-and-mental-illness#type-5-social-isolation-and-schizoid-tendencies,what enneagram is most likely to be a narcissist,0,12,0.00,11.7
https://9takes.com/enneagram-corner/enneagram-and-mental-illness#type-5-social-isolation-and-schizoid-tendencies,what enneagram type is most likely to be a narcissist,0,25,0.00,11.6
https://9takes.com/enneagram-corner/enneagram-and-mental-illness#type-5-social-isolation-and-schizoid-tendencies,which enneagram is most likely to be a narcissist,0,175,0.00,11.5
https://9takes.com/enneagram-corner/enneagram-and-mental-illness#type-5-social-isolation-and-schizoid-tendencies,which enneagram is most likely to be depressed,0,12,0.00,11.4
https://9takes.com/enneagram-corner/enneagram-and-mental-illness#type-5-social-isolation-and-schizoid-tendencies,which enneagram type is most likely to be a narcissist,0,55,0.00,11.4
https://9takes.com/enneagram-corner/enneagram-and-mental-illness#type-6-anxiety-disorders-and-paranoid-thinking,enneagram mental illness,0,38,0.00,1.1
https://9takes.com/enneagram-corner/enneagram-and-mental-illness#type-6-anxiety-disorders-and-paranoid-thinking,enneagram personality disorders,0,1,0.00,12.0
https://9takes.com/enneagram-corner/enneagram-and-mental-illness#type-6-anxiety-disorders-and-paranoid-thinking,most narcissistic enneagram,0,4,0.00,11.3
https://9takes.com/enneagram-corner/enneagram-and-mental-illness#type-6-anxiety-disorders-and-paranoid-thinking,what enneagram is most likely to be a narcissist,0,12,0.00,11.7
https://9takes.com/enneagram-corner/enneagram-and-mental-illness#type-6-anxiety-disorders-and-paranoid-thinking,what enneagram type is most likely to be a narcissist,0,25,0.00,11.6
https://9takes.com/enneagram-corner/enneagram-and-mental-illness#type-6-anxiety-disorders-and-paranoid-thinking,which enneagram is most likely to be a narcissist,0,176,0.00,11.5
https://9takes.com/enneagram-corner/enneagram-and-mental-illness#type-6-anxiety-disorders-and-paranoid-thinking,which enneagram is most likely to be depressed,0,12,0.00,11.4
https://9takes.com/enneagram-corner/enneagram-and-mental-illness#type-6-anxiety-disorders-and-paranoid-thinking,which enneagram is the most narcissistic,0,2,0.00,12.0
https://9takes.com/enneagram-corner/enneagram-and-mental-illness#type-6-anxiety-disorders-and-paranoid-thinking,which enneagram type is most likely to be a narcissist,0,56,0.00,11.4
https://9takes.com/enneagram-corner/enneagram-and-mental-illness#type-7-manic-behavior-and-addiction-struggles,enneagram mental illness,0,11,0.00,1.2
https://9takes.com/enneagram-corner/enneagram-and-mental-illness#type-7-manic-behavior-and-addiction-struggles,most narcissistic enneagram,0,4,0.00,11.3
https://9takes.com/enneagram-corner/enneagram-and-mental-illness#type-7-manic-behavior-and-addiction-struggles,what enneagram is most likely to be a narcissist,0,12,0.00,11.7
https://9takes.com/enneagram-corner/enneagram-and-mental-illness#type-7-manic-behavior-and-addiction-struggles,what enneagram type is most likely to be a narcissist,0,25,0.00,11.6
https://9takes.com/enneagram-corner/enneagram-and-mental-illness#type-7-manic-behavior-and-addiction-struggles,which enneagram is most likely to be a narcissist,0,175,0.00,11.5
https://9takes.com/enneagram-corner/enneagram-and-mental-illness#type-7-manic-behavior-and-addiction-struggles,which enneagram is most likely to be depressed,0,12,0.00,11.4
https://9takes.com/enneagram-corner/enneagram-and-mental-illness#type-7-manic-behavior-and-addiction-struggles,which enneagram is the most narcissistic,0,2,0.00,12.0
https://9takes.com/enneagram-corner/enneagram-and-mental-illness#type-7-manic-behavior-and-addiction-struggles,which enneagram type is most likely to be a narcissist,0,55,0.00,11.4
https://9takes.com/enneagram-corner/enneagram-and-religion,catholic enneagram,0,2,0.00,49.0
https://9takes.com/enneagram-corner/enneagram-and-religion,enda ungu agama,0,1,0.00,69.0
https://9takes.com/enneagram-corner/enneagram-and-religion,enneagram and christianity,0,4,0.00,65.5
https://9takes.com/enneagram-corner/enneagram-and-religion,enneagram and christians,0,1,0.00,67.0
https://9takes.com/enneagram-corner/enneagram-and-religion,enneagram and kabbalah,0,4,0.00,13.5
https://9takes.com/enneagram-corner/enneagram-and-religion,enneagram and spirituality,0,625,0.00,44.2
https://9takes.com/enneagram-corner/enneagram-and-religion,enneagram catholic,0,5,0.00,51.8
https://9takes.com/enneagram-corner/enneagram-and-religion,enneagram christian,0,1,0.00,68.0
https://9takes.com/enneagram-corner/enneagram-and-religion,enneagram christianity,0,1,0.00,66.0
https://9takes.com/enneagram-corner/enneagram-and-religion,enneagram cult,0,3,0.00,43.7
https://9takes.com/enneagram-corner/enneagram-and-religion,enneagram new age,0,8,0.00,32.8
https://9takes.com/enneagram-corner/enneagram-and-religion,enneagram occult,0,5,0.00,46.4
https://9takes.com/enneagram-corner/enneagram-and-religion,enneagram origin christianity,0,1,0.00,21.0
https://9takes.com/enneagram-corner/enneagram-and-religion,enneagram religion,0,6,0.00,37.0
https://9takes.com/enneagram-corner/enneagram-and-religion,enneagram roots,0,1,0.00,55.0
https://9takes.com/enneagram-corner/enneagram-and-religion,enneagram spirituality,0,28,0.00,40.9
https://9takes.com/enneagram-corner/enneagram-and-religion,history of enneagram,0,1,0.00,7.0
https://9takes.com/enneagram-corner/enneagram-and-religion,is enneagram a cult,0,2,0.00,16.5
https://9takes.com/enneagram-corner/enneagram-and-religion,is enneagram biblical,0,2,0.00,71.0
https://9takes.com/enneagram-corner/enneagram-and-religion,is enneagram christian,0,15,0.00,63.6
https://9takes.com/enneagram-corner/enneagram-and-religion,is enneagram haram,0,1,0.00,17.0
https://9takes.com/enneagram-corner/enneagram-and-religion,is enneagram new age,0,4,0.00,50.0
https://9takes.com/enneagram-corner/enneagram-and-religion,is enneagram religious,0,2,0.00,48.5
https://9takes.com/enneagram-corner/enneagram-and-religion,is the enneagram biblical,0,2,0.00,63.5
https://9takes.com/enneagram-corner/enneagram-and-religion,is the enneagram christian,0,8,0.00,68.0
https://9takes.com/enneagram-corner/enneagram-and-religion,is the enneagram new age,0,3,0.00,49.7
https://9takes.com/enneagram-corner/enneagram-and-religion,is the enneagram pagan,0,1,0.00,46.0
https://9takes.com/enneagram-corner/enneagram-and-religion,qual a religião,0,1,0.00,2.0
https://9takes.com/enneagram-corner/enneagram-and-religion,site:9takes.com,0,2,0.00,181.0
https://9takes.com/enneagram-corner/enneagram-and-religion,spiritual enneagram,0,4,0.00,60.8
https://9takes.com/enneagram-corner/enneagram-and-religion,where did enneagram come from,0,2,0.00,68.5
https://9takes.com/enneagram-corner/enneagram-anxiety-complete-guide,enneagram 6 core fear,0,1,0.00,71.0
https://9takes.com/enneagram-corner/enneagram-anxiety-complete-guide,enneagram 6 growth and stress,0,1,0.00,72.0
https://9takes.com/enneagram-corner/enneagram-anxiety-complete-guide,enneagram 6 in stress,0,1,0.00,65.0
https://9takes.com/enneagram-corner/enneagram-anxiety-complete-guide,enneagram 6 unhealthy,0,1,0.00,70.0
https://9takes.com/enneagram-corner/enneagram-anxiety-complete-guide,enneagram 6 weaknesses,0,1,0.00,89.0
https://9takes.com/enneagram-corner/enneagram-anxiety-complete-guide,enneagram type 6,0,1,0.00,71.0
https://9takes.com/enneagram-corner/enneagram-anxiety-complete-guide,social 6 enneagram,0,1,0.00,47.0
https://9takes.com/enneagram-corner/enneagram-anxiety-complete-guide,social six enneagram,0,1,0.00,56.0
https://9takes.com/enneagram-corner/enneagram-anxiety-complete-guide,unhealthy 6 enneagram,0,2,0.00,67.5
https://9takes.com/enneagram-corner/enneagram-books-websites-podcasts,best enneagram teachers,0,2,0.00,40.5
https://9takes.com/enneagram-corner/enneagram-books-websites-podcasts,best enneagram training,0,49,0.00,81.0
https://9takes.com/enneagram-corner/enneagram-books-websites-podcasts,best enneagram training programs,0,22,0.00,88.4
https://9takes.com/enneagram-corner/enneagram-books-websites-podcasts,enneagram resources,0,1,0.00,48.0
https://9takes.com/enneagram-corner/enneagram-books-websites-podcasts,enneagram sources,0,1,0.00,38.0
https://9takes.com/enneagram-corner/enneagram-books-websites-podcasts,enneagram websites,0,1,0.00,52.0
https://9takes.com/enneagram-corner/enneagram-books-websites-podcasts,site:9takes.com,0,1,0.00,188.0
https://9takes.com/enneagram-corner/enneagram-childhood-stereotypes,childhood trauma enneagram,0,1,0.00,27.0
https://9takes.com/enneagram-corner/enneagram-childhood-stereotypes,childhood wound enneagram,0,1,0.00,61.0
https://9takes.com/enneagram-corner/enneagram-childhood-stereotypes,e9 childhood,0,1,0.00,9.0
https://9takes.com/enneagram-corner/enneagram-childhood-stereotypes,enneagram 1 childhood,0,3,0.00,37.7
https://9takes.com/enneagram-corner/enneagram-childhood-stereotypes,enneagram 3 childhood,0,1,0.00,26.0
https://9takes.com/enneagram-corner/enneagram-childhood-stereotypes,enneagram 4 childhood,0,1,0.00,28.0
https://9takes.com/enneagram-corner/enneagram-childhood-stereotypes,enneagram 5 childhood,0,2,0.00,39.0
https://9takes.com/enneagram-corner/enneagram-childhood-stereotypes,enneagram 9 childhood,0,45,0.00,11.0
https://9takes.com/enneagram-corner/enneagram-childhood-stereotypes,enneagram 9 childhood wound,0,6,0.00,48.8
https://9takes.com/enneagram-corner/enneagram-childhood-stereotypes,enneagram childhood,0,8,0.00,24.4
https://9takes.com/enneagram-corner/enneagram-childhood-stereotypes,enneagram childhood message,0,1,0.00,44.0
https://9takes.com/enneagram-corner/enneagram-childhood-stereotypes,enneagram childhood messages,0,5,0.00,33.2
https://9takes.com/enneagram-corner/enneagram-childhood-stereotypes,enneagram childhood trauma,0,6,0.00,35.8
https://9takes.com/enneagram-corner/enneagram-childhood-stereotypes,enneagram childhood wounds,0,2,0.00,55.0
https://9takes.com/enneagram-corner/enneagram-childhood-stereotypes,enneagram childhoods,0,10,0.00,12.7
https://9takes.com/enneagram-corner/enneagram-childhood-stereotypes,enneagram lost childhood messages,0,2,0.00,31.0
https://9takes.com/enneagram-corner/enneagram-childhood-stereotypes,enneagram type 5 childhood,0,2,0.00,56.5
https://9takes.com/enneagram-corner/enneagram-childhood-stereotypes,enneagram type 6 childhood,0,9,0.00,22.7
https://9takes.com/enneagram-corner/enneagram-childhood-stereotypes,enneagram type 7 childhood,0,3,0.00,40.7
https://9takes.com/enneagram-corner/enneagram-childhood-stereotypes,enneagram type 9 childhood,0,21,0.00,19.3
https://9takes.com/enneagram-corner/enneagram-childhood-stereotypes,so4 enneagram childhood,0,1,0.00,23.0
https://9takes.com/enneagram-corner/enneagram-childhood-stereotypes,so5 enneagram childhood,0,1,0.00,22.0
https://9takes.com/enneagram-corner/enneagram-childhood-stereotypes,so6 childhood,0,1,0.00,24.0
https://9takes.com/enneagram-corner/enneagram-childhood-stereotypes,so9 childhood,0,5,0.00,13.8
https://9takes.com/enneagram-corner/enneagram-childhood-stereotypes,sp6 childhood,0,2,0.00,27.5
https://9takes.com/enneagram-corner/enneagram-childhood-stereotypes,sp9 childhood,0,1,0.00,22.0
https://9takes.com/enneagram-corner/enneagram-childhood-stereotypes,sx9 childhood,0,2,0.00,20.0
https://9takes.com/enneagram-corner/enneagram-communication-guide,enneagram communication styles,0,1,0.00,17.0
https://9takes.com/enneagram-corner/enneagram-communication-guide,site:9takes.com,0,1,0.00,153.0
https://9takes.com/enneagram-corner/enneagram-communication-styles,do you understand me enneagram,0,1,0.00,7.0
https://9takes.com/enneagram-corner/enneagram-communication-styles,enneagram and negotiation training,0,1,0.00,54.0
https://9takes.com/enneagram-corner/enneagram-communication-styles,enneagram communication styles,0,5,0.00,25.6
https://9takes.com/enneagram-corner/enneagram-communication-styles,enneagram discussion questions for work,0,5,0.00,86.6
https://9takes.com/enneagram-corner/enneagram-communication-styles,site:9takes.com,0,1,0.00,164.0
https://9takes.com/enneagram-corner/enneagram-communication-tips,enneagram communication styles,0,1,0.00,59.0
https://9takes.com/enneagram-corner/enneagram-communication-tips,how to break enneagram patterns,0,2,0.00,11.5
https://9takes.com/enneagram-corner/enneagram-communication-tips,site:9takes.com,0,1,0.00,171.0
https://9takes.com/enneagram-corner/enneagram-compatibility-guide,enneagram compatibility guide,0,2,0.00,35.5
https://9takes.com/enneagram-corner/enneagram-compatibility-guide,enneagram relationship compatibility evidence,0,3,0.00,10.3
https://9takes.com/enneagram-corner/enneagram-compatibility-matrix,"""enneagram"" friendship compatibility study",0,15,0.00,9.4
https://9takes.com/enneagram-corner/enneagram-compatibility-matrix,"""enneagram"" friendship study compatibility",0,5,0.00,10.0
https://9takes.com/enneagram-corner/enneagram-compatibility-matrix,4 and 7 marriage compatibility enneagram,0,2,0.00,27.0
https://9takes.com/enneagram-corner/enneagram-compatibility-matrix,4w5 enneagram,0,1,0.00,4.0
https://9takes.com/enneagram-corner/enneagram-compatibility-matrix,6w5 vs 6w7,0,1,0.00,5.0
https://9takes.com/enneagram-corner/enneagram-compatibility-matrix,best enneagram couples,0,4,0.00,11.5
https://9takes.com/enneagram-corner/enneagram-compatibility-matrix,best enneagram matches,0,9,0.00,15.4
https://9takes.com/enneagram-corner/enneagram-compatibility-matrix,best match for enneagram 9,0,2,0.00,37.0
https://9takes.com/enneagram-corner/enneagram-compatibility-matrix,can your enneagram change,0,1,0.00,3.0
https://9takes.com/enneagram-corner/enneagram-compatibility-matrix,compatability matrix,0,1,0.00,9.0
https://9takes.com/enneagram-corner/enneagram-compatibility-matrix,compatibility enneagram,0,19,0.00,15.1
https://9takes.com/enneagram-corner/enneagram-compatibility-matrix,compatible enneagram types,0,12,0.00,17.1
https://9takes.com/enneagram-corner/enneagram-compatibility-matrix,compatible enneagrams,0,5,0.00,17.4
https://9takes.com/enneagram-corner/enneagram-compatibility-matrix,detail common scenarios requiring a compatibility chart,0,124,0.00,9.1
https://9takes.com/enneagram-corner/enneagram-compatibility-matrix,eneagrama compatibilidad,0,1,0.00,6.0
https://9takes.com/enneagram-corner/enneagram-compatibility-matrix,eneagrama matrix,0,3,0.00,9.0
https://9takes.com/enneagram-corner/enneagram-compatibility-matrix,enfp enneagram 5,0,1,0.00,5.0
https://9takes.com/enneagram-corner/enneagram-compatibility-matrix,eniagram,0,1,0.00,4.0
https://9takes.com/enneagram-corner/enneagram-compatibility-matrix,enneagram,0,1,0.00,4.0
https://9takes.com/enneagram-corner/enneagram-compatibility-matrix,enneagram 1 best match,0,2,0.00,28.0
https://9takes.com/enneagram-corner/enneagram-compatibility-matrix,enneagram 1 compatibility,0,2,0.00,38.5
https://9takes.com/enneagram-corner/enneagram-compatibility-matrix,enneagram 2 and 5 compatibility,0,1,0.00,30.0
https://9takes.com/enneagram-corner/enneagram-compatibility-matrix,enneagram 2 and 6 compatibility,0,2,0.00,24.5
https://9takes.com/enneagram-corner/enneagram-compatibility-matrix,enneagram 2 compatibility,0,2,0.00,34.5
https://9takes.com/enneagram-corner/enneagram-compatibility-matrix,enneagram 3 compatibility,0,1,0.00,30.0
https://9takes.com/enneagram-corner/enneagram-compatibility-matrix,enneagram 5-8-6 tritype relationships,0,1,0.00,11.0
https://9takes.com/enneagram-corner/enneagram-compatibility-matrix,enneagram 6 and 2 compatibility,0,1,0.00,36.0
https://9takes.com/enneagram-corner/enneagram-compatibility-matrix,enneagram and relationships,0,162,0.00,26.3
https://9takes.com/enneagram-corner/enneagram-compatibility-matrix,enneagram best matches,0,10,0.00,18.0
https://9takes.com/enneagram-corner/enneagram-compatibility-matrix,enneagram combinations,0,6,0.00,10.0
https://9takes.com/enneagram-corner/enneagram-compatibility-matrix,enneagram compatability,0,6,0.00,13.0
https://9takes.com/enneagram-corner/enneagram-compatibility-matrix,enneagram compatibility calculator,0,8,0.00,8.1
https://9takes.com/enneagram-corner/enneagram-compatibility-matrix,enneagram compatibility guide,0,65,0.00,7.5
https://9takes.com/enneagram-corner/enneagram-compatibility-matrix,enneagram compatibility test,0,45,0.00,16.5
https://9takes.com/enneagram-corner/enneagram-compatibility-matrix,enneagram connections,0,1,0.00,21.0
https://9takes.com/enneagram-corner/enneagram-compatibility-matrix,enneagram couples,0,10,0.00,18.2
https://9takes.com/enneagram-corner/enneagram-compatibility-matrix,enneagram couples compatibility,0,1,0.00,3.0
https://9takes.com/enneagram-corner/enneagram-compatibility-matrix,enneagram dating,0,8,0.00,32.5
https://9takes.com/enneagram-corner/enneagram-compatibility-matrix,enneagram for couples,0,15,0.00,22.2
https://9takes.com/enneagram-corner/enneagram-compatibility-matrix,enneagram friendship compatibility,0,3,0.00,14.3
https://9takes.com/enneagram-corner/enneagram-compatibility-matrix,enneagram friendship compatibility empirical study,0,1,0.00,11.0
https://9takes.com/enneagram-corner/enneagram-compatibility-matrix,enneagram in relationships,0,18,0.00,23.6
https://9takes.com/enneagram-corner/enneagram-compatibility-matrix,enneagram integration chart,0,1,0.00,35.0
https://9takes.com/enneagram-corner/enneagram-compatibility-matrix,enneagram interactions,0,1,0.00,19.0
https://9takes.com/enneagram-corner/enneagram-compatibility-matrix,enneagram marriage compatibility,0,2,0.00,19.5
https://9takes.com/enneagram-corner/enneagram-compatibility-matrix,enneagram matches,0,22,0.00,12.8
https://9takes.com/enneagram-corner/enneagram-compatibility-matrix,enneagram matrix,0,13,0.00,11.3
https://9takes.com/enneagram-corner/enneagram-compatibility-matrix,enneagram matrix test,0,1,0.00,85.0
https://9takes.com/enneagram-corner/enneagram-compatibility-matrix,enneagram pairings,0,20,0.00,10.7
https://9takes.com/enneagram-corner/enneagram-compatibility-matrix,enneagram personality compatibility,0,14,0.00,15.4
https://9takes.com/enneagram-corner/enneagram-compatibility-matrix,enneagram relationship,0,9,0.00,21.6
https://9takes.com/enneagram-corner/enneagram-compatibility-matrix,enneagram relationship chart,0,15,0.00,10.9
https://9takes.com/enneagram-corner/enneagram-compatibility-matrix,enneagram relationship compatibility,0,109,0.00,13.9
https://9takes.com/enneagram-corner/enneagram-compatibility-matrix,enneagram relationship compatibility blueprint,0,5,0.00,10.2
https://9takes.com/enneagram-corner/enneagram-compatibility-matrix,enneagram relationship compatibility matrix and marriage advice,0,43,0.00,4.8
https://9takes.com/enneagram-corner/enneagram-compatibility-matrix,enneagram relationships,0,601,0.00,26.9
https://9takes.com/enneagram-corner/enneagram-compatibility-matrix,enneagram romantic compatibility,0,7,0.00,14.1
https://9takes.com/enneagram-corner/enneagram-compatibility-matrix,enneagram ships,0,4,0.00,17.0
https://9takes.com/enneagram-corner/enneagram-compatibility-matrix,enneagram soul type combination,0,36,0.00,23.3
https://9takes.com/enneagram-corner/enneagram-compatibility-matrix,enneagram sp2 best partners compatibility relationships,0,25,0.00,11.0
https://9takes.com/enneagram-corner/enneagram-compatibility-matrix,enneagram subtype compatibility,0,2,0.00,9.5
https://9takes.com/enneagram-corner/enneagram-compatibility-matrix,enneagram test compatibility,0,7,0.00,15.3
https://9takes.com/enneagram-corner/enneagram-compatibility-matrix,enneagram test for couples,0,1,0.00,45.0
https://9takes.com/enneagram-corner/enneagram-compatibility-matrix,enneagram test free,0,1,0.00,6.0
https://9takes.com/enneagram-corner/enneagram-compatibility-matrix,enneagram tritype compatibility chart,0,5,0.00,4.2
https://9takes.com/enneagram-corner/enneagram-compatibility-matrix,enneagram type 1 and 2 relationship,0,1,0.00,65.0
https://9takes.com/enneagram-corner/enneagram-compatibility-matrix,enneagram type 1 relationships,0,1,0.00,4.0
https://9takes.com/enneagram-corner/enneagram-compatibility-matrix,enneagram type 3 compatibility,0,1,0.00,20.0
https://9takes.com/enneagram-corner/enneagram-compatibility-matrix,enneagram type 7 best match,0,2,0.00,31.5
https://9takes.com/enneagram-corner/enneagram-compatibility-matrix,enneagram type 7 worst match,0,1,0.00,12.0
https://9takes.com/enneagram-corner/enneagram-compatibility-matrix,enneagram type 9 compatibility,0,1,0.00,35.0
https://9takes.com/enneagram-corner/enneagram-compatibility-matrix,enneagram type combinations,0,3,0.00,11.0
https://9takes.com/enneagram-corner/enneagram-compatibility-matrix,enneagram type compatibility,0,721,0.00,15.3
https://9takes.com/enneagram-corner/enneagram-compatibility-matrix,enneagram types and relationships,0,3,0.00,21.7
https://9takes.com/enneagram-corner/enneagram-compatibility-matrix,enneagram types compatibility,0,22,0.00,17.6
https://9takes.com/enneagram-corner/enneagram-compatibility-matrix,enneagram types in relationships,0,10,0.00,21.3
https://9takes.com/enneagram-corner/enneagram-compatibility-matrix,enneagram types relationships,0,15,0.00,17.7
https://9takes.com/enneagram-corner/enneagram-compatibility-matrix,enneagram types that are compatible,0,5,0.00,17.6
https://9takes.com/enneagram-corner/enneagram-compatibility-matrix,enneagram.compatibility,0,1,0.00,14.0
https://9takes.com/enneagram-corner/enneagram-compatibility-matrix,enneagramm,0,1,0.00,4.0
https://9takes.com/enneagram-corner/enneagram-compatibility-matrix,enneagramm welche typen passen zusammen,0,1,0.00,1.0
https://9takes.com/enneagram-corner/enneagram-compatibility-matrix,enneagrams in relationships,0,4,0.00,24.8
https://9takes.com/enneagram-corner/enneagram-compatibility-matrix,free enneagram compatibility test,0,4,0.00,30.3
https://9takes.com/enneagram-corner/enneagram-compatibility-matrix,least compatible enneagram types,0,5,0.00,18.0
https://9takes.com/enneagram-corner/enneagram-compatibility-matrix,marriage enneagram compatibility chart,0,10,0.00,8.8
https://9takes.com/enneagram-corner/enneagram-compatibility-matrix,matrix compatibility,0,1,0.00,6.0
https://9takes.com/enneagram-corner/enneagram-compatibility-matrix,matrix de compatibilidad,0,1,0.00,10.0
https://9takes.com/enneagram-corner/enneagram-compatibility-matrix,most common enneagram pairings,0,4,0.00,8.8
https://9takes.com/enneagram-corner/enneagram-compatibility-matrix,most compatible enneagrams,0,3,0.00,10.3
https://9takes.com/enneagram-corner/enneagram-compatibility-matrix,relationship goals for each enneagram number,0,9,0.00,48.4
https://9takes.com/enneagram-corner/enneagram-compatibility-matrix,relationships enneagram,0,42,0.00,29.3
https://9takes.com/enneagram-corner/enneagram-compatibility-matrix,site:9takes.com,0,1,0.00,170.0
https://9takes.com/enneagram-corner/enneagram-compatibility-matrix,so3 enneagram,0,1,0.00,3.0
https://9takes.com/enneagram-corner/enneagram-compatibility-matrix,sp1 mbti,0,1,0.00,6.0
https://9takes.com/enneagram-corner/enneagram-compatibility-matrix,the enneagram types,0,1,0.00,4.0
https://9takes.com/enneagram-corner/enneagram-compatibility-matrix,tritype combinations,0,1,0.00,20.0
https://9takes.com/enneagram-corner/enneagram-compatibility-matrix,typ 5 enneagramm,0,1,0.00,4.0
https://9takes.com/enneagram-corner/enneagram-compatibility-matrix,welche enneagramm typen passen zusammen,0,1,0.00,40.0
https://9takes.com/enneagram-corner/enneagram-compatibility-matrix,what enneagram is most compatible with 4,0,1,0.00,13.0
https://9takes.com/enneagram-corner/enneagram-compatibility-matrix,what enneagram is most compatible with 7,0,2,0.00,9.5
https://9takes.com/enneagram-corner/enneagram-compatibility-matrix,what enneagram types are most compatible,0,5,0.00,15.4
https://9takes.com/enneagram-corner/enneagram-compatibility-matrix,what enneagrams are compatible,0,8,0.00,13.5
https://9takes.com/enneagram-corner/enneagram-compatibility-matrix,what enneagrams are most compatible,0,3,0.00,19.3
https://9takes.com/enneagram-corner/enneagram-compatibility-matrix,which enneagram is the most emotional,0,1,0.00,2.0
https://9takes.com/enneagram-corner/enneagram-compatibility-matrix,which enneagram types are compatible,0,2,0.00,20.5
https://9takes.com/enneagram-corner/enneagram-compatibility-matrix,which enneagram types are most compatible,0,8,0.00,13.3
https://9takes.com/enneagram-corner/enneagram-compatibility-matrix,which enneagrams are compatible,0,3,0.00,6.0
https://9takes.com/enneagram-corner/enneagram-compatibility-matrix,which enneagrams are most compatible,0,1,0.00,3.0
https://9takes.com/enneagram-corner/enneagram-compatibility-matrix,worst enneagram pairings,0,10,0.00,16.2
https://9takes.com/enneagram-corner/enneagram-compatibility-matrix,матрикс эннеаграмма,0,2,0.00,11.0
https://9takes.com/enneagram-corner/enneagram-compatibility-matrix#how-compatibility-actually-works,best enneagram pairings,0,3,0.00,11.7
https://9takes.com/enneagram-corner/enneagram-compatibility-matrix#how-compatibility-actually-works,best enneagram relationship pairings,0,4,0.00,10.8
https://9takes.com/enneagram-corner/enneagram-compatibility-matrix#how-compatibility-actually-works,enneagram relationship compatibility chart,0,1,0.00,7.0
https://9takes.com/enneagram-corner/enneagram-compatibility-matrix#how-compatibility-actually-works,enneagram tritype compatibility,0,24,0.00,4.3
https://9takes.com/enneagram-corner/enneagram-compatibility-matrix#how-compatibility-actually-works,enneagram tritype compatibility chart,0,1,0.00,5.0
https://9takes.com/enneagram-corner/enneagram-compatibility-matrix#how-compatibility-actually-works,enneagram types that are compatible,0,1,0.00,11.0
https://9takes.com/enneagram-corner/enneagram-compatibility-matrix#how-compatibility-actually-works,most common enneagram pairings,0,2,0.00,9.5
https://9takes.com/enneagram-corner/enneagram-compatibility-matrix#how-compatibility-actually-works,tritype compatibility,0,63,0.00,5.7
https://9takes.com/enneagram-corner/enneagram-compatibility-matrix#how-to-navigate-challenging-enneagram-pairings,best enneagram pairings,0,6,0.00,11.7
https://9takes.com/enneagram-corner/enneagram-compatibility-matrix#how-to-navigate-challenging-enneagram-pairings,best enneagram relationship pairings,0,5,0.00,10.6
https://9takes.com/enneagram-corner/enneagram-compatibility-matrix#how-to-navigate-challenging-enneagram-pairings,enneagram tritype compatibility,0,19,0.00,4.3
https://9takes.com/enneagram-corner/enneagram-compatibility-matrix#how-to-navigate-challenging-enneagram-pairings,enneagram tritype compatibility chart,0,1,0.00,5.0
https://9takes.com/enneagram-corner/enneagram-compatibility-matrix#how-to-navigate-challenging-enneagram-pairings,enneagram types that are compatible,0,1,0.00,11.0
https://9takes.com/enneagram-corner/enneagram-compatibility-matrix#how-to-navigate-challenging-enneagram-pairings,most common enneagram pairings,0,2,0.00,9.5
https://9takes.com/enneagram-corner/enneagram-compatibility-matrix#how-to-navigate-challenging-enneagram-pairings,tritype compatibility,0,20,0.00,6.3
https://9takes.com/enneagram-corner/enneagram-compatibility-matrix#quick-reference-compatibility-table,tritype compatibility,0,2,0.00,5.0
https://9takes.com/enneagram-corner/enneagram-compatibility-matrix#red-flags-vs-growth-edges-in-enneagram-relationships,best enneagram pairings,0,3,0.00,11.7
https://9takes.com/enneagram-corner/enneagram-compatibility-matrix#red-flags-vs-growth-edges-in-enneagram-relationships,best enneagram relationship pairings,0,4,0.00,10.8
https://9takes.com/enneagram-corner/enneagram-compatibility-matrix#red-flags-vs-growth-edges-in-enneagram-relationships,enneagram tritype compatibility,0,19,0.00,4.3
https://9takes.com/enneagram-corner/enneagram-compatibility-matrix#red-flags-vs-growth-edges-in-enneagram-relationships,enneagram tritype compatibility chart,0,1,0.00,5.0
https://9takes.com/enneagram-corner/enneagram-compatibility-matrix#red-flags-vs-growth-edges-in-enneagram-relationships,enneagram types that are compatible,0,1,0.00,11.0
https://9takes.com/enneagram-corner/enneagram-compatibility-matrix#red-flags-vs-growth-edges-in-enneagram-relationships,most common enneagram pairings,0,2,0.00,9.5
https://9takes.com/enneagram-corner/enneagram-compatibility-matrix#red-flags-vs-growth-edges-in-enneagram-relationships,tritype compatibility,0,20,0.00,6.3
https://9takes.com/enneagram-corner/enneagram-compatibility-matrix#the-complete-compatibility-matrix-all-81-combinations,best enneagram pairings,0,3,0.00,11.7
https://9takes.com/enneagram-corner/enneagram-compatibility-matrix#the-complete-compatibility-matrix-all-81-combinations,best enneagram relationship pairings,0,4,0.00,10.8
https://9takes.com/enneagram-corner/enneagram-compatibility-matrix#the-complete-compatibility-matrix-all-81-combinations,enneagram relationship compatibility chart,0,1,0.00,7.0
https://9takes.com/enneagram-corner/enneagram-compatibility-matrix#the-complete-compatibility-matrix-all-81-combinations,enneagram tritype compatibility,0,24,0.00,4.3
https://9takes.com/enneagram-corner/enneagram-compatibility-matrix#the-complete-compatibility-matrix-all-81-combinations,enneagram tritype compatibility chart,0,1,0.00,5.0
https://9takes.com/enneagram-corner/enneagram-compatibility-matrix#the-complete-compatibility-matrix-all-81-combinations,enneagram types that are compatible,0,1,0.00,11.0
https://9takes.com/enneagram-corner/enneagram-compatibility-matrix#the-complete-compatibility-matrix-all-81-combinations,most common enneagram pairings,0,2,0.00,9.5
https://9takes.com/enneagram-corner/enneagram-compatibility-matrix#the-complete-compatibility-matrix-all-81-combinations,tritype compatibility,0,66,0.00,5.7
https://9takes.com/enneagram-corner/enneagram-compatibility-matrix#the-opposite-attraction,tritype compatibility,0,2,0.00,5.0
https://9takes.com/enneagram-corner/enneagram-compatibility-matrix#the-same-type-problem,tritype compatibility,0,2,0.00,5.0
https://9takes.com/enneagram-corner/enneagram-compatibility-matrix#what-makes-any-enneagram-pairing-work,best enneagram pairings,0,6,0.00,11.7
https://9takes.com/enneagram-corner/enneagram-compatibility-matrix#what-makes-any-enneagram-pairing-work,best enneagram relationship pairings,0,5,0.00,10.6
https://9takes.com/enneagram-corner/enneagram-compatibility-matrix#what-makes-any-enneagram-pairing-work,enneagram ships,0,1,0.00,11.0
https://9takes.com/enneagram-corner/enneagram-compatibility-matrix#what-makes-any-enneagram-pairing-work,enneagram tritype compatibility,0,19,0.00,4.3
https://9takes.com/enneagram-corner/enneagram-compatibility-matrix#what-makes-any-enneagram-pairing-work,enneagram tritype compatibility chart,0,1,0.00,5.0
https://9takes.com/enneagram-corner/enneagram-compatibility-matrix#what-makes-any-enneagram-pairing-work,enneagram types that are compatible,0,1,0.00,11.0
https://9takes.com/enneagram-corner/enneagram-compatibility-matrix#what-makes-any-enneagram-pairing-work,most common enneagram pairings,0,2,0.00,9.5
https://9takes.com/enneagram-corner/enneagram-compatibility-matrix#what-makes-any-enneagram-pairing-work,tritype compatibility,0,20,0.00,6.3
https://9takes.com/enneagram-corner/enneagram-compatibility-matrix#which-enneagram-types-are-most-compatible,best enneagram pairings,0,3,0.00,11.7
https://9takes.com/enneagram-corner/enneagram-compatibility-matrix#which-enneagram-types-are-most-compatible,best enneagram relationship pairings,0,4,0.00,10.8
https://9takes.com/enneagram-corner/enneagram-compatibility-matrix#which-enneagram-types-are-most-compatible,enneagram ships,0,1,0.00,11.0
https://9takes.com/enneagram-corner/enneagram-compatibility-matrix#which-enneagram-types-are-most-compatible,enneagram tritype compatibility,0,19,0.00,4.3
https://9takes.com/enneagram-corner/enneagram-compatibility-matrix#which-enneagram-types-are-most-compatible,enneagram tritype compatibility chart,0,1,0.00,5.0
https://9takes.com/enneagram-corner/enneagram-compatibility-matrix#which-enneagram-types-are-most-compatible,enneagram types that are compatible,0,1,0.00,11.0
https://9takes.com/enneagram-corner/enneagram-compatibility-matrix#which-enneagram-types-are-most-compatible,most common enneagram pairings,0,2,0.00,9.5
https://9takes.com/enneagram-corner/enneagram-compatibility-matrix#which-enneagram-types-are-most-compatible,tritype compatibility,0,23,0.00,6.2
https://9takes.com/enneagram-corner/enneagram-compatibility-matrix#why-opposites-attract-and-same-types-clash,best enneagram pairings,0,3,0.00,11.7
https://9takes.com/enneagram-corner/enneagram-compatibility-matrix#why-opposites-attract-and-same-types-clash,best enneagram relationship pairings,0,4,0.00,10.8
https://9takes.com/enneagram-corner/enneagram-compatibility-matrix#why-opposites-attract-and-same-types-clash,enneagram tritype compatibility,0,19,0.00,4.3
https://9takes.com/enneagram-corner/enneagram-compatibility-matrix#why-opposites-attract-and-same-types-clash,enneagram tritype compatibility chart,0,1,0.00,5.0
https://9takes.com/enneagram-corner/enneagram-compatibility-matrix#why-opposites-attract-and-same-types-clash,enneagram types that are compatible,0,1,0.00,11.0
https://9takes.com/enneagram-corner/enneagram-compatibility-matrix#why-opposites-attract-and-same-types-clash,most common enneagram pairings,0,2,0.00,9.5
https://9takes.com/enneagram-corner/enneagram-compatibility-matrix#why-opposites-attract-and-same-types-clash,tritype compatibility,0,22,0.00,6.1
https://9takes.com/enneagram-corner/enneagram-compatibility-matrix#why-youre-attracted-to-who-youre-attracted-to,tritype compatibility,0,2,0.00,5.0
https://9takes.com/enneagram-corner/enneagram-concepts,9 enneagram subtypes,0,1,0.00,35.0
https://9takes.com/enneagram-corner/enneagram-concepts,9w5 personality,0,1,0.00,30.0
https://9takes.com/enneagram-corner/enneagram-concepts,enneagram 1 subtypes,0,1,0.00,43.0
https://9takes.com/enneagram-corner/enneagram-concepts,enneagram 9 instincts,0,1,0.00,48.0
https://9takes.com/enneagram-corner/enneagram-concepts,enneagram 9 subtypes,0,8,0.00,40.3
https://9takes.com/enneagram-corner/enneagram-concepts,enneagram categories,0,1,0.00,65.0
https://9takes.com/enneagram-corner/enneagram-concepts,enneagram core,0,2,0.00,37.0
https://9takes.com/enneagram-corner/enneagram-concepts,enneagram core desires,0,2,0.00,54.0
https://9takes.com/enneagram-corner/enneagram-concepts,enneagram cores,0,2,0.00,62.5
https://9takes.com/enneagram-corner/enneagram-concepts,enneagram instincts,0,1,0.00,77.0
https://9takes.com/enneagram-corner/enneagram-concepts,enneagram options,0,1,0.00,57.0
https://9takes.com/enneagram-corner/enneagram-concepts,enneagram points,0,1,0.00,72.0
https://9takes.com/enneagram-corner/enneagram-concepts,enneagram stances,0,3,0.00,56.0
https://9takes.com/enneagram-corner/enneagram-concepts,enneagram type 9 subtypes,0,1,0.00,45.0
https://9takes.com/enneagram-corner/enneagram-concepts,enneagram variants,0,1,0.00,38.0
https://9takes.com/enneagram-corner/enneagram-concepts,site:9takes.com,0,2,0.00,147.0
https://9takes.com/enneagram-corner/enneagram-concepts,subtypes of enneagram 9,0,1,0.00,34.0
https://9takes.com/enneagram-corner/enneagram-connecting-lines,"""5 or more connected in a straight line""",0,1,0.00,10.0
https://9takes.com/enneagram-corner/enneagram-connecting-lines,9takes,0,2,0.00,1.0
https://9takes.com/enneagram-corner/enneagram-connecting-lines,dime su significado,0,1,0.00,1.0
https://9takes.com/enneagram-corner/enneagram-connecting-lines,enneagram 4 vs 7,0,1,0.00,8.0
https://9takes.com/enneagram-corner/enneagram-connecting-lines,enneagram 9,0,1,0.00,6.0
https://9takes.com/enneagram-corner/enneagram-connecting-lines,enneagram circle,0,2,0.00,77.5
https://9takes.com/enneagram-corner/enneagram-connecting-lines,enneagram connections,0,1,0.00,20.0
https://9takes.com/enneagram-corner/enneagram-connecting-lines,enneagram growth and stress,0,4,0.00,43.8
https://9takes.com/enneagram-corner/enneagram-connecting-lines,enneagram integration,0,34,0.00,36.3
https://9takes.com/enneagram-corner/enneagram-connecting-lines,enneagram integration and disintegration lines of stress and growth,0,2,0.00,12.0
https://9takes.com/enneagram-corner/enneagram-connecting-lines,enneagram integration chart,0,11,0.00,29.3
https://9takes.com/enneagram-corner/enneagram-connecting-lines,enneagram lines,0,11,0.00,22.0
https://9takes.com/enneagram-corner/enneagram-connecting-lines,enneagram lines of integration,0,2,0.00,24.0
https://9takes.com/enneagram-corner/enneagram-connecting-lines,enneagram lines of integration and disintegration,0,1,0.00,25.0
https://9takes.com/enneagram-corner/enneagram-connecting-lines,enneagram stress and growth,0,5,0.00,52.6
https://9takes.com/enneagram-corner/enneagram-connecting-lines,site:9takes.com,0,1,0.00,165.0
https://9takes.com/enneagram-corner/enneagram-dating-guide-for-men,nine types of men,0,1,0.00,26.0
https://9takes.com/enneagram-corner/enneagram-influences,enneagram creator,0,6,0.00,14.7
https://9takes.com/enneagram-corner/enneagram-influences,enneagram history,0,204,0.00,64.3
https://9takes.com/enneagram-corner/enneagram-influences,enneagram history and origins,0,1,0.00,75.0
https://9takes.com/enneagram-corner/enneagram-influences,enneagram origin,0,3,0.00,70.3
https://9takes.com/enneagram-corner/enneagram-influences,enneagram origins,0,62,0.00,65.4
https://9takes.com/enneagram-corner/enneagram-influences,enneagram test history,0,1,0.00,72.0
https://9takes.com/enneagram-corner/enneagram-influences,history of enneagram,0,4,0.00,58.8
https://9takes.com/enneagram-corner/enneagram-influences,history of the enneagram,0,4,0.00,71.3
https://9takes.com/enneagram-corner/enneagram-influences,how was the enneagram created,0,1,0.00,36.0
https://9takes.com/enneagram-corner/enneagram-influences,site:9takes.com,0,1,0.00,113.0
https://9takes.com/enneagram-corner/enneagram-influences,where did the enneagram come from,0,2,0.00,65.0
https://9takes.com/enneagram-corner/enneagram-influences,who created enneagram,0,2,0.00,36.0
https://9takes.com/enneagram-corner/enneagram-influences,who created the enneagram,0,2,0.00,38.0
https://9takes.com/enneagram-corner/enneagram-influences,who invented enneagram,0,3,0.00,32.0
https://9takes.com/enneagram-corner/enneagram-influences,who invented the enneagram,0,8,0.00,32.6
https://9takes.com/enneagram-corner/enneagram-influences,who made the enneagram,0,1,0.00,32.0
https://9takes.com/enneagram-corner/enneagram-instinctual-subtypes,9 subtypes,0,1,0.00,43.0
https://9takes.com/enneagram-corner/enneagram-instinctual-subtypes,can instinctual variants change,0,4,0.00,10.5
https://9takes.com/enneagram-corner/enneagram-instinctual-subtypes,can your instinctual variants change,0,18,0.00,8.1
https://9takes.com/enneagram-corner/enneagram-instinctual-subtypes,enneagram 5 instinctual variants,0,2,0.00,27.0
https://9takes.com/enneagram-corner/enneagram-instinctual-subtypes,enneagram 9 instincts,0,1,0.00,23.0
https://9takes.com/enneagram-corner/enneagram-instinctual-subtypes,enneagram 9 instinctual variants,0,3,0.00,26.7
https://9takes.com/enneagram-corner/enneagram-instinctual-subtypes,enneagram 9 subtypes,0,12,0.00,33.4
https://9takes.com/enneagram-corner/enneagram-instinctual-subtypes,enneagram and instinctual variant,0,1,0.00,47.0
https://9takes.com/enneagram-corner/enneagram-instinctual-subtypes,enneagram blind spots,0,29,0.00,20.5
https://9takes.com/enneagram-corner/enneagram-instinctual-subtypes,enneagram instinct,0,4,0.00,47.5
https://9takes.com/enneagram-corner/enneagram-instinctual-subtypes,enneagram instinct stacking,0,2,0.00,29.5
https://9takes.com/enneagram-corner/enneagram-instinctual-subtypes,enneagram instinct stacking test,0,1,0.00,7.0
https://9takes.com/enneagram-corner/enneagram-instinctual-subtypes,enneagram instinct test,0,6,0.00,27.8
https://9takes.com/enneagram-corner/enneagram-instinctual-subtypes,enneagram instincts,0,41,0.00,56.4
https://9takes.com/enneagram-corner/enneagram-instinctual-subtypes,enneagram instincts and subtypes,0,4,0.00,40.0
https://9takes.com/enneagram-corner/enneagram-instinctual-subtypes,enneagram instincts test,0,5,0.00,29.6
https://9takes.com/enneagram-corner/enneagram-instinctual-subtypes,enneagram instinctual subtypes,0,4,0.00,34.8
https://9takes.com/enneagram-corner/enneagram-instinctual-subtypes,enneagram instinctual variant,0,5,0.00,37.0
https://9takes.com/enneagram-corner/enneagram-instinctual-subtypes,enneagram instinctual variants,0,566,0.00,36.1
https://9takes.com/enneagram-corner/enneagram-instinctual-subtypes,enneagram instinctual variants test,0,5,0.00,26.8
https://9takes.com/enneagram-corner/enneagram-instinctual-subtypes,enneagram instinctual variants test questions sp so sx,0,2,0.00,9.0
https://9takes.com/enneagram-corner/enneagram-instinctual-subtypes,enneagram sexual instinct,0,1,0.00,46.0
https://9takes.com/enneagram-corner/enneagram-instinctual-subtypes,enneagram sexual social self preservation,0,1,0.00,43.0
https://9takes.com/enneagram-corner/enneagram-instinctual-subtypes,enneagram so sp sx,0,1,0.00,30.0
https://9takes.com/enneagram-corner/enneagram-instinctual-subtypes,enneagram so/sp,0,2,0.00,30.5
https://9takes.com/enneagram-corner/enneagram-instinctual-subtypes,enneagram sp so sx,0,1,0.00,28.0
https://9takes.com/enneagram-corner/enneagram-instinctual-subtypes,enneagram sp sx so test,0,3,0.00,21.3
https://9takes.com/enneagram-corner/enneagram-instinctual-subtypes,enneagram sp/so,0,5,0.00,26.4
https://9takes.com/enneagram-corner/enneagram-instinctual-subtypes,enneagram sp/sx,0,4,0.00,20.0
https://9takes.com/enneagram-corner/enneagram-instinctual-subtypes,enneagram stacking,0,3,0.00,21.3
https://9takes.com/enneagram-corner/enneagram-instinctual-subtypes,enneagram subtypes,0,1,0.00,66.0
https://9takes.com/enneagram-corner/enneagram-instinctual-subtypes,enneagram sx instinct,0,2,0.00,32.5
https://9takes.com/enneagram-corner/enneagram-instinctual-subtypes,enneagram sx/so,0,1,0.00,26.0
https://9takes.com/enneagram-corner/enneagram-instinctual-subtypes,enneagram test sp so sx,0,4,0.00,20.3
https://9takes.com/enneagram-corner/enneagram-instinctual-subtypes,enneagram test with instinctual variant,0,7,0.00,41.4
https://9takes.com/enneagram-corner/enneagram-instinctual-subtypes,enneagram test with instinctual variant results,0,1,0.00,43.0
https://9takes.com/enneagram-corner/enneagram-instinctual-subtypes,enneagram variant,0,15,0.00,37.6
https://9takes.com/enneagram-corner/enneagram-instinctual-subtypes,enneagram variants,0,2,0.00,48.0
https://9takes.com/enneagram-corner/enneagram-instinctual-subtypes,enneagram with instinctual variant,0,8,0.00,36.5
https://9takes.com/enneagram-corner/enneagram-instinctual-subtypes,healthy sx6,0,1,0.00,35.0
https://9takes.com/enneagram-corner/enneagram-instinctual-subtypes,how to find instinctual variant,0,1,0.00,29.0
https://9takes.com/enneagram-corner/enneagram-instinctual-subtypes,how to find your instinctual variant,0,1,0.00,26.0
https://9takes.com/enneagram-corner/enneagram-instinctual-subtypes,how to know my instinctual variant,0,1,0.00,36.0
https://9takes.com/enneagram-corner/enneagram-instinctual-subtypes,how to know your instinctual variant,0,1,0.00,25.0
https://9takes.com/enneagram-corner/enneagram-instinctual-subtypes,instinct enneagram,0,2,0.00,38.0
https://9takes.com/enneagram-corner/enneagram-instinctual-subtypes,instinct enneagram test,0,1,0.00,27.0
https://9takes.com/enneagram-corner/enneagram-instinctual-subtypes,instinct stack test,0,1,0.00,12.0
https://9takes.com/enneagram-corner/enneagram-instinctual-subtypes,instinct stacking,0,1,0.00,20.0
https://9takes.com/enneagram-corner/enneagram-instinctual-subtypes,instinct stacking test,0,3,0.00,16.7
https://9takes.com/enneagram-corner/enneagram-instinctual-subtypes,instinct test enneagram,0,1,0.00,17.0
https://9takes.com/enneagram-corner/enneagram-instinctual-subtypes,instincts enneagram,0,2,0.00,58.5
https://9takes.com/enneagram-corner/enneagram-instinctual-subtypes,instincts test,0,1,0.00,29.0
https://9takes.com/enneagram-corner/enneagram-instinctual-subtypes,instinctual enneagram,0,2,0.00,30.5
https://9takes.com/enneagram-corner/enneagram-instinctual-subtypes,instinctual stacking,0,14,0.00,25.5
https://9takes.com/enneagram-corner/enneagram-instinctual-subtypes,instinctual stacking enneagram,0,2,0.00,23.5
https://9takes.com/enneagram-corner/enneagram-instinctual-subtypes,instinctual stacking test,0,6,0.00,17.3
https://9takes.com/enneagram-corner/enneagram-instinctual-subtypes,instinctual subtypes,0,2,0.00,30.5
https://9takes.com/enneagram-corner/enneagram-instinctual-subtypes,instinctual variant,0,37,0.00,44.4
https://9takes.com/enneagram-corner/enneagram-instinctual-subtypes,instinctual variant enneagram,0,4,0.00,36.0
https://9takes.com/enneagram-corner/enneagram-instinctual-subtypes,instinctual variant explained,0,3,0.00,42.0
https://9takes.com/enneagram-corner/enneagram-instinctual-subtypes,instinctual variant meaning,0,1,0.00,41.0
https://9takes.com/enneagram-corner/enneagram-instinctual-subtypes,instinctual variant sp/sx,0,2,0.00,31.0
https://9takes.com/enneagram-corner/enneagram-instinctual-subtypes,instinctual variant stacking,0,1,0.00,24.0
https://9takes.com/enneagram-corner/enneagram-instinctual-subtypes,instinctual variant sx/sp,0,1,0.00,21.0
https://9takes.com/enneagram-corner/enneagram-instinctual-subtypes,instinctual variant test,0,2,0.00,35.0
https://9takes.com/enneagram-corner/enneagram-instinctual-subtypes,instinctual variant types,0,2,0.00,41.0
https://9takes.com/enneagram-corner/enneagram-instinctual-subtypes,instinctual variants,0,39,0.00,41.5
https://9takes.com/enneagram-corner/enneagram-instinctual-subtypes,instinctual variants descriptions,0,1,0.00,39.0
https://9takes.com/enneagram-corner/enneagram-instinctual-subtypes,instinctual variants enneagram,0,9,0.00,35.4
https://9takes.com/enneagram-corner/enneagram-instinctual-subtypes,instinctual variants explained,0,1,0.00,42.0
https://9takes.com/enneagram-corner/enneagram-instinctual-subtypes,instinctual variants test,0,2,0.00,31.0
https://9takes.com/enneagram-corner/enneagram-instinctual-subtypes,instincual variants,0,1,0.00,46.0
https://9takes.com/enneagram-corner/enneagram-instinctual-subtypes,most common instinctual variants,0,4,0.00,33.3
https://9takes.com/enneagram-corner/enneagram-instinctual-subtypes,second instinct,0,2,0.00,43.0
https://9takes.com/enneagram-corner/enneagram-instinctual-subtypes,self preservation instinct enneagram,0,3,0.00,54.3
https://9takes.com/enneagram-corner/enneagram-instinctual-subtypes,self-preservation instinct enneagram,0,1,0.00,82.0
https://9takes.com/enneagram-corner/enneagram-instinctual-subtypes,sexual blind enneagram,0,1,0.00,11.0
https://9takes.com/enneagram-corner/enneagram-instinctual-subtypes,sexual instinct enneagram,0,5,0.00,45.8
https://9takes.com/enneagram-corner/enneagram-instinctual-subtypes,sexual instinctual variant,0,1,0.00,34.0
https://9takes.com/enneagram-corner/enneagram-instinctual-subtypes,sexual social self preservation enneagram,0,1,0.00,45.0
https://9takes.com/enneagram-corner/enneagram-instinctual-subtypes,site:9takes.com,0,1,0.00,183.0
https://9takes.com/enneagram-corner/enneagram-instinctual-subtypes,so blind enneagram,0,7,0.00,17.6
https://9takes.com/enneagram-corner/enneagram-instinctual-subtypes,so instinct,0,1,0.00,25.0
https://9takes.com/enneagram-corner/enneagram-instinctual-subtypes,so sp,0,1,0.00,26.0
https://9takes.com/enneagram-corner/enneagram-instinctual-subtypes,so sp and sx,0,1,0.00,26.0
https://9takes.com/enneagram-corner/enneagram-instinctual-subtypes,so sp sx,0,3,0.00,28.0
https://9takes.com/enneagram-corner/enneagram-instinctual-subtypes,so sp sx test,0,2,0.00,20.0
https://9takes.com/enneagram-corner/enneagram-instinctual-subtypes,so sx sp,0,13,0.00,26.7
https://9takes.com/enneagram-corner/enneagram-instinctual-subtypes,so sx sp test,0,1,0.00,25.0
https://9takes.com/enneagram-corner/enneagram-instinctual-subtypes,so/sp,0,1,0.00,27.0
https://9takes.com/enneagram-corner/enneagram-instinctual-subtypes,so/sp enneagram,0,3,0.00,30.7
https://9takes.com/enneagram-corner/enneagram-instinctual-subtypes,so/sp instinctual variant,0,2,0.00,31.0
https://9takes.com/enneagram-corner/enneagram-instinctual-subtypes,so/sp vs so/sx,0,4,0.00,18.0
https://9takes.com/enneagram-corner/enneagram-instinctual-subtypes,so/sp/sx,0,1,0.00,28.0
https://9takes.com/enneagram-corner/enneagram-instinctual-subtypes,so/sx enneagram,0,1,0.00,28.0
https://9takes.com/enneagram-corner/enneagram-instinctual-subtypes,so/sx instinctual variant,0,1,0.00,22.0
https://9takes.com/enneagram-corner/enneagram-instinctual-subtypes,so/sx/sp,0,3,0.00,27.7
https://9takes.com/enneagram-corner/enneagram-instinctual-subtypes,so/sx/sp test,0,1,0.00,29.0
https://9takes.com/enneagram-corner/enneagram-instinctual-subtypes,so1 vs so8,0,1,0.00,11.0
https://9takes.com/enneagram-corner/enneagram-instinctual-subtypes,so1 vs sp1,0,2,0.00,20.0
https://9takes.com/enneagram-corner/enneagram-instinctual-subtypes,so1 vs sp1 vs sx1,0,3,0.00,17.0
https://9takes.com/enneagram-corner/enneagram-instinctual-subtypes,so1 vs sx1 vs sp1,0,2,0.00,20.0
https://9takes.com/enneagram-corner/enneagram-instinctual-subtypes,so2 sx2 sp2,0,1,0.00,36.0
https://9takes.com/enneagram-corner/enneagram-instinctual-subtypes,so6 эннеаграмма,0,1,0.00,1.0
https://9takes.com/enneagram-corner/enneagram-instinctual-subtypes,so8 vs so9,0,2,0.00,9.5
https://9takes.com/enneagram-corner/enneagram-instinctual-subtypes,so9 enneagram là gì,0,1,0.00,1.0
https://9takes.com/enneagram-corner/enneagram-instinctual-subtypes,social blind enneagram,0,20,0.00,9.1
https://9takes.com/enneagram-corner/enneagram-instinctual-subtypes,social instinct,0,3,0.00,71.7
https://9takes.com/enneagram-corner/enneagram-instinctual-subtypes,social instinct enneagram,0,1,0.00,49.0
https://9takes.com/enneagram-corner/enneagram-instinctual-subtypes,social self preservation sexual enneagram meaning,0,1,0.00,47.0
https://9takes.com/enneagram-corner/enneagram-instinctual-subtypes,social sexual enneagram,0,1,0.00,25.0
https://9takes.com/enneagram-corner/enneagram-instinctual-subtypes,social sexual self preservation enneagram,0,4,0.00,42.0
https://9takes.com/enneagram-corner/enneagram-instinctual-subtypes,social variant enneagram,0,1,0.00,27.0
https://9takes.com/enneagram-corner/enneagram-instinctual-subtypes,sp 9 vs sp x,0,4,0.00,11.0
https://9takes.com/enneagram-corner/enneagram-instinctual-subtypes,sp blind vs sx blind,0,1,0.00,19.0
https://9takes.com/enneagram-corner/enneagram-instinctual-subtypes,sp dom enneagram,0,1,0.00,9.0
https://9takes.com/enneagram-corner/enneagram-instinctual-subtypes,sp enneagram,0,1,0.00,27.0
https://9takes.com/enneagram-corner/enneagram-instinctual-subtypes,sp instinct,0,4,0.00,27.8
https://9takes.com/enneagram-corner/enneagram-instinctual-subtypes,sp instinctual variant,0,1,0.00,28.0
https://9takes.com/enneagram-corner/enneagram-instinctual-subtypes,sp so enneagram,0,1,0.00,32.0
https://9takes.com/enneagram-corner/enneagram-instinctual-subtypes,sp so sx test,0,1,0.00,19.0
https://9takes.com/enneagram-corner/enneagram-instinctual-subtypes,sp subtype,0,1,0.00,22.0
https://9takes.com/enneagram-corner/enneagram-instinctual-subtypes,sp sx enneagram,0,2,0.00,26.5
https://9takes.com/enneagram-corner/enneagram-instinctual-subtypes,sp sx so,0,5,0.00,29.2
https://9takes.com/enneagram-corner/enneagram-instinctual-subtypes,sp sx so test,0,1,0.00,20.0
https://9takes.com/enneagram-corner/enneagram-instinctual-subtypes,sp sx test,0,1,0.00,23.0
https://9takes.com/enneagram-corner/enneagram-instinctual-subtypes,sp-9 vs sp-x,0,3,0.00,9.7
https://9takes.com/enneagram-corner/enneagram-instinctual-subtypes,sp/so instinctual variant,0,1,0.00,23.0
https://9takes.com/enneagram-corner/enneagram-instinctual-subtypes,sp/so personality,0,1,0.00,26.0
https://9takes.com/enneagram-corner/enneagram-instinctual-subtypes,sp/so sx test,0,1,0.00,31.0
https://9takes.com/enneagram-corner/enneagram-instinctual-subtypes,sp/so/sx,0,1,0.00,29.0
https://9takes.com/enneagram-corner/enneagram-instinctual-subtypes,sp/so/sx test,0,1,0.00,20.0
https://9takes.com/enneagram-corner/enneagram-instinctual-subtypes,sp/sx 8,0,1,0.00,11.0
https://9takes.com/enneagram-corner/enneagram-instinctual-subtypes,sp/sx enneagram,0,6,0.00,30.2
https://9takes.com/enneagram-corner/enneagram-instinctual-subtypes,sp/sx enneagram test,0,2,0.00,13.5
https://9takes.com/enneagram-corner/enneagram-instinctual-subtypes,sp/sx instinctual variant,0,1,0.00,22.0
https://9takes.com/enneagram-corner/enneagram-instinctual-subtypes,sp/sx personality,0,1,0.00,23.0
https://9takes.com/enneagram-corner/enneagram-instinctual-subtypes,sp/sx vs sp/so,0,1,0.00,17.0
https://9takes.com/enneagram-corner/enneagram-instinctual-subtypes,sp/sx/so,0,3,0.00,24.7
https://9takes.com/enneagram-corner/enneagram-instinctual-subtypes,sp/sx/so test,0,1,0.00,16.0
https://9takes.com/enneagram-corner/enneagram-instinctual-subtypes,sp1 enneagram,0,1,0.00,41.0
https://9takes.com/enneagram-corner/enneagram-instinctual-subtypes,sp1 so1 sx1,0,3,0.00,19.3
https://9takes.com/enneagram-corner/enneagram-instinctual-subtypes,sp1 vs so1,0,1,0.00,14.0
https://9takes.com/enneagram-corner/enneagram-instinctual-subtypes,sp1 vs so1 vs sx1,0,3,0.00,11.0
https://9takes.com/enneagram-corner/enneagram-instinctual-subtypes,sp1 vs sp9,0,14,0.00,9.3
https://9takes.com/enneagram-corner/enneagram-instinctual-subtypes,sp1 vs sp9 enneagram,0,15,0.00,9.3
https://9takes.com/enneagram-corner/enneagram-instinctual-subtypes,sp1 vs sx1 vs so1,0,1,0.00,19.0
https://9takes.com/enneagram-corner/enneagram-instinctual-subtypes,sp2 enneagram,0,1,0.00,4.0
https://9takes.com/enneagram-corner/enneagram-instinctual-subtypes,sp2 enneagram -ai,0,1,0.00,44.0
https://9takes.com/enneagram-corner/enneagram-instinctual-subtypes,sp7 x so3,0,1,0.00,3.0
https://9takes.com/enneagram-corner/enneagram-instinctual-subtypes,sp9 so9 sx9 эннеаграмма,0,2,0.00,1.0
https://9takes.com/enneagram-corner/enneagram-instinctual-subtypes,sp9 vs so9 vs sx9,0,1,0.00,16.0
https://9takes.com/enneagram-corner/enneagram-instinctual-subtypes,sp9 vs sx9 enneagram,0,1,0.00,11.0
https://9takes.com/enneagram-corner/enneagram-instinctual-subtypes,sx blind,0,1,0.00,16.0
https://9takes.com/enneagram-corner/enneagram-instinctual-subtypes,sx enneagram test,0,1,0.00,22.0
https://9takes.com/enneagram-corner/enneagram-instinctual-subtypes,sx instinct,0,1,0.00,33.0
https://9takes.com/enneagram-corner/enneagram-instinctual-subtypes,sx instinct enneagram,0,1,0.00,36.0
https://9takes.com/enneagram-corner/enneagram-instinctual-subtypes,sx instinctual variant,0,3,0.00,30.0
https://9takes.com/enneagram-corner/enneagram-instinctual-subtypes,sx meaning typology,0,1,0.00,25.0
https://9takes.com/enneagram-corner/enneagram-instinctual-subtypes,sx so sp,0,7,0.00,29.0
https://9takes.com/enneagram-corner/enneagram-instinctual-subtypes,sx sp enneagram,0,3,0.00,26.0
https://9takes.com/enneagram-corner/enneagram-instinctual-subtypes,sx sp so,0,1,0.00,35.0
https://9takes.com/enneagram-corner/enneagram-instinctual-subtypes,sx sp so test,0,1,0.00,20.0
https://9takes.com/enneagram-corner/enneagram-instinctual-subtypes,sx subtype enneagram,0,2,0.00,19.0
https://9takes.com/enneagram-corner/enneagram-instinctual-subtypes,sx/so enneagram,0,4,0.00,17.0
https://9takes.com/enneagram-corner/enneagram-instinctual-subtypes,sx/so instinctual variant,0,3,0.00,14.3
https://9takes.com/enneagram-corner/enneagram-instinctual-subtypes,sx/so personality,0,2,0.00,25.5
https://9takes.com/enneagram-corner/enneagram-instinctual-subtypes,sx/so subtype,0,1,0.00,16.0
https://9takes.com/enneagram-corner/enneagram-instinctual-subtypes,sx/so/sp,0,5,0.00,26.8
https://9takes.com/enneagram-corner/enneagram-instinctual-subtypes,sx/sp enneagram,0,4,0.00,29.5
https://9takes.com/enneagram-corner/enneagram-instinctual-subtypes,sx/sp instinctual variant,0,3,0.00,24.7
https://9takes.com/enneagram-corner/enneagram-instinctual-subtypes,sx/sp personality,0,1,0.00,36.0
https://9takes.com/enneagram-corner/enneagram-instinctual-subtypes,sx6 enneagram -ai,0,2,0.00,36.5
https://9takes.com/enneagram-corner/enneagram-instinctual-subtypes,type 5 instinctual variants,0,2,0.00,28.0
https://9takes.com/enneagram-corner/enneagram-instinctual-subtypes,what does instinct is no match for reason mean,0,1,0.00,61.0
https://9takes.com/enneagram-corner/enneagram-instinctual-subtypes,what is my instinctual variant,0,5,0.00,34.8
https://9takes.com/enneagram-corner/enneagram-instinctual-subtypes,а третье,0,1,0.00,1.0
https://9takes.com/enneagram-corner/enneagram-instinctual-subtypes,сп3 эннеаграмма,0,1,0.00,1.0
https://9takes.com/enneagram-corner/enneagram-instinctual-subtypes,сх 5 эннеаграмма,0,2,0.00,1.0
https://9takes.com/enneagram-corner/enneagram-instinctual-subtypes#detailed-breakdown-each-enneagram-type-and-its-subtypes,enneagram instinctual variants test questions sp so sx,0,2,0.00,9.0
https://9takes.com/enneagram-corner/enneagram-instinctual-subtypes#detailed-breakdown-each-enneagram-type-and-its-subtypes,enneagram test sp so sx,0,2,0.00,10.5
https://9takes.com/enneagram-corner/enneagram-instinctual-subtypes#detailed-breakdown-each-enneagram-type-and-its-subtypes,social blind enneagram,0,3,0.00,9.7
https://9takes.com/enneagram-corner/enneagram-instinctual-subtypes#detailed-breakdown-each-enneagram-type-and-its-subtypes,social blind instinctual variant,0,1,0.00,9.0
https://9takes.com/enneagram-corner/enneagram-instinctual-subtypes#detailed-breakdown-each-enneagram-type-and-its-subtypes,sp 9 vs sp x,0,3,0.00,11.0
https://9takes.com/enneagram-corner/enneagram-instinctual-subtypes#detailed-breakdown-each-enneagram-type-and-its-subtypes,sp blind enneagram,0,58,0.00,10.8
https://9takes.com/enneagram-corner/enneagram-instinctual-subtypes#detailed-breakdown-each-enneagram-type-and-its-subtypes,sp-9 vs sp-x,0,3,0.00,9.7
https://9takes.com/enneagram-corner/enneagram-instinctual-subtypes#detailed-breakdown-each-enneagram-type-and-its-subtypes,sp/sx enneagram test,0,1,0.00,12.0
https://9takes.com/enneagram-corner/enneagram-instinctual-subtypes#detailed-breakdown-each-enneagram-type-and-its-subtypes,sp1 vs sp9,0,8,0.00,10.0
https://9takes.com/enneagram-corner/enneagram-instinctual-subtypes#detailed-breakdown-each-enneagram-type-and-its-subtypes,sp1 vs sp9 enneagram,0,7,0.00,9.6
https://9takes.com/enneagram-corner/enneagram-instinctual-subtypes#detailed-breakdown-each-enneagram-type-and-its-subtypes,sp9 vs sp1,0,2,0.00,9.0
https://9takes.com/enneagram-corner/enneagram-instinctual-subtypes#detailed-breakdown-each-enneagram-type-and-its-subtypes,sp9 vs sx9 enneagram,0,1,0.00,11.0
https://9takes.com/enneagram-corner/enneagram-instinctual-subtypes#the-achiever-type-3,enneagram test sp so sx,0,1,0.00,10.0
https://9takes.com/enneagram-corner/enneagram-instinctual-subtypes#the-achiever-type-3,social blind enneagram,0,1,0.00,12.0
https://9takes.com/enneagram-corner/enneagram-instinctual-subtypes#the-achiever-type-3,sp 9 vs sp x,0,1,0.00,12.0
https://9takes.com/enneagram-corner/enneagram-instinctual-subtypes#the-achiever-type-3,sp blind enneagram,0,42,0.00,11.0
https://9takes.com/enneagram-corner/enneagram-instinctual-subtypes#the-achiever-type-3,sp-9 vs sp-x,0,1,0.00,10.0
https://9takes.com/enneagram-corner/enneagram-instinctual-subtypes#the-achiever-type-3,sp/sx enneagram test,0,1,0.00,12.0
https://9takes.com/enneagram-corner/enneagram-instinctual-subtypes#the-achiever-type-3,sp1 vs sp9,0,4,0.00,11.3
https://9takes.com/enneagram-corner/enneagram-instinctual-subtypes#the-achiever-type-3,sp1 vs sp9 enneagram,0,6,0.00,9.2
https://9takes.com/enneagram-corner/enneagram-instinctual-subtypes#the-achiever-type-3,sp9 vs sp1,0,2,0.00,9.0
https://9takes.com/enneagram-corner/enneagram-instinctual-subtypes#the-achiever-type-3,sp9 vs sx9 enneagram,0,1,0.00,11.0
https://9takes.com/enneagram-corner/enneagram-instinctual-subtypes#the-enthusiast-type-7,enneagram test sp so sx,0,1,0.00,10.0
https://9takes.com/enneagram-corner/enneagram-instinctual-subtypes#the-enthusiast-type-7,social blind enneagram,0,1,0.00,12.0
https://9takes.com/enneagram-corner/enneagram-instinctual-subtypes#the-enthusiast-type-7,sp 9 vs sp x,0,1,0.00,12.0
https://9takes.com/enneagram-corner/enneagram-instinctual-subtypes#the-enthusiast-type-7,sp blind enneagram,0,42,0.00,11.0
https://9takes.com/enneagram-corner/enneagram-instinctual-subtypes#the-enthusiast-type-7,sp-9 vs sp-x,0,1,0.00,10.0
https://9takes.com/enneagram-corner/enneagram-instinctual-subtypes#the-enthusiast-type-7,sp/sx enneagram test,0,1,0.00,12.0
https://9takes.com/enneagram-corner/enneagram-instinctual-subtypes#the-enthusiast-type-7,sp1 vs sp9,0,4,0.00,11.3
https://9takes.com/enneagram-corner/enneagram-instinctual-subtypes#the-enthusiast-type-7,sp1 vs sp9 enneagram,0,6,0.00,9.2
https://9takes.com/enneagram-corner/enneagram-instinctual-subtypes#the-enthusiast-type-7,sp9 vs sp1,0,2,0.00,9.0
https://9takes.com/enneagram-corner/enneagram-instinctual-subtypes#the-enthusiast-type-7,sp9 vs sx9 enneagram,0,1,0.00,11.0
https://9takes.com/enneagram-corner/enneagram-instinctual-subtypes#the-helper-type-2,enneagram instinctual variants test questions sp so sx,0,2,0.00,9.0
https://9takes.com/enneagram-corner/enneagram-instinctual-subtypes#the-helper-type-2,enneagram test sp so sx,0,2,0.00,10.5
https://9takes.com/enneagram-corner/enneagram-instinctual-subtypes#the-helper-type-2,social blind enneagram,0,3,0.00,9.7
https://9takes.com/enneagram-corner/enneagram-instinctual-subtypes#the-helper-type-2,social blind instinctual variant,0,1,0.00,9.0
https://9takes.com/enneagram-corner/enneagram-instinctual-subtypes#the-helper-type-2,sp 9 vs sp x,0,3,0.00,11.0
https://9takes.com/enneagram-corner/enneagram-instinctual-subtypes#the-helper-type-2,sp blind enneagram,0,58,0.00,10.8
https://9takes.com/enneagram-corner/enneagram-instinctual-subtypes#the-helper-type-2,sp-9 vs sp-x,0,3,0.00,9.7
https://9takes.com/enneagram-corner/enneagram-instinctual-subtypes#the-helper-type-2,sp/sx enneagram test,0,1,0.00,12.0
https://9takes.com/enneagram-corner/enneagram-instinctual-subtypes#the-helper-type-2,sp1 vs sp9,0,8,0.00,10.0
https://9takes.com/enneagram-corner/enneagram-instinctual-subtypes#the-helper-type-2,sp1 vs sp9 enneagram,0,7,0.00,9.6
https://9takes.com/enneagram-corner/enneagram-instinctual-subtypes#the-helper-type-2,sp9 vs sp1,0,2,0.00,9.0
https://9takes.com/enneagram-corner/enneagram-instinctual-subtypes#the-helper-type-2,sp9 vs sx9 enneagram,0,1,0.00,11.0
https://9takes.com/enneagram-corner/enneagram-instinctual-subtypes#the-investigator-type-5,enneagram test sp so sx,0,1,0.00,10.0
https://9takes.com/enneagram-corner/enneagram-instinctual-subtypes#the-investigator-type-5,social blind enneagram,0,1,0.00,12.0
https://9takes.com/enneagram-corner/enneagram-instinctual-subtypes#the-investigator-type-5,sp 9 vs sp x,0,1,0.00,12.0
https://9takes.com/enneagram-corner/enneagram-instinctual-subtypes#the-investigator-type-5,sp blind enneagram,0,42,0.00,11.0
https://9takes.com/enneagram-corner/enneagram-instinctual-subtypes#the-investigator-type-5,sp-9 vs sp-x,0,1,0.00,10.0
https://9takes.com/enneagram-corner/enneagram-instinctual-subtypes#the-investigator-type-5,sp/sx enneagram test,0,1,0.00,12.0
https://9takes.com/enneagram-corner/enneagram-instinctual-subtypes#the-investigator-type-5,sp1 vs sp9,0,4,0.00,11.3
https://9takes.com/enneagram-corner/enneagram-instinctual-subtypes#the-investigator-type-5,sp1 vs sp9 enneagram,0,6,0.00,9.2
https://9takes.com/enneagram-corner/enneagram-instinctual-subtypes#the-investigator-type-5,sp9 vs sp1,0,2,0.00,9.0
https://9takes.com/enneagram-corner/enneagram-instinctual-subtypes#the-investigator-type-5,sp9 vs sx9 enneagram,0,1,0.00,11.0
https://9takes.com/enneagram-corner/enneagram-instinctual-subtypes#the-perfectionist-type-1,enneagram test sp so sx,0,1,0.00,10.0
https://9takes.com/enneagram-corner/enneagram-instinctual-subtypes#the-perfectionist-type-1,social blind enneagram,0,1,0.00,12.0
https://9takes.com/enneagram-corner/enneagram-instinctual-subtypes#the-perfectionist-type-1,sp 9 vs sp x,0,1,0.00,12.0
https://9takes.com/enneagram-corner/enneagram-instinctual-subtypes#the-perfectionist-type-1,sp blind enneagram,0,42,0.00,11.0
https://9takes.com/enneagram-corner/enneagram-instinctual-subtypes#the-perfectionist-type-1,sp-9 vs sp-x,0,1,0.00,10.0
https://9takes.com/enneagram-corner/enneagram-instinctual-subtypes#the-perfectionist-type-1,sp/sx enneagram test,0,1,0.00,12.0
https://9takes.com/enneagram-corner/enneagram-instinctual-subtypes#the-perfectionist-type-1,sp1 vs sp9,0,4,0.00,11.3
https://9takes.com/enneagram-corner/enneagram-instinctual-subtypes#the-perfectionist-type-1,sp1 vs sp9 enneagram,0,6,0.00,9.2
https://9takes.com/enneagram-corner/enneagram-instinctual-subtypes#the-perfectionist-type-1,sp9 vs sp1,0,2,0.00,9.0
https://9takes.com/enneagram-corner/enneagram-instinctual-subtypes#the-perfectionist-type-1,sp9 vs sx9 enneagram,0,1,0.00,11.0
https://9takes.com/enneagram-corner/enneagram-instinctual-subtypes#why-instinctual-subtypes-matter,enneagram instinctual variants test questions sp so sx,0,2,0.00,9.0
https://9takes.com/enneagram-corner/enneagram-instinctual-subtypes#why-instinctual-subtypes-matter,enneagram test sp so sx,0,2,0.00,10.5
https://9takes.com/enneagram-corner/enneagram-instinctual-subtypes#why-instinctual-subtypes-matter,social blind enneagram,0,3,0.00,9.7
https://9takes.com/enneagram-corner/enneagram-instinctual-subtypes#why-instinctual-subtypes-matter,social blind instinctual variant,0,1,0.00,9.0
https://9takes.com/enneagram-corner/enneagram-instinctual-subtypes#why-instinctual-subtypes-matter,sp 9 vs sp x,0,3,0.00,11.0
https://9takes.com/enneagram-corner/enneagram-instinctual-subtypes#why-instinctual-subtypes-matter,sp blind enneagram,0,58,0.00,10.8
https://9takes.com/enneagram-corner/enneagram-instinctual-subtypes#why-instinctual-subtypes-matter,sp-9 vs sp-x,0,3,0.00,9.7
https://9takes.com/enneagram-corner/enneagram-instinctual-subtypes#why-instinctual-subtypes-matter,sp/sx enneagram test,0,1,0.00,12.0
https://9takes.com/enneagram-corner/enneagram-instinctual-subtypes#why-instinctual-subtypes-matter,sp1 vs sp9,0,8,0.00,10.0
https://9takes.com/enneagram-corner/enneagram-instinctual-subtypes#why-instinctual-subtypes-matter,sp1 vs sp9 enneagram,0,7,0.00,9.6
https://9takes.com/enneagram-corner/enneagram-instinctual-subtypes#why-instinctual-subtypes-matter,sp9 vs sp1,0,2,0.00,9.0
https://9takes.com/enneagram-corner/enneagram-instinctual-subtypes#why-instinctual-subtypes-matter,sp9 vs sx9 enneagram,0,1,0.00,11.0
https://9takes.com/enneagram-corner/enneagram-leadership,enneagram and leadership,0,289,0.00,58.1
https://9takes.com/enneagram-corner/enneagram-leadership,enneagram leadership,0,3,0.00,48.3
https://9takes.com/enneagram-corner/enneagram-leadership,enneagram leadership styles,0,6,0.00,43.5
https://9takes.com/enneagram-corner/enneagram-leadership,enneagram leadership types,0,14,0.00,45.5
https://9takes.com/enneagram-corner/enneagram-leadership,leadership enneagram,0,16,0.00,57.8
https://9takes.com/enneagram-corner/enneagram-leadership,site:9takes.com,0,3,0.00,65.7
https://9takes.com/enneagram-corner/enneagram-mental-health-flags,enneagram mental illness,0,2,0.00,22.5
https://9takes.com/enneagram-corner/enneagram-object-relations,enneagram object relations attachment types 3 6 9,0,5,0.00,10.6
https://9takes.com/enneagram-corner/enneagram-parenting-styles,9takes,0,1,0.00,1.0
https://9takes.com/enneagram-corner/enneagram-parenting-styles,enneagram and parenting,0,530,0.00,40.3
https://9takes.com/enneagram-corner/enneagram-parenting-styles,enneagram parent child relationship,0,2,0.00,45.5
https://9takes.com/enneagram-corner/enneagram-parenting-styles,enneagram parenting,0,3,0.00,30.3
https://9takes.com/enneagram-corner/enneagram-parenting-styles,site:9takes.com,0,1,0.00,169.0
https://9takes.com/enneagram-corner/enneagram-party-planner,enneagram games,0,4,0.00,64.0
https://9takes.com/enneagram-corner/enneagram-party-planner,enneagram games for groups,0,4,0.00,77.5
https://9takes.com/enneagram-corner/enneagram-party-planner,site:9takes.com,0,1,0.00,156.0
https://9takes.com/enneagram-corner/enneagram-personal-growth,3w9 enneagram,0,2,0.00,76.5
https://9takes.com/enneagram-corner/enneagram-personal-growth,enneagram 3 growth,0,2,0.00,51.0
https://9takes.com/enneagram-corner/enneagram-personal-growth,enneagram 3 in growth,0,7,0.00,49.7
https://9takes.com/enneagram-corner/enneagram-personal-growth,enneagram 3 in stress and growth,0,1,0.00,76.0
https://9takes.com/enneagram-corner/enneagram-personal-growth,enneagram 3 stress and growth,0,3,0.00,37.0
https://9takes.com/enneagram-corner/enneagram-personal-growth,enneagram 9 growth,0,7,0.00,37.4
https://9takes.com/enneagram-corner/enneagram-personal-growth,enneagram 9 growth and stress,0,2,0.00,33.0
https://9takes.com/enneagram-corner/enneagram-personal-growth,enneagram 9 growth path,0,2,0.00,39.5
https://9takes.com/enneagram-corner/enneagram-personal-growth,enneagram 9 in growth,0,10,0.00,43.1
https://9takes.com/enneagram-corner/enneagram-personal-growth,enneagram 9 in stress and growth,0,2,0.00,41.5
https://9takes.com/enneagram-corner/enneagram-personal-growth,enneagram 9 integration to 3,0,2,0.00,27.0
https://9takes.com/enneagram-corner/enneagram-personal-growth,enneagram 9 stress and growth,0,2,0.00,95.0
https://9takes.com/enneagram-corner/enneagram-personal-growth,enneagram 9 wing 3,0,3,0.00,67.7
https://9takes.com/enneagram-corner/enneagram-personal-growth,enneagram for personal growth,0,695,0.00,21.9
https://9takes.com/enneagram-corner/enneagram-personal-growth,enneagram growth,0,66,0.00,27.1
https://9takes.com/enneagram-corner/enneagram-personal-growth,enneagram growth and stress,0,3,0.00,72.0
https://9takes.com/enneagram-corner/enneagram-personal-growth,enneagram growth levels,0,12,0.00,43.3
https://9takes.com/enneagram-corner/enneagram-personal-growth,enneagram growth paths,0,1,0.00,35.0
https://9takes.com/enneagram-corner/enneagram-personal-growth,enneagram stress and growth,0,7,0.00,50.4
https://9takes.com/enneagram-corner/enneagram-personal-growth,enneagram type 9 growth,0,9,0.00,38.1
https://9takes.com/enneagram-corner/enneagram-personal-growth,enneagram type 9 personal growth,0,1,0.00,34.0
https://9takes.com/enneagram-corner/enneagram-personal-growth,site:9takes.com,0,1,0.00,160.0
https://9takes.com/enneagram-corner/enneagram-science-mental-health,apa enneagram scientific evidence,0,3,0.00,10.3
https://9takes.com/enneagram-corner/enneagram-science-mental-health,apa enneagram scientific validity,0,1,0.00,11.0
https://9takes.com/enneagram-corner/enneagram-science-mental-health,enneagram empirical validity peer reviewed review,0,3,0.00,11.0
https://9takes.com/enneagram-corner/enneagram-science-mental-health,enneagram empirical validity review,0,1,0.00,12.0
https://9takes.com/enneagram-corner/enneagram-science-mental-health,enneagram lacks rigorous scientific validation source,0,6,0.00,10.3
https://9takes.com/enneagram-corner/enneagram-science-mental-health,enneagram lacks scientific evidence source,0,1,0.00,12.0
https://9takes.com/enneagram-corner/enneagram-science-mental-health,enneagram lacks scientific validity source,0,1,0.00,12.0
https://9takes.com/enneagram-corner/enneagram-science-mental-health,enneagram scientific evidence review,0,1,0.00,11.0
https://9takes.com/enneagram-corner/enneagram-science-mental-health,enneagram scientific validity evidence,0,2,0.00,18.0
https://9takes.com/enneagram-corner/enneagram-science-mental-health,enneagram scientific validity peer reviewed review,0,1,0.00,10.0
https://9takes.com/enneagram-corner/enneagram-science-mental-health,enneagram scientific validity review peer reviewed,0,1,0.00,11.0
https://9takes.com/enneagram-corner/enneagram-science-mental-health,health.com enneagram lacks rigorous scientific validation,0,8,0.00,8.0
https://9takes.com/enneagram-corner/enneagram-science-mental-health,is enneagram scientifically valid,0,1,0.00,13.0
https://9takes.com/enneagram-corner/enneagram-science-mental-health,is the enneagram scientifically valid,0,2,0.00,12.5
https://9takes.com/enneagram-corner/enneagram-science-mental-health,peer reviewed enneagram validity review,0,1,0.00,12.0
https://9takes.com/enneagram-corner/enneagram-self-development,enneagram for personal growth,0,12,0.00,64.8
https://9takes.com/enneagram-corner/enneagram-strengths-and-weaknesses,9 enneagram types,0,1,0.00,3.0
https://9takes.com/enneagram-corner/enneagram-strengths-and-weaknesses,analytical personality type strengths and weaknesses,0,5,0.00,72.8
https://9takes.com/enneagram-corner/enneagram-strengths-and-weaknesses,eneagram type 6,0,1,0.00,3.0
https://9takes.com/enneagram-corner/enneagram-strengths-and-weaknesses,enneagram 1 strengths and weaknesses,0,1,0.00,10.0
https://9takes.com/enneagram-corner/enneagram-strengths-and-weaknesses,enneagram 1 weaknesses,0,11,0.00,10.5
https://9takes.com/enneagram-corner/enneagram-strengths-and-weaknesses,enneagram 2 strengths and weaknesses,0,5,0.00,25.6
https://9takes.com/enneagram-corner/enneagram-strengths-and-weaknesses,enneagram 3 strengths and weaknesses,0,6,0.00,19.0
https://9takes.com/enneagram-corner/enneagram-strengths-and-weaknesses,enneagram 3 weaknesses,0,6,0.00,16.5
https://9takes.com/enneagram-corner/enneagram-strengths-and-weaknesses,enneagram 4,0,21,0.00,3.7
https://9takes.com/enneagram-corner/enneagram-strengths-and-weaknesses,enneagram 4 strengths and weaknesses,0,7,0.00,25.9
https://9takes.com/enneagram-corner/enneagram-strengths-and-weaknesses,enneagram 6 deadly sin,0,1,0.00,3.0
https://9takes.com/enneagram-corner/enneagram-strengths-and-weaknesses,enneagram 6 with 5 wing,0,1,0.00,3.0
https://9takes.com/enneagram-corner/enneagram-strengths-and-weaknesses,enneagram 9,0,8,0.00,3.4
https://9takes.com/enneagram-corner/enneagram-strengths-and-weaknesses,enneagram 9 strengths and weaknesses,0,16,0.00,12.0
https://9takes.com/enneagram-corner/enneagram-strengths-and-weaknesses,enneagram 9 weaknesses,0,10,0.00,17.8
https://9takes.com/enneagram-corner/enneagram-strengths-and-weaknesses,enneagram chart,0,1,0.00,5.0
https://9takes.com/enneagram-corner/enneagram-strengths-and-weaknesses,enneagram flaws,0,5,0.00,7.8
https://9takes.com/enneagram-corner/enneagram-strengths-and-weaknesses,enneagram four,0,1,0.00,4.0
https://9takes.com/enneagram-corner/enneagram-strengths-and-weaknesses,enneagram test number 9,0,1,0.00,3.0
https://9takes.com/enneagram-corner/enneagram-strengths-and-weaknesses,enneagram type 1 strengths and weaknesses,0,9,0.00,12.7
https://9takes.com/enneagram-corner/enneagram-strengths-and-weaknesses,enneagram type 2 strengths and weaknesses,0,5,0.00,17.6
https://9takes.com/enneagram-corner/enneagram-strengths-and-weaknesses,enneagram type 3 strengths and weaknesses,0,5,0.00,9.6
https://9takes.com/enneagram-corner/enneagram-strengths-and-weaknesses,enneagram type 3 weaknesses,0,2,0.00,11.5
https://9takes.com/enneagram-corner/enneagram-strengths-and-weaknesses,enneagram type 4,0,5,0.00,3.8
https://9takes.com/enneagram-corner/enneagram-strengths-and-weaknesses,enneagram type 4 strengths and weaknesses,0,2,0.00,11.0
https://9takes.com/enneagram-corner/enneagram-strengths-and-weaknesses,enneagram type 5 strengths and weaknesses,0,2,0.00,10.0
https://9takes.com/enneagram-corner/enneagram-strengths-and-weaknesses,enneagram type 6 strengths and weaknesses,0,1,0.00,21.0
https://9takes.com/enneagram-corner/enneagram-strengths-and-weaknesses,enneagram type 7 strengths and weaknesses,0,3,0.00,13.3
https://9takes.com/enneagram-corner/enneagram-strengths-and-weaknesses,enneagram type 9,0,1,0.00,3.0
https://9takes.com/enneagram-corner/enneagram-strengths-and-weaknesses,enneagram type 9 strengths and weaknesses,0,8,0.00,8.3
https://9takes.com/enneagram-corner/enneagram-strengths-and-weaknesses,enneagram types,0,1,0.00,3.0
https://9takes.com/enneagram-corner/enneagram-strengths-and-weaknesses,enneagram types strengths and weaknesses,0,42,0.00,6.8
https://9takes.com/enneagram-corner/enneagram-strengths-and-weaknesses,enneagram vices,0,1,0.00,62.0
https://9takes.com/enneagram-corner/enneagram-strengths-and-weaknesses,enneagram weaknesses,0,30,0.00,8.7
https://9takes.com/enneagram-corner/enneagram-strengths-and-weaknesses,ennegram 9,0,1,0.00,3.0
https://9takes.com/enneagram-corner/enneagram-strengths-and-weaknesses,individualist personality,0,1,0.00,3.0
https://9takes.com/enneagram-corner/enneagram-strengths-and-weaknesses,so4 enneagram,0,1,0.00,4.0
https://9takes.com/enneagram-corner/enneagram-strengths-and-weaknesses,type 4 enneagram,0,5,0.00,3.2
https://9takes.com/enneagram-corner/enneagram-strengths-and-weaknesses,type 5 enneagram,0,1,0.00,3.0
https://9takes.com/enneagram-corner/enneagram-strengths-and-weaknesses,what is an enneagram 4,0,1,0.00,3.0
https://9takes.com/enneagram-corner/enneagram-strengths-and-weaknesses#strengths-in-different-contexts,enneagram 1 strengths and weaknesses,0,1,0.00,10.0
https://9takes.com/enneagram-corner/enneagram-strengths-and-weaknesses#strengths-in-different-contexts,enneagram 1 weaknesses,0,3,0.00,11.7
https://9takes.com/enneagram-corner/enneagram-strengths-and-weaknesses#strengths-in-different-contexts,enneagram 3 strengths and weaknesses,0,1,0.00,12.0
https://9takes.com/enneagram-corner/enneagram-strengths-and-weaknesses#strengths-in-different-contexts,enneagram 3 weaknesses,0,2,0.00,11.5
https://9takes.com/enneagram-corner/enneagram-strengths-and-weaknesses#strengths-in-different-contexts,enneagram 9 strengths and weaknesses,0,8,0.00,11.1
https://9takes.com/enneagram-corner/enneagram-strengths-and-weaknesses#strengths-in-different-contexts,enneagram strengths and weaknesses,0,91,0.00,5.0
https://9takes.com/enneagram-corner/enneagram-strengths-and-weaknesses#type-1---the-perfectionist,enneagram 1 strengths and weaknesses,0,1,0.00,10.0
https://9takes.com/enneagram-corner/enneagram-strengths-and-weaknesses#type-1---the-perfectionist,enneagram 1 weaknesses,0,3,0.00,11.7
https://9takes.com/enneagram-corner/enneagram-strengths-and-weaknesses#type-1---the-perfectionist,enneagram 3 strengths and weaknesses,0,1,0.00,12.0
https://9takes.com/enneagram-corner/enneagram-strengths-and-weaknesses#type-1---the-perfectionist,enneagram 3 weaknesses,0,1,0.00,12.0
https://9takes.com/enneagram-corner/enneagram-strengths-and-weaknesses#type-1---the-perfectionist,enneagram 9 strengths and weaknesses,0,8,0.00,11.1
https://9takes.com/enneagram-corner/enneagram-strengths-and-weaknesses#type-1---the-perfectionist,enneagram strengths and weaknesses,0,91,0.00,5.0
https://9takes.com/enneagram-corner/enneagram-strengths-and-weaknesses#type-1---the-perfectionist,enneagram type 1 strengths and weaknesses,0,4,0.00,9.0
https://9takes.com/enneagram-corner/enneagram-strengths-and-weaknesses#type-1---the-perfectionist,enneagram type 2 strengths and weaknesses,0,1,0.00,10.0
https://9takes.com/enneagram-corner/enneagram-strengths-and-weaknesses#type-1---the-perfectionist,enneagram type 3 strengths and weaknesses,0,5,0.00,9.6
https://9takes.com/enneagram-corner/enneagram-strengths-and-weaknesses#type-1---the-perfectionist,enneagram type 4 strengths and weaknesses,0,2,0.00,11.0
https://9takes.com/enneagram-corner/enneagram-strengths-and-weaknesses#type-1---the-perfectionist,enneagram type 5 strengths and weaknesses,0,2,0.00,10.0
https://9takes.com/enneagram-corner/enneagram-strengths-and-weaknesses#type-1---the-perfectionist,enneagram type 7 strengths and weaknesses,0,2,0.00,10.0
https://9takes.com/enneagram-corner/enneagram-strengths-and-weaknesses#type-1---the-perfectionist,enneagram type 9 strengths and weaknesses,0,5,0.00,5.2
https://9takes.com/enneagram-corner/enneagram-strengths-and-weaknesses#type-1---the-perfectionist,enneagram types strengths and weaknesses,0,29,0.00,5.7
https://9takes.com/enneagram-corner/enneagram-strengths-and-weaknesses#type-1---the-perfectionist,enneagram weaknesses,0,3,0.00,8.0
https://9takes.com/enneagram-corner/enneagram-strengths-and-weaknesses#type-2---the-helper,enneagram 1 strengths and weaknesses,0,1,0.00,10.0
https://9takes.com/enneagram-corner/enneagram-strengths-and-weaknesses#type-2---the-helper,enneagram 1 weaknesses,0,3,0.00,11.7
https://9takes.com/enneagram-corner/enneagram-strengths-and-weaknesses#type-2---the-helper,enneagram 3 strengths and weaknesses,0,1,0.00,12.0
https://9takes.com/enneagram-corner/enneagram-strengths-and-weaknesses#type-2---the-helper,enneagram 3 weaknesses,0,1,0.00,12.0
https://9takes.com/enneagram-corner/enneagram-strengths-and-weaknesses#type-2---the-helper,enneagram 9 strengths and weaknesses,0,8,0.00,11.1
https://9takes.com/enneagram-corner/enneagram-strengths-and-weaknesses#type-2---the-helper,enneagram strengths and weaknesses,0,51,0.00,5.0
https://9takes.com/enneagram-corner/enneagram-strengths-and-weaknesses#type-2---the-helper,enneagram type 1 strengths and weaknesses,0,3,0.00,9.0
https://9takes.com/enneagram-corner/enneagram-strengths-and-weaknesses#type-2---the-helper,enneagram type 2 strengths and weaknesses,0,1,0.00,10.0
https://9takes.com/enneagram-corner/enneagram-strengths-and-weaknesses#type-2---the-helper,enneagram type 3 strengths and weaknesses,0,3,0.00,10.0
https://9takes.com/enneagram-corner/enneagram-strengths-and-weaknesses#type-2---the-helper,enneagram type 7 strengths and weaknesses,0,1,0.00,10.0
https://9takes.com/enneagram-corner/enneagram-strengths-and-weaknesses#type-2---the-helper,enneagram type 9 strengths and weaknesses,0,5,0.00,5.2
https://9takes.com/enneagram-corner/enneagram-strengths-and-weaknesses#type-2---the-helper,enneagram types strengths and weaknesses,0,12,0.00,5.9
https://9takes.com/enneagram-corner/enneagram-strengths-and-weaknesses#type-2---the-helper,enneagram weaknesses,0,2,0.00,6.5
https://9takes.com/enneagram-corner/enneagram-strengths-and-weaknesses#type-3---the-achiever,enneagram 1 strengths and weaknesses,0,1,0.00,10.0
https://9takes.com/enneagram-corner/enneagram-strengths-and-weaknesses#type-3---the-achiever,enneagram 1 weaknesses,0,3,0.00,11.7
https://9takes.com/enneagram-corner/enneagram-strengths-and-weaknesses#type-3---the-achiever,enneagram 3 strengths and weaknesses,0,1,0.00,12.0
https://9takes.com/enneagram-corner/enneagram-strengths-and-weaknesses#type-3---the-achiever,enneagram 3 weaknesses,0,2,0.00,11.5
https://9takes.com/enneagram-corner/enneagram-strengths-and-weaknesses#type-3---the-achiever,enneagram 9 strengths and weaknesses,0,8,0.00,11.1
https://9takes.com/enneagram-corner/enneagram-strengths-and-weaknesses#type-3---the-achiever,enneagram strengths and weaknesses,0,51,0.00,5.0
https://9takes.com/enneagram-corner/enneagram-strengths-and-weaknesses#type-3---the-achiever,enneagram type 1 strengths and weaknesses,0,3,0.00,9.0
https://9takes.com/enneagram-corner/enneagram-strengths-and-weaknesses#type-3---the-achiever,enneagram type 2 strengths and weaknesses,0,1,0.00,10.0
https://9takes.com/enneagram-corner/enneagram-strengths-and-weaknesses#type-3---the-achiever,enneagram type 3 strengths and weaknesses,0,5,0.00,9.6
https://9takes.com/enneagram-corner/enneagram-strengths-and-weaknesses#type-3---the-achiever,enneagram type 7 strengths and weaknesses,0,1,0.00,10.0
https://9takes.com/enneagram-corner/enneagram-strengths-and-weaknesses#type-3---the-achiever,enneagram type 9 strengths and weaknesses,0,5,0.00,5.2
https://9takes.com/enneagram-corner/enneagram-strengths-and-weaknesses#type-3---the-achiever,enneagram types strengths and weaknesses,0,12,0.00,5.9
https://9takes.com/enneagram-corner/enneagram-strengths-and-weaknesses#type-3---the-achiever,enneagram weaknesses,0,2,0.00,6.5
https://9takes.com/enneagram-corner/enneagram-strengths-and-weaknesses#type-4---the-individualist,enneagram 1 strengths and weaknesses,0,1,0.00,10.0
https://9takes.com/enneagram-corner/enneagram-strengths-and-weaknesses#type-4---the-individualist,enneagram 1 weaknesses,0,3,0.00,11.7
https://9takes.com/enneagram-corner/enneagram-strengths-and-weaknesses#type-4---the-individualist,enneagram 3 strengths and weaknesses,0,1,0.00,12.0
https://9takes.com/enneagram-corner/enneagram-strengths-and-weaknesses#type-4---the-individualist,enneagram 3 weaknesses,0,1,0.00,12.0
https://9takes.com/enneagram-corner/enneagram-strengths-and-weaknesses#type-4---the-individualist,enneagram 9 strengths and weaknesses,0,8,0.00,11.1
https://9takes.com/enneagram-corner/enneagram-strengths-and-weaknesses#type-4---the-individualist,enneagram strengths and weaknesses,0,51,0.00,5.0
https://9takes.com/enneagram-corner/enneagram-strengths-and-weaknesses#type-4---the-individualist,enneagram type 1 strengths and weaknesses,0,4,0.00,9.0
https://9takes.com/enneagram-corner/enneagram-strengths-and-weaknesses#type-4---the-individualist,enneagram type 2 strengths and weaknesses,0,1,0.00,10.0
https://9takes.com/enneagram-corner/enneagram-strengths-and-weaknesses#type-4---the-individualist,enneagram type 3 strengths and weaknesses,0,3,0.00,10.0
https://9takes.com/enneagram-corner/enneagram-strengths-and-weaknesses#type-4---the-individualist,enneagram type 4 strengths and weaknesses,0,2,0.00,11.0
https://9takes.com/enneagram-corner/enneagram-strengths-and-weaknesses#type-4---the-individualist,enneagram type 7 strengths and weaknesses,0,1,0.00,10.0
https://9takes.com/enneagram-corner/enneagram-strengths-and-weaknesses#type-4---the-individualist,enneagram type 9 strengths and weaknesses,0,5,0.00,5.2
https://9takes.com/enneagram-corner/enneagram-strengths-and-weaknesses#type-4---the-individualist,enneagram types strengths and weaknesses,0,28,0.00,5.6
https://9takes.com/enneagram-corner/enneagram-strengths-and-weaknesses#type-4---the-individualist,enneagram weaknesses,0,3,0.00,8.0
https://9takes.com/enneagram-corner/enneagram-strengths-and-weaknesses#type-5---the-investigator,enneagram 1 strengths and weaknesses,0,1,0.00,10.0
https://9takes.com/enneagram-corner/enneagram-strengths-and-weaknesses#type-5---the-investigator,enneagram 1 weaknesses,0,3,0.00,11.7
https://9takes.com/enneagram-corner/enneagram-strengths-and-weaknesses#type-5---the-investigator,enneagram 3 strengths and weaknesses,0,1,0.00,12.0
https://9takes.com/enneagram-corner/enneagram-strengths-and-weaknesses#type-5---the-investigator,enneagram 3 weaknesses,0,1,0.00,12.0
https://9takes.com/enneagram-corner/enneagram-strengths-and-weaknesses#type-5---the-investigator,enneagram strengths and weaknesses,0,50,0.00,5.0
https://9takes.com/enneagram-corner/enneagram-strengths-and-weaknesses#type-5---the-investigator,enneagram type 1 strengths and weaknesses,0,3,0.00,9.0
https://9takes.com/enneagram-corner/enneagram-strengths-and-weaknesses#type-5---the-investigator,enneagram type 2 strengths and weaknesses,0,1,0.00,10.0
https://9takes.com/enneagram-corner/enneagram-strengths-and-weaknesses#type-5---the-investigator,enneagram type 3 strengths and weaknesses,0,3,0.00,10.0
https://9takes.com/enneagram-corner/enneagram-strengths-and-weaknesses#type-5---the-investigator,enneagram type 5 strengths and weaknesses,0,2,0.00,10.0
https://9takes.com/enneagram-corner/enneagram-strengths-and-weaknesses#type-5---the-investigator,enneagram type 7 strengths and weaknesses,0,1,0.00,10.0
https://9takes.com/enneagram-corner/enneagram-strengths-and-weaknesses#type-5---the-investigator,enneagram type 9 strengths and weaknesses,0,5,0.00,5.2
https://9takes.com/enneagram-corner/enneagram-strengths-and-weaknesses#type-5---the-investigator,enneagram types strengths and weaknesses,0,12,0.00,5.9
https://9takes.com/enneagram-corner/enneagram-strengths-and-weaknesses#type-5---the-investigator,enneagram weaknesses,0,2,0.00,6.5
https://9takes.com/enneagram-corner/enneagram-strengths-and-weaknesses#type-6---the-loyalist,enneagram type 1 strengths and weaknesses,0,3,0.00,9.0
https://9takes.com/enneagram-corner/enneagram-strengths-and-weaknesses#type-6---the-loyalist,enneagram type 2 strengths and weaknesses,0,1,0.00,10.0
https://9takes.com/enneagram-corner/enneagram-strengths-and-weaknesses#type-6---the-loyalist,enneagram type 3 strengths and weaknesses,0,3,0.00,10.0
https://9takes.com/enneagram-corner/enneagram-strengths-and-weaknesses#type-6---the-loyalist,enneagram types strengths and weaknesses,0,11,0.00,5.5
https://9takes.com/enneagram-corner/enneagram-strengths-and-weaknesses#type-6---the-loyalist,enneagram weaknesses,0,2,0.00,6.5
https://9takes.com/enneagram-corner/enneagram-strengths-and-weaknesses#type-7---the-enthusiast,enneagram type 7 strengths and weaknesses,0,2,0.00,10.0
https://9takes.com/enneagram-corner/enneagram-strengths-and-weaknesses#type-8---the-challenger,enneagram strengths and weaknesses,0,1,0.00,4.0
https://9takes.com/enneagram-corner/enneagram-strengths-and-weaknesses#type-8---the-challenger,enneagram types strengths and weaknesses,0,2,0.00,9.0
https://9takes.com/enneagram-corner/enneagram-strengths-and-weaknesses#type-9---the-peacemaker,enneagram 9 strengths and weaknesses,0,8,0.00,11.1
https://9takes.com/enneagram-corner/enneagram-strengths-and-weaknesses#type-9---the-peacemaker,enneagram type 9 strengths and weaknesses,0,5,0.00,5.2
https://9takes.com/enneagram-corner/enneagram-strengths-and-weaknesses#working-with-your-weaknesses-a-strategic-approach,enneagram 1 strengths and weaknesses,0,1,0.00,10.0
https://9takes.com/enneagram-corner/enneagram-strengths-and-weaknesses#working-with-your-weaknesses-a-strategic-approach,enneagram 1 weaknesses,0,3,0.00,11.7
https://9takes.com/enneagram-corner/enneagram-strengths-and-weaknesses#working-with-your-weaknesses-a-strategic-approach,enneagram 3 strengths and weaknesses,0,1,0.00,12.0
https://9takes.com/enneagram-corner/enneagram-strengths-and-weaknesses#working-with-your-weaknesses-a-strategic-approach,enneagram 3 weaknesses,0,2,0.00,11.5
https://9takes.com/enneagram-corner/enneagram-strengths-and-weaknesses#working-with-your-weaknesses-a-strategic-approach,enneagram 9 strengths and weaknesses,0,8,0.00,11.1
https://9takes.com/enneagram-corner/enneagram-strengths-and-weaknesses#working-with-your-weaknesses-a-strategic-approach,enneagram strengths and weaknesses,0,91,0.00,5.0
https://9takes.com/enneagram-corner/enneagram-strengths-and-weaknesses#working-with-your-weaknesses-a-strategic-approach,enneagram type 1 strengths and weaknesses,0,4,0.00,9.0
https://9takes.com/enneagram-corner/enneagram-strengths-and-weaknesses#working-with-your-weaknesses-a-strategic-approach,enneagram type 2 strengths and weaknesses,0,1,0.00,10.0
https://9takes.com/enneagram-corner/enneagram-strengths-and-weaknesses#working-with-your-weaknesses-a-strategic-approach,enneagram type 3 strengths and weaknesses,0,5,0.00,9.6
https://9takes.com/enneagram-corner/enneagram-strengths-and-weaknesses#working-with-your-weaknesses-a-strategic-approach,enneagram type 4 strengths and weaknesses,0,2,0.00,11.0
https://9takes.com/enneagram-corner/enneagram-strengths-and-weaknesses#working-with-your-weaknesses-a-strategic-approach,enneagram type 5 strengths and weaknesses,0,2,0.00,10.0
https://9takes.com/enneagram-corner/enneagram-strengths-and-weaknesses#working-with-your-weaknesses-a-strategic-approach,enneagram type 7 strengths and weaknesses,0,2,0.00,10.0
https://9takes.com/enneagram-corner/enneagram-strengths-and-weaknesses#working-with-your-weaknesses-a-strategic-approach,enneagram type 9 strengths and weaknesses,0,5,0.00,5.2
https://9takes.com/enneagram-corner/enneagram-strengths-and-weaknesses#working-with-your-weaknesses-a-strategic-approach,enneagram types strengths and weaknesses,0,29,0.00,5.7
https://9takes.com/enneagram-corner/enneagram-strengths-and-weaknesses#working-with-your-weaknesses-a-strategic-approach,enneagram weaknesses,0,3,0.00,8.0
https://9takes.com/enneagram-corner/enneagram-stress-number,enneagram 1 in stress,0,10,0.00,65.6
https://9takes.com/enneagram-corner/enneagram-stress-number,enneagram 1 stress,0,5,0.00,50.2
https://9takes.com/enneagram-corner/enneagram-stress-number,enneagram 1 stress and growth,0,1,0.00,47.0
https://9takes.com/enneagram-corner/enneagram-stress-number,enneagram 1 under stress,0,3,0.00,78.3
https://9takes.com/enneagram-corner/enneagram-stress-number,enneagram 2 in stress,0,2,0.00,95.0
https://9takes.com/enneagram-corner/enneagram-stress-number,enneagram 3 in stress,0,2,0.00,78.5
https://9takes.com/enneagram-corner/enneagram-stress-number,enneagram 3 stress,0,2,0.00,44.0
https://9takes.com/enneagram-corner/enneagram-stress-number,enneagram 3 under stress,0,7,0.00,33.3
https://9takes.com/enneagram-corner/enneagram-stress-number,enneagram 5 under stress,0,2,0.00,26.5
https://9takes.com/enneagram-corner/enneagram-stress-number,enneagram 6 in stress,0,9,0.00,57.9
https://9takes.com/enneagram-corner/enneagram-stress-number,enneagram 6 stress,0,1,0.00,41.0
https://9takes.com/enneagram-corner/enneagram-stress-number,enneagram 6 stress and growth,0,1,0.00,47.0
https://9takes.com/enneagram-corner/enneagram-stress-number,enneagram 6 under stress,0,2,0.00,60.5
https://9takes.com/enneagram-corner/enneagram-stress-number,enneagram 7 in stress,0,8,0.00,57.3
https://9takes.com/enneagram-corner/enneagram-stress-number,enneagram 7 in stress and growth,0,1,0.00,37.0
https://9takes.com/enneagram-corner/enneagram-stress-number,enneagram 7 stress,0,14,0.00,58.1
https://9takes.com/enneagram-corner/enneagram-stress-number,enneagram 7 under stress,0,5,0.00,58.4
https://9takes.com/enneagram-corner/enneagram-stress-number,enneagram growth and stress,0,2,0.00,85.5
https://9takes.com/enneagram-corner/enneagram-stress-number,enneagram in stress,0,2,0.00,64.5
https://9takes.com/enneagram-corner/enneagram-stress-number,enneagram one in stress,0,5,0.00,57.6
https://9takes.com/enneagram-corner/enneagram-stress-number,enneagram stress,0,6,0.00,43.0
https://9takes.com/enneagram-corner/enneagram-stress-number,enneagram stress and growth,0,3,0.00,83.0
https://9takes.com/enneagram-corner/enneagram-stress-number,enneagram stress points,0,17,0.00,22.5
https://9takes.com/enneagram-corner/enneagram-stress-number,enneagram types under stress,0,2,0.00,20.0
https://9takes.com/enneagram-corner/enneagram-stress-number,enneagram under stress,0,1,0.00,28.0
https://9takes.com/enneagram-corner/enneagram-stress-number,how to break enneagram patterns,0,1,0.00,9.0
https://9takes.com/enneagram-corner/enneagram-stress-number,most emotional enneagram,0,1,0.00,42.0
https://9takes.com/enneagram-corner/enneagram-stress-number,site:9takes.com,0,1,0.00,176.0
https://9takes.com/enneagram-corner/enneagram-stress-number,what does enneagram 6 go to in stress,0,1,0.00,34.0
https://9takes.com/enneagram-corner/enneagram-stress-number,where do 8s go in stress,0,1,0.00,48.0
https://9takes.com/enneagram-corner/enneagram-stress-number,which enneagram is the most emotional,0,1,0.00,28.0
https://9takes.com/enneagram-corner/enneagram-team-dynamics,enneagram activities for teams,0,2,0.00,40.0
https://9takes.com/enneagram-corner/enneagram-team-dynamics,enneagram and teams,0,569,0.00,33.7
https://9takes.com/enneagram-corner/enneagram-team-dynamics,enneagram dynamics,0,1,0.00,19.0
https://9takes.com/enneagram-corner/enneagram-team-dynamics,enneagram for teams,0,46,0.00,29.0
https://9takes.com/enneagram-corner/enneagram-team-dynamics,enneagram team building,0,16,0.00,38.1
https://9takes.com/enneagram-corner/enneagram-team-dynamics,enneagram team coaching and leadership,0,2,0.00,43.0
https://9takes.com/enneagram-corner/enneagram-team-dynamics,enneagram team session,0,1,0.00,72.0
https://9takes.com/enneagram-corner/enneagram-team-dynamics,enneagram team training,0,1,0.00,39.0
https://9takes.com/enneagram-corner/enneagram-team-dynamics,site:9takes.com,0,1,0.00,162.0
https://9takes.com/enneagram-corner/enneagram-team-dynamics,team enneagram,0,6,0.00,32.3
https://9takes.com/enneagram-corner/enneagram-test-comparison-2025,"""free results"" type theory",0,2,0.00,10.0
https://9takes.com/enneagram-corner/enneagram-test-comparison-2025,1-9 personality test,0,1,0.00,76.0
https://9takes.com/enneagram-corner/enneagram-test-comparison-2025,accurate enneagram test,0,9,0.00,35.1
https://9takes.com/enneagram-corner/enneagram-test-comparison-2025,accurate enneagram test free,0,1,0.00,18.0
https://9takes.com/enneagram-corner/enneagram-test-comparison-2025,actual free enneagram test,0,6,0.00,13.8
https://9takes.com/enneagram-corner/enneagram-test-comparison-2025,actually free enneagram test,0,20,0.00,22.8
https://9takes.com/enneagram-corner/enneagram-test-comparison-2025,best enneagram,0,2,0.00,40.5
https://9takes.com/enneagram-corner/enneagram-test-comparison-2025,best enneagram free test,0,18,0.00,14.9
https://9takes.com/enneagram-corner/enneagram-test-comparison-2025,best enneagram quiz,0,2,0.00,37.0
https://9takes.com/enneagram-corner/enneagram-test-comparison-2025,best enneagram test,0,122,0.00,34.1
https://9takes.com/enneagram-corner/enneagram-test-comparison-2025,best enneagram test free,0,873,0.00,10.5
https://9takes.com/enneagram-corner/enneagram-test-comparison-2025,best enneagram test free reddit,0,4,0.00,12.8
https://9takes.com/enneagram-corner/enneagram-test-comparison-2025,best enneagram test free results,0,8,0.00,10.3
https://9takes.com/enneagram-corner/enneagram-test-comparison-2025,best enneagram test online,0,6,0.00,35.5
https://9takes.com/enneagram-corner/enneagram-test-comparison-2025,best enneagram tests,0,7,0.00,38.0
https://9takes.com/enneagram-corner/enneagram-test-comparison-2025,best ennegram test,0,5,0.00,43.0
https://9takes.com/enneagram-corner/enneagram-test-comparison-2025,best free eneagram test,0,4,0.00,8.0
https://9takes.com/enneagram-corner/enneagram-test-comparison-2025,best free enneagram,0,31,0.00,10.1
https://9takes.com/enneagram-corner/enneagram-test-comparison-2025,best free enneagram personality test,0,18,0.00,11.3
https://9takes.com/enneagram-corner/enneagram-test-comparison-2025,best free enneagram personality test online,0,4,0.00,19.3
https://9takes.com/enneagram-corner/enneagram-test-comparison-2025,best free enneagram test 2025,0,2,0.00,2.0
https://9takes.com/enneagram-corner/enneagram-test-comparison-2025,best free enneagram test 2025 or 2026,0,5,0.00,11.4
https://9takes.com/enneagram-corner/enneagram-test-comparison-2025,best free enneagram test 2026,0,5,0.00,17.0
https://9takes.com/enneagram-corner/enneagram-test-comparison-2025,best free enneagram test 2026 accurate,0,2,0.00,18.0
https://9takes.com/enneagram-corner/enneagram-test-comparison-2025,best free enneagram test and results,0,36,0.00,10.1
https://9takes.com/enneagram-corner/enneagram-test-comparison-2025,best free enneagram test online,0,8,0.00,22.5
https://9takes.com/enneagram-corner/enneagram-test-comparison-2025,best free enneagram test online 2026,0,2,0.00,16.0
https://9takes.com/enneagram-corner/enneagram-test-comparison-2025,best free enneagram test reddit,0,20,0.00,10.4
https://9takes.com/enneagram-corner/enneagram-test-comparison-2025,best free enneagram test reliable,0,6,0.00,16.5
https://9takes.com/enneagram-corner/enneagram-test-comparison-2025,best free enneagram tests,0,28,0.00,11.9
https://9takes.com/enneagram-corner/enneagram-test-comparison-2025,best free enneagram tests 2026,0,3,0.00,18.3
https://9takes.com/enneagram-corner/enneagram-test-comparison-2025,best free enneagram tests online,0,1,0.00,18.0
https://9takes.com/enneagram-corner/enneagram-test-comparison-2025,best free enneagram tests online 2026,0,3,0.00,17.0
https://9takes.com/enneagram-corner/enneagram-test-comparison-2025,best free enneagram tests reliable,0,3,0.00,14.3
https://9takes.com/enneagram-corner/enneagram-test-comparison-2025,best free ennegram test,0,12,0.00,12.1
https://9takes.com/enneagram-corner/enneagram-test-comparison-2025,best free online enneagram test,0,17,0.00,11.5
https://9takes.com/enneagram-corner/enneagram-test-comparison-2025,best online enneagram test,0,11,0.00,20.0
https://9takes.com/enneagram-corner/enneagram-test-comparison-2025,best place to take enneagram test,0,1,0.00,37.0
https://9takes.com/enneagram-corner/enneagram-test-comparison-2025,beth mccord enneagram test,0,42,0.00,6.9
https://9takes.com/enneagram-corner/enneagram-test-comparison-2025,buzzfeed enneagram,0,2,0.00,9.0
https://9takes.com/enneagram-corner/enneagram-test-comparison-2025,clover enneagram test,0,20,0.00,9.8
https://9takes.com/enneagram-corner/enneagram-test-comparison-2025,clover leaf enneagram test,0,61,0.00,9.1
https://9takes.com/enneagram-corner/enneagram-test-comparison-2025,cloverleaf enneagram test free,0,18,0.00,7.1
https://9takes.com/enneagram-corner/enneagram-test-comparison-2025,cloverleaf vs enneagram institute test,0,43,0.00,8.3
https://9takes.com/enneagram-corner/enneagram-test-comparison-2025,completely free enneagram test,0,11,0.00,30.5
https://9takes.com/enneagram-corner/enneagram-test-comparison-2025,completely free enneagram test and results,0,1,0.00,31.0
https://9takes.com/enneagram-corner/enneagram-test-comparison-2025,cost of enneagram test,0,2,0.00,8.5
https://9takes.com/enneagram-corner/enneagram-test-comparison-2025,crystal enneagram test,0,43,0.00,8.5
https://9takes.com/enneagram-corner/enneagram-test-comparison-2025,crystal knows enneagram test,0,6,0.00,10.5
https://9takes.com/enneagram-corner/enneagram-test-comparison-2025,diffuse enneagram test,0,1,0.00,53.0
https://9takes.com/enneagram-corner/enneagram-test-comparison-2025,eclectic energies,0,31,0.00,55.4
https://9takes.com/enneagram-corner/enneagram-test-comparison-2025,eclectic energies enneagram test,0,9,0.00,23.7
https://9takes.com/enneagram-corner/enneagram-test-comparison-2025,eclectic energies enneagram test free,0,11,0.00,17.0
https://9takes.com/enneagram-corner/enneagram-test-comparison-2025,eclectic energies enneagram test review,0,10,0.00,10.4
https://9takes.com/enneagram-corner/enneagram-test-comparison-2025,eclectic energies enneagram test review accuracy,0,3,0.00,8.0
https://9takes.com/enneagram-corner/enneagram-test-comparison-2025,eclectic energies enneagram tests,0,6,0.00,20.3
https://9takes.com/enneagram-corner/enneagram-test-comparison-2025,eclectic energies free enneagram test,0,7,0.00,11.1
https://9takes.com/enneagram-corner/enneagram-test-comparison-2025,eclectic energies instinctual variant test,0,8,0.00,9.3
https://9takes.com/enneagram-corner/enneagram-test-comparison-2025,eclectic energies test,0,2,0.00,27.0
https://9takes.com/enneagram-corner/enneagram-test-comparison-2025,eclectic energy enneagram test,0,2,0.00,18.0
https://9takes.com/enneagram-corner/enneagram-test-comparison-2025,eclectic enneagram test,0,3,0.00,27.3
https://9takes.com/enneagram-corner/enneagram-test-comparison-2025,eclecticenergies enneagram test,0,2,0.00,31.0
https://9takes.com/enneagram-corner/enneagram-test-comparison-2025,eclecticenergies test,0,4,0.00,25.0
https://9takes.com/enneagram-corner/enneagram-test-comparison-2025,eclecticenergies.com,0,2,0.00,73.5
https://9takes.com/enneagram-corner/enneagram-test-comparison-2025,ediogram test,0,1,0.00,66.0
https://9takes.com/enneagram-corner/enneagram-test-comparison-2025,electric energies enneagram test,0,2,0.00,29.5
https://9takes.com/enneagram-corner/enneagram-test-comparison-2025,enegram test free,0,1,0.00,44.0
https://9takes.com/enneagram-corner/enneagram-test-comparison-2025,enneagram accurate test,0,1,0.00,26.0
https://9takes.com/enneagram-corner/enneagram-test-comparison-2025,enneagram assessment free,0,1,0.00,65.0
https://9takes.com/enneagram-corner/enneagram-test-comparison-2025,enneagram best free test,0,1,0.00,11.0
https://9takes.com/enneagram-corner/enneagram-test-comparison-2025,enneagram best test,0,13,0.00,34.0
https://9takes.com/enneagram-corner/enneagram-test-comparison-2025,enneagram comparison test,0,3,0.00,11.0
https://9takes.com/enneagram-corner/enneagram-test-comparison-2025,enneagram cost,0,2,0.00,9.0
https://9takes.com/enneagram-corner/enneagram-test-comparison-2025,enneagram free online test,0,1,0.00,38.0
https://9takes.com/enneagram-corner/enneagram-test-comparison-2025,enneagram free results,0,4,0.00,31.3
https://9takes.com/enneagram-corner/enneagram-test-comparison-2025,enneagram free test,0,2,0.00,40.0
https://9takes.com/enneagram-corner/enneagram-test-comparison-2025,enneagram free test and results,0,9,0.00,33.8
https://9takes.com/enneagram-corner/enneagram-test-comparison-2025,enneagram institute alternative,0,12,0.00,34.3
https://9takes.com/enneagram-corner/enneagram-test-comparison-2025,enneagram institute free test,0,4,0.00,25.5
https://9takes.com/enneagram-corner/enneagram-test-comparison-2025,enneagram institute rheti price,0,2,0.00,12.0
https://9takes.com/enneagram-corner/enneagram-test-comparison-2025,enneagram institute rheti test price,0,1,0.00,12.0
https://9takes.com/enneagram-corner/enneagram-test-comparison-2025,enneagram institute test,0,1,0.00,35.0
https://9takes.com/enneagram-corner/enneagram-test-comparison-2025,enneagram institute test free,0,4,0.00,30.0
https://9takes.com/enneagram-corner/enneagram-test-comparison-2025,enneagram number test free,0,1,0.00,45.0
https://9takes.com/enneagram-corner/enneagram-test-comparison-2025,enneagram personality test free,0,3,0.00,61.7
https://9takes.com/enneagram-corner/enneagram-test-comparison-2025,enneagram quiz free,0,1,0.00,52.0
https://9takes.com/enneagram-corner/enneagram-test-comparison-2025,enneagram quiz free results,0,1,0.00,38.0
https://9takes.com/enneagram-corner/enneagram-test-comparison-2025,enneagram rheti test free,0,1,0.00,25.0
https://9takes.com/enneagram-corner/enneagram-test-comparison-2025,enneagram subtypes test free,0,1,0.00,27.0
https://9takes.com/enneagram-corner/enneagram-test-comparison-2025,enneagram test,0,4,0.00,13.3
https://9takes.com/enneagram-corner/enneagram-test-comparison-2025,enneagram test accuracy,0,2,0.00,18.0
https://9takes.com/enneagram-corner/enneagram-test-comparison-2025,enneagram test accurate,0,4,0.00,32.8
https://9takes.com/enneagram-corner/enneagram-test-comparison-2025,enneagram test best,0,11,0.00,30.6
https://9takes.com/enneagram-corner/enneagram-test-comparison-2025,enneagram test best free,0,11,0.00,19.3
https://9takes.com/enneagram-corner/enneagram-test-comparison-2025,enneagram test best one,0,6,0.00,12.5
https://9takes.com/enneagram-corner/enneagram-test-comparison-2025,enneagram test cloverleaf,0,72,0.00,9.1
https://9takes.com/enneagram-corner/enneagram-test-comparison-2025,enneagram test code,0,3,0.00,29.0
https://9takes.com/enneagram-corner/enneagram-test-comparison-2025,enneagram test cost,0,31,0.00,11.2
https://9takes.com/enneagram-corner/enneagram-test-comparison-2025,enneagram test crystal,0,1,0.00,16.0
https://9takes.com/enneagram-corner/enneagram-test-comparison-2025,enneagram test eclectic,0,1,0.00,19.0
https://9takes.com/enneagram-corner/enneagram-test-comparison-2025,enneagram test eclectic energies,0,3,0.00,26.7
https://9takes.com/enneagram-corner/enneagram-test-comparison-2025,enneagram test eclecticenergies,0,23,0.00,28.9
https://9takes.com/enneagram-corner/enneagram-test-comparison-2025,enneagram test eclecticenergies free,0,1,0.00,16.0
https://9takes.com/enneagram-corner/enneagram-test-comparison-2025,enneagram test fee,0,4,0.00,10.5
https://9takes.com/enneagram-corner/enneagram-test-comparison-2025,enneagram test free,0,5,0.00,33.2
https://9takes.com/enneagram-corner/enneagram-test-comparison-2025,enneagram test free best,0,11,0.00,25.6
https://9takes.com/enneagram-corner/enneagram-test-comparison-2025,enneagram test free no email,0,8,0.00,34.8
https://9takes.com/enneagram-corner/enneagram-test-comparison-2025,enneagram test free online,0,1,0.00,4.0
https://9takes.com/enneagram-corner/enneagram-test-comparison-2025,enneagram test free reddit,0,1,0.00,11.0
https://9takes.com/enneagram-corner/enneagram-test-comparison-2025,enneagram test free results,0,14,0.00,37.7
https://9takes.com/enneagram-corner/enneagram-test-comparison-2025,enneagram test institute,0,1,0.00,27.0
https://9takes.com/enneagram-corner/enneagram-test-comparison-2025,enneagram test most accurate,0,7,0.00,23.1
https://9takes.com/enneagram-corner/enneagram-test-comparison-2025,enneagram test no email,0,5,0.00,29.0
https://9takes.com/enneagram-corner/enneagram-test-comparison-2025,enneagram test online,0,2,0.00,42.0
https://9takes.com/enneagram-corner/enneagram-test-comparison-2025,enneagram test paid,0,4,0.00,15.0
https://9takes.com/enneagram-corner/enneagram-test-comparison-2025,enneagram test price,0,9,0.00,13.0
https://9takes.com/enneagram-corner/enneagram-test-comparison-2025,enneagram test questions free reliable,0,1,0.00,18.0
https://9takes.com/enneagram-corner/enneagram-test-comparison-2025,enneagram test real,0,3,0.00,33.0
https://9takes.com/enneagram-corner/enneagram-test-comparison-2025,enneagram test reliable,0,1,0.00,36.0
https://9takes.com/enneagram-corner/enneagram-test-comparison-2025,enneagram test rheti free,0,1,0.00,29.0
https://9takes.com/enneagram-corner/enneagram-test-comparison-2025,enneagram test with free results,0,9,0.00,33.3
https://9takes.com/enneagram-corner/enneagram-test-comparison-2025,enneagram types free test,0,1,0.00,43.0
https://9takes.com/enneagram-corner/enneagram-test-comparison-2025,enneagram types test free,0,3,0.00,33.3
https://9takes.com/enneagram-corner/enneagram-test-comparison-2025,enneagramtest.com,0,1,0.00,100.0
https://9takes.com/enneagram-corner/enneagram-test-comparison-2025,enneagramtest.site,0,1,0.00,89.0
https://9takes.com/enneagram-corner/enneagram-test-comparison-2025,ennegram test,0,1,0.00,7.0
https://9takes.com/enneagram-corner/enneagram-test-comparison-2025,ennegram test free results,0,1,0.00,37.0
https://9takes.com/enneagram-corner/enneagram-test-comparison-2025,free,0,1,0.00,4.0
https://9takes.com/enneagram-corner/enneagram-test-comparison-2025,free accurate enneagram test,0,3,0.00,22.3
https://9takes.com/enneagram-corner/enneagram-test-comparison-2025,free enj,0,7,0.00,41.9
https://9takes.com/enneagram-corner/enneagram-test-comparison-2025,free ennagram test,0,2,0.00,56.5
https://9takes.com/enneagram-corner/enneagram-test-comparison-2025,free enneagram,0,2,0.00,44.5
https://9takes.com/enneagram-corner/enneagram-test-comparison-2025,free enneagram assessment,0,2,0.00,44.5
https://9takes.com/enneagram-corner/enneagram-test-comparison-2025,free enneagram institute test,0,10,0.00,30.7
https://9takes.com/enneagram-corner/enneagram-test-comparison-2025,free enneagram personality test,0,3,0.00,18.0
https://9takes.com/enneagram-corner/enneagram-test-comparison-2025,free enneagram quiz,0,2,0.00,41.5
https://9takes.com/enneagram-corner/enneagram-test-comparison-2025,free enneagram report,0,1,0.00,8.0
https://9takes.com/enneagram-corner/enneagram-test-comparison-2025,free enneagram results,0,12,0.00,29.1
https://9takes.com/enneagram-corner/enneagram-test-comparison-2025,free enneagram test,0,41,0.00,52.3
https://9takes.com/enneagram-corner/enneagram-test-comparison-2025,free enneagram test and free results,0,1,0.00,64.0
https://9takes.com/enneagram-corner/enneagram-test-comparison-2025,free enneagram test and results,0,150,0.00,29.0
https://9takes.com/enneagram-corner/enneagram-test-comparison-2025,free enneagram test and results no email,0,2,0.00,37.0
https://9takes.com/enneagram-corner/enneagram-test-comparison-2025,free enneagram test best,0,2,0.00,21.0
https://9takes.com/enneagram-corner/enneagram-test-comparison-2025,free enneagram test eclectic energies,0,3,0.00,16.3
https://9takes.com/enneagram-corner/enneagram-test-comparison-2025,free enneagram test free results,0,1,0.00,34.0
https://9takes.com/enneagram-corner/enneagram-test-comparison-2025,free enneagram test no email,0,6,0.00,27.5
https://9takes.com/enneagram-corner/enneagram-test-comparison-2025,free enneagram test official,0,1,0.00,42.0
https://9takes.com/enneagram-corner/enneagram-test-comparison-2025,free enneagram test online,0,1,0.00,46.0
https://9takes.com/enneagram-corner/enneagram-test-comparison-2025,free enneagram test reddit,0,1,0.00,11.0
https://9takes.com/enneagram-corner/enneagram-test-comparison-2025,free enneagram test results,0,5,0.00,31.2
https://9takes.com/enneagram-corner/enneagram-test-comparison-2025,free enneagram test rheti,0,1,0.00,29.0
https://9takes.com/enneagram-corner/enneagram-test-comparison-2025,free enneagram test truity,0,1,0.00,24.0
https://9takes.com/enneagram-corner/enneagram-test-comparison-2025,free enneagram test with free results,0,8,0.00,35.8
https://9takes.com/enneagram-corner/enneagram-test-comparison-2025,free enneagram test with free results online,0,2,0.00,28.5
https://9takes.com/enneagram-corner/enneagram-test-comparison-2025,free enneagram test with results,0,12,0.00,33.0
https://9takes.com/enneagram-corner/enneagram-test-comparison-2025,free enneagram.test,0,1,0.00,49.0
https://9takes.com/enneagram-corner/enneagram-test-comparison-2025,free online enneagram test,0,1,0.00,36.0
https://9takes.com/enneagram-corner/enneagram-test-comparison-2025,free results enneagram test,0,2,0.00,23.0
https://9takes.com/enneagram-corner/enneagram-test-comparison-2025,free rheti enneagram test,0,5,0.00,32.2
https://9takes.com/enneagram-corner/enneagram-test-comparison-2025,free rheti test,0,2,0.00,39.0
https://9takes.com/enneagram-corner/enneagram-test-comparison-2025,full enneagram test,0,1,0.00,38.0
https://9takes.com/enneagram-corner/enneagram-test-comparison-2025,good enneagram test,0,3,0.00,25.7
https://9takes.com/enneagram-corner/enneagram-test-comparison-2025,good free enneagram test,0,1,0.00,21.0
https://9takes.com/enneagram-corner/enneagram-test-comparison-2025,https://www.eclecticenergies.com/enneagram/test,0,3,0.00,35.7
https://9takes.com/enneagram-corner/enneagram-test-comparison-2025,ie9 test,0,2,0.00,25.0
https://9takes.com/enneagram-corner/enneagram-test-comparison-2025,ie9 test website,0,1,0.00,16.0
https://9takes.com/enneagram-corner/enneagram-test-comparison-2025,ieq9 enneagram assessment,0,1,0.00,19.0
https://9takes.com/enneagram-corner/enneagram-test-comparison-2025,ieq9 enneagram test,0,9,0.00,13.2
https://9takes.com/enneagram-corner/enneagram-test-comparison-2025,ieq9 enneagram test free,0,26,0.00,10.8
https://9takes.com/enneagram-corner/enneagram-test-comparison-2025,ieq9 test,0,1,0.00,13.0
https://9takes.com/enneagram-corner/enneagram-test-comparison-2025,integrative 9 enneagram test,0,1,0.00,12.0
https://9takes.com/enneagram-corner/enneagram-test-comparison-2025,integrative enneagram questionnaire,0,3,0.00,5.3
https://9takes.com/enneagram-corner/enneagram-test-comparison-2025,integrative enneagram test,0,14,0.00,10.2
https://9takes.com/enneagram-corner/enneagram-test-comparison-2025,is enneagram test free,0,2,0.00,36.5
https://9takes.com/enneagram-corner/enneagram-test-comparison-2025,is the enneagram test free,0,1,0.00,28.0
https://9takes.com/enneagram-corner/enneagram-test-comparison-2025,is the truity enneagram test free,0,23,0.00,10.6
https://9takes.com/enneagram-corner/enneagram-test-comparison-2025,is there a free enneagram test,0,2,0.00,29.5
https://9takes.com/enneagram-corner/enneagram-test-comparison-2025,is there an actual free enneagram test?,0,1,0.00,32.0
https://9takes.com/enneagram-corner/enneagram-test-comparison-2025,is there an official enneagram test,0,1,0.00,58.0
https://9takes.com/enneagram-corner/enneagram-test-comparison-2025,is truity enneagram test accurate,0,1,0.00,11.0
https://9takes.com/enneagram-corner/enneagram-test-comparison-2025,is truity enneagram test free,0,100,0.00,10.5
https://9takes.com/enneagram-corner/enneagram-test-comparison-2025,mbti test cloverleaf,0,1,0.00,27.0
https://9takes.com/enneagram-corner/enneagram-test-comparison-2025,most accurate enneagram test,0,84,0.00,26.0
https://9takes.com/enneagram-corner/enneagram-test-comparison-2025,most accurate enneagram test 2026,0,1,0.00,17.0
https://9takes.com/enneagram-corner/enneagram-test-comparison-2025,most accurate enneagram test free,0,13,0.00,16.6
https://9takes.com/enneagram-corner/enneagram-test-comparison-2025,most accurate free enneagram test,0,12,0.00,22.0
https://9takes.com/enneagram-corner/enneagram-test-comparison-2025,most reliable enneagram test,0,6,0.00,29.0
https://9takes.com/enneagram-corner/enneagram-test-comparison-2025,my enneagram type free,0,1,0.00,67.0
https://9takes.com/enneagram-corner/enneagram-test-comparison-2025,new enneagram test,0,4,0.00,34.0
https://9takes.com/enneagram-corner/enneagram-test-comparison-2025,official enneagram test,0,1,0.00,75.0
https://9takes.com/enneagram-corner/enneagram-test-comparison-2025,official enneagram test free,0,1,0.00,48.0
https://9takes.com/enneagram-corner/enneagram-test-comparison-2025,original enneagram test,0,1,0.00,39.0
https://9takes.com/enneagram-corner/enneagram-test-comparison-2025,paid enneagram test,0,2,0.00,27.0
https://9takes.com/enneagram-corner/enneagram-test-comparison-2025,personality co enneagram test,0,2,0.00,40.0
https://9takes.com/enneagram-corner/enneagram-test-comparison-2025,personality test 1-9,0,3,0.00,75.7
https://9takes.com/enneagram-corner/enneagram-test-comparison-2025,quick enneagram test,0,1,0.00,21.0
https://9takes.com/enneagram-corner/enneagram-test-comparison-2025,quick free enneagram test,0,3,0.00,31.0
https://9takes.com/enneagram-corner/enneagram-test-comparison-2025,real enneagram test,0,3,0.00,40.7
https://9takes.com/enneagram-corner/enneagram-test-comparison-2025,"recommend reputable online enneagram tests, considering accuracy and user experience",0,14,0.00,10.6
https://9takes.com/enneagram-corner/enneagram-test-comparison-2025,reddit best free enneagram test,0,1,0.00,17.0
https://9takes.com/enneagram-corner/enneagram-test-comparison-2025,reddit enneagram test,0,1,0.00,7.0
https://9takes.com/enneagram-corner/enneagram-test-comparison-2025,reliable enneagram test,0,5,0.00,34.2
https://9takes.com/enneagram-corner/enneagram-test-comparison-2025,rheti enneagram test free,0,1,0.00,25.0
https://9takes.com/enneagram-corner/enneagram-test-comparison-2025,rheti enneagram test price,0,1,0.00,1.0
https://9takes.com/enneagram-corner/enneagram-test-comparison-2025,rheti free test,0,1,0.00,26.0
https://9takes.com/enneagram-corner/enneagram-test-comparison-2025,rheti test free,0,1,0.00,39.0
https://9takes.com/enneagram-corner/enneagram-test-comparison-2025,short free enneagram test,0,1,0.00,37.0
https://9takes.com/enneagram-corner/enneagram-test-comparison-2025,similar minds enneagram test,0,1,0.00,44.0
https://9takes.com/enneagram-corner/enneagram-test-comparison-2025,site:9takes.com,0,1,0.00,187.0
https://9takes.com/enneagram-corner/enneagram-test-comparison-2025,take enneagram test free,0,1,0.00,41.0
https://9takes.com/enneagram-corner/enneagram-test-comparison-2025,take enneagram test online free,0,1,0.00,69.0
https://9takes.com/enneagram-corner/enneagram-test-comparison-2025,the best enneagram test,0,7,0.00,32.6
https://9takes.com/enneagram-corner/enneagram-test-comparison-2025,the best free enneagram test,0,2,0.00,22.0
https://9takes.com/enneagram-corner/enneagram-test-comparison-2025,the enneagram institute free test,0,2,0.00,21.5
https://9takes.com/enneagram-corner/enneagram-test-comparison-2025,the honest enneagram free digital audiobook,0,1,0.00,66.0
https://9takes.com/enneagram-corner/enneagram-test-comparison-2025,the honest enneagram free mp3,0,2,0.00,60.5
https://9takes.com/enneagram-corner/enneagram-test-comparison-2025,the honest enneagram free mp3 download,0,5,0.00,51.8
https://9takes.com/enneagram-corner/enneagram-test-comparison-2025,the road back to you enneagram test free,0,1,0.00,59.0
https://9takes.com/enneagram-corner/enneagram-test-comparison-2025,totally free enneagram test,0,2,0.00,34.0
https://9takes.com/enneagram-corner/enneagram-test-comparison-2025,truity enneagram alternative,0,6,0.00,34.7
https://9takes.com/enneagram-corner/enneagram-test-comparison-2025,truity enneagram test cost,0,3,0.00,9.0
https://9takes.com/enneagram-corner/enneagram-test-comparison-2025,truity enneagram test free,0,6,0.00,10.8
https://9takes.com/enneagram-corner/enneagram-test-comparison-2025,truity enneagram test price,0,1,0.00,10.0
https://9takes.com/enneagram-corner/enneagram-test-comparison-2025,truity vs enneagram institute rheti vs personality path enneagram test,0,8,0.00,8.1
https://9takes.com/enneagram-corner/enneagram-test-comparison-2025,truly free enneagram test,0,1,0.00,53.0
https://9takes.com/enneagram-corner/enneagram-test-comparison-2025,what enneagram test is actually free,0,2,0.00,10.0
https://9takes.com/enneagram-corner/enneagram-test-comparison-2025,what is the best enneagram test,0,6,0.00,30.5
https://9takes.com/enneagram-corner/enneagram-test-comparison-2025,what is the best free enneagram test,0,14,0.00,18.3
https://9takes.com/enneagram-corner/enneagram-test-comparison-2025,what is the most accurate enneagram test,0,16,0.00,24.1
https://9takes.com/enneagram-corner/enneagram-test-comparison-2025,what is the most accurate enneagram test?,0,1,0.00,26.0
https://9takes.com/enneagram-corner/enneagram-test-comparison-2025,what is the most accurate free enneagram test,0,2,0.00,11.5
https://9takes.com/enneagram-corner/enneagram-test-comparison-2025,what's the best enneagram test,0,49,0.00,25.4
https://9takes.com/enneagram-corner/enneagram-test-comparison-2025,whats the best enneagram test,0,1,0.00,33.0
https://9takes.com/enneagram-corner/enneagram-test-comparison-2025,which enneagram test is actually free,0,2,0.00,12.0
https://9takes.com/enneagram-corner/enneagram-test-comparison-2025,which enneagram test is best,0,2,0.00,33.5
https://9takes.com/enneagram-corner/enneagram-test-comparison-2025,which enneagram test is most accurate,0,3,0.00,23.0
https://9takes.com/enneagram-corner/enneagram-test-comparison-2025,он платный ?,0,1,0.00,3.0
https://9takes.com/enneagram-corner/enneagram-test-comparison-2025#faqs-about-enneagram-tests,best free enneagram test 2025 or 2026,0,4,0.00,9.3
https://9takes.com/enneagram-corner/enneagram-test-comparison-2025#faqs-about-enneagram-tests,cloverleaf enneagram test free,0,4,0.00,6.8
https://9takes.com/enneagram-corner/enneagram-test-comparison-2025#faqs-about-enneagram-tests,what is the best free enneagram test,0,2,0.00,10.0
https://9takes.com/enneagram-corner/enneagram-test-comparison-2025#quick-reference-test-comparison-table,cloverleaf enneagram test free,0,4,0.00,6.8
https://9takes.com/enneagram-corner/enneagram-test-comparison-2025#quick-reference-test-comparison-table,what is the best free enneagram test,0,2,0.00,10.0
https://9takes.com/enneagram-corner/enneagram-test-comparison-2025#red-flags-tests-to-avoid,cloverleaf enneagram test free,0,4,0.00,6.8
https://9takes.com/enneagram-corner/enneagram-test-comparison-2025#red-flags-tests-to-avoid,what is the best free enneagram test,0,2,0.00,10.0
https://9takes.com/enneagram-corner/enneagram-test-comparison-2025#the-10-best-enneagram-tests-for-2025-ranked,best free enneagram test 2025,0,2,0.00,2.0
https://9takes.com/enneagram-corner/enneagram-test-comparison-2025#the-10-best-enneagram-tests-for-2025-ranked,best free enneagram test 2025 or 2026,0,4,0.00,9.3
https://9takes.com/enneagram-corner/enneagram-test-comparison-2025#the-10-best-enneagram-tests-for-2025-ranked,cloverleaf enneagram test free,0,8,0.00,7.3
https://9takes.com/enneagram-corner/enneagram-test-comparison-2025#the-10-best-enneagram-tests-for-2025-ranked,what is the best free enneagram test,0,2,0.00,10.0
https://9takes.com/enneagram-corner/enneagram-test-comparison-2025#what-an-enneagram-test-actually-measures,best free enneagram test 2025,0,2,0.00,2.0
https://9takes.com/enneagram-corner/enneagram-test-comparison-2025#what-an-enneagram-test-actually-measures,cloverleaf enneagram test free,0,8,0.00,7.3
https://9takes.com/enneagram-corner/enneagram-test-comparison-2025#what-an-enneagram-test-actually-measures,what is the best free enneagram test,0,2,0.00,10.0
https://9takes.com/enneagram-corner/enneagram-test-comparison-2025#which-test-should-you-take-decision-tree,cloverleaf enneagram test free,0,4,0.00,6.8
https://9takes.com/enneagram-corner/enneagram-test-comparison-2025#which-test-should-you-take-decision-tree,what is the best free enneagram test,0,2,0.00,10.0
https://9takes.com/enneagram-corner/enneagram-test-comparison-2025#why-most-enneagram-tests-fail,cloverleaf enneagram test free,0,4,0.00,6.8
https://9takes.com/enneagram-corner/enneagram-test-comparison-2025#why-most-enneagram-tests-fail,what is the best free enneagram test,0,2,0.00,10.0
https://9takes.com/enneagram-corner/enneagram-test-comparison-2026,best free enneagram test and results,0,2,0.00,9.5
https://9takes.com/enneagram-corner/enneagram-test-comparison-2026,best free enneagram tests 2026,0,2,0.00,12.5
https://9takes.com/enneagram-corner/enneagram-test-comparison-2026,clover enneagram test,0,1,0.00,7.0
https://9takes.com/enneagram-corner/enneagram-test-comparison-2026,clover leaf enneagram test,0,9,0.00,7.0
https://9takes.com/enneagram-corner/enneagram-test-comparison-2026,cloverleaf enneagram test,0,1,0.00,11.0
https://9takes.com/enneagram-corner/enneagram-test-comparison-2026,eclectic energies free enneagram test,0,1,0.00,9.0
https://9takes.com/enneagram-corner/enneagram-test-comparison-2026,eclectic energies instinctual variant test,0,3,0.00,7.7
https://9takes.com/enneagram-corner/enneagram-test-comparison-2026,enneagram comparison test,0,3,0.00,8.7
https://9takes.com/enneagram-corner/enneagram-test-comparison-2026,enneagram institute alternative,0,5,0.00,26.8
https://9takes.com/enneagram-corner/enneagram-test-comparison-2026,enneagram institute free test,0,1,0.00,42.0
https://9takes.com/enneagram-corner/enneagram-test-comparison-2026,enneagram institute test,0,3,0.00,28.0
https://9takes.com/enneagram-corner/enneagram-test-comparison-2026,enneagram test cloverleaf,0,3,0.00,7.0
https://9takes.com/enneagram-corner/enneagram-test-comparison-2026,enneagram test eclecticenergies,0,1,0.00,18.0
https://9takes.com/enneagram-corner/enneagram-test-comparison-2026,enneagram test eclecticenergies free,0,6,0.00,10.8
https://9takes.com/enneagram-corner/enneagram-test-comparison-2026,enneagram test institute,0,1,0.00,38.0
https://9takes.com/enneagram-corner/enneagram-test-comparison-2026,enneagram test with instinctual variant results,0,3,0.00,9.0
https://9takes.com/enneagram-corner/enneagram-test-comparison-2026,find test,0,1,0.00,5.0
https://9takes.com/enneagram-corner/enneagram-test-comparison-2026,most accurate enneagram test,0,6,0.00,18.8
https://9takes.com/enneagram-corner/enneagram-test-comparison-2026,most reliable enneagram test,0,1,0.00,32.0
https://9takes.com/enneagram-corner/enneagram-test-comparison-2026,recommend accurate enneagram test options that are available for free,0,24,0.00,11.6
https://9takes.com/enneagram-corner/enneagram-test-comparison-2026,test free,0,1,0.00,2.0
https://9takes.com/enneagram-corner/enneagram-test-comparison-2026,truity enneagram alternative,0,1,0.00,28.0
https://9takes.com/enneagram-corner/enneagram-test-comparison-2026,which enneagram test is most accurate,0,1,0.00,23.0
https://9takes.com/enneagram-corner/enneagram-tldr,9takes,0,1,0.00,1.0
https://9takes.com/enneagram-corner/enneagram-tldr,9w6 enneagram,0,1,0.00,32.0
https://9takes.com/enneagram-corner/enneagram-tldr,all enneagram,0,1,0.00,64.0
https://9takes.com/enneagram-corner/enneagram-tldr,all enneagram types,0,2,0.00,66.5
https://9takes.com/enneagram-corner/enneagram-tldr,anaegram,0,1,0.00,95.0
https://9takes.com/enneagram-corner/enneagram-tldr,anygram,0,1,0.00,66.0
https://9takes.com/enneagram-corner/enneagram-tldr,basic enneagram,0,1,0.00,74.0
https://9takes.com/enneagram-corner/enneagram-tldr,crystal knows enneagram,0,10,0.00,50.7
https://9takes.com/enneagram-corner/enneagram-tldr,descriptions of enneagram types,0,1,0.00,71.0
https://9takes.com/enneagram-corner/enneagram-tldr,each enneagram type,0,1,0.00,61.0
https://9takes.com/enneagram-corner/enneagram-tldr,eneagram type,0,1,0.00,50.0
https://9takes.com/enneagram-corner/enneagram-tldr,ennagram types,0,1,0.00,61.0
https://9takes.com/enneagram-corner/enneagram-tldr,enneagram,0,4,0.00,58.0
https://9takes.com/enneagram-corner/enneagram-tldr,enneagram 6 vs 9,0,1,0.00,49.0
https://9takes.com/enneagram-corner/enneagram-tldr,enneagram all types,0,5,0.00,66.4
https://9takes.com/enneagram-corner/enneagram-tldr,enneagram analysis,0,3,0.00,56.0
https://9takes.com/enneagram-corner/enneagram-tldr,enneagram breakdown,0,5,0.00,47.8
https://9takes.com/enneagram-corner/enneagram-tldr,enneagram categories,0,4,0.00,69.8
https://9takes.com/enneagram-corner/enneagram-tldr,enneagram crystal knows,0,2,0.00,55.0
https://9takes.com/enneagram-corner/enneagram-tldr,enneagram description,0,4,0.00,67.3
https://9takes.com/enneagram-corner/enneagram-tldr,enneagram descriptions,0,5,0.00,64.6
https://9takes.com/enneagram-corner/enneagram-tldr,enneagram institute type descriptions,0,3,0.00,64.0
https://9takes.com/enneagram-corner/enneagram-tldr,enneagram institute types,0,2,0.00,61.0
https://9takes.com/enneagram-corner/enneagram-tldr,enneagram interpretation,0,2,0.00,67.5
https://9takes.com/enneagram-corner/enneagram-tldr,enneagram keys,0,14,0.00,57.6
https://9takes.com/enneagram-corner/enneagram-tldr,enneagram levels,0,3,0.00,73.7
https://9takes.com/enneagram-corner/enneagram-tldr,enneagram list,0,6,0.00,51.5
https://9takes.com/enneagram-corner/enneagram-tldr,enneagram meanings,0,1,0.00,68.0
https://9takes.com/enneagram-corner/enneagram-tldr,enneagram options,0,3,0.00,68.3
https://9takes.com/enneagram-corner/enneagram-tldr,enneagram overviews,0,1,0.00,60.0
https://9takes.com/enneagram-corner/enneagram-tldr,enneagram picker,0,1,0.00,75.0
https://9takes.com/enneagram-corner/enneagram-tldr,enneagram scale,0,5,0.00,66.8
https://9takes.com/enneagram-corner/enneagram-tldr,enneagram simplified,0,3,0.00,55.3
https://9takes.com/enneagram-corner/enneagram-tldr,enneagram strengths and weaknesses,0,1,0.00,72.0
https://9takes.com/enneagram-corner/enneagram-tldr,enneagram summaries,0,2,0.00,76.0
https://9takes.com/enneagram-corner/enneagram-tldr,enneagram t,0,4,0.00,54.0
https://9takes.com/enneagram-corner/enneagram-tldr,enneagram test categories,0,1,0.00,59.0
https://9takes.com/enneagram-corner/enneagram-tldr,enneagram test description,0,2,0.00,66.5
https://9takes.com/enneagram-corner/enneagram-tldr,enneagram test explained,0,16,0.00,60.9
https://9takes.com/enneagram-corner/enneagram-tldr,enneagram test meanings,0,2,0.00,65.0
https://9takes.com/enneagram-corner/enneagram-tldr,enneagram test numbers meaning,0,1,0.00,70.0
https://9takes.com/enneagram-corner/enneagram-tldr,enneagram test options,0,1,0.00,63.0
https://9takes.com/enneagram-corner/enneagram-tldr,enneagram test types,0,20,0.00,68.3
https://9takes.com/enneagram-corner/enneagram-tldr,enneagram test types explained,0,2,0.00,56.5
https://9takes.com/enneagram-corner/enneagram-tldr,enneagram traits,0,3,0.00,52.7
https://9takes.com/enneagram-corner/enneagram-tldr,enneagram tyoes,0,3,0.00,67.0
https://9takes.com/enneagram-corner/enneagram-tldr,enneagram type,0,42,0.00,67.2
https://9takes.com/enneagram-corner/enneagram-tldr,enneagram type definitions,0,1,0.00,59.0
https://9takes.com/enneagram-corner/enneagram-tldr,enneagram type description,0,1,0.00,63.0
https://9takes.com/enneagram-corner/enneagram-tldr,enneagram type descriptions,0,47,0.00,70.1
https://9takes.com/enneagram-corner/enneagram-tldr,enneagram type list,0,5,0.00,71.0
https://9takes.com/enneagram-corner/enneagram-tldr,enneagram type meanings,0,6,0.00,68.8
https://9takes.com/enneagram-corner/enneagram-tldr,enneagram type overview,0,1,0.00,61.0
https://9takes.com/enneagram-corner/enneagram-tldr,enneagram type summaries,0,5,0.00,67.2
https://9takes.com/enneagram-corner/enneagram-tldr,enneagram type summary,0,10,0.00,68.6
https://9takes.com/enneagram-corner/enneagram-tldr,enneagram types,0,115,0.00,68.9
https://9takes.com/enneagram-corner/enneagram-tldr,enneagram types described,0,3,0.00,76.7
https://9takes.com/enneagram-corner/enneagram-tldr,enneagram types descriptions,0,1,0.00,64.0
https://9takes.com/enneagram-corner/enneagram-tldr,enneagram types list,0,3,0.00,62.3
https://9takes.com/enneagram-corner/enneagram-tldr,enneagram types meaning,0,1,0.00,69.0
https://9takes.com/enneagram-corner/enneagram-tldr,enneagram types summary,0,1,0.00,78.0
https://9takes.com/enneagram-corner/enneagram-tldr,enneagram-type,0,3,0.00,65.0
https://9takes.com/enneagram-corner/enneagram-tldr,enneagram.,0,1,0.00,53.0
https://9takes.com/enneagram-corner/enneagram-tldr,enneagramtype,0,1,0.00,78.0
https://9takes.com/enneagram-corner/enneagram-tldr,ennegaram types,0,1,0.00,60.0
https://9takes.com/enneagram-corner/enneagram-tldr,ennegram descriptions,0,1,0.00,66.0
https://9takes.com/enneagram-corner/enneagram-tldr,ennegram type,0,1,0.00,50.0
https://9takes.com/enneagram-corner/enneagram-tldr,ennegram types,0,2,0.00,63.5
https://9takes.com/enneagram-corner/enneagram-tldr,ennegram wheel,0,1,0.00,62.0
https://9takes.com/enneagram-corner/enneagram-tldr,ennegrams,0,1,0.00,74.0
https://9takes.com/enneagram-corner/enneagram-tldr,find my enneagram,0,1,0.00,28.0
https://9takes.com/enneagram-corner/enneagram-tldr,how do i know my enneagram type,0,1,0.00,42.0
https://9takes.com/enneagram-corner/enneagram-tldr,how to find my enneagram,0,1,0.00,22.0
https://9takes.com/enneagram-corner/enneagram-tldr,how to know your enneagram,0,1,0.00,43.0
https://9takes.com/enneagram-corner/enneagram-tldr,list of enneagram types,0,2,0.00,66.0
https://9takes.com/enneagram-corner/enneagram-tldr,my enneagram,0,6,0.00,38.3
https://9takes.com/enneagram-corner/enneagram-tldr,my enneagram type,0,314,0.00,42.3
https://9takes.com/enneagram-corner/enneagram-tldr,process enneagram,0,1,0.00,58.0
https://9takes.com/enneagram-corner/enneagram-tldr,que eneatipo soy,0,1,0.00,4.0
https://9takes.com/enneagram-corner/enneagram-tldr,quick enneagram,0,1,0.00,19.0
https://9takes.com/enneagram-corner/enneagram-tldr,site:9takes.com,0,4,0.00,77.8
https://9takes.com/enneagram-corner/enneagram-tldr,that one test with 9 sections,0,18,0.00,19.4
https://9takes.com/enneagram-corner/enneagram-tldr,the enneagram,0,1,0.00,94.0
https://9takes.com/enneagram-corner/enneagram-tldr,the enneagram types,0,6,0.00,67.7
https://9takes.com/enneagram-corner/enneagram-tldr,type enneagram,0,1,0.00,60.0
https://9takes.com/enneagram-corner/enneagram-tldr,what are all the enneagram types,0,1,0.00,80.0
https://9takes.com/enneagram-corner/enneagram-tldr,what are enneagram types,0,1,0.00,68.0
https://9takes.com/enneagram-corner/enneagram-tldr,what enneagram am i,0,2,0.00,27.5
https://9takes.com/enneagram-corner/enneagram-tldr,what enneagram type am i,0,2,0.00,21.5
https://9takes.com/enneagram-corner/enneagram-tldr,what is my enneagram,0,10,0.00,51.8
https://9takes.com/enneagram-corner/enneagram-tldr,what is my enneagram type,0,227,0.00,59.7
https://9takes.com/enneagram-corner/enneagram-tldr,what is my ennegram,0,5,0.00,52.2
https://9takes.com/enneagram-corner/enneagram-tldr,what is your enneagram,0,1,0.00,57.0
https://9takes.com/enneagram-corner/enneagram-tldr,what my enneagram,0,3,0.00,46.0
https://9takes.com/enneagram-corner/enneagram-tldr,what's my enneagram,0,4,0.00,30.3
https://9takes.com/enneagram-corner/enneagram-tldr,what's my enneagram type,0,2,0.00,36.0
https://9takes.com/enneagram-corner/enneagram-tldr,what's your enneagram,0,1,0.00,68.0
https://9takes.com/enneagram-corner/enneagram-tldr,whats my enneagram,0,4,0.00,17.3
https://9takes.com/enneagram-corner/enneagram-tldr,whats my ennegram,0,1,0.00,19.0
https://9takes.com/enneagram-corner/enneagram-tldr,which enneagram is most likely to cheat,0,1,0.00,19.0
https://9takes.com/enneagram-corner/enneagram-tldr,your enneagram,0,2,0.00,35.0
https://9takes.com/enneagram-corner/enneagram-type-1,enneagram 1 in stress,0,1,0.00,40.0
https://9takes.com/enneagram-corner/enneagram-type-1,enneagram 1 motivation,0,1,0.00,94.0
https://9takes.com/enneagram-corner/enneagram-type-1,enneagram 1 weakness,0,1,0.00,30.0
https://9takes.com/enneagram-corner/enneagram-type-1,enneagram 1 weaknesses,0,2,0.00,63.0
https://9takes.com/enneagram-corner/enneagram-type-1,enneagram type 1,0,1,0.00,40.0
https://9takes.com/enneagram-corner/enneagram-type-1,enneagram type 1 characteristics,0,1,0.00,56.0
https://9takes.com/enneagram-corner/enneagram-type-1,enneagram type 1 inner critic,0,1,0.00,39.0
https://9takes.com/enneagram-corner/enneagram-type-1,site:9takes.com,0,2,0.00,151.0
https://9takes.com/enneagram-corner/enneagram-type-1,unhealthy 1 enneagram,0,1,0.00,43.0
https://9takes.com/enneagram-corner/enneagram-type-1,what does enneagram 1 mean,0,1,0.00,47.0
https://9takes.com/enneagram-corner/enneagram-type-2,"""jacinda ardern"" enneagram 2",0,13,0.00,9.6
https://9takes.com/enneagram-corner/enneagram-type-2,can enneagram 2 be introverted,0,2,0.00,29.5
https://9takes.com/enneagram-corner/enneagram-type-2,core fear of enneagram 2,0,3,0.00,48.7
https://9takes.com/enneagram-corner/enneagram-type-2,enneagram 2,0,49,0.00,59.1
https://9takes.com/enneagram-corner/enneagram-type-2,enneagram 2 core fear,0,3,0.00,52.0
https://9takes.com/enneagram-corner/enneagram-type-2,enneagram 2 countertype,0,1,0.00,34.0
https://9takes.com/enneagram-corner/enneagram-type-2,enneagram 2 deadly sin,0,2,0.00,48.0
https://9takes.com/enneagram-corner/enneagram-type-2,enneagram 2 fear,0,2,0.00,49.0
https://9takes.com/enneagram-corner/enneagram-type-2,enneagram 2 fears,0,3,0.00,48.3
https://9takes.com/enneagram-corner/enneagram-type-2,enneagram 2 growth,0,1,0.00,40.0
https://9takes.com/enneagram-corner/enneagram-type-2,enneagram 2 growth and stress,0,3,0.00,61.7
https://9takes.com/enneagram-corner/enneagram-type-2,enneagram 2 in stress,0,7,0.00,61.7
https://9takes.com/enneagram-corner/enneagram-type-2,enneagram 2 in stress and growth,0,6,0.00,71.8
https://9takes.com/enneagram-corner/enneagram-type-2,enneagram 2 integration,0,1,0.00,29.0
https://9takes.com/enneagram-corner/enneagram-type-2,enneagram 2 integration and disintegration,0,1,0.00,39.0
https://9takes.com/enneagram-corner/enneagram-type-2,enneagram 2 strengths,0,2,0.00,63.0
https://9takes.com/enneagram-corner/enneagram-type-2,enneagram 2 stress,0,4,0.00,52.3
https://9takes.com/enneagram-corner/enneagram-type-2,enneagram 2 stress and growth,0,1,0.00,89.0
https://9takes.com/enneagram-corner/enneagram-type-2,enneagram 2 under stress,0,3,0.00,44.0
https://9takes.com/enneagram-corner/enneagram-type-2,enneagram 2 weaknesses,0,1,0.00,41.0
https://9takes.com/enneagram-corner/enneagram-type-2,enneagram institute type 2,0,1,0.00,72.0
https://9takes.com/enneagram-corner/enneagram-type-2,enneagram number 2,0,1,0.00,76.0
https://9takes.com/enneagram-corner/enneagram-type-2,enneagram type 2,0,89,0.00,60.0
https://9takes.com/enneagram-corner/enneagram-type-2,enneagram type 2 careers to avoid,0,2,0.00,78.5
https://9takes.com/enneagram-corner/enneagram-type-2,enneagram type 2 growth,0,1,0.00,63.0
https://9takes.com/enneagram-corner/enneagram-type-2,enneagram type 2 meaning,0,1,0.00,58.0
https://9takes.com/enneagram-corner/enneagram-type-2,enneagram type 2 stress,0,4,0.00,48.0
https://9takes.com/enneagram-corner/enneagram-type-2,enneagram type 2 weaknesses,0,1,0.00,44.0
https://9takes.com/enneagram-corner/enneagram-type-2,enneagram type two,0,1,0.00,85.0
https://9takes.com/enneagram-corner/enneagram-type-2,ennegram 2,0,3,0.00,53.3
https://9takes.com/enneagram-corner/enneagram-type-2,number 2 enneagram,0,1,0.00,51.0
https://9takes.com/enneagram-corner/enneagram-type-2,site:9takes.com,0,1,0.00,172.0
https://9takes.com/enneagram-corner/enneagram-type-2,social enneagram 2,0,1,0.00,37.0
https://9takes.com/enneagram-corner/enneagram-type-2,type 2 core fear,0,1,0.00,35.0
https://9takes.com/enneagram-corner/enneagram-type-2,type 2 enneagram,0,9,0.00,54.0
https://9takes.com/enneagram-corner/enneagram-type-2,type 2 personality,0,1,0.00,50.0
https://9takes.com/enneagram-corner/enneagram-type-2,type 2 personality enneagram,0,1,0.00,52.0
https://9takes.com/enneagram-corner/enneagram-type-2,type two enneagram,0,2,0.00,49.5
https://9takes.com/enneagram-corner/enneagram-type-2,type two personality,0,1,0.00,63.0
https://9takes.com/enneagram-corner/enneagram-type-2,where do 2s go in stress,0,3,0.00,25.3
https://9takes.com/enneagram-corner/enneagram-type-3,3 enneagram,0,17,0.00,44.8
https://9takes.com/enneagram-corner/enneagram-type-3,3 enneagram description,0,1,0.00,40.0
https://9takes.com/enneagram-corner/enneagram-type-3,3 enneagram meaning,0,3,0.00,46.0
https://9takes.com/enneagram-corner/enneagram-type-3,3 enneagram type,0,5,0.00,40.2
https://9takes.com/enneagram-corner/enneagram-type-3,3 ennegram,0,1,0.00,37.0
https://9takes.com/enneagram-corner/enneagram-type-3,3 in enneagram,0,1,0.00,27.0
https://9takes.com/enneagram-corner/enneagram-type-3,3 on enneagram,0,18,0.00,37.5
https://9takes.com/enneagram-corner/enneagram-type-3,3 on the enneagram,0,4,0.00,44.3
https://9takes.com/enneagram-corner/enneagram-type-3,3w9 enneagram,0,6,0.00,24.8
https://9takes.com/enneagram-corner/enneagram-type-3,9takes,0,4,0.00,1.0
https://9takes.com/enneagram-corner/enneagram-type-3,achiever enneagram,0,6,0.00,37.5
https://9takes.com/enneagram-corner/enneagram-type-3,achiever personality type,0,1,0.00,24.0
https://9takes.com/enneagram-corner/enneagram-type-3,anneagram 3,0,2,0.00,30.0
https://9takes.com/enneagram-corner/enneagram-type-3,careers for enneagram type 3,0,5,0.00,63.0
https://9takes.com/enneagram-corner/enneagram-type-3,characteristics of enneagram 3,0,1,0.00,44.0
https://9takes.com/enneagram-corner/enneagram-type-3,core 3 enneagram,0,1,0.00,28.0
https://9takes.com/enneagram-corner/enneagram-type-3,e3 enneagram,0,10,0.00,22.9
https://9takes.com/enneagram-corner/enneagram-type-3,e3 enneagram -ai,0,1,0.00,16.0
https://9takes.com/enneagram-corner/enneagram-type-3,enagram 3,0,2,0.00,38.0
https://9takes.com/enneagram-corner/enneagram-type-3,eneagram 3,0,2,0.00,33.5
https://9takes.com/enneagram-corner/enneagram-type-3,eneagram type 3,0,2,0.00,30.0
https://9takes.com/enneagram-corner/enneagram-type-3,eneagrama 3,0,1,0.00,51.0
https://9takes.com/enneagram-corner/enneagram-type-3,enegram 3,0,1,0.00,37.0
https://9takes.com/enneagram-corner/enneagram-type-3,ennagram 3,0,1,0.00,46.0
https://9takes.com/enneagram-corner/enneagram-type-3,ennagram type 3,0,1,0.00,36.0
https://9takes.com/enneagram-corner/enneagram-type-3,enneafram 3,0,2,0.00,39.0
https://9takes.com/enneagram-corner/enneagram-type-3,enneagram 3,0,507,0.00,39.6
https://9takes.com/enneagram-corner/enneagram-type-3,enneagram 3 and 9,0,5,0.00,27.6
https://9takes.com/enneagram-corner/enneagram-type-3,enneagram 3 arrows,0,1,0.00,42.0
https://9takes.com/enneagram-corner/enneagram-type-3,enneagram 3 biggest fear,0,2,0.00,42.5
https://9takes.com/enneagram-corner/enneagram-type-3,enneagram 3 characteristics,0,3,0.00,57.7
https://9takes.com/enneagram-corner/enneagram-type-3,enneagram 3 characters,0,1,0.00,37.0
https://9takes.com/enneagram-corner/enneagram-type-3,enneagram 3 core fear,0,5,0.00,55.4
https://9takes.com/enneagram-corner/enneagram-type-3,enneagram 3 description,0,3,0.00,48.0
https://9takes.com/enneagram-corner/enneagram-type-3,enneagram 3 disintegration,0,1,0.00,26.0
https://9takes.com/enneagram-corner/enneagram-type-3,enneagram 3 disintegration to 9,0,2,0.00,23.5
https://9takes.com/enneagram-corner/enneagram-type-3,enneagram 3 fear,0,1,0.00,35.0
https://9takes.com/enneagram-corner/enneagram-type-3,enneagram 3 fears,0,1,0.00,35.0
https://9takes.com/enneagram-corner/enneagram-type-3,enneagram 3 fears and desires,0,2,0.00,39.5
https://9takes.com/enneagram-corner/enneagram-type-3,enneagram 3 growth and stress,0,1,0.00,39.0
https://9takes.com/enneagram-corner/enneagram-type-3,enneagram 3 healthy and unhealthy,0,2,0.00,32.0
https://9takes.com/enneagram-corner/enneagram-type-3,enneagram 3 in growth,0,5,0.00,52.8
https://9takes.com/enneagram-corner/enneagram-type-3,enneagram 3 in stress,0,6,0.00,46.0
https://9takes.com/enneagram-corner/enneagram-type-3,enneagram 3 in stress and growth,0,3,0.00,44.3
https://9takes.com/enneagram-corner/enneagram-type-3,enneagram 3 integration,0,1,0.00,23.0
https://9takes.com/enneagram-corner/enneagram-type-3,enneagram 3 levels of health,0,1,0.00,46.0
https://9takes.com/enneagram-corner/enneagram-type-3,enneagram 3 meaning,0,5,0.00,37.6
https://9takes.com/enneagram-corner/enneagram-type-3,enneagram 3 motivation,0,2,0.00,59.5
https://9takes.com/enneagram-corner/enneagram-type-3,enneagram 3 personality,0,3,0.00,40.0
https://9takes.com/enneagram-corner/enneagram-type-3,enneagram 3 strengths,0,1,0.00,73.0
https://9takes.com/enneagram-corner/enneagram-type-3,enneagram 3 stress,0,5,0.00,49.4
https://9takes.com/enneagram-corner/enneagram-type-3,enneagram 3 stress and growth,0,1,0.00,44.0
https://9takes.com/enneagram-corner/enneagram-type-3,enneagram 3 summary,0,1,0.00,32.0
https://9takes.com/enneagram-corner/enneagram-type-3,enneagram 3 traits,0,1,0.00,50.0
https://9takes.com/enneagram-corner/enneagram-type-3,enneagram 3 triad,0,2,0.00,31.0
https://9takes.com/enneagram-corner/enneagram-type-3,enneagram 3 type,0,14,0.00,31.3
https://9takes.com/enneagram-corner/enneagram-type-3,enneagram 3 types,0,3,0.00,43.0
https://9takes.com/enneagram-corner/enneagram-type-3,enneagram 3 under stress,0,1,0.00,37.0
https://9takes.com/enneagram-corner/enneagram-type-3,enneagram 3 weaknesses,0,3,0.00,33.0
https://9takes.com/enneagram-corner/enneagram-type-3,enneagram 3 wing 6,0,1,0.00,37.0
https://9takes.com/enneagram-corner/enneagram-type-3,enneagram 9 and 3,0,2,0.00,26.0
https://9takes.com/enneagram-corner/enneagram-type-3,enneagram 9 integration to 3,0,3,0.00,31.7
https://9takes.com/enneagram-corner/enneagram-type-3,enneagram achiever,0,257,0.00,33.2
https://9takes.com/enneagram-corner/enneagram-type-3,enneagram e3,0,1,0.00,27.0
https://9takes.com/enneagram-corner/enneagram-type-3,enneagram institute 3,0,5,0.00,53.2
https://9takes.com/enneagram-corner/enneagram-type-3,enneagram institute type 3,0,11,0.00,48.8
https://9takes.com/enneagram-corner/enneagram-type-3,enneagram number 3,0,9,0.00,32.4
https://9takes.com/enneagram-corner/enneagram-type-3,enneagram personality 3,0,2,0.00,35.5
https://9takes.com/enneagram-corner/enneagram-type-3,enneagram personality type 3,0,1,0.00,39.0
https://9takes.com/enneagram-corner/enneagram-type-3,enneagram social 3,0,1,0.00,24.0
https://9takes.com/enneagram-corner/enneagram-type-3,enneagram test 3,0,6,0.00,34.0
https://9takes.com/enneagram-corner/enneagram-type-3,enneagram test type 3,0,20,0.00,28.7
https://9takes.com/enneagram-corner/enneagram-type-3,enneagram the achiever,0,4,0.00,29.0
https://9takes.com/enneagram-corner/enneagram-type-3,enneagram three,0,33,0.00,39.5
https://9takes.com/enneagram-corner/enneagram-type-3,enneagram threes,0,4,0.00,44.8
https://9takes.com/enneagram-corner/enneagram-type-3,enneagram typ 3,0,1,0.00,26.0
https://9takes.com/enneagram-corner/enneagram-type-3,enneagram type 3,0,634,0.00,33.6
https://9takes.com/enneagram-corner/enneagram-type-3,enneagram type 3 careers,0,9,0.00,56.6
https://9takes.com/enneagram-corner/enneagram-type-3,enneagram type 3 characteristics,0,1,0.00,38.0
https://9takes.com/enneagram-corner/enneagram-type-3,enneagram type 3 core fear,0,1,0.00,32.0
https://9takes.com/enneagram-corner/enneagram-type-3,enneagram type 3 description,0,3,0.00,41.7
https://9takes.com/enneagram-corner/enneagram-type-3,enneagram type 3 personality,0,2,0.00,47.0
https://9takes.com/enneagram-corner/enneagram-type-3,enneagram type 3 strengths and weaknesses,0,1,0.00,36.0
https://9takes.com/enneagram-corner/enneagram-type-3,enneagram type 3 weaknesses,0,1,0.00,25.0
https://9takes.com/enneagram-corner/enneagram-type-3,enneagram type three,0,12,0.00,33.2
https://9takes.com/enneagram-corner/enneagram-type-3,enneagram types 3,0,14,0.00,40.9
https://9takes.com/enneagram-corner/enneagram-type-3,enneagramm+3,0,2,0.00,41.5
https://9takes.com/enneagram-corner/enneagram-type-3,enneagream 3,0,1,0.00,47.0
https://9takes.com/enneagram-corner/enneagram-type-3,ennegaram 3,0,1,0.00,44.0
https://9takes.com/enneagram-corner/enneagram-type-3,ennegram 3,0,22,0.00,41.4
https://9takes.com/enneagram-corner/enneagram-type-3,ennegram three,0,1,0.00,41.0
https://9takes.com/enneagram-corner/enneagram-type-3,ennegram type 3,0,7,0.00,40.0
https://9takes.com/enneagram-corner/enneagram-type-3,ennegream 3,0,2,0.00,33.0
https://9takes.com/enneagram-corner/enneagram-type-3,ennergram 3,0,1,0.00,31.0
https://9takes.com/enneagram-corner/enneagram-type-3,healthy 3 enneagram,0,2,0.00,29.5
https://9takes.com/enneagram-corner/enneagram-type-3,healthy enneagram 3,0,1,0.00,32.0
https://9takes.com/enneagram-corner/enneagram-type-3,number 3 enneagram,0,7,0.00,37.1
https://9takes.com/enneagram-corner/enneagram-type-3,opposite of enneagram 3,0,1,0.00,25.0
https://9takes.com/enneagram-corner/enneagram-type-3,personality type 3,0,7,0.00,40.7
https://9takes.com/enneagram-corner/enneagram-type-3,site:9takes.com,0,1,0.00,175.0
https://9takes.com/enneagram-corner/enneagram-type-3,so 3 enneagram,0,1,0.00,26.0
https://9takes.com/enneagram-corner/enneagram-type-3,social 3 enneagram,0,2,0.00,21.0
https://9takes.com/enneagram-corner/enneagram-type-3,the achiever enneagram,0,6,0.00,31.7
https://9takes.com/enneagram-corner/enneagram-type-3,three enneagram,0,9,0.00,45.6
https://9takes.com/enneagram-corner/enneagram-type-3,three enneagram type,0,1,0.00,46.0
https://9takes.com/enneagram-corner/enneagram-type-3,type 3,0,4,0.00,50.3
https://9takes.com/enneagram-corner/enneagram-type-3,type 3 (the achiever),0,1,0.00,24.0
https://9takes.com/enneagram-corner/enneagram-type-3,type 3 achiever,0,1,0.00,24.0
https://9takes.com/enneagram-corner/enneagram-type-3,type 3 ennagram,0,2,0.00,43.0
https://9takes.com/enneagram-corner/enneagram-type-3,type 3 enneagram,0,105,0.00,33.4
https://9takes.com/enneagram-corner/enneagram-type-3,type 3 enneagram careers,0,2,0.00,60.0
https://9takes.com/enneagram-corner/enneagram-type-3,type 3 enneagram characters,0,1,0.00,62.0
https://9takes.com/enneagram-corner/enneagram-type-3,type 3 enneagram description,0,3,0.00,53.7
https://9takes.com/enneagram-corner/enneagram-type-3,type 3 ennegram,0,3,0.00,29.0
https://9takes.com/enneagram-corner/enneagram-type-3,type 3 meaning,0,1,0.00,21.0
https://9takes.com/enneagram-corner/enneagram-type-3,type 3 person,0,1,0.00,23.0
https://9takes.com/enneagram-corner/enneagram-type-3,type 3 personality,0,17,0.00,41.4
https://9takes.com/enneagram-corner/enneagram-type-3,type 3 personality disorder,0,1,0.00,96.0
https://9takes.com/enneagram-corner/enneagram-type-3,type 3 the achiever,0,1,0.00,23.0
https://9takes.com/enneagram-corner/enneagram-type-3,type three,0,2,0.00,40.5
https://9takes.com/enneagram-corner/enneagram-type-3,type three enneagram,0,21,0.00,36.9
https://9takes.com/enneagram-corner/enneagram-type-3,type three personality,0,4,0.00,39.5
https://9takes.com/enneagram-corner/enneagram-type-3,unhealthy enneagram 3,0,1,0.00,33.0
https://9takes.com/enneagram-corner/enneagram-type-3,what does enneagram 3 integrate to,0,1,0.00,24.0
https://9takes.com/enneagram-corner/enneagram-type-3,what is a 3 enneagram,0,2,0.00,42.0
https://9takes.com/enneagram-corner/enneagram-type-3,what is a 3 on enneagram,0,1,0.00,40.0
https://9takes.com/enneagram-corner/enneagram-type-3,what is a 3 on the enneagram,0,2,0.00,40.0
https://9takes.com/enneagram-corner/enneagram-type-3,what is a type 3 enneagram,0,1,0.00,70.0
https://9takes.com/enneagram-corner/enneagram-type-3,what is a type 3 personality,0,1,0.00,51.0
https://9takes.com/enneagram-corner/enneagram-type-3,what is an enneagram 3,0,5,0.00,57.0
https://9takes.com/enneagram-corner/enneagram-type-3,what is enneagram 3,0,5,0.00,50.4
https://9takes.com/enneagram-corner/enneagram-type-3,what is ennegram 3,0,1,0.00,44.0
https://9takes.com/enneagram-corner/enneagram-type-3,what is the enneagram 3,0,16,0.00,44.3
https://9takes.com/enneagram-corner/enneagram-type-3,what is type 3 enneagram,0,1,0.00,67.0
https://9takes.com/enneagram-corner/enneagram-type-3,wnneagram 3,0,2,0.00,41.0
https://9takes.com/enneagram-corner/enneagram-type-4,"""type 4"" blocked writers identity self-worth",0,6,0.00,9.2
https://9takes.com/enneagram-corner/enneagram-type-4,1w4 enneagram,0,3,0.00,29.3
https://9takes.com/enneagram-corner/enneagram-type-4,4 aspects,0,2,0.00,58.0
https://9takes.com/enneagram-corner/enneagram-type-4,4 enneagram,0,8,0.00,51.4
https://9takes.com/enneagram-corner/enneagram-type-4,4 enneagram description,0,1,0.00,52.0
https://9takes.com/enneagram-corner/enneagram-type-4,4 enneagram meaning,0,4,0.00,63.3
https://9takes.com/enneagram-corner/enneagram-type-4,4 enneagram personality,0,2,0.00,64.0
https://9takes.com/enneagram-corner/enneagram-type-4,4 enneagram type,0,3,0.00,72.3
https://9takes.com/enneagram-corner/enneagram-type-4,4 ennegram,0,1,0.00,48.0
https://9takes.com/enneagram-corner/enneagram-type-4,4 on enneagram,0,10,0.00,50.5
https://9takes.com/enneagram-corner/enneagram-type-4,4 on the enneagram,0,2,0.00,49.0
https://9takes.com/enneagram-corner/enneagram-type-4,4s enneagram,0,2,0.00,44.5
https://9takes.com/enneagram-corner/enneagram-type-4,6 vs 4 enneagram,0,1,0.00,31.0
https://9takes.com/enneagram-corner/enneagram-type-4,9takes,0,11,0.00,1.0
https://9takes.com/enneagram-corner/enneagram-type-4,9w4 enneagram,0,1,0.00,29.0
https://9takes.com/enneagram-corner/enneagram-type-4,billie eilish enneagram,0,2,0.00,36.5
https://9takes.com/enneagram-corner/enneagram-type-4,core fear of enneagram 4,0,1,0.00,34.0
https://9takes.com/enneagram-corner/enneagram-type-4,e4 core enneagram,0,1,0.00,22.0
https://9takes.com/enneagram-corner/enneagram-type-4,e4 enneagram,0,1,0.00,55.0
https://9takes.com/enneagram-corner/enneagram-type-4,eanneagram 4,0,1,0.00,50.0
https://9takes.com/enneagram-corner/enneagram-type-4,eneagram 4,0,5,0.00,46.2
https://9takes.com/enneagram-corner/enneagram-type-4,eneagrama 4,0,1,0.00,45.0
https://9takes.com/enneagram-corner/enneagram-type-4,eneagrama tipo 4,0,1,0.00,83.0
https://9takes.com/enneagram-corner/enneagram-type-4,eneagramm 4,0,1,0.00,56.0
https://9takes.com/enneagram-corner/enneagram-type-4,enegram 4,0,1,0.00,47.0
https://9takes.com/enneagram-corner/enneagram-type-4,ennagram 4,0,2,0.00,66.0
https://9takes.com/enneagram-corner/enneagram-type-4,ennagram type 4,0,2,0.00,37.5
https://9takes.com/enneagram-corner/enneagram-type-4,enneagram 1 disintegration to 4,0,1,0.00,26.0
https://9takes.com/enneagram-corner/enneagram-type-4,enneagram 1 vs 4,0,1,0.00,34.0
https://9takes.com/enneagram-corner/enneagram-type-4,enneagram 4 arrows,0,1,0.00,38.0
https://9takes.com/enneagram-corner/enneagram-type-4,enneagram 4 art,0,1,0.00,35.0
https://9takes.com/enneagram-corner/enneagram-type-4,enneagram 4 core,0,1,0.00,40.0
https://9takes.com/enneagram-corner/enneagram-type-4,enneagram 4 core fear,0,8,0.00,28.1
https://9takes.com/enneagram-corner/enneagram-type-4,enneagram 4 countertype,0,1,0.00,34.0
https://9takes.com/enneagram-corner/enneagram-type-4,enneagram 4 description,0,1,0.00,49.0
https://9takes.com/enneagram-corner/enneagram-type-4,enneagram 4 disintegration,0,6,0.00,25.7
https://9takes.com/enneagram-corner/enneagram-type-4,enneagram 4 examples,0,1,0.00,44.0
https://9takes.com/enneagram-corner/enneagram-type-4,enneagram 4 fear,0,3,0.00,39.7
https://9takes.com/enneagram-corner/enneagram-type-4,enneagram 4 fears,0,2,0.00,35.0
https://9takes.com/enneagram-corner/enneagram-type-4,enneagram 4 fears and desires,0,1,0.00,42.0
https://9takes.com/enneagram-corner/enneagram-type-4,enneagram 4 in stress,0,10,0.00,42.4
https://9takes.com/enneagram-corner/enneagram-type-4,enneagram 4 integration,0,3,0.00,27.7
https://9takes.com/enneagram-corner/enneagram-type-4,enneagram 4 integration and disintegration,0,1,0.00,28.0
https://9takes.com/enneagram-corner/enneagram-type-4,enneagram 4 meaning,0,1,0.00,38.0
https://9takes.com/enneagram-corner/enneagram-type-4,enneagram 4 motivation,0,5,0.00,48.2
https://9takes.com/enneagram-corner/enneagram-type-4,enneagram 4 or 6,0,1,0.00,28.0
https://9takes.com/enneagram-corner/enneagram-type-4,enneagram 4 or 9,0,1,0.00,35.0
https://9takes.com/enneagram-corner/enneagram-type-4,enneagram 4 people,0,1,0.00,40.0
https://9takes.com/enneagram-corner/enneagram-type-4,enneagram 4 social,0,11,0.00,35.5
https://9takes.com/enneagram-corner/enneagram-type-4,enneagram 4 social subtype,0,4,0.00,31.8
https://9takes.com/enneagram-corner/enneagram-type-4,enneagram 4 stress,0,2,0.00,35.5
https://9takes.com/enneagram-corner/enneagram-type-4,enneagram 4 stress and growth,0,4,0.00,48.0
https://9takes.com/enneagram-corner/enneagram-type-4,enneagram 4 subtype,0,2,0.00,30.5
https://9takes.com/enneagram-corner/enneagram-type-4,enneagram 4 subtypes,0,5,0.00,39.6
https://9takes.com/enneagram-corner/enneagram-type-4,enneagram 4 triad,0,1,0.00,48.0
https://9takes.com/enneagram-corner/enneagram-type-4,enneagram 4 types,0,1,0.00,49.0
https://9takes.com/enneagram-corner/enneagram-type-4,enneagram 4 under stress,0,6,0.00,31.3
https://9takes.com/enneagram-corner/enneagram-type-4,enneagram 4 vs 6,0,2,0.00,30.5
https://9takes.com/enneagram-corner/enneagram-type-4,enneagram 4 vs 9,0,8,0.00,29.0
https://9takes.com/enneagram-corner/enneagram-type-4,enneagram 4 weaknesses,0,1,0.00,34.0
https://9takes.com/enneagram-corner/enneagram-type-4,enneagram 4 when stressed,0,1,0.00,38.0
https://9takes.com/enneagram-corner/enneagram-type-4,enneagram 4s,0,2,0.00,53.0
https://9takes.com/enneagram-corner/enneagram-type-4,enneagram 4w1,0,1,0.00,41.0
https://9takes.com/enneagram-corner/enneagram-type-4,enneagram 4w6,0,1,0.00,54.0
https://9takes.com/enneagram-corner/enneagram-type-4,enneagram 9 vs 4,0,4,0.00,28.0
https://9takes.com/enneagram-corner/enneagram-type-4,enneagram core 4,0,1,0.00,28.0
https://9takes.com/enneagram-corner/enneagram-type-4,enneagram four,0,19,0.00,52.6
https://9takes.com/enneagram-corner/enneagram-type-4,enneagram four subtypes,0,1,0.00,41.0
https://9takes.com/enneagram-corner/enneagram-type-4,enneagram four with a three-wing: “the aristocrat”,0,1,0.00,48.0
https://9takes.com/enneagram-corner/enneagram-type-4,enneagram fours,0,3,0.00,39.3
https://9takes.com/enneagram-corner/enneagram-type-4,enneagram personality 4,0,4,0.00,72.3
https://9takes.com/enneagram-corner/enneagram-type-4,enneagram personality type 4,0,2,0.00,77.5
https://9takes.com/enneagram-corner/enneagram-type-4,enneagram social 4,0,12,0.00,29.7
https://9takes.com/enneagram-corner/enneagram-type-4,enneagram subtypes 4,0,3,0.00,33.3
https://9takes.com/enneagram-corner/enneagram-type-4,enneagram tip 4,0,3,0.00,28.7
https://9takes.com/enneagram-corner/enneagram-type-4,enneagram typ 4,0,1,0.00,85.0
https://9takes.com/enneagram-corner/enneagram-type-4,enneagram type 4,0,148,0.00,53.3
https://9takes.com/enneagram-corner/enneagram-type-4,enneagram type 4 social subtype,0,5,0.00,30.4
https://9takes.com/enneagram-corner/enneagram-type-4,enneagram type four,0,2,0.00,81.0
https://9takes.com/enneagram-corner/enneagram-type-4,enneagram types 4,0,2,0.00,80.0
https://9takes.com/enneagram-corner/enneagram-type-4,enneagramma 4,0,1,0.00,48.0
https://9takes.com/enneagram-corner/enneagram-type-4,enneagramtype 4,0,1,0.00,71.0
https://9takes.com/enneagram-corner/enneagram-type-4,enneagream 4,0,1,0.00,55.0
https://9takes.com/enneagram-corner/enneagram-type-4,ennegram 4,0,7,0.00,46.0
https://9takes.com/enneagram-corner/enneagram-type-4,ennegram type 4,0,2,0.00,44.5
https://9takes.com/enneagram-corner/enneagram-type-4,ennegream 4,0,1,0.00,46.0
https://9takes.com/enneagram-corner/enneagram-type-4,enneogram 4,0,1,0.00,34.0
https://9takes.com/enneagram-corner/enneagram-type-4,ennergram 4,0,1,0.00,48.0
https://9takes.com/enneagram-corner/enneagram-type-4,famous enneagram 4,0,1,0.00,53.0
https://9takes.com/enneagram-corner/enneagram-type-4,four enneagram,0,3,0.00,64.0
https://9takes.com/enneagram-corner/enneagram-type-4,frustration triad enneagram,0,1,0.00,5.0
https://9takes.com/enneagram-corner/enneagram-type-4,ichazo point 4,0,1,0.00,24.0
https://9takes.com/enneagram-corner/enneagram-type-4,is enneagram 4 rare,0,2,0.00,32.0
https://9takes.com/enneagram-corner/enneagram-type-4,jacob rubin enneagram,0,1,0.00,30.0
https://9takes.com/enneagram-corner/enneagram-type-4,johnny depp enneagram type,0,2,0.00,17.0
https://9takes.com/enneagram-corner/enneagram-type-4,self preservation four,0,1,0.00,67.0
https://9takes.com/enneagram-corner/enneagram-type-4,self-preservation four,0,1,0.00,59.0
https://9takes.com/enneagram-corner/enneagram-type-4,site:9takes.com,0,1,0.00,173.0
https://9takes.com/enneagram-corner/enneagram-type-4,so 4 enneagram,0,6,0.00,28.7
https://9takes.com/enneagram-corner/enneagram-type-4,so4 enneagram,0,1,0.00,30.0
https://9takes.com/enneagram-corner/enneagram-type-4,social 4 enneagram,0,26,0.00,29.0
https://9takes.com/enneagram-corner/enneagram-type-4,social 4 in detail,0,1,0.00,24.0
https://9takes.com/enneagram-corner/enneagram-type-4,social enneagram 4,0,3,0.00,33.7
https://9takes.com/enneagram-corner/enneagram-type-4,social four,0,2,0.00,30.0
https://9takes.com/enneagram-corner/enneagram-type-4,social four enneagram,0,2,0.00,31.0
https://9takes.com/enneagram-corner/enneagram-type-4,subtypes of enneagram 4,0,1,0.00,25.0
https://9takes.com/enneagram-corner/enneagram-type-4,type 4 disintegration,0,2,0.00,29.5
https://9takes.com/enneagram-corner/enneagram-type-4,type 4 enneagram,0,13,0.00,54.2
https://9takes.com/enneagram-corner/enneagram-type-4,type 4 subtypes,0,1,0.00,43.0
https://9takes.com/enneagram-corner/enneagram-type-4,type four enneagram,0,5,0.00,74.6
https://9takes.com/enneagram-corner/enneagram-type-4,what does enneagram 4 mean,0,1,0.00,38.0
https://9takes.com/enneagram-corner/enneagram-type-4,what enneagram disintegrates to 4,0,4,0.00,10.5
https://9takes.com/enneagram-corner/enneagram-type-4,what is 4 enneagram,0,1,0.00,37.0
https://9takes.com/enneagram-corner/enneagram-type-4,what is a 4 enneagram,0,1,0.00,49.0
https://9takes.com/enneagram-corner/enneagram-type-4,what is a 4 in enneagram,0,1,0.00,47.0
https://9takes.com/enneagram-corner/enneagram-type-4,what is enneagram 4,0,2,0.00,38.0
https://9takes.com/enneagram-corner/enneagram-type-4,what is ennegram 4,0,1,0.00,41.0
https://9takes.com/enneagram-corner/enneagram-type-5,5 disintegration,0,1,0.00,25.0
https://9takes.com/enneagram-corner/enneagram-type-5,5 enneagram,0,1,0.00,44.0
https://9takes.com/enneagram-corner/enneagram-type-5,9takes,0,5,0.00,1.0
https://9takes.com/enneagram-corner/enneagram-type-5,e5 disintegration,0,1,0.00,16.0
https://9takes.com/enneagram-corner/enneagram-type-5,enneagram 5,0,3,0.00,64.3
https://9takes.com/enneagram-corner/enneagram-type-5,enneagram 5 core desire,0,1,0.00,33.0
https://9takes.com/enneagram-corner/enneagram-type-5,enneagram 5 core fear and desire,0,1,0.00,35.0
https://9takes.com/enneagram-corner/enneagram-type-5,enneagram 5 defense mechanism,0,1,0.00,65.0
https://9takes.com/enneagram-corner/enneagram-type-5,enneagram 5 description,0,1,0.00,48.0
https://9takes.com/enneagram-corner/enneagram-type-5,enneagram 5 fears,0,2,0.00,69.0
https://9takes.com/enneagram-corner/enneagram-type-5,enneagram 5 greed,0,2,0.00,37.0
https://9takes.com/enneagram-corner/enneagram-type-5,enneagram 5 growth and stress,0,1,0.00,49.0
https://9takes.com/enneagram-corner/enneagram-type-5,enneagram 5 in stress,0,5,0.00,43.6
https://9takes.com/enneagram-corner/enneagram-type-5,enneagram 5 integration,0,2,0.00,22.5
https://9takes.com/enneagram-corner/enneagram-type-5,enneagram 5 integration and disintegration,0,2,0.00,21.0
https://9takes.com/enneagram-corner/enneagram-type-5,enneagram 5 social,0,2,0.00,20.0
https://9takes.com/enneagram-corner/enneagram-type-5,enneagram 5 stress,0,3,0.00,41.3
https://9takes.com/enneagram-corner/enneagram-type-5,enneagram 5 stress and growth,0,4,0.00,63.0
https://9takes.com/enneagram-corner/enneagram-type-5,enneagram 5 under stress,0,3,0.00,29.7
https://9takes.com/enneagram-corner/enneagram-type-5,enneagram 9w5,0,5,0.00,29.2
https://9takes.com/enneagram-corner/enneagram-type-5,enneagram social 5,0,9,0.00,17.1
https://9takes.com/enneagram-corner/enneagram-type-5,enneagram type 5,0,11,0.00,54.4
https://9takes.com/enneagram-corner/enneagram-type-5,enneagram type 5 characteristics,0,1,0.00,58.0
https://9takes.com/enneagram-corner/enneagram-type-5,enneagram type 5 subtypes,0,1,0.00,69.0
https://9takes.com/enneagram-corner/enneagram-type-5,enneagram withdrawn types,0,1,0.00,24.0
https://9takes.com/enneagram-corner/enneagram-type-5,ennegram 5,0,1,0.00,62.0
https://9takes.com/enneagram-corner/enneagram-type-5,extroverted enneagram 5,0,1,0.00,48.0
https://9takes.com/enneagram-corner/enneagram-type-5,other 5,0,1,0.00,62.0
https://9takes.com/enneagram-corner/enneagram-type-5,self preservation 5,0,4,0.00,52.8
https://9takes.com/enneagram-corner/enneagram-type-5,self-preservation 5,0,1,0.00,39.0
https://9takes.com/enneagram-corner/enneagram-type-5,site:9takes.com,0,1,0.00,163.0
https://9takes.com/enneagram-corner/enneagram-type-5,so 5 enneagram,0,5,0.00,31.6
https://9takes.com/enneagram-corner/enneagram-type-5,so5 enneagram,0,9,0.00,42.8
https://9takes.com/enneagram-corner/enneagram-type-5,social 5 enneagram,0,19,0.00,23.1
https://9takes.com/enneagram-corner/enneagram-type-5,social enneagram 5,0,1,0.00,15.0
https://9takes.com/enneagram-corner/enneagram-type-5,social five enneagram,0,3,0.00,18.0
https://9takes.com/enneagram-corner/enneagram-type-5,triple withdrawn,0,1,0.00,23.0
https://9takes.com/enneagram-corner/enneagram-type-5,type 5 disintegration,0,19,0.00,10.7
https://9takes.com/enneagram-corner/enneagram-type-5,type 5 enneagram,0,5,0.00,68.0
https://9takes.com/enneagram-corner/enneagram-type-5,type five enneagram,0,2,0.00,59.0
https://9takes.com/enneagram-corner/enneagram-type-5,what is a type 5,0,1,0.00,56.0
https://9takes.com/enneagram-corner/enneagram-type-5,what year 5.3 to avoid,0,1,0.00,80.0
https://9takes.com/enneagram-corner/enneagram-type-5,why do unhealthy enneagram fives hate closeness,0,1,0.00,17.0
https://9takes.com/enneagram-corner/enneagram-type-5,withdrawn enneagram,0,1,0.00,21.0
https://9takes.com/enneagram-corner/enneagram-type-5,withdrawn enneagram types,0,1,0.00,24.0
https://9takes.com/enneagram-corner/enneagram-type-5,withdrawn type enneagram,0,5,0.00,18.8
https://9takes.com/enneagram-corner/enneagram-type-5#fives-at-work,enneagram 5 disintegration,0,16,0.00,11.1
https://9takes.com/enneagram-corner/enneagram-type-5#fives-at-work,type 5 disintegration,0,2,0.00,9.5
https://9takes.com/enneagram-corner/enneagram-type-5#how-5s-handle-conflict-the-competency-approach,enneagram 5 disintegration,0,9,0.00,11.2
https://9takes.com/enneagram-corner/enneagram-type-5#how-5s-handle-conflict-the-competency-approach,type 5 disintegration,0,2,0.00,9.5
https://9takes.com/enneagram-corner/enneagram-type-5#reading-a-five-what-people-get-wrong,enneagram 5 disintegration,0,13,0.00,11.1
https://9takes.com/enneagram-corner/enneagram-type-5#reading-a-five-what-people-get-wrong,type 5 disintegration,0,2,0.00,9.5
https://9takes.com/enneagram-corner/enneagram-type-5#the-childhood-blueprint,enneagram 5 disintegration,0,16,0.00,11.1
https://9takes.com/enneagram-corner/enneagram-type-5#the-childhood-blueprint,type 5 disintegration,0,9,0.00,10.8
https://9takes.com/enneagram-corner/enneagram-type-5#the-cost-of-distance,enneagram 5 disintegration,0,13,0.00,11.1
https://9takes.com/enneagram-corner/enneagram-type-5#the-cost-of-distance,type 5 disintegration,0,9,0.00,10.8
https://9takes.com/enneagram-corner/enneagram-type-5#the-fortress-mind,enneagram 5 disintegration,0,13,0.00,11.1
https://9takes.com/enneagram-corner/enneagram-type-5#the-fortress-mind,type 5 disintegration,0,2,0.00,9.5
https://9takes.com/enneagram-corner/enneagram-type-5#when-the-fortress-crumbles-fives-under-stress,enneagram 5 disintegration,0,15,0.00,11.1
https://9takes.com/enneagram-corner/enneagram-type-5#when-the-fortress-crumbles-fives-under-stress,type 5 disintegration,0,9,0.00,10.8
https://9takes.com/enneagram-corner/enneagram-type-5#when-the-mind-catches-fire,enneagram 5 disintegration,0,5,0.00,10.8
https://9takes.com/enneagram-corner/enneagram-type-6,6 enneagram,0,3,0.00,60.7
https://9takes.com/enneagram-corner/enneagram-type-6,6 ennegram,0,1,0.00,60.0
https://9takes.com/enneagram-corner/enneagram-type-6,6 in enneagram,0,1,0.00,52.0
https://9takes.com/enneagram-corner/enneagram-type-6,6 on enneagram,0,4,0.00,56.3
https://9takes.com/enneagram-corner/enneagram-type-6,6 on the enneagram,0,1,0.00,77.0
https://9takes.com/enneagram-corner/enneagram-type-6,9w6,0,1,0.00,16.0
https://9takes.com/enneagram-corner/enneagram-type-6,characteristics of enneagram 6,0,1,0.00,83.0
https://9takes.com/enneagram-corner/enneagram-type-6,core fear of enneagram 6,0,2,0.00,64.0
https://9takes.com/enneagram-corner/enneagram-type-6,eneagram 6,0,1,0.00,59.0
https://9takes.com/enneagram-corner/enneagram-type-6,enneagram 6,0,116,0.00,79.8
https://9takes.com/enneagram-corner/enneagram-type-6,enneagram 6 characteristics,0,3,0.00,82.7
https://9takes.com/enneagram-corner/enneagram-type-6,enneagram 6 core fear,0,3,0.00,48.3
https://9takes.com/enneagram-corner/enneagram-type-6,enneagram 6 core motivation,0,1,0.00,65.0
https://9takes.com/enneagram-corner/enneagram-type-6,enneagram 6 countertype,0,1,0.00,44.0
https://9takes.com/enneagram-corner/enneagram-type-6,enneagram 6 fear,0,1,0.00,52.0
https://9takes.com/enneagram-corner/enneagram-type-6,enneagram 6 fears,0,2,0.00,34.5
https://9takes.com/enneagram-corner/enneagram-type-6,enneagram 6 growth and stress,0,4,0.00,63.3
https://9takes.com/enneagram-corner/enneagram-type-6,enneagram 6 in stress,0,12,0.00,54.5
https://9takes.com/enneagram-corner/enneagram-type-6,enneagram 6 in stress and growth,0,1,0.00,68.0
https://9takes.com/enneagram-corner/enneagram-type-6,enneagram 6 integration,0,1,0.00,28.0
https://9takes.com/enneagram-corner/enneagram-type-6,enneagram 6 meaning,0,2,0.00,66.0
https://9takes.com/enneagram-corner/enneagram-type-6,enneagram 6 strengths,0,2,0.00,63.0
https://9takes.com/enneagram-corner/enneagram-type-6,enneagram 6 stress,0,1,0.00,29.0
https://9takes.com/enneagram-corner/enneagram-type-6,enneagram 6 stress and growth,0,1,0.00,71.0
https://9takes.com/enneagram-corner/enneagram-type-6,enneagram 6 traits,0,1,0.00,92.0
https://9takes.com/enneagram-corner/enneagram-type-6,enneagram 6 type,0,1,0.00,64.0
https://9takes.com/enneagram-corner/enneagram-type-6,enneagram 6 types,0,1,0.00,58.0
https://9takes.com/enneagram-corner/enneagram-type-6,enneagram 6 under stress,0,3,0.00,46.7
https://9takes.com/enneagram-corner/enneagram-type-6,enneagram 6 unhealthy,0,2,0.00,44.0
https://9takes.com/enneagram-corner/enneagram-type-6,enneagram 6 weaknesses,0,1,0.00,61.0
https://9takes.com/enneagram-corner/enneagram-type-6,enneagram number 6,0,6,0.00,66.3
https://9takes.com/enneagram-corner/enneagram-type-6,enneagram six,0,6,0.00,62.0
https://9takes.com/enneagram-corner/enneagram-type-6,enneagram six with a five-wing: “the defender”,0,1,0.00,50.0
https://9takes.com/enneagram-corner/enneagram-type-6,enneagram social 6,0,3,0.00,47.0
https://9takes.com/enneagram-corner/enneagram-type-6,enneagram test 6,0,2,0.00,50.5
https://9takes.com/enneagram-corner/enneagram-type-6,enneagram test 6 meaning,0,1,0.00,65.0
https://9takes.com/enneagram-corner/enneagram-type-6,enneagram test type 6,0,1,0.00,75.0
https://9takes.com/enneagram-corner/enneagram-type-6,enneagram type 6,0,160,0.00,76.8
https://9takes.com/enneagram-corner/enneagram-type-6,enneagram type 6 skeptical slow to trust source,0,1,0.00,11.0
https://9takes.com/enneagram-corner/enneagram-type-6,enneagram type 6 traits,0,1,0.00,87.0
https://9takes.com/enneagram-corner/enneagram-type-6,enneagram type six,0,3,0.00,65.3
https://9takes.com/enneagram-corner/enneagram-type-6,enneagram types 6,0,2,0.00,78.5
https://9takes.com/enneagram-corner/enneagram-type-6,enneagram unhealthy 6,0,1,0.00,55.0
https://9takes.com/enneagram-corner/enneagram-type-6,enneagrammer 6,0,1,0.00,63.0
https://9takes.com/enneagram-corner/enneagram-type-6,enneagrams 6,0,1,0.00,58.0
https://9takes.com/enneagram-corner/enneagram-type-6,ennegram 6,0,1,0.00,81.0
https://9takes.com/enneagram-corner/enneagram-type-6,ennegram type 6,0,1,0.00,77.0
https://9takes.com/enneagram-corner/enneagram-type-6,ennéagramme type 6,0,2,0.00,63.5
https://9takes.com/enneagram-corner/enneagram-type-6,self preservation 6,0,1,0.00,54.0
https://9takes.com/enneagram-corner/enneagram-type-6,self-preservation 6,0,1,0.00,52.0
https://9takes.com/enneagram-corner/enneagram-type-6,site:9takes.com,0,1,0.00,157.0
https://9takes.com/enneagram-corner/enneagram-type-6,six enneagram,0,2,0.00,58.5
https://9takes.com/enneagram-corner/enneagram-type-6,sixes enneagram,0,2,0.00,63.0
https://9takes.com/enneagram-corner/enneagram-type-6,so 6 enneagram,0,1,0.00,57.0
https://9takes.com/enneagram-corner/enneagram-type-6,social 6 enneagram,0,1,0.00,41.0
https://9takes.com/enneagram-corner/enneagram-type-6,social enneagram 6,0,1,0.00,47.0
https://9takes.com/enneagram-corner/enneagram-type-6,social six enneagram,0,1,0.00,40.0
https://9takes.com/enneagram-corner/enneagram-type-6,type 6 disintegration,0,1,0.00,39.0
https://9takes.com/enneagram-corner/enneagram-type-6,type 6 enneagram,0,8,0.00,76.5
https://9takes.com/enneagram-corner/enneagram-type-6,type six enneagram,0,5,0.00,63.6
https://9takes.com/enneagram-corner/enneagram-type-6,unhealthy 6 enneagram,0,3,0.00,49.0
https://9takes.com/enneagram-corner/enneagram-type-6,unhealthy enneagram 6,0,2,0.00,39.5
https://9takes.com/enneagram-corner/enneagram-type-6,your enneagram coach type 6,0,1,0.00,34.0
https://9takes.com/enneagram-corner/enneagram-type-7,7 in enneagram,0,1,0.00,53.0
https://9takes.com/enneagram-corner/enneagram-type-7,7 on enneagram,0,2,0.00,50.5
https://9takes.com/enneagram-corner/enneagram-type-7,9takes,0,3,0.00,4.0
https://9takes.com/enneagram-corner/enneagram-type-7,enneagram 7,0,4,0.00,63.0
https://9takes.com/enneagram-corner/enneagram-type-7,enneagram 7 core fear,0,4,0.00,44.0
https://9takes.com/enneagram-corner/enneagram-type-7,enneagram 7 fear,0,3,0.00,50.3
https://9takes.com/enneagram-corner/enneagram-type-7,enneagram 7 fears,0,10,0.00,41.1
https://9takes.com/enneagram-corner/enneagram-type-7,enneagram 7 growth,0,3,0.00,48.3
https://9takes.com/enneagram-corner/enneagram-type-7,enneagram 7 growth and stress,0,1,0.00,69.0
https://9takes.com/enneagram-corner/enneagram-type-7,enneagram 7 in growth,0,2,0.00,52.0
https://9takes.com/enneagram-corner/enneagram-type-7,enneagram 7 integration,0,1,0.00,38.0
https://9takes.com/enneagram-corner/enneagram-type-7,enneagram 7 motivation,0,2,0.00,59.0
https://9takes.com/enneagram-corner/enneagram-type-7,enneagram 7 stress,0,2,0.00,69.5
https://9takes.com/enneagram-corner/enneagram-type-7,enneagram 7 stress and growth,0,1,0.00,62.0
https://9takes.com/enneagram-corner/enneagram-type-7,enneagram 7 subtype,0,1,0.00,49.0
https://9takes.com/enneagram-corner/enneagram-type-7,enneagram 7 vs 9,0,1,0.00,36.0
https://9takes.com/enneagram-corner/enneagram-type-7,enneagram sevens,0,2,0.00,64.0
https://9takes.com/enneagram-corner/enneagram-type-7,site:9takes.com,0,1,0.00,158.0
https://9takes.com/enneagram-corner/enneagram-type-7,type 7,0,1,0.00,73.0
https://9takes.com/enneagram-corner/enneagram-type-7,where do 7s go in stress,0,4,0.00,78.0
https://9takes.com/enneagram-corner/enneagram-type-8,active controller,0,1,0.00,58.0
https://9takes.com/enneagram-corner/enneagram-type-8,conflicts ene8,0,3,0.00,5.0
https://9takes.com/enneagram-corner/enneagram-type-8,enneagram 8,0,11,0.00,38.5
https://9takes.com/enneagram-corner/enneagram-type-8,enneagram 8 disintegration,0,2,0.00,20.5
https://9takes.com/enneagram-corner/enneagram-type-8,enneagram 8 fear,0,4,0.00,31.0
https://9takes.com/enneagram-corner/enneagram-type-8,enneagram 8 fears,0,1,0.00,36.0
https://9takes.com/enneagram-corner/enneagram-type-8,enneagram 8 in stress,0,2,0.00,26.0
https://9takes.com/enneagram-corner/enneagram-type-8,enneagram 8 stress,0,3,0.00,25.0
https://9takes.com/enneagram-corner/enneagram-type-8,enneagram 8 under stress,0,1,0.00,24.0
https://9takes.com/enneagram-corner/enneagram-type-8,enneagram 8 weaknesses,0,1,0.00,27.0
https://9takes.com/enneagram-corner/enneagram-type-8,enneagram eight,0,1,0.00,35.0
https://9takes.com/enneagram-corner/enneagram-type-8,enneagram eight with a seven-wing: “the maverick”,0,1,0.00,47.0
https://9takes.com/enneagram-corner/enneagram-type-8,enneagram type 8,0,2,0.00,41.0
https://9takes.com/enneagram-corner/enneagram-type-8,ennegram 8,0,1,0.00,33.0
https://9takes.com/enneagram-corner/enneagram-type-8,sean connery and travis kalanick,0,4,0.00,8.5
https://9takes.com/enneagram-corner/enneagram-type-8,self preservation 8,0,1,0.00,34.0
https://9takes.com/enneagram-corner/enneagram-type-8,self preservation 8 enneagram,0,1,0.00,36.0
https://9takes.com/enneagram-corner/enneagram-type-8,site:9takes.com,0,1,0.00,159.0
https://9takes.com/enneagram-corner/enneagram-type-8,so8 эннеаграмма,0,1,0.00,1.0
https://9takes.com/enneagram-corner/enneagram-type-8,sx8 эннеаграмма,0,9,0.00,1.0
https://9takes.com/enneagram-corner/enneagram-type-8,type eight enneagram,0,2,0.00,35.0
https://9takes.com/enneagram-corner/enneagram-type-8,what 8s,0,1,0.00,10.0
https://9takes.com/enneagram-corner/enneagram-type-8,сх 8 эннеаграмма,0,5,0.00,1.0
https://9takes.com/enneagram-corner/enneagram-type-8,сх8 эннеа,0,1,0.00,1.0
https://9takes.com/enneagram-corner/enneagram-type-8,сх8 эннеаграмма,0,3,0.00,1.0
https://9takes.com/enneagram-corner/enneagram-type-9,9 enneagram,0,13,0.00,47.1
https://9takes.com/enneagram-corner/enneagram-type-9,9 enneagram meaning,0,1,0.00,60.0
https://9takes.com/enneagram-corner/enneagram-type-9,9 enneagram type,0,1,0.00,43.0
https://9takes.com/enneagram-corner/enneagram-type-9,9 in enneagram,0,2,0.00,37.5
https://9takes.com/enneagram-corner/enneagram-type-9,9 in stress,0,1,0.00,30.0
https://9takes.com/enneagram-corner/enneagram-type-9,9 on enneagram,0,10,0.00,45.7
https://9takes.com/enneagram-corner/enneagram-type-9,9 peacemaker,0,1,0.00,25.0
https://9takes.com/enneagram-corner/enneagram-type-9,9 type enneagram,0,1,0.00,46.0
https://9takes.com/enneagram-corner/enneagram-type-9,9takes,0,26,0.00,1.0
https://9takes.com/enneagram-corner/enneagram-type-9,9w3,0,4,0.00,17.3
https://9takes.com/enneagram-corner/enneagram-type-9,9w3 enneagram,0,1,0.00,55.0
https://9takes.com/enneagram-corner/enneagram-type-9,9w4 enneagram,0,1,0.00,35.0
https://9takes.com/enneagram-corner/enneagram-type-9,e9 enneagram,0,1,0.00,50.0
https://9takes.com/enneagram-corner/enneagram-type-9,eneagram 9,0,3,0.00,33.7
https://9takes.com/enneagram-corner/enneagram-type-9,eneagram type 9,0,1,0.00,38.0
https://9takes.com/enneagram-corner/enneagram-type-9,enegram 9,0,1,0.00,76.0
https://9takes.com/enneagram-corner/enneagram-type-9,enegram type 9,0,1,0.00,35.0
https://9takes.com/enneagram-corner/enneagram-type-9,ennagram 9,0,1,0.00,33.0
https://9takes.com/enneagram-corner/enneagram-type-9,enneagram 9,0,633,0.00,45.8
https://9takes.com/enneagram-corner/enneagram-type-9,enneagram 9 arrows,0,2,0.00,35.0
https://9takes.com/enneagram-corner/enneagram-type-9,enneagram 9 basic fear,0,4,0.00,47.5
https://9takes.com/enneagram-corner/enneagram-type-9,enneagram 9 characteristics,0,3,0.00,52.0
https://9takes.com/enneagram-corner/enneagram-type-9,enneagram 9 core fear,0,6,0.00,43.8
https://9takes.com/enneagram-corner/enneagram-type-9,enneagram 9 core fear and desire,0,1,0.00,64.0
https://9takes.com/enneagram-corner/enneagram-type-9,enneagram 9 core motivation,0,3,0.00,68.0
https://9takes.com/enneagram-corner/enneagram-type-9,enneagram 9 description,0,12,0.00,62.5
https://9takes.com/enneagram-corner/enneagram-type-9,enneagram 9 fear,0,8,0.00,54.9
https://9takes.com/enneagram-corner/enneagram-type-9,enneagram 9 fears,0,4,0.00,48.3
https://9takes.com/enneagram-corner/enneagram-type-9,enneagram 9 female,0,3,0.00,52.3
https://9takes.com/enneagram-corner/enneagram-type-9,enneagram 9 growth and stress,0,1,0.00,40.0
https://9takes.com/enneagram-corner/enneagram-type-9,enneagram 9 in conflict,0,4,0.00,39.0
https://9takes.com/enneagram-corner/enneagram-type-9,enneagram 9 in stress,0,18,0.00,40.9
https://9takes.com/enneagram-corner/enneagram-type-9,enneagram 9 in stress and growth,0,1,0.00,66.0
https://9takes.com/enneagram-corner/enneagram-type-9,enneagram 9 meaning,0,2,0.00,32.5
https://9takes.com/enneagram-corner/enneagram-type-9,enneagram 9 motivation,0,3,0.00,65.3
https://9takes.com/enneagram-corner/enneagram-type-9,enneagram 9 procrastination,0,2,0.00,63.0
https://9takes.com/enneagram-corner/enneagram-type-9,enneagram 9 strengths,0,5,0.00,58.8
https://9takes.com/enneagram-corner/enneagram-type-9,enneagram 9 stress,0,3,0.00,39.7
https://9takes.com/enneagram-corner/enneagram-type-9,enneagram 9 stress and growth,0,2,0.00,42.5
https://9takes.com/enneagram-corner/enneagram-type-9,enneagram 9 summary,0,1,0.00,41.0
https://9takes.com/enneagram-corner/enneagram-type-9,enneagram 9 traits,0,3,0.00,52.3
https://9takes.com/enneagram-corner/enneagram-type-9,enneagram 9 type,0,1,0.00,49.0
https://9takes.com/enneagram-corner/enneagram-type-9,enneagram 9 types,0,28,0.00,65.7
https://9takes.com/enneagram-corner/enneagram-type-9,enneagram 9 under stress,0,8,0.00,29.8
https://9takes.com/enneagram-corner/enneagram-type-9,enneagram 9 weaknesses,0,3,0.00,68.0
https://9takes.com/enneagram-corner/enneagram-type-9,enneagram 9 wing 3,0,1,0.00,37.0
https://9takes.com/enneagram-corner/enneagram-type-9,enneagram 9s,0,1,0.00,30.0
https://9takes.com/enneagram-corner/enneagram-type-9,enneagram 9w2,0,2,0.00,39.5
https://9takes.com/enneagram-corner/enneagram-type-9,enneagram 9w3,0,2,0.00,46.0
https://9takes.com/enneagram-corner/enneagram-type-9,enneagram 9w6,0,1,0.00,42.0
https://9takes.com/enneagram-corner/enneagram-type-9,enneagram institute 9,0,16,0.00,38.1
https://9takes.com/enneagram-corner/enneagram-type-9,enneagram institute type 9,0,4,0.00,32.8
https://9takes.com/enneagram-corner/enneagram-type-9,enneagram nine,0,56,0.00,43.0
https://9takes.com/enneagram-corner/enneagram-type-9,enneagram nines,0,2,0.00,30.5
https://9takes.com/enneagram-corner/enneagram-type-9,enneagram number 9,0,13,0.00,42.2
https://9takes.com/enneagram-corner/enneagram-type-9,enneagram personality 9,0,1,0.00,70.0
https://9takes.com/enneagram-corner/enneagram-type-9,enneagram personality types 9,0,1,0.00,82.0
https://9takes.com/enneagram-corner/enneagram-type-9,enneagram type 9,0,612,0.00,44.5
https://9takes.com/enneagram-corner/enneagram-type-9,enneagram type 9 description,0,2,0.00,54.0
https://9takes.com/enneagram-corner/enneagram-type-9,enneagram type 9 growth,0,1,0.00,77.0
https://9takes.com/enneagram-corner/enneagram-type-9,enneagram type 9 in stress,0,1,0.00,41.0
https://9takes.com/enneagram-corner/enneagram-type-9,enneagram type 9 personality,0,2,0.00,62.5
https://9takes.com/enneagram-corner/enneagram-type-9,enneagram type 9 stress,0,3,0.00,33.0
https://9takes.com/enneagram-corner/enneagram-type-9,enneagram type 9 under stress,0,2,0.00,26.5
https://9takes.com/enneagram-corner/enneagram-type-9,enneagram type nine,0,15,0.00,42.4
https://9takes.com/enneagram-corner/enneagram-type-9,enneagram types 9,0,5,0.00,39.8
https://9takes.com/enneagram-corner/enneagram-type-9,enneagram unhealthy 9,0,4,0.00,57.0
https://9takes.com/enneagram-corner/enneagram-type-9,enneagramm 9,0,3,0.00,38.3
https://9takes.com/enneagram-corner/enneagram-type-9,enneagrsm 9,0,1,0.00,28.0
https://9takes.com/enneagram-corner/enneagram-type-9,ennegram 9,0,12,0.00,44.0
https://9takes.com/enneagram-corner/enneagram-type-9,ennegram type 9,0,2,0.00,45.0
https://9takes.com/enneagram-corner/enneagram-type-9,enngram 9,0,1,0.00,33.0
https://9takes.com/enneagram-corner/enneagram-type-9,enniagram 9,0,1,0.00,39.0
https://9takes.com/enneagram-corner/enneagram-type-9,healthy 9 enneagram,0,4,0.00,53.5
https://9takes.com/enneagram-corner/enneagram-type-9,healthy enneagram 9,0,5,0.00,50.0
https://9takes.com/enneagram-corner/enneagram-type-9,nine enneagram,0,4,0.00,40.3
https://9takes.com/enneagram-corner/enneagram-type-9,nines enneagram,0,2,0.00,27.0
https://9takes.com/enneagram-corner/enneagram-type-9,number 9 enneagram,0,1,0.00,40.0
https://9takes.com/enneagram-corner/enneagram-type-9,opposite of enneagram 9,0,1,0.00,42.0
https://9takes.com/enneagram-corner/enneagram-type-9,peacemaker enneagram,0,1,0.00,27.0
https://9takes.com/enneagram-corner/enneagram-type-9,site:9takes.com,0,2,0.00,180.0
https://9takes.com/enneagram-corner/enneagram-type-9,the peacemaker enneagram,0,1,0.00,29.0
https://9takes.com/enneagram-corner/enneagram-type-9,type 9,0,9,0.00,42.2
https://9takes.com/enneagram-corner/enneagram-type-9,type 9 enneagram,0,58,0.00,41.9
https://9takes.com/enneagram-corner/enneagram-type-9,type 9 enneagram description,0,1,0.00,59.0
https://9takes.com/enneagram-corner/enneagram-type-9,type 9 enneagramme,0,1,0.00,83.0
https://9takes.com/enneagram-corner/enneagram-type-9,type 9 peacemaker,0,2,0.00,31.0
https://9takes.com/enneagram-corner/enneagram-type-9,type 9 personality,0,1,0.00,61.0
https://9takes.com/enneagram-corner/enneagram-type-9,type 9 the peacemaker,0,1,0.00,22.0
https://9takes.com/enneagram-corner/enneagram-type-9,type nine,0,3,0.00,46.3
https://9takes.com/enneagram-corner/enneagram-type-9,type nine enneagram,0,35,0.00,43.9
https://9takes.com/enneagram-corner/enneagram-type-9,unhealthy 9 enneagram,0,3,0.00,60.0
https://9takes.com/enneagram-corner/enneagram-type-9,unhealthy enneagram 9,0,4,0.00,55.5
https://9takes.com/enneagram-corner/enneagram-type-9,what does type 9 enneagram mean,0,2,0.00,82.5
https://9takes.com/enneagram-corner/enneagram-type-9,what is a 9 enneagram,0,2,0.00,54.5
https://9takes.com/enneagram-corner/enneagram-type-9,what is enneagram 9,0,2,0.00,41.0
https://9takes.com/enneagram-corner/enneagram-type-9,your enneagram coach type 9,0,4,0.00,41.5
https://9takes.com/enneagram-corner/enneagram-types-and-career-choices,5w4 jobs,0,1,0.00,29.0
https://9takes.com/enneagram-corner/enneagram-types-and-career-choices,9w1 careers,0,1,0.00,25.0
https://9takes.com/enneagram-corner/enneagram-types-and-career-choices,best careers for enneagram 9,0,1,0.00,25.0
https://9takes.com/enneagram-corner/enneagram-types-and-career-choices,best careers for enneagram type 4,0,1,0.00,18.0
https://9takes.com/enneagram-corner/enneagram-types-and-career-choices,best careers for enneagram type 9,0,3,0.00,19.3
https://9takes.com/enneagram-corner/enneagram-types-and-career-choices,best job for enneagram 9,0,5,0.00,17.4
https://9takes.com/enneagram-corner/enneagram-types-and-career-choices,best jobs for enneagram 1,0,2,0.00,22.0
https://9takes.com/enneagram-corner/enneagram-types-and-career-choices,best jobs for enneagram 4,0,4,0.00,30.5
https://9takes.com/enneagram-corner/enneagram-types-and-career-choices,best jobs for enneagram 6,0,1,0.00,38.0
https://9takes.com/enneagram-corner/enneagram-types-and-career-choices,best jobs for enneagram 9,0,3,0.00,20.0
https://9takes.com/enneagram-corner/enneagram-types-and-career-choices,careers for enneagram 1,0,4,0.00,35.3
https://9takes.com/enneagram-corner/enneagram-types-and-career-choices,careers for enneagram 4,0,7,0.00,41.4
https://9takes.com/enneagram-corner/enneagram-types-and-career-choices,careers for enneagram 9,0,2,0.00,45.0
https://9takes.com/enneagram-corner/enneagram-types-and-career-choices,careers for enneagram type 1,0,8,0.00,21.3
https://9takes.com/enneagram-corner/enneagram-types-and-career-choices,careers for type 4 enneagram,0,7,0.00,39.6
https://9takes.com/enneagram-corner/enneagram-types-and-career-choices,enneagram + career,0,26,0.00,13.8
https://9takes.com/enneagram-corner/enneagram-types-and-career-choices,enneagram 1 careers,0,26,0.00,26.6
https://9takes.com/enneagram-corner/enneagram-types-and-career-choices,enneagram 1 jobs,0,8,0.00,24.5
https://9takes.com/enneagram-corner/enneagram-types-and-career-choices,enneagram 2 careers,0,1,0.00,47.0
https://9takes.com/enneagram-corner/enneagram-types-and-career-choices,enneagram 3 careers,0,3,0.00,38.3
https://9takes.com/enneagram-corner/enneagram-types-and-career-choices,enneagram 4 career,0,4,0.00,42.8
https://9takes.com/enneagram-corner/enneagram-types-and-career-choices,enneagram 4 careers,0,28,0.00,32.4
https://9takes.com/enneagram-corner/enneagram-types-and-career-choices,enneagram 4 jobs,0,21,0.00,31.6
https://9takes.com/enneagram-corner/enneagram-types-and-career-choices,enneagram 4w5 careers,0,1,0.00,29.0
https://9takes.com/enneagram-corner/enneagram-types-and-career-choices,enneagram 5 careers,0,1,0.00,37.0
https://9takes.com/enneagram-corner/enneagram-types-and-career-choices,enneagram 6 careers,0,7,0.00,43.9
https://9takes.com/enneagram-corner/enneagram-types-and-career-choices,enneagram 6 jobs,0,1,0.00,30.0
https://9takes.com/enneagram-corner/enneagram-types-and-career-choices,enneagram 7 careers,0,1,0.00,45.0
https://9takes.com/enneagram-corner/enneagram-types-and-career-choices,enneagram 9 career,0,4,0.00,31.3
https://9takes.com/enneagram-corner/enneagram-types-and-career-choices,enneagram 9 careers,0,11,0.00,38.9
https://9takes.com/enneagram-corner/enneagram-types-and-career-choices,enneagram 9 jobs,0,7,0.00,35.4
https://9takes.com/enneagram-corner/enneagram-types-and-career-choices,enneagram and career,0,1,0.00,13.0
https://9takes.com/enneagram-corner/enneagram-types-and-career-choices,enneagram career,0,644,0.00,17.9
https://9takes.com/enneagram-corner/enneagram-types-and-career-choices,enneagram careers,0,26,0.00,18.8
https://9takes.com/enneagram-corner/enneagram-types-and-career-choices,enneagram jobs,0,3,0.00,22.3
https://9takes.com/enneagram-corner/enneagram-types-and-career-choices,enneagram type 1 careers,0,27,0.00,26.2
https://9takes.com/enneagram-corner/enneagram-types-and-career-choices,enneagram type 1 jobs,0,38,0.00,25.3
https://9takes.com/enneagram-corner/enneagram-types-and-career-choices,enneagram type 2 careers,0,7,0.00,46.1
https://9takes.com/enneagram-corner/enneagram-types-and-career-choices,enneagram type 2 careers to avoid,0,12,0.00,12.9
https://9takes.com/enneagram-corner/enneagram-types-and-career-choices,enneagram type 2 jobs,0,2,0.00,50.0
https://9takes.com/enneagram-corner/enneagram-types-and-career-choices,enneagram type 3 careers,0,8,0.00,33.5
https://9takes.com/enneagram-corner/enneagram-types-and-career-choices,enneagram type 3 jobs,0,4,0.00,35.0
https://9takes.com/enneagram-corner/enneagram-types-and-career-choices,enneagram type 4 career blind spots,0,1,0.00,11.0
https://9takes.com/enneagram-corner/enneagram-types-and-career-choices,enneagram type 4 careers,0,80,0.00,30.9
https://9takes.com/enneagram-corner/enneagram-types-and-career-choices,enneagram type 4 jobs,0,54,0.00,29.4
https://9takes.com/enneagram-corner/enneagram-types-and-career-choices,enneagram type 5 careers,0,2,0.00,43.5
https://9takes.com/enneagram-corner/enneagram-types-and-career-choices,enneagram type 5 jobs,0,3,0.00,28.3
https://9takes.com/enneagram-corner/enneagram-types-and-career-choices,enneagram type 6 careers,0,12,0.00,47.1
https://9takes.com/enneagram-corner/enneagram-types-and-career-choices,enneagram type 6 jobs,0,7,0.00,42.7
https://9takes.com/enneagram-corner/enneagram-types-and-career-choices,enneagram type 7 careers,0,2,0.00,47.5
https://9takes.com/enneagram-corner/enneagram-types-and-career-choices,enneagram type 9 careers,0,28,0.00,32.7
https://9takes.com/enneagram-corner/enneagram-types-and-career-choices,enneagram type 9 careers to avoid,0,18,0.00,13.6
https://9takes.com/enneagram-corner/enneagram-types-and-career-choices,enneagram type 9 jobs,0,10,0.00,34.2
https://9takes.com/enneagram-corner/enneagram-types-and-career-choices,his job leaves him kind of hated,0,1,0.00,23.0
https://9takes.com/enneagram-corner/enneagram-types-and-career-choices,i notice the negative aspects of my job,0,1,0.00,76.0
https://9takes.com/enneagram-corner/enneagram-types-and-career-choices,jobs for enneagram 1,0,2,0.00,30.0
https://9takes.com/enneagram-corner/enneagram-types-and-career-choices,jobs for enneagram 4,0,4,0.00,40.0
https://9takes.com/enneagram-corner/enneagram-types-and-career-choices,jobs for enneagram 9,0,2,0.00,40.0
https://9takes.com/enneagram-corner/enneagram-types-and-career-choices,jobs for enneagram type 9,0,2,0.00,52.0
https://9takes.com/enneagram-corner/enneagram-types-and-career-choices,jobs for type 2 enneagram,0,1,0.00,45.0
https://9takes.com/enneagram-corner/enneagram-types-and-career-choices,jobs for type 4 enneagram,0,2,0.00,29.5
https://9takes.com/enneagram-corner/enneagram-types-and-career-choices,nightmare jobs for enneagram 5w4 sx/sp,0,1,0.00,18.0
https://9takes.com/enneagram-corner/enneagram-types-and-career-choices,steve jobs enneagram,0,4,0.00,42.8
https://9takes.com/enneagram-corner/enneagram-types-and-career-choices,type 1 enneagram careers,0,10,0.00,26.1
https://9takes.com/enneagram-corner/enneagram-types-and-career-choices,type 2 enneagram careers,0,3,0.00,47.7
https://9takes.com/enneagram-corner/enneagram-types-and-career-choices,type 4 enneagram careers,0,8,0.00,33.6
https://9takes.com/enneagram-corner/enneagram-types-and-career-choices,type 6 enneagram careers,0,9,0.00,44.7
https://9takes.com/enneagram-corner/enneagram-types-and-career-choices,type 7 enneagram careers,0,2,0.00,46.5
https://9takes.com/enneagram-corner/enneagram-types-and-career-choices,type 9 enneagram careers,0,3,0.00,30.3
https://9takes.com/enneagram-corner/enneagram-types-and-career-choices,what elements of your job do you find most difficult,0,1,0.00,74.0
https://9takes.com/enneagram-corner/enneagram-types-and-career-choices#type-1---the-perfectionist-pursuing-excellence-in-their-chosen-field,enneagram type 4 careers to avoid,0,4,0.00,11.8
https://9takes.com/enneagram-corner/enneagram-types-and-career-choices#type-1---the-perfectionist-pursuing-excellence-in-their-chosen-field,enneagram type 6 careers to avoid,0,2,0.00,11.0
https://9takes.com/enneagram-corner/enneagram-types-and-career-choices#type-2---the-helper-building-careers-around-empowering-others,enneagram type 2 careers to avoid,0,1,0.00,10.0
https://9takes.com/enneagram-corner/enneagram-types-and-career-choices#type-2---the-helper-building-careers-around-empowering-others,enneagram type 4 careers to avoid,0,6,0.00,11.3
https://9takes.com/enneagram-corner/enneagram-types-and-career-choices#type-2---the-helper-building-careers-around-empowering-others,enneagram type 6 careers to avoid,0,2,0.00,11.0
https://9takes.com/enneagram-corner/enneagram-types-and-career-choices#type-3---the-achiever-driven-to-succeed-in-high-powered-roles,enneagram type 4 careers to avoid,0,4,0.00,11.8
https://9takes.com/enneagram-corner/enneagram-types-and-career-choices#type-3---the-achiever-driven-to-succeed-in-high-powered-roles,enneagram type 6 careers to avoid,0,2,0.00,11.0
https://9takes.com/enneagram-corner/enneagram-types-and-career-choices#type-4---the-individualist-expressing-creativity-in-unique-careers,enneagram type 2 careers to avoid,0,1,0.00,10.0
https://9takes.com/enneagram-corner/enneagram-types-and-career-choices#type-4---the-individualist-expressing-creativity-in-unique-careers,enneagram type 4 career blind spots,0,1,0.00,11.0
https://9takes.com/enneagram-corner/enneagram-types-and-career-choices#type-4---the-individualist-expressing-creativity-in-unique-careers,enneagram type 4 careers to avoid,0,6,0.00,11.3
https://9takes.com/enneagram-corner/enneagram-types-and-career-choices#type-4---the-individualist-expressing-creativity-in-unique-careers,enneagram type 6 careers to avoid,0,2,0.00,11.0
https://9takes.com/enneagram-corner/enneagram-types-and-career-choices#type-5---the-investigator-analyzing-complex-problems-in-specialized-fields,enneagram type 4 careers to avoid,0,4,0.00,11.8
https://9takes.com/enneagram-corner/enneagram-types-and-career-choices#type-5---the-investigator-analyzing-complex-problems-in-specialized-fields,enneagram type 6 careers to avoid,0,2,0.00,11.0
https://9takes.com/enneagram-corner/enneagram-types-and-career-choices#type-6---the-loyalist-finding-security-in-responsible-positions,enneagram type 4 careers to avoid,0,4,0.00,11.8
https://9takes.com/enneagram-corner/enneagram-types-and-career-choices#type-6---the-loyalist-finding-security-in-responsible-positions,enneagram type 6 careers to avoid,0,3,0.00,11.0
https://9takes.com/enneagram-corner/enneagram-types-and-career-choices#why-the-enneagram-matters-in-career-choice,enneagram type 4 career blind spots,0,1,0.00,11.0
https://9takes.com/enneagram-corner/enneagram-types-and-career-choices#why-the-enneagram-matters-in-career-choice,enneagram type 4 careers to avoid,0,4,0.00,11.8
https://9takes.com/enneagram-corner/enneagram-types-and-career-choices#why-the-enneagram-matters-in-career-choice,enneagram type 6 careers to avoid,0,3,0.00,11.0
https://9takes.com/enneagram-corner/enneagram-types-at-party,enneagram games,0,1,0.00,29.0
https://9takes.com/enneagram-corner/enneagram-types-at-party,enneagram games for groups,0,6,0.00,43.5
https://9takes.com/enneagram-corner/enneagram-types-at-party,party type,0,1,0.00,1.0
https://9takes.com/enneagram-corner/enneagram-types-in-relationships,compatibility enneagram,0,1,0.00,83.0
https://9takes.com/enneagram-corner/enneagram-types-in-relationships,compatible enneagram types,0,8,0.00,58.1
https://9takes.com/enneagram-corner/enneagram-types-in-relationships,enneagram 1 and 4 relationship,0,4,0.00,51.0
https://9takes.com/enneagram-corner/enneagram-types-in-relationships,enneagram 1 and 6 relationship,0,3,0.00,45.7
https://9takes.com/enneagram-corner/enneagram-types-in-relationships,enneagram 1 in love,0,2,0.00,22.5
https://9takes.com/enneagram-corner/enneagram-types-in-relationships,enneagram 1 in relationships,0,1,0.00,30.0
https://9takes.com/enneagram-corner/enneagram-types-in-relationships,enneagram 1 relationships,0,8,0.00,37.5
https://9takes.com/enneagram-corner/enneagram-types-in-relationships,enneagram 7 and 9 relationship,0,2,0.00,25.5
https://9takes.com/enneagram-corner/enneagram-types-in-relationships,enneagram 9 and 2 relationship,0,1,0.00,39.0
https://9takes.com/enneagram-corner/enneagram-types-in-relationships,enneagram 9 and 3 relationship,0,2,0.00,38.0
https://9takes.com/enneagram-corner/enneagram-types-in-relationships,enneagram 9 and 4 relationship,0,12,0.00,35.8
https://9takes.com/enneagram-corner/enneagram-types-in-relationships,enneagram 9 and 6 relationship,0,1,0.00,33.0
https://9takes.com/enneagram-corner/enneagram-types-in-relationships,enneagram 9 and 7 relationship,0,2,0.00,29.5
https://9takes.com/enneagram-corner/enneagram-types-in-relationships,enneagram and love,0,637,0.00,25.8
https://9takes.com/enneagram-corner/enneagram-types-in-relationships,enneagram and relationships,0,530,0.00,80.0
https://9takes.com/enneagram-corner/enneagram-types-in-relationships,enneagram compatability,0,1,0.00,26.0
https://9takes.com/enneagram-corner/enneagram-types-in-relationships,enneagram compatibility,0,8,0.00,61.5
https://9takes.com/enneagram-corner/enneagram-types-in-relationships,enneagram compatibility guide,0,2,0.00,46.5
https://9takes.com/enneagram-corner/enneagram-types-in-relationships,enneagram couples,0,2,0.00,66.0
https://9takes.com/enneagram-corner/enneagram-types-in-relationships,enneagram dating,0,2,0.00,88.0
https://9takes.com/enneagram-corner/enneagram-types-in-relationships,enneagram for couples,0,3,0.00,70.7
https://9takes.com/enneagram-corner/enneagram-types-in-relationships,enneagram in relationships,0,11,0.00,49.2
https://9takes.com/enneagram-corner/enneagram-types-in-relationships,enneagram love,0,3,0.00,33.3
https://9takes.com/enneagram-corner/enneagram-types-in-relationships,enneagram love languages,0,8,0.00,47.5
https://9takes.com/enneagram-corner/enneagram-types-in-relationships,enneagram love relationships,0,12,0.00,38.3
https://9takes.com/enneagram-corner/enneagram-types-in-relationships,enneagram relationship,0,6,0.00,69.8
https://9takes.com/enneagram-corner/enneagram-types-in-relationships,enneagram relationship compatibility,0,7,0.00,48.4
https://9takes.com/enneagram-corner/enneagram-types-in-relationships,enneagram relationships,0,509,0.00,83.4
https://9takes.com/enneagram-corner/enneagram-types-in-relationships,enneagram romantic,0,5,0.00,44.0
https://9takes.com/enneagram-corner/enneagram-types-in-relationships,enneagram romantic compatibility,0,3,0.00,48.0
https://9takes.com/enneagram-corner/enneagram-types-in-relationships,enneagram type 1 and 2 relationship,0,1,0.00,33.0
https://9takes.com/enneagram-corner/enneagram-types-in-relationships,enneagram type 1 in love,0,11,0.00,20.7
https://9takes.com/enneagram-corner/enneagram-types-in-relationships,enneagram type 1 in relationships,0,3,0.00,24.0
https://9takes.com/enneagram-corner/enneagram-types-in-relationships,enneagram type 1 relationships,0,8,0.00,32.5
https://9takes.com/enneagram-corner/enneagram-types-in-relationships,enneagram type compatibility,0,558,0.00,62.4
https://9takes.com/enneagram-corner/enneagram-types-in-relationships,enneagram types and relationships,0,3,0.00,45.7
https://9takes.com/enneagram-corner/enneagram-types-in-relationships,enneagram types compatibility,0,11,0.00,61.1
https://9takes.com/enneagram-corner/enneagram-types-in-relationships,enneagram types in relationships,0,9,0.00,45.3
https://9takes.com/enneagram-corner/enneagram-types-in-relationships,enneagram types relationships,0,4,0.00,59.0
https://9takes.com/enneagram-corner/enneagram-types-in-relationships,least compatible enneagram types,0,3,0.00,32.3
https://9takes.com/enneagram-corner/enneagram-types-in-relationships,relationship goals for each enneagram number,0,165,0.00,17.2
https://9takes.com/enneagram-corner/enneagram-types-in-relationships,relationships enneagram,0,187,0.00,68.4
https://9takes.com/enneagram-corner/enneagram-types-in-relationships,romantic enneagram,0,2,0.00,50.0
https://9takes.com/enneagram-corner/enneagram-types-in-relationships,the enneagram in love and work,0,2,0.00,31.0
https://9takes.com/enneagram-corner/enneagram-types-in-relationships,"the enneagram, relationships, and intimacy: understanding one another leads to loving better and living more fully summary",0,1,0.00,23.0
https://9takes.com/enneagram-corner/enneagram-types-in-relationships,the romantic enneagram,0,1,0.00,50.0
https://9takes.com/enneagram-corner/enneagram-types-in-stress,"""enneagram 5"" preparation trap",0,2,0.00,20.0
https://9takes.com/enneagram-corner/enneagram-types-in-stress,enneagram 1 in stress,0,9,0.00,44.1
https://9takes.com/enneagram-corner/enneagram-types-in-stress,enneagram 1 in stress and growth,0,2,0.00,68.5
https://9takes.com/enneagram-corner/enneagram-types-in-stress,enneagram 1 stress and growth,0,12,0.00,53.4
https://9takes.com/enneagram-corner/enneagram-types-in-stress,enneagram 1 under stress,0,5,0.00,40.6
https://9takes.com/enneagram-corner/enneagram-types-in-stress,enneagram 2 in stress,0,15,0.00,37.2
https://9takes.com/enneagram-corner/enneagram-types-in-stress,enneagram 2 in stress and growth,0,5,0.00,53.8
https://9takes.com/enneagram-corner/enneagram-types-in-stress,enneagram 2 stress,0,3,0.00,30.3
https://9takes.com/enneagram-corner/enneagram-types-in-stress,enneagram 2 stress and growth,0,3,0.00,57.7
https://9takes.com/enneagram-corner/enneagram-types-in-stress,enneagram 2 under stress,0,1,0.00,38.0
https://9takes.com/enneagram-corner/enneagram-types-in-stress,enneagram 3 in stress and growth,0,1,0.00,53.0
https://9takes.com/enneagram-corner/enneagram-types-in-stress,enneagram 3 under stress,0,4,0.00,45.5
https://9takes.com/enneagram-corner/enneagram-types-in-stress,enneagram 7 in stress,0,2,0.00,43.0
https://9takes.com/enneagram-corner/enneagram-types-in-stress,enneagram 7 stress,0,5,0.00,52.6
https://9takes.com/enneagram-corner/enneagram-types-in-stress,enneagram 7 under stress,0,6,0.00,37.7
https://9takes.com/enneagram-corner/enneagram-types-in-stress,enneagram 9 in stress,0,2,0.00,17.5
https://9takes.com/enneagram-corner/enneagram-types-in-stress,enneagram growth and stress,0,12,0.00,41.9
https://9takes.com/enneagram-corner/enneagram-types-in-stress,enneagram growth and stress chart,0,2,0.00,36.0
https://9takes.com/enneagram-corner/enneagram-types-in-stress,enneagram health and stress,0,1,0.00,32.0
https://9takes.com/enneagram-corner/enneagram-types-in-stress,enneagram in stress,0,2,0.00,24.0
https://9takes.com/enneagram-corner/enneagram-types-in-stress,enneagram in stress and growth,0,1,0.00,41.0
https://9takes.com/enneagram-corner/enneagram-types-in-stress,enneagram one in stress,0,5,0.00,50.2
https://9takes.com/enneagram-corner/enneagram-types-in-stress,enneagram stress,0,7,0.00,30.1
https://9takes.com/enneagram-corner/enneagram-types-in-stress,enneagram stress and growth,0,12,0.00,55.6
https://9takes.com/enneagram-corner/enneagram-types-in-stress,enneagram stress arrows,0,15,0.00,32.8
https://9takes.com/enneagram-corner/enneagram-types-in-stress,enneagram stress points,0,55,0.00,22.5
https://9takes.com/enneagram-corner/enneagram-types-in-stress,enneagram type 2 stress,0,1,0.00,30.0
https://9takes.com/enneagram-corner/enneagram-types-in-stress,enneagram types under stress,0,1,0.00,48.0
https://9takes.com/enneagram-corner/enneagram-types-in-stress,enneagrams under stress,0,1,0.00,4.0
https://9takes.com/enneagram-corner/enneagram-types-in-stress,how to break enneagram patterns,0,3,0.00,11.0
https://9takes.com/enneagram-corner/enneagram-types-in-stress,infp 4w5,0,1,0.00,3.0
https://9takes.com/enneagram-corner/enneagram-types-in-stress,stress and growth enneagram,0,2,0.00,37.0
https://9takes.com/enneagram-corner/enneagram-types-in-stress,stressed type,0,2,0.00,33.0
https://9takes.com/enneagram-corner/enneagram-types-in-stress,stressed type abbr,0,1,0.00,39.0
https://9takes.com/enneagram-corner/enneagram-types-in-stress,where do 2s go in stress,0,1,0.00,61.0
https://9takes.com/enneagram-corner/enneagram-types-in-stress,where do 7s go in stress,0,3,0.00,37.3
https://9takes.com/enneagram-corner/enneagram-types-in-stress,why withdrawal,0,1,0.00,9.0
https://9takes.com/enneagram-corner/enneagram-types-on-a-first-date,enneagram 1 and 8 relationship,0,3,0.00,32.0
https://9takes.com/enneagram-corner/enneagram-types-on-a-first-date,enneagram dating,0,3,0.00,14.0
https://9takes.com/enneagram-corner/enneagram-types-working-in-teams,enneagram activities for teams,0,5,0.00,37.2
https://9takes.com/enneagram-corner/enneagram-types-working-in-teams,enneagram and teams,0,661,0.00,59.6
https://9takes.com/enneagram-corner/enneagram-types-working-in-teams,enneagram and work,0,3,0.00,52.0
https://9takes.com/enneagram-corner/enneagram-types-working-in-teams,enneagram at work,0,25,0.00,51.9
https://9takes.com/enneagram-corner/enneagram-types-working-in-teams,enneagram discussion questions for work,0,1,0.00,53.0
https://9takes.com/enneagram-corner/enneagram-types-working-in-teams,enneagram for teams,0,25,0.00,33.9
https://9takes.com/enneagram-corner/enneagram-types-working-in-teams,enneagram for work,0,15,0.00,29.7
https://9takes.com/enneagram-corner/enneagram-types-working-in-teams,enneagram for work teams,0,16,0.00,35.3
https://9takes.com/enneagram-corner/enneagram-types-working-in-teams,enneagram games for groups,0,1,0.00,79.0
https://9takes.com/enneagram-corner/enneagram-types-working-in-teams,enneagram group,0,2,0.00,59.5
https://9takes.com/enneagram-corner/enneagram-types-working-in-teams,enneagram groups,0,5,0.00,63.0
https://9takes.com/enneagram-corner/enneagram-types-working-in-teams,enneagram in the workplace,0,595,0.00,62.4
https://9takes.com/enneagram-corner/enneagram-types-working-in-teams,enneagram team building,0,8,0.00,65.1
https://9takes.com/enneagram-corner/enneagram-types-working-in-teams,enneagram team building activities,0,3,0.00,61.0
https://9takes.com/enneagram-corner/enneagram-types-working-in-teams,enneagram team building exercises,0,3,0.00,61.3
https://9takes.com/enneagram-corner/enneagram-types-working-in-teams,enneagram types at work,0,23,0.00,49.9
https://9takes.com/enneagram-corner/enneagram-types-working-in-teams,enneagram work,0,11,0.00,70.5
https://9takes.com/enneagram-corner/enneagram-types-working-in-teams,enneagram workplace,0,1,0.00,63.0
https://9takes.com/enneagram-corner/enneagram-types-working-in-teams,enneagrams at work,0,2,0.00,70.0
https://9takes.com/enneagram-corner/enneagram-types-working-in-teams,team enneagram,0,2,0.00,22.0
https://9takes.com/enneagram-corner/enneagram-vs-meyers-briggs,difference between enneagram and mbti,0,4,0.00,30.0
https://9takes.com/enneagram-corner/enneagram-vs-meyers-briggs,disc vs myers-briggs vs enneagram,0,3,0.00,75.0
https://9takes.com/enneagram-corner/enneagram-vs-meyers-briggs,enneagram and myers briggs,0,27,0.00,39.9
https://9takes.com/enneagram-corner/enneagram-vs-meyers-briggs,enneagram and myers briggs correlation,0,1,0.00,43.0
https://9takes.com/enneagram-corner/enneagram-vs-meyers-briggs,enneagram and myers briggs test,0,3,0.00,62.0
https://9takes.com/enneagram-corner/enneagram-vs-meyers-briggs,enneagram and myers-briggs,0,2,0.00,37.0
https://9takes.com/enneagram-corner/enneagram-vs-meyers-briggs,enneagram myers briggs,0,19,0.00,41.9
https://9takes.com/enneagram-corner/enneagram-vs-meyers-briggs,enneagram myers briggs test,0,4,0.00,53.0
https://9takes.com/enneagram-corner/enneagram-vs-meyers-briggs,enneagram personality test vs myers briggs,0,2,0.00,33.5
https://9takes.com/enneagram-corner/enneagram-vs-meyers-briggs,enneagram test myers briggs,0,11,0.00,59.1
https://9takes.com/enneagram-corner/enneagram-vs-meyers-briggs,enneagram test vs mbti,0,1,0.00,37.0
https://9takes.com/enneagram-corner/enneagram-vs-meyers-briggs,enneagram test vs myers briggs,0,4,0.00,35.5
https://9takes.com/enneagram-corner/enneagram-vs-meyers-briggs,enneagram to myers briggs,0,2,0.00,35.0
https://9takes.com/enneagram-corner/enneagram-vs-meyers-briggs,enneagram vs mbti,0,23,0.00,36.4
https://9takes.com/enneagram-corner/enneagram-vs-meyers-briggs,enneagram vs mbti comparison,0,1,0.00,19.0
https://9takes.com/enneagram-corner/enneagram-vs-meyers-briggs,mbti vs enneagram,0,6,0.00,30.5
https://9takes.com/enneagram-corner/enneagram-vs-meyers-briggs,mbti vs enneagram comparison differences similarities,0,2,0.00,19.5
https://9takes.com/enneagram-corner/enneagram-vs-meyers-briggs,myer briggs and enneagram,0,2,0.00,35.5
https://9takes.com/enneagram-corner/enneagram-vs-meyers-briggs,myers briggs and enneagram,0,13,0.00,37.8
https://9takes.com/enneagram-corner/enneagram-vs-meyers-briggs,myers briggs and enneagram test,0,8,0.00,63.6
https://9takes.com/enneagram-corner/enneagram-vs-meyers-briggs,myers briggs enneagram,0,30,0.00,42.2
https://9takes.com/enneagram-corner/enneagram-vs-meyers-briggs,myers briggs enneagram test,0,11,0.00,60.5
https://9takes.com/enneagram-corner/enneagram-vs-meyers-briggs,myers briggs or enneagram,0,8,0.00,33.9
https://9takes.com/enneagram-corner/enneagram-vs-meyers-briggs,myers briggs to enneagram,0,4,0.00,32.0
https://9takes.com/enneagram-corner/enneagram-vs-meyers-briggs,myers briggs vs enneagram,0,27,0.00,34.0
https://9takes.com/enneagram-corner/enneagram-vs-personality-frameworks-comparison,"""mixed evidence of reliability and validity"" enneagram",0,53,0.00,5.8
https://9takes.com/enneagram-corner/enneagram-vs-personality-frameworks-comparison,"""mixed evidence of reliability and validity"" enneagram review",0,41,0.00,5.1
https://9takes.com/enneagram-corner/enneagram-vs-personality-frameworks-comparison,"""mixed evidence of reliability and validity"" enneagram systematic review",0,6,0.00,4.5
https://9takes.com/enneagram-corner/enneagram-vs-personality-frameworks-comparison,american psychological association enneagram pseudoscience,0,25,0.00,9.0
https://9takes.com/enneagram-corner/enneagram-vs-personality-frameworks-comparison,apa enneagram evidence,0,2,0.00,11.0
https://9takes.com/enneagram-corner/enneagram-vs-personality-frameworks-comparison,apa enneagram evidence personality,0,5,0.00,9.4
https://9takes.com/enneagram-corner/enneagram-vs-personality-frameworks-comparison,apa enneagram personality scientific evidence,0,1,0.00,11.0
https://9takes.com/enneagram-corner/enneagram-vs-personality-frameworks-comparison,apa enneagram scientific evidence,0,2,0.00,9.0
https://9takes.com/enneagram-corner/enneagram-vs-personality-frameworks-comparison,apa enneagram scientific evidence personality,0,1,0.00,12.0
https://9takes.com/enneagram-corner/enneagram-vs-personality-frameworks-comparison,are enneagrams evidence based,0,1,0.00,44.0
https://9takes.com/enneagram-corner/enneagram-vs-personality-frameworks-comparison,delphi poll discredited personality tests enneagram source,0,1,0.00,3.0
https://9takes.com/enneagram-corner/enneagram-vs-personality-frameworks-comparison,delphi poll enneagram discredited personality assessment,0,5,0.00,7.8
https://9takes.com/enneagram-corner/enneagram-vs-personality-frameworks-comparison,delphi poll enneagram discredited personality assessment source,0,41,0.00,9.4
https://9takes.com/enneagram-corner/enneagram-vs-personality-frameworks-comparison,delphi poll enneagram probably discredited personality assessment,0,22,0.00,6.1
https://9takes.com/enneagram-corner/enneagram-vs-personality-frameworks-comparison,delphi poll enneagram probably discredited personality assessment source,0,10,0.00,6.0
https://9takes.com/enneagram-corner/enneagram-vs-personality-frameworks-comparison,does the enneagram have scientific backing,0,1,0.00,46.0
https://9takes.com/enneagram-corner/enneagram-vs-personality-frameworks-comparison,enneagram lacks empirical support source,0,11,0.00,7.8
https://9takes.com/enneagram-corner/enneagram-vs-personality-frameworks-comparison,enneagram lacks empirical support source personality scientists,0,4,0.00,5.5
https://9takes.com/enneagram-corner/enneagram-vs-personality-frameworks-comparison,enneagram personality scientific validity systematic review,0,1,0.00,7.0
https://9takes.com/enneagram-corner/enneagram-vs-personality-frameworks-comparison,enneagram pseudoscience,0,17,0.00,32.6
https://9takes.com/enneagram-corner/enneagram-vs-personality-frameworks-comparison,enneagram psychometric validity systematic review,0,1,0.00,11.0
https://9takes.com/enneagram-corner/enneagram-vs-personality-frameworks-comparison,enneagram science,0,4,0.00,40.5
https://9takes.com/enneagram-corner/enneagram-vs-personality-frameworks-comparison,enneagram systematic review literature mixed evidence reliability validity,0,1,0.00,13.0
https://9takes.com/enneagram-corner/enneagram-vs-personality-frameworks-comparison,enneagram systematic review mixed evidence reliability validity,0,47,0.00,3.7
https://9takes.com/enneagram-corner/enneagram-vs-personality-frameworks-comparison,enneagram systematic review psychometric evidence 2021,0,1,0.00,5.0
https://9takes.com/enneagram-corner/enneagram-vs-personality-frameworks-comparison,is enneagram a pseudoscience,0,2,0.00,31.5
https://9takes.com/enneagram-corner/enneagram-vs-personality-frameworks-comparison,is enneagram evidence based,0,1,0.00,36.0
https://9takes.com/enneagram-corner/enneagram-vs-personality-frameworks-comparison,is enneagram pseudoscience,0,6,0.00,28.3
https://9takes.com/enneagram-corner/enneagram-vs-personality-frameworks-comparison,is the enneagram scientifically valid,0,1,0.00,47.0
https://9takes.com/enneagram-corner/enneagram-vs-personality-frameworks-comparison,systematic review enneagram mixed evidence reliability validity,0,1,0.00,7.0
https://9takes.com/enneagram-corner/enneagram-vs-personality-frameworks-comparison,systematic review enneagram personality scientific evidence,0,1,0.00,9.0
https://9takes.com/enneagram-corner/enneagram-vs-personality-frameworks-comparison,systematic review enneagram personality scientific validity,0,1,0.00,11.0
https://9takes.com/enneagram-corner/enneagram-vs-personality-frameworks-comparison,systematic review enneagram reliability validity mixed evidence,0,4,0.00,3.5
https://9takes.com/enneagram-corner/enneagram-wings-complete-guide,4w3 vs 7w6,0,11,0.00,9.7
https://9takes.com/enneagram-corner/enneagram-wings-complete-guide,4w5 and 6w5,0,6,0.00,8.5
https://9takes.com/enneagram-corner/enneagram-wings-complete-guide,4w5 and 6w5 relationship,0,2,0.00,5.0
https://9takes.com/enneagram-corner/enneagram-wings-complete-guide,5w7,0,2,0.00,11.0
https://9takes.com/enneagram-corner/enneagram-wings-complete-guide,5w7 enneagram,0,2,0.00,14.5
https://9takes.com/enneagram-corner/enneagram-wings-complete-guide,6w5 vs 4w5,0,28,0.00,9.4
https://9takes.com/enneagram-corner/enneagram-wings-complete-guide,6w5 vs 8w9,0,1,0.00,12.0
https://9takes.com/enneagram-corner/enneagram-wings-complete-guide,6w7 vs 8w7,0,4,0.00,11.0
https://9takes.com/enneagram-corner/enneagram-wings-complete-guide,7w6 vs 4w3,0,7,0.00,11.0
https://9takes.com/enneagram-corner/enneagram-wings-complete-guide,7w6 wing,0,1,0.00,24.0
https://9takes.com/enneagram-corner/enneagram-wings-complete-guide,enneagram 1w2 and 6w5 compatibility,0,2,0.00,9.5
https://9takes.com/enneagram-corner/enneagram-wings-complete-guide,enneagram 1w2 compatibility with 6w5,0,1,0.00,8.0
https://9takes.com/enneagram-corner/enneagram-wings-complete-guide,enneagram 1w9 and 6w5 compatibility,0,3,0.00,8.7
https://9takes.com/enneagram-corner/enneagram-wings-complete-guide,enneagram 5w7,0,1,0.00,19.0
https://9takes.com/enneagram-corner/enneagram-wings-complete-guide,enneagram 6w5 and 8w9 compatibility,0,9,0.00,10.3
https://9takes.com/enneagram-corner/enneagram-wings-complete-guide,enneagram 6w5 compatibility with 7w6,0,14,0.00,6.5
https://9takes.com/enneagram-corner/enneagram-wings-complete-guide,enneagram 6w5 compatibility with 8w9,0,16,0.00,8.7
https://9takes.com/enneagram-corner/enneagram-wings-complete-guide,enneagram 6w5 with 8w9 compatibility,0,10,0.00,10.0
https://9takes.com/enneagram-corner/enneagram-wings-complete-guide,enneagram 8w7 and 6w5 compatibility,0,3,0.00,14.3
https://9takes.com/enneagram-corner/enneagram-wings-complete-guide,enneagram 8w9 and 6w5 compatibility,0,33,0.00,8.0
https://9takes.com/enneagram-corner/enneagram-wings-complete-guide,enneagram 8w9 and 6w5 compatibility relationship,0,2,0.00,10.0
https://9takes.com/enneagram-corner/enneagram-wings-complete-guide,enneagram 8w9 compatibility with 6w5,0,11,0.00,8.1
https://9takes.com/enneagram-corner/enneagram-wings-complete-guide,enneagram 8w9 with 6w5 compatibility,0,14,0.00,7.7
https://9takes.com/enneagram-corner/enneagram-wings-complete-guide,enneagram two with a three-wing: “the host/hostess”,0,2,0.00,39.0
https://9takes.com/enneagram-corner/enneagram-wings-complete-guide,sure,0,1,0.00,5.0
https://9takes.com/enneagram-corner/first-impression-cheat-sheet,that one test with 9 sections,0,2,0.00,92.0
https://9takes.com/enneagram-corner/how-each-enneagram-flexes,can you have multiple enneagram types,0,1,0.00,43.0
https://9takes.com/enneagram-corner/how-each-enneagram-flexes,compliant types enneagram,0,1,0.00,44.0
https://9takes.com/enneagram-corner/how-each-enneagram-flexes,enneagram fixations,0,3,0.00,64.3
https://9takes.com/enneagram-corner/how-each-enneagram-flexes,types of flexes,0,2,0.00,9.5
https://9takes.com/enneagram-corner/how-each-enneagram-type-manipulates,"""manipulates""",0,2,0.00,42.5
https://9takes.com/enneagram-corner/how-each-enneagram-type-manipulates,9w8 эннеаграмма,0,1,0.00,3.0
https://9takes.com/enneagram-corner/how-each-enneagram-type-manipulates,cloverleaf enneagram test,0,1,0.00,2.0
https://9takes.com/enneagram-corner/how-each-enneagram-type-manipulates,eneagramme 1,0,1,0.00,4.0
https://9takes.com/enneagram-corner/how-each-enneagram-type-manipulates,eneatipo 4 descentrado,0,1,0.00,2.0
https://9takes.com/enneagram-corner/how-each-enneagram-type-manipulates,eneatipo 9,0,1,0.00,3.0
https://9takes.com/enneagram-corner/how-each-enneagram-type-manipulates,enneagram,0,2,0.00,4.5
https://9takes.com/enneagram-corner/how-each-enneagram-type-manipulates,enneagram 1,0,1,0.00,3.0
https://9takes.com/enneagram-corner/how-each-enneagram-type-manipulates,enneagram 2 manipulation,0,1,0.00,12.0
https://9takes.com/enneagram-corner/how-each-enneagram-type-manipulates,enneagram 5,0,1,0.00,4.0
https://9takes.com/enneagram-corner/how-each-enneagram-type-manipulates,enneagram 7,0,2,0.00,3.5
https://9takes.com/enneagram-corner/how-each-enneagram-type-manipulates,enneagram most likely to cheat,0,1,0.00,35.0
https://9takes.com/enneagram-corner/how-each-enneagram-type-manipulates,enneagram summary,0,1,0.00,4.0
https://9takes.com/enneagram-corner/how-each-enneagram-type-manipulates,enneagram test free,0,1,0.00,6.0
https://9takes.com/enneagram-corner/how-each-enneagram-type-manipulates,enneagram the investigator,0,1,0.00,3.0
https://9takes.com/enneagram-corner/how-each-enneagram-type-manipulates,enneagram type 9,0,1,0.00,3.0
https://9takes.com/enneagram-corner/how-each-enneagram-type-manipulates,enneagram types,0,1,0.00,3.0
https://9takes.com/enneagram-corner/how-each-enneagram-type-manipulates,enneagramm,0,2,0.00,3.0
https://9takes.com/enneagram-corner/how-each-enneagram-type-manipulates,enneagramm typ 5 stresspunkt,0,1,0.00,3.0
https://9takes.com/enneagram-corner/how-each-enneagram-type-manipulates,enneagramm typ 6 partnerschaft,0,1,0.00,3.0
https://9takes.com/enneagram-corner/how-each-enneagram-type-manipulates,enneagramm typ 8 stresspunkt,0,1,0.00,3.0
https://9takes.com/enneagram-corner/how-each-enneagram-type-manipulates,enneagramm typen,0,1,0.00,3.0
https://9takes.com/enneagram-corner/how-each-enneagram-type-manipulates,enneagramm-typen passen zusammen,0,1,0.00,3.0
https://9takes.com/enneagram-corner/how-each-enneagram-type-manipulates,ennéagramme,0,2,0.00,2.5
https://9takes.com/enneagram-corner/how-each-enneagram-type-manipulates,ennéagramme type 1,0,1,0.00,3.0
https://9takes.com/enneagram-corner/how-each-enneagram-type-manipulates,ennéagramme type 4,0,1,0.00,2.0
https://9takes.com/enneagram-corner/how-each-enneagram-type-manipulates,ennéagramme type 8 en amour,0,1,0.00,2.0
https://9takes.com/enneagram-corner/how-each-enneagram-type-manipulates,l'ennéagramme,0,1,0.00,2.0
https://9takes.com/enneagram-corner/how-each-enneagram-type-manipulates,manipulative enneagram,0,5,0.00,7.4
https://9takes.com/enneagram-corner/how-each-enneagram-type-manipulates,que significa el numero 4 en el karma,0,1,0.00,2.0
https://9takes.com/enneagram-corner/how-each-enneagram-type-manipulates,the enneagram types,0,1,0.00,4.0
https://9takes.com/enneagram-corner/how-each-enneagram-type-manipulates,type 4 enneagram,0,1,0.00,3.0
https://9takes.com/enneagram-corner/how-each-enneagram-type-manipulates,which enneagram is most likely to cheat,0,1,0.00,51.0
https://9takes.com/enneagram-corner/how-each-enneagram-type-manipulates,which enneagram is the most manipulative,0,74,0.00,5.4
https://9takes.com/enneagram-corner/how-each-enneagram-type-manipulates,which enneagram type is most likely to be a narcissist,0,1,0.00,58.0
https://9takes.com/enneagram-corner/how-each-enneagram-type-manipulates#frequently-asked-questions,manipulative enneagram,0,4,0.00,8.0
https://9takes.com/enneagram-corner/how-each-enneagram-type-manipulates#manipulation-tactics-at-a-glance,manipulative enneagram,0,4,0.00,8.0
https://9takes.com/enneagram-corner/how-each-enneagram-type-manipulates#the-psychology-of-manipulation,manipulative enneagram,0,4,0.00,8.0
https://9takes.com/enneagram-corner/how-each-enneagram-type-manipulates#type-1-moral-superiority,manipulative enneagram,0,4,0.00,8.0
https://9takes.com/enneagram-corner/how-each-enneagram-type-manipulates#type-6-testing-and-accusation,manipulative enneagram,0,4,0.00,8.0
https://9takes.com/enneagram-corner/how-each-enneagram-type-manipulates#type-9-passive-resistance,manipulative enneagram,0,4,0.00,8.0
https://9takes.com/enneagram-corner/how-each-enneagram-type-manipulates#when-manipulation-becomes-abuse,manipulative enneagram,0,4,0.00,8.0
https://9takes.com/enneagram-corner/how-each-enneagram-type-self-sabotages-success,borja vilaseca,0,1,0.00,3.0
https://9takes.com/enneagram-corner/how-each-enneagram-type-self-sabotages-success,enneagram 9,0,1,0.00,29.0
https://9takes.com/enneagram-corner/how-each-enneagram-type-self-sabotages-success,enneagram type 7 childhood,0,1,0.00,66.0
https://9takes.com/enneagram-corner/how-each-enneagram-type-self-sabotages-success,how to break enneagram patterns,0,5,0.00,10.6
https://9takes.com/enneagram-corner/how-each-enneagram-type-self-sabotages-success,practical steps on how to break enneagram patterns,0,4,0.00,11.0
https://9takes.com/enneagram-corner/how-each-enneagram-type-unwinds,how to break enneagram patterns,0,2,0.00,11.0
https://9takes.com/enneagram-corner/love-languages-and-enneagram-types,16 love languages,0,1,0.00,85.0
https://9takes.com/enneagram-corner/love-languages-and-enneagram-types,4 love languages,0,1,0.00,30.0
https://9takes.com/enneagram-corner/love-languages-and-enneagram-types,4 types of love languages,0,1,0.00,47.0
https://9takes.com/enneagram-corner/love-languages-and-enneagram-types,9 love languages,0,3,0.00,20.3
https://9takes.com/enneagram-corner/love-languages-and-enneagram-types,compatibility quiz for couples,0,1,0.00,7.0
https://9takes.com/enneagram-corner/love-languages-and-enneagram-types,enneagram 3 love language,0,4,0.00,9.3
https://9takes.com/enneagram-corner/love-languages-and-enneagram-types,enneagram 4 love language,0,6,0.00,10.7
https://9takes.com/enneagram-corner/love-languages-and-enneagram-types,enneagram 5 love language,0,29,0.00,9.8
https://9takes.com/enneagram-corner/love-languages-and-enneagram-types,enneagram 7 love language,0,6,0.00,13.8
https://9takes.com/enneagram-corner/love-languages-and-enneagram-types,enneagram 8 love language,0,3,0.00,11.3
https://9takes.com/enneagram-corner/love-languages-and-enneagram-types,enneagram and love,0,9,0.00,47.0
https://9takes.com/enneagram-corner/love-languages-and-enneagram-types,enneagram love languages,0,38,0.00,10.1
https://9takes.com/enneagram-corner/love-languages-and-enneagram-types,enneagram relationship compatibility,0,1,0.00,4.0
https://9takes.com/enneagram-corner/love-languages-and-enneagram-types,four love languages,0,2,0.00,33.0
https://9takes.com/enneagram-corner/love-languages-and-enneagram-types,love language compatibility chart,0,46,0.00,7.7
https://9takes.com/enneagram-corner/love-languages-and-enneagram-types,love language type,0,1,0.00,26.0
https://9takes.com/enneagram-corner/love-languages-and-enneagram-types,love language types,0,1,0.00,19.0
https://9takes.com/enneagram-corner/love-languages-and-enneagram-types,love languages compatibility chart,0,5,0.00,7.8
https://9takes.com/enneagram-corner/love-languages-and-enneagram-types,the four love languages,0,5,0.00,38.8
https://9takes.com/enneagram-corner/love-languages-and-enneagram-types,what are the 4 types of love language,0,1,0.00,29.0
https://9takes.com/enneagram-corner/love-languages-and-enneagram-types#how-to-discover-your-partners-love-language--enneagram-combination,enneagram 9 love language,0,3,0.00,8.3
https://9takes.com/enneagram-corner/love-languages-and-enneagram-types#type-1-the-perfectionists-love-language,enneagram 9 love language,0,3,0.00,8.3
https://9takes.com/enneagram-corner/love-languages-and-enneagram-types#type-2-the-helpers-love-language-paradox,enneagram 9 love language,0,3,0.00,8.3
https://9takes.com/enneagram-corner/love-languages-and-enneagram-types#type-5-the-investigators-independent-love,enneagram 9 love language,0,3,0.00,8.3
https://9takes.com/enneagram-corner/love-languages-and-enneagram-types#type-6-the-loyalists-security-love,enneagram 9 love language,0,3,0.00,8.3
https://9takes.com/enneagram-corner/love-languages-and-enneagram-types#type-8-the-challengers-power-love,enneagram 9 love language,0,3,0.00,8.3
https://9takes.com/enneagram-corner/love-languages-and-enneagram-types#type-9-the-peacemakers-harmony-love,enneagram 9 love language,0,3,0.00,8.3
https://9takes.com/enneagram-corner/mental-health/enneagram-addiction-recovery-guide,addict archetype,0,2,0.00,53.5
https://9takes.com/enneagram-corner/mental-health/enneagram-addiction-recovery-guide,addiction?,0,1,0.00,8.0
https://9takes.com/enneagram-corner/mental-health/enneagram-addiction-recovery-guide,enneagram eating disorder,0,3,0.00,90.0
https://9takes.com/enneagram-corner/mental-health/enneagram-addiction-recovery-guide,enneagram nsfw,0,3,0.00,11.0
https://9takes.com/enneagram-corner/mental-health/enneagram-addiction-recovery-guide,enneagram porn,0,3,0.00,11.0
https://9takes.com/enneagram-corner/mental-health/enneagram-addiction-recovery-guide,enneagram r34,0,10,0.00,3.6
https://9takes.com/enneagram-corner/mental-health/enneagram-addiction-recovery-guide,pornography,0,1,0.00,10.0
https://9takes.com/enneagram-corner/mental-health/enneagram-anxiety-complete-guide,core fear of enneagram 6,0,2,0.00,46.0
https://9takes.com/enneagram-corner/mental-health/enneagram-anxiety-complete-guide,enneagram 6 core fear,0,5,0.00,41.8
https://9takes.com/enneagram-corner/mental-health/enneagram-anxiety-complete-guide,enneagram 6 fear,0,3,0.00,64.3
https://9takes.com/enneagram-corner/mental-health/enneagram-anxiety-complete-guide,enneagram 6 growth and stress,0,3,0.00,56.3
https://9takes.com/enneagram-corner/mental-health/enneagram-anxiety-complete-guide,enneagram 6 in stress,0,10,0.00,77.6
https://9takes.com/enneagram-corner/mental-health/enneagram-anxiety-complete-guide,enneagram 6 stress and growth,0,2,0.00,85.5
https://9takes.com/enneagram-corner/mental-health/enneagram-anxiety-complete-guide,enneagram 6 under stress,0,3,0.00,76.0
https://9takes.com/enneagram-corner/mental-health/enneagram-anxiety-complete-guide,enneagram 6 unhealthy,0,2,0.00,52.0
https://9takes.com/enneagram-corner/mental-health/enneagram-anxiety-complete-guide,unhealthy 6 enneagram,0,1,0.00,71.0
https://9takes.com/enneagram-corner/mental-health/enneagram-anxiety-complete-guide,unhealthy enneagram 6,0,4,0.00,50.3
https://9takes.com/enneagram-corner/mental-health/enneagram-anxiety-complete-guide,why do i overeat when stressed,0,1,0.00,9.0
https://9takes.com/enneagram-corner/mental-health/enneagram-anxiety-complete-guide,وما سبب هذا,0,1,0.00,8.0
https://9takes.com/enneagram-corner/mental-health/enneagram-crisis-management-guide,welche quelle,0,1,0.00,2.0
https://9takes.com/enneagram-corner/mental-health/enneagram-neurodivergence-guide,adhd enneagram,0,16,0.00,4.2
https://9takes.com/enneagram-corner/mental-health/enneagram-neurodivergence-guide,enneagram 9 adhd,0,3,0.00,6.7
https://9takes.com/enneagram-corner/mental-health/enneagram-neurodivergence-guide,enneagram adhd,0,3,0.00,11.3
https://9takes.com/enneagram-corner/mental-health/enneagram-neurodivergence-guide,enneagram and neurodivergence,0,5,0.00,7.4
https://9takes.com/enneagram-corner/mental-health/enneagram-neurodivergence-guide,eu sou autista,0,1,0.00,2.0
https://9takes.com/enneagram-corner/mental-health/enneagram-neurodivergence-guide,which enneagram is most likely to be autistic,0,151,0.00,7.7
https://9takes.com/enneagram-corner/mental-health/enneagram-neurodivergence-guide#type-1-the-perfectionist--neurodivergence,autism enneagram,0,1,0.00,12.0
https://9takes.com/enneagram-corner/mental-health/enneagram-neurodivergence-guide#type-1-the-perfectionist--neurodivergence,enneagram 5 autism,0,10,0.00,11.3
https://9takes.com/enneagram-corner/mental-health/enneagram-neurodivergence-guide#type-1-the-perfectionist--neurodivergence,enneagram and neurodivergence,0,4,0.00,6.5
https://9takes.com/enneagram-corner/mental-health/enneagram-neurodivergence-guide#type-1-the-perfectionist--neurodivergence,which enneagram is most likely to be autistic,0,1,0.00,10.0
https://9takes.com/enneagram-corner/mental-health/enneagram-neurodivergence-guide#type-2-the-helper--neurodivergence,enneagram 5 autism,0,10,0.00,11.3
https://9takes.com/enneagram-corner/mental-health/enneagram-neurodivergence-guide#type-2-the-helper--neurodivergence,enneagram and neurodivergence,0,4,0.00,6.5
https://9takes.com/enneagram-corner/mental-health/enneagram-neurodivergence-guide#type-2-the-helper--neurodivergence,which enneagram is most likely to be autistic,0,1,0.00,10.0
https://9takes.com/enneagram-corner/mental-health/enneagram-neurodivergence-guide#type-3-the-achiever--neurodivergence,enneagram 5 autism,0,10,0.00,11.3
https://9takes.com/enneagram-corner/mental-health/enneagram-neurodivergence-guide#type-3-the-achiever--neurodivergence,enneagram and neurodivergence,0,2,0.00,9.0
https://9takes.com/enneagram-corner/mental-health/enneagram-neurodivergence-guide#type-3-the-achiever--neurodivergence,which enneagram is most likely to be autistic,0,1,0.00,10.0
https://9takes.com/enneagram-corner/mental-health/enneagram-neurodivergence-guide#type-4-the-individualist--neurodivergence,autism enneagram,0,1,0.00,12.0
https://9takes.com/enneagram-corner/mental-health/enneagram-neurodivergence-guide#type-4-the-individualist--neurodivergence,enneagram 5 autism,0,13,0.00,11.2
https://9takes.com/enneagram-corner/mental-health/enneagram-neurodivergence-guide#type-4-the-individualist--neurodivergence,enneagram and neurodivergence,0,4,0.00,6.5
https://9takes.com/enneagram-corner/mental-health/enneagram-neurodivergence-guide#type-4-the-individualist--neurodivergence,which enneagram is most likely to be autistic,0,1,0.00,10.0
https://9takes.com/enneagram-corner/mental-health/enneagram-neurodivergence-guide#type-5-the-investigator--neurodivergence,enneagram 5 autism,0,13,0.00,11.2
https://9takes.com/enneagram-corner/mental-health/enneagram-neurodivergence-guide#type-5-the-investigator--neurodivergence,enneagram and neurodivergence,0,1,0.00,10.0
https://9takes.com/enneagram-corner/mental-health/enneagram-neurodivergence-guide#type-7-the-enthusiast--neurodivergence,enneagram 5 autism,0,10,0.00,11.3
https://9takes.com/enneagram-corner/mental-health/enneagram-neurodivergence-guide#type-7-the-enthusiast--neurodivergence,enneagram and neurodivergence,0,1,0.00,10.0
https://9takes.com/enneagram-corner/mental-health/enneagram-neurodivergence-guide#type-7-the-enthusiast--neurodivergence,which enneagram is most likely to be autistic,0,1,0.00,10.0
https://9takes.com/enneagram-corner/mental-health/enneagram-neurodivergence-guide#type-8-the-challenger--neurodivergence,enneagram and neurodivergence,0,1,0.00,10.0
https://9takes.com/enneagram-corner/mental-health/enneagram-neurodivergence-guide#type-9-the-peacemaker--neurodivergence,which enneagram is most likely to be autistic,0,1,0.00,10.0
https://9takes.com/enneagram-corner/mental-health/enneagram-neurodivergence-guide#what-were-covering,autism enneagram,0,1,0.00,12.0
https://9takes.com/enneagram-corner/mental-health/enneagram-neurodivergence-guide#what-were-covering,enneagram 5 autism,0,13,0.00,11.2
https://9takes.com/enneagram-corner/mental-health/enneagram-neurodivergence-guide#what-were-covering,enneagram and neurodivergence,0,1,0.00,8.0
https://9takes.com/enneagram-corner/mental-health/enneagram-neurodivergence-guide#what-were-covering,which enneagram is most likely to be autistic,0,1,0.00,10.0
https://9takes.com/enneagram-corner/mental-health/enneagram-science-mental-health,american psychological association enneagram evidence,0,1,0.00,11.0
https://9takes.com/enneagram-corner/mental-health/enneagram-science-mental-health,apa enneagram evidence,0,2,0.00,10.5
https://9takes.com/enneagram-corner/mental-health/enneagram-science-mental-health,apa enneagram evidence scientific validity,0,1,0.00,11.0
https://9takes.com/enneagram-corner/mental-health/enneagram-science-mental-health,apa enneagram not scientifically validated,0,2,0.00,11.0
https://9takes.com/enneagram-corner/mental-health/enneagram-science-mental-health,apa enneagram scientific evidence,0,2,0.00,9.5
https://9takes.com/enneagram-corner/mental-health/enneagram-science-mental-health,apa enneagram scientific validity,0,7,0.00,9.3
https://9takes.com/enneagram-corner/mental-health/enneagram-science-mental-health,are enneagrams accurate,0,3,0.00,25.0
https://9takes.com/enneagram-corner/mental-health/enneagram-science-mental-health,are enneagrams evidence based,0,1,0.00,22.0
https://9takes.com/enneagram-corner/mental-health/enneagram-science-mental-health,are enneagrams legit,0,1,0.00,37.0
https://9takes.com/enneagram-corner/mental-health/enneagram-science-mental-health,are enneagrams pseudoscience,0,2,0.00,21.5
https://9takes.com/enneagram-corner/mental-health/enneagram-science-mental-health,cleveland clinic enneagram evidence scientific validity,0,1,0.00,12.0
https://9takes.com/enneagram-corner/mental-health/enneagram-science-mental-health,cleveland clinic enneagram not scientifically validated,0,56,0.00,11.0
https://9takes.com/enneagram-corner/mental-health/enneagram-science-mental-health,cleveland clinic enneagram scientific evidence,0,2,0.00,11.0
https://9takes.com/enneagram-corner/mental-health/enneagram-science-mental-health,cleveland clinic enneagram scientific validity,0,1,0.00,11.0
https://9takes.com/enneagram-corner/mental-health/enneagram-science-mental-health,cleveland clinic enneagram scientifically validated,0,2,0.00,9.5
https://9takes.com/enneagram-corner/mental-health/enneagram-science-mental-health,does the enneagram have scientific backing,0,7,0.00,20.6
https://9takes.com/enneagram-corner/mental-health/enneagram-science-mental-health,enneagram accuracy,0,1,0.00,33.0
https://9takes.com/enneagram-corner/mental-health/enneagram-science-mental-health,enneagram critique,0,3,0.00,38.0
https://9takes.com/enneagram-corner/mental-health/enneagram-science-mental-health,enneagram debunked,0,9,0.00,46.7
https://9takes.com/enneagram-corner/mental-health/enneagram-science-mental-health,enneagram empirical validity peer reviewed review,0,3,0.00,11.7
https://9takes.com/enneagram-corner/mental-health/enneagram-science-mental-health,enneagram empirical validity review,0,1,0.00,9.0
https://9takes.com/enneagram-corner/mental-health/enneagram-science-mental-health,enneagram empirical validity study review,0,4,0.00,10.8
https://9takes.com/enneagram-corner/mental-health/enneagram-science-mental-health,enneagram evidence based,0,1,0.00,28.0
https://9takes.com/enneagram-corner/mental-health/enneagram-science-mental-health,enneagram lacks empirical support source,0,42,0.00,7.8
https://9takes.com/enneagram-corner/mental-health/enneagram-science-mental-health,enneagram lacks empirical support source personality scientists,0,8,0.00,11.0
https://9takes.com/enneagram-corner/mental-health/enneagram-science-mental-health,enneagram lacks rigorous scientific validation source,0,348,0.00,9.3
https://9takes.com/enneagram-corner/mental-health/enneagram-science-mental-health,enneagram lacks scientific evidence,0,6,0.00,8.7
https://9takes.com/enneagram-corner/mental-health/enneagram-science-mental-health,enneagram lacks scientific evidence psychology source,0,5,0.00,11.0
https://9takes.com/enneagram-corner/mental-health/enneagram-science-mental-health,enneagram lacks scientific evidence psychology today,0,7,0.00,2.6
https://9takes.com/enneagram-corner/mental-health/enneagram-science-mental-health,enneagram lacks scientific evidence review,0,23,0.00,9.1
https://9takes.com/enneagram-corner/mental-health/enneagram-science-mental-health,enneagram lacks scientific evidence source,0,23,0.00,8.7
https://9takes.com/enneagram-corner/mental-health/enneagram-science-mental-health,enneagram lacks scientific validation reputable source,0,5,0.00,9.8
https://9takes.com/enneagram-corner/mental-health/enneagram-science-mental-health,enneagram lacks scientific validation source,0,91,0.00,10.6
https://9takes.com/enneagram-corner/mental-health/enneagram-science-mental-health,enneagram lacks scientific validation source health.com,0,3,0.00,6.7
https://9takes.com/enneagram-corner/mental-health/enneagram-science-mental-health,enneagram lacks scientific validation source psychology,0,42,0.00,11.3
https://9takes.com/enneagram-corner/mental-health/enneagram-science-mental-health,enneagram lacks scientific validation source review,0,8,0.00,10.0
https://9takes.com/enneagram-corner/mental-health/enneagram-science-mental-health,enneagram lacks scientific validity review,0,2,0.00,7.5
https://9takes.com/enneagram-corner/mental-health/enneagram-science-mental-health,enneagram lacks scientific validity source,0,20,0.00,9.8
https://9takes.com/enneagram-corner/mental-health/enneagram-science-mental-health,enneagram nonsense,0,10,0.00,30.4
https://9takes.com/enneagram-corner/mental-health/enneagram-science-mental-health,enneagram not evidence based psychology source,0,1,0.00,5.0
https://9takes.com/enneagram-corner/mental-health/enneagram-science-mental-health,enneagram not scientifically validated psychology source,0,1,0.00,1.0
https://9takes.com/enneagram-corner/mental-health/enneagram-science-mental-health,enneagram not scientifically validated psychology today,0,1,0.00,9.0
https://9takes.com/enneagram-corner/mental-health/enneagram-science-mental-health,enneagram not scientifically validated source,0,5,0.00,10.6
https://9takes.com/enneagram-corner/mental-health/enneagram-science-mental-health,enneagram not scientifically validated source psychology today,0,2,0.00,10.5
https://9takes.com/enneagram-corner/mental-health/enneagram-science-mental-health,enneagram not widely accepted evidence-based psychology source,0,1,0.00,8.0
https://9takes.com/enneagram-corner/mental-health/enneagram-science-mental-health,enneagram personality system scientific validity evidence,0,2,0.00,17.5
https://9takes.com/enneagram-corner/mental-health/enneagram-science-mental-health,enneagram personality test scientific validity,0,2,0.00,22.0
https://9takes.com/enneagram-corner/mental-health/enneagram-science-mental-health,enneagram personality test scientific validity reliability evidence,0,1,0.00,15.0
https://9takes.com/enneagram-corner/mental-health/enneagram-science-mental-health,enneagram pseudoscience,0,18,0.00,19.5
https://9takes.com/enneagram-corner/mental-health/enneagram-science-mental-health,enneagram psychometric validity peer reviewed review,0,3,0.00,11.3
https://9takes.com/enneagram-corner/mental-health/enneagram-science-mental-health,enneagram psychometric validity review peer reviewed,0,1,0.00,10.0
https://9takes.com/enneagram-corner/mental-health/enneagram-science-mental-health,enneagram reliability and validity,0,2,0.00,33.5
https://9takes.com/enneagram-corner/mental-health/enneagram-science-mental-health,enneagram research,0,7,0.00,22.4
https://9takes.com/enneagram-corner/mental-health/enneagram-science-mental-health,enneagram science,0,5,0.00,24.8
https://9takes.com/enneagram-corner/mental-health/enneagram-science-mental-health,enneagram science based,0,1,0.00,8.0
https://9takes.com/enneagram-corner/mental-health/enneagram-science-mental-health,enneagram scientific evidence,0,1,0.00,28.0
https://9takes.com/enneagram-corner/mental-health/enneagram-science-mental-health,enneagram scientific evidence peer reviewed,0,1,0.00,10.0
https://9takes.com/enneagram-corner/mental-health/enneagram-science-mental-health,enneagram scientific evidence peer reviewed review,0,1,0.00,10.0
https://9takes.com/enneagram-corner/mental-health/enneagram-science-mental-health,enneagram scientific evidence reliability review,0,1,0.00,12.0
https://9takes.com/enneagram-corner/mental-health/enneagram-science-mental-health,enneagram scientific evidence review,0,1,0.00,11.0
https://9takes.com/enneagram-corner/mental-health/enneagram-science-mental-health,enneagram scientific evidence validity source,0,1,0.00,10.0
https://9takes.com/enneagram-corner/mental-health/enneagram-science-mental-health,enneagram scientific validity academic review,0,2,0.00,8.0
https://9takes.com/enneagram-corner/mental-health/enneagram-science-mental-health,enneagram scientific validity criticism,0,4,0.00,10.0
https://9takes.com/enneagram-corner/mental-health/enneagram-science-mental-health,enneagram scientific validity criticism peer reviewed,0,32,0.00,10.1
https://9takes.com/enneagram-corner/mental-health/enneagram-science-mental-health,enneagram scientific validity criticism review,0,3,0.00,10.3
https://9takes.com/enneagram-corner/mental-health/enneagram-science-mental-health,enneagram scientific validity criticism source,0,3,0.00,10.7
https://9takes.com/enneagram-corner/mental-health/enneagram-science-mental-health,enneagram scientific validity critique,0,1,0.00,10.0
https://9takes.com/enneagram-corner/mental-health/enneagram-science-mental-health,enneagram scientific validity critique peer reviewed,0,13,0.00,11.2
https://9takes.com/enneagram-corner/mental-health/enneagram-science-mental-health,enneagram scientific validity evidence criticism,0,2,0.00,13.0
https://9takes.com/enneagram-corner/mental-health/enneagram-science-mental-health,enneagram scientific validity evidence limited,0,3,0.00,11.7
https://9takes.com/enneagram-corner/mental-health/enneagram-science-mental-health,enneagram scientific validity evidence review,0,2,0.00,11.5
https://9takes.com/enneagram-corner/mental-health/enneagram-science-mental-health,enneagram scientific validity overview,0,1,0.00,11.0
https://9takes.com/enneagram-corner/mental-health/enneagram-science-mental-health,enneagram scientific validity peer reviewed,0,26,0.00,10.0
https://9takes.com/enneagram-corner/mental-health/enneagram-science-mental-health,enneagram scientific validity peer reviewed criticism,0,12,0.00,10.4
https://9takes.com/enneagram-corner/mental-health/enneagram-science-mental-health,enneagram scientific validity peer reviewed critique,0,11,0.00,11.0
https://9takes.com/enneagram-corner/mental-health/enneagram-science-mental-health,enneagram scientific validity peer reviewed overview,0,2,0.00,9.0
https://9takes.com/enneagram-corner/mental-health/enneagram-science-mental-health,enneagram scientific validity peer reviewed review,0,35,0.00,11.0
https://9takes.com/enneagram-corner/mental-health/enneagram-science-mental-health,enneagram scientific validity peer reviewed review personality,0,1,0.00,10.0
https://9takes.com/enneagram-corner/mental-health/enneagram-science-mental-health,enneagram scientific validity personality psychology review,0,1,0.00,11.0
https://9takes.com/enneagram-corner/mental-health/enneagram-science-mental-health,enneagram scientific validity psychology review,0,5,0.00,10.0
https://9takes.com/enneagram-corner/mental-health/enneagram-science-mental-health,enneagram scientific validity psychology source,0,2,0.00,10.5
https://9takes.com/enneagram-corner/mental-health/enneagram-science-mental-health,enneagram scientific validity psychology today,0,10,0.00,11.5
https://9takes.com/enneagram-corner/mental-health/enneagram-science-mental-health,enneagram scientific validity reliability peer reviewed review,0,1,0.00,9.0
https://9takes.com/enneagram-corner/mental-health/enneagram-science-mental-health,enneagram scientific validity reputable source,0,4,0.00,10.3
https://9takes.com/enneagram-corner/mental-health/enneagram-science-mental-health,enneagram scientific validity research review,0,1,0.00,11.0
https://9takes.com/enneagram-corner/mental-health/enneagram-science-mental-health,enneagram scientific validity review,0,9,0.00,11.8
https://9takes.com/enneagram-corner/mental-health/enneagram-science-mental-health,enneagram scientific validity review journal,0,7,0.00,10.1
https://9takes.com/enneagram-corner/mental-health/enneagram-science-mental-health,enneagram scientific validity review peer reviewed,0,25,0.00,10.9
https://9takes.com/enneagram-corner/mental-health/enneagram-science-mental-health,enneagram scientific validity review pmc,0,3,0.00,10.0
https://9takes.com/enneagram-corner/mental-health/enneagram-science-mental-health,enneagram scientific validity review source,0,2,0.00,11.0
https://9takes.com/enneagram-corner/mental-health/enneagram-science-mental-health,enneagram scientific validity source,0,5,0.00,10.4
https://9takes.com/enneagram-corner/mental-health/enneagram-science-mental-health,enneagram scientific validity source psychology,0,3,0.00,11.0
https://9takes.com/enneagram-corner/mental-health/enneagram-science-mental-health,enneagram scientific validity systematic review,0,1,0.00,10.0
https://9takes.com/enneagram-corner/mental-health/enneagram-science-mental-health,enneagram studies,0,1,0.00,31.0
https://9takes.com/enneagram-corner/mental-health/enneagram-science-mental-health,enneagram test validity,0,13,0.00,32.6
https://9takes.com/enneagram-corner/mental-health/enneagram-science-mental-health,enneagram type 9 suicide risk evidence,0,1,0.00,11.0
https://9takes.com/enneagram-corner/mental-health/enneagram-science-mental-health,enneagram validity,0,16,0.00,27.6
https://9takes.com/enneagram-corner/mental-health/enneagram-science-mental-health,enneagram validity and reliability,0,3,0.00,32.0
https://9takes.com/enneagram-corner/mental-health/enneagram-science-mental-health,goodrx enneagram not strongly backed by current science,0,9,0.00,10.3
https://9takes.com/enneagram-corner/mental-health/enneagram-science-mental-health,health enneagram lacks rigorous scientific validation,0,86,0.00,5.3
https://9takes.com/enneagram-corner/mental-health/enneagram-science-mental-health,health.com enneagram lacks rigorous scientific validation,0,346,0.00,5.1
https://9takes.com/enneagram-corner/mental-health/enneagram-science-mental-health,is enneagram a pseudoscience,0,1,0.00,23.0
https://9takes.com/enneagram-corner/mental-health/enneagram-science-mental-health,is enneagram accurate,0,1,0.00,39.0
https://9takes.com/enneagram-corner/mental-health/enneagram-science-mental-health,is enneagram evidence based,0,2,0.00,24.0
https://9takes.com/enneagram-corner/mental-health/enneagram-science-mental-health,is enneagram legit,0,4,0.00,35.3
https://9takes.com/enneagram-corner/mental-health/enneagram-science-mental-health,is enneagram pseudoscience,0,16,0.00,18.6
https://9takes.com/enneagram-corner/mental-health/enneagram-science-mental-health,is enneagram real,0,1,0.00,35.0
https://9takes.com/enneagram-corner/mental-health/enneagram-science-mental-health,is enneagram scientific,0,3,0.00,21.3
https://9takes.com/enneagram-corner/mental-health/enneagram-science-mental-health,is enneagram scientifically valid,0,6,0.00,14.2
https://9takes.com/enneagram-corner/mental-health/enneagram-science-mental-health,is the enneagram scientifically valid,0,13,0.00,13.5
https://9takes.com/enneagram-corner/mental-health/enneagram-science-mental-health,is the enneagram valid,0,9,0.00,23.1
https://9takes.com/enneagram-corner/mental-health/enneagram-science-mental-health,peer reviewed enneagram psychometric validity review,0,1,0.00,10.0
https://9takes.com/enneagram-corner/mental-health/enneagram-science-mental-health,peer reviewed enneagram scientific validity,0,1,0.00,9.0
https://9takes.com/enneagram-corner/mental-health/enneagram-science-mental-health,peer reviewed enneagram scientific validity criticism,0,5,0.00,9.4
https://9takes.com/enneagram-corner/mental-health/enneagram-science-mental-health,peer reviewed enneagram scientific validity review,0,40,0.00,10.3
https://9takes.com/enneagram-corner/mental-health/enneagram-science-mental-health,peer reviewed enneagram validity,0,2,0.00,10.0
https://9takes.com/enneagram-corner/mental-health/enneagram-science-mental-health,peer reviewed enneagram validity criticism,0,33,0.00,11.3
https://9takes.com/enneagram-corner/mental-health/enneagram-science-mental-health,peer reviewed enneagram validity reliability review 2020,0,1,0.00,9.0
https://9takes.com/enneagram-corner/mental-health/enneagram-science-mental-health,peer reviewed enneagram validity reliability study,0,1,0.00,12.0
https://9takes.com/enneagram-corner/mental-health/enneagram-science-mental-health,peer reviewed enneagram validity review,0,1,0.00,11.0
https://9takes.com/enneagram-corner/mental-health/enneagram-science-mental-health,peer reviewed enneagram validity scientific evidence review,0,3,0.00,11.3
https://9takes.com/enneagram-corner/mental-health/enneagram-science-mental-health,peer reviewed enneagram validity study,0,15,0.00,10.7
https://9takes.com/enneagram-corner/mental-health/enneagram-science-mental-health,peer reviewed enneagram validity study review,0,1,0.00,8.0
https://9takes.com/enneagram-corner/mental-health/enneagram-science-mental-health,peer reviewed enneagram validity systematic review,0,1,0.00,9.0
https://9takes.com/enneagram-corner/mental-health/enneagram-science-mental-health,peer reviewed review enneagram scientific validity,0,2,0.00,11.5
https://9takes.com/enneagram-corner/mental-health/enneagram-science-mental-health,peer reviewed review enneagram validity,0,1,0.00,9.0
https://9takes.com/enneagram-corner/mental-health/enneagram-science-mental-health,psychology today enneagram not scientifically validated,0,2,0.00,9.0
https://9takes.com/enneagram-corner/mental-health/enneagram-science-mental-health,psychology today enneagram scientific evidence,0,47,0.00,9.7
https://9takes.com/enneagram-corner/mental-health/enneagram-science-mental-health,psychology today enneagram scientific validity,0,10,0.00,9.1
https://9takes.com/enneagram-corner/mental-health/enneagram-science-mental-health,science behind enneagram,0,4,0.00,21.8
https://9takes.com/enneagram-corner/mental-health/enneagram-science-mental-health,scientific validity enneagram evidence review,0,1,0.00,11.0
https://9takes.com/enneagram-corner/mental-health/enneagram-science-mental-health,scientific validity enneagram peer reviewed criticism,0,3,0.00,11.3
https://9takes.com/enneagram-corner/mental-health/enneagram-science-mental-health,scientific validity enneagram peer reviewed review,0,1,0.00,12.0
https://9takes.com/enneagram-corner/mental-health/enneagram-science-mental-health,scientific validity enneagram psychology source,0,1,0.00,10.0
https://9takes.com/enneagram-corner/mental-health/enneagram-science-mental-health,scientific validity of enneagram peer reviewed,0,1,0.00,10.0
https://9takes.com/enneagram-corner/mental-health/enneagram-science-mental-health,systematic review enneagram reliability validity 2021,0,1,0.00,7.0
https://9takes.com/enneagram-corner/mental-health/enneagram-science-mental-health,verywell mind enneagram lacks scientific evidence,0,16,0.00,6.9
https://9takes.com/enneagram-corner/mental-health/enneagram-science-mental-health,verywell mind enneagram lacks scientific validation,0,85,0.00,8.2
https://9takes.com/enneagram-corner/mental-health/enneagram-science-mental-health,verywell mind enneagram lacks strong scientific validation,0,5,0.00,9.0
https://9takes.com/enneagram-corner/mental-health/enneagram-science-mental-health,verywell mind enneagram not scientifically validated,0,88,0.00,10.9
https://9takes.com/enneagram-corner/mental-health/enneagram-science-mental-health,verywell mind enneagram scientific evidence,0,33,0.00,10.6
https://9takes.com/enneagram-corner/mental-health/enneagram-science-mental-health,verywell mind enneagram scientific validation,0,9,0.00,10.8
https://9takes.com/enneagram-corner/mental-health/enneagram-science-mental-health,verywell mind enneagram scientific validity,0,2,0.00,10.5
https://9takes.com/enneagram-corner/mental-health/enneagram-science-mental-health,verywell mind enneagram scientifically validated,0,9,0.00,10.8
https://9takes.com/enneagram-corner/mental-health/enneagram-science-mental-health#clinical-applications,enneagram scientific validity psychology today,0,1,0.00,10.0
https://9takes.com/enneagram-corner/mental-health/enneagram-science-mental-health#clinical-applications,health enneagram lacks rigorous scientific validation,0,13,0.00,7.8
https://9takes.com/enneagram-corner/mental-health/enneagram-science-mental-health#neuroscience-of-the-enneagram,enneagram scientific validity psychology today,0,1,0.00,10.0
https://9takes.com/enneagram-corner/mental-health/enneagram-science-mental-health#neuroscience-of-the-enneagram,health enneagram lacks rigorous scientific validation,0,13,0.00,7.8
https://9takes.com/enneagram-corner/mental-health/enneagram-science-mental-health#the-scientific-foundation,enneagram scientific validity psychology today,0,1,0.00,10.0
https://9takes.com/enneagram-corner/mental-health/enneagram-science-mental-health#the-scientific-foundation,health enneagram lacks rigorous scientific validation,0,13,0.00,7.8
https://9takes.com/enneagram-corner/mental-health/enneagram-therapy-guide,enneagram counseling,0,1,0.00,53.0
https://9takes.com/enneagram-corner/mental-health/enneagram-therapy-guide,enneagram counselor,0,1,0.00,48.0
https://9takes.com/enneagram-corner/mental-health/enneagram-therapy-guide,enneagram therapist,0,18,0.00,42.9
https://9takes.com/enneagram-corner/mental-health/enneagram-therapy-guide,enneagram therapy,0,37,0.00,64.8
https://9takes.com/enneagram-corner/mental-health/enneagram-therapy-guide,enneagram training for therapists,0,9,0.00,52.9
https://9takes.com/enneagram-corner/mental-health/enneagram-therapy-guide,enneagramm counseling,0,1,0.00,80.0
https://9takes.com/enneagram-corner/mental-health/enneagram-therapy-resistance-guide,enneagram therapy,0,38,0.00,39.0
https://9takes.com/enneagram-corner/mental-health/enneagram-workplace-mental-health,yea,0,1,0.00,2.0
https://9takes.com/enneagram-corner/neurodiversity-vs-personality,enneagram and neurodivergence,0,4,0.00,4.8
https://9takes.com/enneagram-corner/neurodiversity-vs-personality,neurodivergent personality types,0,1,0.00,43.0
https://9takes.com/enneagram-corner/neurodiversity-vs-personality,site:9takes.com,0,1,0.00,178.0
https://9takes.com/enneagram-corner/neurodiversity-vs-personality#toc-both-can-be-true,enneagram and neurodivergence,0,2,0.00,6.0
https://9takes.com/enneagram-corner/neurodiversity-vs-personality#toc-from-labels-to-leverage,enneagram and neurodivergence,0,2,0.00,6.0
https://9takes.com/enneagram-corner/neurodiversity-vs-personality#toc-how-the-enneagram-actually-works,enneagram and neurodivergence,0,2,0.00,6.0
https://9takes.com/enneagram-corner/neurodiversity-vs-personality#toc-neurodiversity-is-real-and-thats-exactly-the-point,enneagram and neurodivergence,0,2,0.00,6.0
https://9takes.com/enneagram-corner/neurodiversity-vs-personality#toc-the-real-truth-no-one-is-normal,enneagram and neurodivergence,0,2,0.00,6.0
https://9takes.com/enneagram-corner/neurodiversity-vs-personality#toc-the-spectrum-is-real-but-its-missing-a-dimension,enneagram and neurodivergence,0,2,0.00,6.0
https://9takes.com/enneagram-corner/neurodiversity-vs-personality#toc-when-everyones-neurodivergent-no-one-is,enneagram and neurodivergence,0,2,0.00,6.0
https://9takes.com/enneagram-corner/relationship-communication-guide,enneagram 9 relationships,0,1,0.00,44.0
https://9takes.com/enneagram-corner/relationship-communication-guide,enneagram and relationships,0,437,0.00,53.0
https://9takes.com/enneagram-corner/relationship-communication-guide,enneagram compatibility,0,1,0.00,6.0
https://9takes.com/enneagram-corner/relationship-communication-guide,enneagram dating,0,1,0.00,88.0
https://9takes.com/enneagram-corner/relationship-communication-guide,enneagram for couples,0,1,0.00,85.0
https://9takes.com/enneagram-corner/relationship-communication-guide,enneagram in relationships,0,3,0.00,81.7
https://9takes.com/enneagram-corner/relationship-communication-guide,enneagram love relationships,0,1,0.00,35.0
https://9takes.com/enneagram-corner/relationship-communication-guide,enneagram relationship,0,4,0.00,75.0
https://9takes.com/enneagram-corner/relationship-communication-guide,enneagram relationships,0,312,0.00,65.9
https://9takes.com/enneagram-corner/relationship-communication-guide,enneagram type 9 relationships,0,1,0.00,53.0
https://9takes.com/enneagram-corner/relationship-communication-guide,enneagram types in relationships,0,3,0.00,84.7
https://9takes.com/enneagram-corner/relationship-communication-guide,how to talk to an enneagram 4 in conflcit,0,4,0.00,11.3
https://9takes.com/enneagram-corner/relationship-communication-guide,relationship goals for each enneagram number,0,80,0.00,18.2
https://9takes.com/enneagram-corner/relationship-communication-guide,relationships enneagram,0,180,0.00,61.1
https://9takes.com/enneagram-corner/relationship-communication-guide,site:9takes.com,0,1,0.00,177.0
https://9takes.com/enneagram-corner/relationship-communication-guide,understanding enneagram communication styles in relationships,0,5,0.00,9.4
https://9takes.com/enneagram-corner/subtopic/situational,9takes,0,5,0.00,1.0
https://9takes.com/enneagram-corner/subtopic/situational,enneagram fixations,0,1,0.00,76.0
https://9takes.com/enneagram-corner/subtopic/situational,reactive types enneagram,0,1,0.00,50.0
https://9takes.com/enneagram-corner/subtopic/situational,site:9takes.com,0,3,0.00,62.7
https://9takes.com/enneagram-corner/subtopic/situational,type aspects,0,2,0.00,31.0
https://9takes.com/enneagram-corner/toxic-traits-of-each-enneagram-type,dark triad enneagram,0,1,0.00,7.0
https://9takes.com/enneagram-corner/toxic-traits-of-each-enneagram-type,enneagram 2 unhealthy,0,1,0.00,35.0
https://9takes.com/enneagram-corner/toxic-traits-of-each-enneagram-type,enneagram 7 negative traits,0,1,0.00,24.0
https://9takes.com/enneagram-corner/toxic-traits-of-each-enneagram-type,enneagram 7 unhealthy,0,3,0.00,40.0
https://9takes.com/enneagram-corner/toxic-traits-of-each-enneagram-type,enneagram 9 negative traits,0,7,0.00,9.4
https://9takes.com/enneagram-corner/toxic-traits-of-each-enneagram-type,enneagram 9 unhealthy,0,3,0.00,18.3
https://9takes.com/enneagram-corner/toxic-traits-of-each-enneagram-type,enneagram 9 weaknesses,0,4,0.00,61.0
https://9takes.com/enneagram-corner/toxic-traits-of-each-enneagram-type,enneagram criticism,0,10,0.00,41.4
https://9takes.com/enneagram-corner/toxic-traits-of-each-enneagram-type,enneagram deadly sins,0,3,0.00,76.7
https://9takes.com/enneagram-corner/toxic-traits-of-each-enneagram-type,enneagram hate,0,1,0.00,25.0
https://9takes.com/enneagram-corner/toxic-traits-of-each-enneagram-type,enneagram healthy and unhealthy,0,6,0.00,21.2
https://9takes.com/enneagram-corner/toxic-traits-of-each-enneagram-type,enneagram negative traits,0,13,0.00,7.4
https://9takes.com/enneagram-corner/toxic-traits-of-each-enneagram-type,enneagram shadow side,0,3,0.00,18.3
https://9takes.com/enneagram-corner/toxic-traits-of-each-enneagram-type,enneagram sins,0,1,0.00,70.0
https://9takes.com/enneagram-corner/toxic-traits-of-each-enneagram-type,enneagram stereotypes,0,1,0.00,42.0
https://9takes.com/enneagram-corner/toxic-traits-of-each-enneagram-type,enneagram strengths and weaknesses,0,1,0.00,90.0
https://9takes.com/enneagram-corner/toxic-traits-of-each-enneagram-type,enneagram type 2 weaknesses,0,1,0.00,44.0
https://9takes.com/enneagram-corner/toxic-traits-of-each-enneagram-type,enneagram type 9 careers to avoid,0,2,0.00,77.5
https://9takes.com/enneagram-corner/toxic-traits-of-each-enneagram-type,enneagram types healthy and unhealthy,0,1,0.00,29.0
https://9takes.com/enneagram-corner/toxic-traits-of-each-enneagram-type,enneagram types sins,0,1,0.00,60.0
https://9takes.com/enneagram-corner/toxic-traits-of-each-enneagram-type,enneagram unhealthy,0,6,0.00,17.7
https://9takes.com/enneagram-corner/toxic-traits-of-each-enneagram-type,enneagram unhealthy 9,0,9,0.00,30.2
https://9takes.com/enneagram-corner/toxic-traits-of-each-enneagram-type,enneagram vices,0,2,0.00,70.0
https://9takes.com/enneagram-corner/toxic-traits-of-each-enneagram-type,greed enneagram,0,1,0.00,44.0
https://9takes.com/enneagram-corner/toxic-traits-of-each-enneagram-type,most dangerous enneagram type,0,1,0.00,18.0
https://9takes.com/enneagram-corner/toxic-traits-of-each-enneagram-type,most hated enneagram type,0,1,0.00,19.0
https://9takes.com/enneagram-corner/toxic-traits-of-each-enneagram-type,most selfish enneagram,0,2,0.00,24.5
https://9takes.com/enneagram-corner/toxic-traits-of-each-enneagram-type,negative enneagram types,0,3,0.00,8.3
https://9takes.com/enneagram-corner/toxic-traits-of-each-enneagram-type,temperamental personality dark side,0,1,0.00,76.0
https://9takes.com/enneagram-corner/toxic-traits-of-each-enneagram-type,toxic 9,0,2,0.00,11.0
https://9takes.com/enneagram-corner/toxic-traits-of-each-enneagram-type,unhealthy 7 enneagram,0,1,0.00,38.0
https://9takes.com/enneagram-corner/toxic-traits-of-each-enneagram-type,unhealthy 9,0,3,0.00,29.3
https://9takes.com/enneagram-corner/toxic-traits-of-each-enneagram-type,unhealthy 9 enneagram,0,7,0.00,31.3
https://9takes.com/enneagram-corner/toxic-traits-of-each-enneagram-type,unhealthy e9,0,1,0.00,30.0
https://9takes.com/enneagram-corner/toxic-traits-of-each-enneagram-type,unhealthy enneagram,0,8,0.00,11.4
https://9takes.com/enneagram-corner/toxic-traits-of-each-enneagram-type,unhealthy enneagram 1,0,1,0.00,46.0
https://9takes.com/enneagram-corner/toxic-traits-of-each-enneagram-type,unhealthy enneagram 2,0,3,0.00,28.0
https://9takes.com/enneagram-corner/toxic-traits-of-each-enneagram-type,unhealthy enneagram 9,0,11,0.00,26.3
https://9takes.com/enneagram-corner/toxic-traits-of-each-enneagram-type,unhealthy enneagrams,0,18,0.00,8.8
https://9takes.com/enneagram-corner/toxic-traits-of-each-enneagram-type,unhealthy traits of enneagram 9,0,117,0.00,14.4
https://9takes.com/enneagram-corner/toxic-traits-of-each-enneagram-type,unhealthy type 9,0,2,0.00,17.5
https://9takes.com/enneagram-corner/toxic-traits-of-each-enneagram-type,very toxic enneagram 3 traits,0,3,0.00,10.7
https://9takes.com/enneagram-corner/toxic-traits-of-each-enneagram-type,what is the worst enneagram type,0,83,0.00,10.5
https://9takes.com/enneagram-corner/toxic-traits-of-each-enneagram-type,whats the worst enneagram type,0,1,0.00,12.0
https://9takes.com/enneagram-corner/toxic-traits-of-each-enneagram-type,which enneagram is most likely to be a narcissist,0,1,0.00,71.0
https://9takes.com/enneagram-corner/toxic-traits-of-each-enneagram-type,which enneagram type is most likely to be a narcissist,0,1,0.00,85.0
https://9takes.com/enneagram-corner/toxic-traits-of-each-enneagram-type,why do people say that,0,1,0.00,1.0
https://9takes.com/enneagram-corner/toxic-traits-of-each-enneagram-type,worst enneagram,0,16,0.00,10.3
https://9takes.com/enneagram-corner/toxic-traits-of-each-enneagram-type#the-darker-side-of-personality-why-everyone-has-toxic-traits,enneagram 9 negative traits,0,4,0.00,9.3
https://9takes.com/enneagram-corner/toxic-traits-of-each-enneagram-type#the-darker-side-of-personality-why-everyone-has-toxic-traits,enneagram negative traits,0,13,0.00,7.4
https://9takes.com/enneagram-corner/toxic-traits-of-each-enneagram-type#the-darker-side-of-personality-why-everyone-has-toxic-traits,unhealthy traits of enneagram 9,0,22,0.00,10.8
https://9takes.com/enneagram-corner/toxic-traits-of-each-enneagram-type#the-darker-side-of-personality-why-everyone-has-toxic-traits,what is the worst enneagram type,0,2,0.00,12.0
https://9takes.com/enneagram-corner/toxic-traits-of-each-enneagram-type#the-darker-side-of-personality-why-everyone-has-toxic-traits,worst enneagram,0,10,0.00,10.8
https://9takes.com/enneagram-corner/toxic-traits-of-each-enneagram-type#the-darker-side-of-personality-why-everyone-has-toxic-traits,worst enneagram type,0,1,0.00,11.0
https://9takes.com/enneagram-corner/toxic-traits-of-each-enneagram-type#toxic-traits-red-flags-by-type,enneagram 9 negative traits,0,4,0.00,9.3
https://9takes.com/enneagram-corner/toxic-traits-of-each-enneagram-type#toxic-traits-red-flags-by-type,enneagram negative traits,0,13,0.00,7.4
https://9takes.com/enneagram-corner/toxic-traits-of-each-enneagram-type#toxic-traits-red-flags-by-type,unhealthy traits of enneagram 9,0,22,0.00,10.8
https://9takes.com/enneagram-corner/toxic-traits-of-each-enneagram-type#toxic-traits-red-flags-by-type,what is the worst enneagram type,0,2,0.00,12.0
https://9takes.com/enneagram-corner/toxic-traits-of-each-enneagram-type#toxic-traits-red-flags-by-type,worst enneagram type,0,1,0.00,11.0
https://9takes.com/enneagram-corner/toxic-traits-of-each-enneagram-type#type-1-the-righteous-critic-whos-never-wrong,enneagram 9 negative traits,0,4,0.00,9.3
https://9takes.com/enneagram-corner/toxic-traits-of-each-enneagram-type#type-1-the-righteous-critic-whos-never-wrong,enneagram negative traits,0,8,0.00,7.3
https://9takes.com/enneagram-corner/toxic-traits-of-each-enneagram-type#type-1-the-righteous-critic-whos-never-wrong,negative enneagram types,0,2,0.00,8.5
https://9takes.com/enneagram-corner/toxic-traits-of-each-enneagram-type#type-1-the-righteous-critic-whos-never-wrong,unhealthy traits of enneagram 9,0,11,0.00,10.8
https://9takes.com/enneagram-corner/toxic-traits-of-each-enneagram-type#type-1-the-righteous-critic-whos-never-wrong,what is the worst enneagram type,0,21,0.00,11.0
https://9takes.com/enneagram-corner/toxic-traits-of-each-enneagram-type#type-1-the-righteous-critic-whos-never-wrong,whats the worst enneagram type,0,1,0.00,12.0
https://9takes.com/enneagram-corner/toxic-traits-of-each-enneagram-type#type-1-the-righteous-critic-whos-never-wrong,worst enneagram,0,7,0.00,11.0
https://9takes.com/enneagram-corner/toxic-traits-of-each-enneagram-type#type-1-the-righteous-critic-whos-never-wrong,worst enneagram type,0,76,0.00,10.8
https://9takes.com/enneagram-corner/toxic-traits-of-each-enneagram-type#type-2-the-helper-with-hidden-hooks,enneagram 9 negative traits,0,4,0.00,9.3
https://9takes.com/enneagram-corner/toxic-traits-of-each-enneagram-type#type-2-the-helper-with-hidden-hooks,enneagram negative traits,0,8,0.00,7.3
https://9takes.com/enneagram-corner/toxic-traits-of-each-enneagram-type#type-2-the-helper-with-hidden-hooks,negative enneagram types,0,2,0.00,8.5
https://9takes.com/enneagram-corner/toxic-traits-of-each-enneagram-type#type-2-the-helper-with-hidden-hooks,unhealthy traits of enneagram 9,0,11,0.00,10.8
https://9takes.com/enneagram-corner/toxic-traits-of-each-enneagram-type#type-2-the-helper-with-hidden-hooks,what is the worst enneagram type,0,29,0.00,11.0
https://9takes.com/enneagram-corner/toxic-traits-of-each-enneagram-type#type-2-the-helper-with-hidden-hooks,whats the worst enneagram type,0,1,0.00,12.0
https://9takes.com/enneagram-corner/toxic-traits-of-each-enneagram-type#type-2-the-helper-with-hidden-hooks,worst enneagram,0,7,0.00,11.0
https://9takes.com/enneagram-corner/toxic-traits-of-each-enneagram-type#type-2-the-helper-with-hidden-hooks,worst enneagram type,0,102,0.00,10.7
https://9takes.com/enneagram-corner/toxic-traits-of-each-enneagram-type#type-3-the-success-addict-with-empty-achievements,negative enneagram types,0,2,0.00,8.5
https://9takes.com/enneagram-corner/toxic-traits-of-each-enneagram-type#type-3-the-success-addict-with-empty-achievements,what is the worst enneagram type,0,23,0.00,11.0
https://9takes.com/enneagram-corner/toxic-traits-of-each-enneagram-type#type-3-the-success-addict-with-empty-achievements,whats the worst enneagram type,0,1,0.00,12.0
https://9takes.com/enneagram-corner/toxic-traits-of-each-enneagram-type#type-3-the-success-addict-with-empty-achievements,worst enneagram,0,7,0.00,11.0
https://9takes.com/enneagram-corner/toxic-traits-of-each-enneagram-type#type-3-the-success-addict-with-empty-achievements,worst enneagram type,0,76,0.00,10.8
https://9takes.com/enneagram-corner/toxic-traits-of-each-enneagram-type#type-4-the-emotional-amplifier-who-makes-everything-feel-personal,enneagram 9 negative traits,0,4,0.00,9.3
https://9takes.com/enneagram-corner/toxic-traits-of-each-enneagram-type#type-4-the-emotional-amplifier-who-makes-everything-feel-personal,enneagram negative traits,0,8,0.00,7.3
https://9takes.com/enneagram-corner/toxic-traits-of-each-enneagram-type#type-4-the-emotional-amplifier-who-makes-everything-feel-personal,negative enneagram types,0,3,0.00,8.3
https://9takes.com/enneagram-corner/toxic-traits-of-each-enneagram-type#type-4-the-emotional-amplifier-who-makes-everything-feel-personal,unhealthy traits of enneagram 9,0,11,0.00,10.8
https://9takes.com/enneagram-corner/toxic-traits-of-each-enneagram-type#type-4-the-emotional-amplifier-who-makes-everything-feel-personal,what is the worst enneagram type,0,29,0.00,11.0
https://9takes.com/enneagram-corner/toxic-traits-of-each-enneagram-type#type-4-the-emotional-amplifier-who-makes-everything-feel-personal,whats the worst enneagram type,0,1,0.00,12.0
https://9takes.com/enneagram-corner/toxic-traits-of-each-enneagram-type#type-4-the-emotional-amplifier-who-makes-everything-feel-personal,worst enneagram,0,7,0.00,11.0
https://9takes.com/enneagram-corner/toxic-traits-of-each-enneagram-type#type-4-the-emotional-amplifier-who-makes-everything-feel-personal,worst enneagram type,0,102,0.00,10.7
https://9takes.com/enneagram-corner/toxic-traits-of-each-enneagram-type#type-5-the-cold-analyzer-who-cant-connect,negative enneagram types,0,2,0.00,8.5
https://9takes.com/enneagram-corner/toxic-traits-of-each-enneagram-type#type-5-the-cold-analyzer-who-cant-connect,unhealthy traits of enneagram 9,0,11,0.00,10.8
https://9takes.com/enneagram-corner/toxic-traits-of-each-enneagram-type#type-5-the-cold-analyzer-who-cant-connect,what is the worst enneagram type,0,19,0.00,10.8
https://9takes.com/enneagram-corner/toxic-traits-of-each-enneagram-type#type-5-the-cold-analyzer-who-cant-connect,whats the worst enneagram type,0,1,0.00,12.0
https://9takes.com/enneagram-corner/toxic-traits-of-each-enneagram-type#type-5-the-cold-analyzer-who-cant-connect,worst enneagram type,0,75,0.00,10.7
https://9takes.com/enneagram-corner/toxic-traits-of-each-enneagram-type#type-6-the-paranoid-overthinker-preparing-for-disasters,enneagram 9 negative traits,0,4,0.00,9.3
https://9takes.com/enneagram-corner/toxic-traits-of-each-enneagram-type#type-6-the-paranoid-overthinker-preparing-for-disasters,enneagram negative traits,0,8,0.00,7.3
https://9takes.com/enneagram-corner/toxic-traits-of-each-enneagram-type#type-6-the-paranoid-overthinker-preparing-for-disasters,negative enneagram types,0,3,0.00,8.3
https://9takes.com/enneagram-corner/toxic-traits-of-each-enneagram-type#type-6-the-paranoid-overthinker-preparing-for-disasters,unhealthy traits of enneagram 9,0,11,0.00,10.8
https://9takes.com/enneagram-corner/toxic-traits-of-each-enneagram-type#type-6-the-paranoid-overthinker-preparing-for-disasters,what is the worst enneagram type,0,25,0.00,10.9
https://9takes.com/enneagram-corner/toxic-traits-of-each-enneagram-type#type-6-the-paranoid-overthinker-preparing-for-disasters,whats the worst enneagram type,0,1,0.00,12.0
https://9takes.com/enneagram-corner/toxic-traits-of-each-enneagram-type#type-6-the-paranoid-overthinker-preparing-for-disasters,worst enneagram,0,10,0.00,10.8
https://9takes.com/enneagram-corner/toxic-traits-of-each-enneagram-type#type-6-the-paranoid-overthinker-preparing-for-disasters,worst enneagram type,0,101,0.00,10.7
https://9takes.com/enneagram-corner/toxic-traits-of-each-enneagram-type#type-7-the-chronic-escapist-running-from-reality,enneagram 9 negative traits,0,4,0.00,9.3
https://9takes.com/enneagram-corner/toxic-traits-of-each-enneagram-type#type-7-the-chronic-escapist-running-from-reality,enneagram negative traits,0,8,0.00,7.3
https://9takes.com/enneagram-corner/toxic-traits-of-each-enneagram-type#type-7-the-chronic-escapist-running-from-reality,negative enneagram types,0,3,0.00,8.3
https://9takes.com/enneagram-corner/toxic-traits-of-each-enneagram-type#type-7-the-chronic-escapist-running-from-reality,what is the worst enneagram type,0,19,0.00,10.8
https://9takes.com/enneagram-corner/toxic-traits-of-each-enneagram-type#type-7-the-chronic-escapist-running-from-reality,whats the worst enneagram type,0,1,0.00,12.0
https://9takes.com/enneagram-corner/toxic-traits-of-each-enneagram-type#type-7-the-chronic-escapist-running-from-reality,worst enneagram,0,7,0.00,11.0
https://9takes.com/enneagram-corner/toxic-traits-of-each-enneagram-type#type-7-the-chronic-escapist-running-from-reality,worst enneagram type,0,75,0.00,10.7
https://9takes.com/enneagram-corner/toxic-traits-relationships-warning-signs,enneagram most likely to cheat,0,29,0.00,9.9
https://9takes.com/enneagram-corner/toxic-traits-relationships-warning-signs,enneagram type 7 worst match,0,1,0.00,22.0
https://9takes.com/enneagram-corner/toxic-traits-relationships-warning-signs,which enneagram type is most likely to be a narcissist,0,1,0.00,73.0
https://9takes.com/enneagram-corner/toxic-traits-relationships-warning-signs,worst enneagram pairings,0,1,0.00,31.0
https://9takes.com/enneagram-corner/toxic-traits-relationships-warning-signs#relationship-red-flags-by-type,enneagram most likely to cheat,0,13,0.00,8.5
https://9takes.com/enneagram-corner/toxic-traits-relationships-warning-signs#relationship-red-flags-by-type,which enneagram is most likely to cheat,0,31,0.00,10.0
https://9takes.com/enneagram-corner/toxic-traits-relationships-warning-signs#toxic-relationship-patterns-by-enneagram-type,enneagram most likely to cheat,0,15,0.00,8.8
https://9takes.com/enneagram-corner/toxic-traits-relationships-warning-signs#toxic-relationship-patterns-by-enneagram-type,which enneagram is most likely to cheat,0,34,0.00,10.0
https://9takes.com/enneagram-corner/toxic-traits-relationships-warning-signs#when-survival-strategies-become-toxic-patterns,enneagram most likely to cheat,0,15,0.00,8.8
https://9takes.com/enneagram-corner/toxic-traits-relationships-warning-signs#when-survival-strategies-become-toxic-patterns,which enneagram is most likely to cheat,0,34,0.00,10.0
https://9takes.com/enneagram-corner/toxic-traits-relationships-warning-signs#why-were-drawn-to-toxic-traits-against-our-better-judgment,enneagram most likely to cheat,0,13,0.00,8.5
https://9takes.com/enneagram-corner/toxic-traits-relationships-warning-signs#why-were-drawn-to-toxic-traits-against-our-better-judgment,which enneagram is most likely to cheat,0,31,0.00,10.0
https://9takes.com/enneagram-corner/why-dating-apps-are-harder-for-certain-personality-types,dating app based on personality,0,1,0.00,45.0
https://9takes.com/enneagram-corner/why-dating-apps-are-harder-for-certain-personality-types,dating app personality type,0,3,0.00,26.0
https://9takes.com/enneagram-corner/why-dating-apps-are-harder-for-certain-personality-types,enneagram dating app,0,1,0.00,10.0
https://9takes.com/enneagram-corner/why-dating-apps-are-harder-for-certain-personality-types,how can someone stand out on dating apps without sounding performative?,0,4,0.00,9.0
https://9takes.com/enneagram-corner/why-dating-apps-are-harder-for-certain-personality-types,i'm looking for a dating app that focuses on personality compatibility. what are my options?,0,1,0.00,57.0
https://9takes.com/enneagram-corner/why-dating-apps-are-harder-for-certain-personality-types,why do dating apps sometimes feel harder even with a solid profile?,0,48,0.00,7.9
https://9takes.com/enneagram-corner/why-the-next-thing-wont-fix-it-type-7,type 7,0,1,0.00,63.0
https://9takes.com/enneagram-corner/why-you-cant-stop-overthinking-enneagram,enneagram 9 has to think about feelingd and then has thoughtd and is bad at quick response,0,1,0.00,11.0
https://9takes.com/how-to-guides,9takes,0,11,0.00,1.5
https://9takes.com/how-to-guides,site:9takes.com,0,4,0.00,16.3
https://9takes.com/how-to-guides/5-tough-conversations-you-need-to-have-with-your-partner,3 tough conversations every couple should have,0,8,0.00,44.5
https://9takes.com/how-to-guides/5-tough-conversations-you-need-to-have-with-your-partner,conversations in relationships,0,2,0.00,23.5
https://9takes.com/how-to-guides/5-tough-conversations-you-need-to-have-with-your-partner,examples of difficult conversations in relationships,0,3,0.00,71.7
https://9takes.com/how-to-guides/5-tough-conversations-you-need-to-have-with-your-partner,hard conversations to have with your partner,0,2,0.00,59.5
https://9takes.com/how-to-guides/5-tough-conversations-you-need-to-have-with-your-partner,how to have difficult conversations with your partner,0,1,0.00,91.0
https://9takes.com/how-to-guides/5-tough-conversations-you-need-to-have-with-your-partner,relationship conversations,0,9,0.00,41.2
https://9takes.com/how-to-guides/5-tough-conversations-you-need-to-have-with-your-partner,relationships conversations,0,68,0.00,35.0
https://9takes.com/how-to-guides/5-tough-conversations-you-need-to-have-with-your-partner,the five core conversations for couples,0,1,0.00,55.0
https://9takes.com/how-to-guides/5-tough-conversations-you-need-to-have-with-your-partner,tough relationship,0,5,0.00,59.2
https://9takes.com/how-to-guides/5-tough-conversations-you-need-to-have-with-your-partner,types of conversation in relationship,0,1,0.00,28.0
https://9takes.com/how-to-guides/5-tough-conversations-you-need-to-have-with-your-partner,types of conversations in a relationship,0,1,0.00,24.0
https://9takes.com/how-to-guides/dating-dynamics-by-enneagram-type,"""the 'enneagram' effect: using personality typology in modern dating"" dating trends vogue",0,1,0.00,10.0
https://9takes.com/how-to-guides/dating-dynamics-by-enneagram-type,enneagram and relationships,0,78,0.00,76.8
https://9takes.com/how-to-guides/dating-dynamics-by-enneagram-type,enneagram dating,0,5,0.00,45.0
https://9takes.com/how-to-guides/dating-dynamics-by-enneagram-type,enneagram in relationships,0,1,0.00,98.0
https://9takes.com/how-to-guides/dating-dynamics-by-enneagram-type,enneagram love relationships,0,4,0.00,75.3
https://9takes.com/how-to-guides/dating-dynamics-by-enneagram-type,enneagram relationship,0,1,0.00,98.0
https://9takes.com/how-to-guides/dating-dynamics-by-enneagram-type,enneagram relationships,0,39,0.00,95.8
https://9takes.com/how-to-guides/dating-dynamics-by-enneagram-type,enneagram types in relationships,0,2,0.00,93.5
https://9takes.com/how-to-guides/dating-dynamics-by-enneagram-type,relationships enneagram,0,82,0.00,86.3
https://9takes.com/personality-analysis,9takes,0,38,0.00,1.0
https://9takes.com/personality-analysis,9w1 celebrities,0,1,0.00,15.0
https://9takes.com/personality-analysis,actor personality,0,2,0.00,44.0
https://9takes.com/personality-analysis,actress personality,0,2,0.00,28.0
https://9takes.com/personality-analysis,ana de armas personality,0,1,0.00,39.0
https://9takes.com/personality-analysis,analyse personae,0,2,0.00,95.0
https://9takes.com/personality-analysis,analyze him,0,1,0.00,10.0
https://9takes.com/personality-analysis,austin butler personality type,0,1,0.00,11.0
https://9takes.com/personality-analysis,bernard arnault and emma watson,0,1,0.00,2.0
https://9takes.com/personality-analysis,callum turner personality type,0,3,0.00,9.3
https://9takes.com/personality-analysis,celeb personality,0,12,0.00,8.6
https://9takes.com/personality-analysis,celebrity enneagram,0,3,0.00,20.7
https://9takes.com/personality-analysis,celebrity personalities,0,1,0.00,23.0
https://9takes.com/personality-analysis,celebrity personality,0,14,0.00,23.6
https://9takes.com/personality-analysis,character description popular person,0,1,0.00,11.0
https://9takes.com/personality-analysis,emma watson and bernard arnault,0,4,0.00,1.8
https://9takes.com/personality-analysis,emma watson enneagram,0,3,0.00,21.3
https://9takes.com/personality-analysis,enneagram 1 celebrities,0,2,0.00,22.0
https://9takes.com/personality-analysis,enneagram 1 famous people,0,3,0.00,30.0
https://9takes.com/personality-analysis,enneagram 3 famous people,0,1,0.00,16.0
https://9takes.com/personality-analysis,enneagram 4 famous people,0,1,0.00,49.0
https://9takes.com/personality-analysis,enneagram 6 famous people,0,3,0.00,18.7
https://9takes.com/personality-analysis,enneagram 9 celebrities,0,6,0.00,28.0
https://9takes.com/personality-analysis,enneagram 9 famous people,0,10,0.00,27.5
https://9takes.com/personality-analysis,enneagram celebrities,0,3,0.00,18.3
https://9takes.com/personality-analysis,enneagram famous people,0,3,0.00,15.0
https://9takes.com/personality-analysis,enneagram type 1 celebrities,0,4,0.00,21.5
https://9takes.com/personality-analysis,enneagram type 1 famous people,0,1,0.00,23.0
https://9takes.com/personality-analysis,enneagram type 3 celebrities,0,2,0.00,28.5
https://9takes.com/personality-analysis,enneagram type 3 famous people,0,1,0.00,16.0
https://9takes.com/personality-analysis,enneagram type 6 famous people,0,6,0.00,21.5
https://9takes.com/personality-analysis,enneagram type 9 celebrities,0,4,0.00,30.3
https://9takes.com/personality-analysis,enneagram type 9 famous people,0,6,0.00,30.2
https://9takes.com/personality-analysis,famous enneagram 9,0,2,0.00,26.5
https://9takes.com/personality-analysis,famous people enneagram,0,5,0.00,12.8
https://9takes.com/personality-analysis,famous people personality,0,4,0.00,11.5
https://9takes.com/personality-analysis,famous personality,0,4,0.00,17.3
https://9takes.com/personality-analysis,gracie abrams enneagram,0,2,0.00,8.0
https://9takes.com/personality-analysis,harrison ford enneagram,0,1,0.00,11.0
https://9takes.com/personality-analysis,high profile personalities,0,5,0.00,35.0
https://9takes.com/personality-analysis,leonardo da vinci enneagram,0,2,0.00,11.0
https://9takes.com/personality-analysis,milly alcock personality type,0,1,0.00,11.0
https://9takes.com/personality-analysis,personality celebrity,0,2,0.00,26.0
https://9takes.com/personality-analysis,personality famous,0,2,0.00,12.5
https://9takes.com/personality-analysis,personx knows persony personality,0,2,0.00,11.0
https://9takes.com/personality-analysis,site:9takes.com,0,21,0.00,8.9
https://9takes.com/personality-analysis,steve carell and bernard arnault,0,1,0.00,5.0
https://9takes.com/personality-analysis,tom hanks personality type,0,2,0.00,30.5
https://9takes.com/personality-analysis,type 3 enneagram celebrities,0,1,0.00,36.0
https://9takes.com/personality-analysis,type 9 enneagram celebrities,0,1,0.00,28.0
https://9takes.com/personality-analysis,type a celebrities,0,2,0.00,24.0
https://9takes.com/personality-analysis,type a personality celebrities,0,2,0.00,14.0
https://9takes.com/personality-analysis,well known personality,0,2,0.00,12.0
https://9takes.com/personality-analysis,انماط المشاهير,0,1,0.00,38.0
https://9takes.com/personality-analysis/Alex-Karp,alex karp half black,0,1,0.00,11.0
https://9takes.com/personality-analysis/Alex-Karp,palantir ceo,0,1,0.00,10.0
https://9takes.com/personality-analysis/Alix-Earle,"alix earle tiktok ""i also have no idea what’s going on""",0,1,0.00,10.0
https://9takes.com/personality-analysis/Charli-xcx,charli xcx and george daniel,0,1,0.00,3.0
https://9takes.com/personality-analysis/Charli-xcx,charli xcx mbti,0,6,0.00,6.0
https://9takes.com/personality-analysis/Charli-xcx,charli xcx mbti type,0,3,0.00,9.0
https://9takes.com/personality-analysis/Charli-xcx,charli xcx personality,0,57,0.00,9.3
https://9takes.com/personality-analysis/Charli-xcx,charli xcx personality tomodachi life,0,1,0.00,3.0
https://9takes.com/personality-analysis/Charli-xcx,charli xcx personality type,0,67,0.00,5.8
https://9takes.com/personality-analysis/Charli-xcx,is charli xcx a good person,0,2,0.00,11.0
https://9takes.com/personality-analysis/Charli-xcx,is charli xcx a nice person,0,1,0.00,2.0
https://9takes.com/personality-analysis/Charli-xcx,national portrait gallery charli xcx,0,1,0.00,6.0
https://9takes.com/personality-analysis/Charli-xcx,persona charli xcx lyrics,0,1,0.00,5.0
https://9takes.com/personality-analysis/Charli-xcx,site:9takes.com,0,1,0.00,85.0
https://9takes.com/personality-analysis/David-Friedberg,"""david friedberg"" ""data-driven"" ""all-in podcast""",0,1,0.00,10.0
https://9takes.com/personality-analysis/David-Friedberg,"""david friedberg"" ""science guy"" ""all-in podcast""",0,1,0.00,2.0
https://9takes.com/personality-analysis/Jordan-Peterson,"""shelley carson"" ""2022"" ""university"" ""news""",0,2,0.00,7.0
https://9takes.com/personality-analysis/Julius-Caesar,julius caesar personality,0,1,0.00,11.0
https://9takes.com/personality-analysis/Napoleon-Bonaparte,napoleon enneagram,0,2,0.00,3.5
https://9takes.com/personality-analysis/Pete-Davidson,pete davidson personality,0,1,0.00,7.0
https://9takes.com/personality-analysis/Pokimane,pokimane psyche,0,36,0.00,8.5
https://9takes.com/personality-analysis/Shawn-Ryan,katie jean williams shawn ryan,0,3,0.00,8.3
https://9takes.com/personality-analysis/Shawn-Ryan,shawn palmisano,0,8,0.00,9.8
https://9takes.com/personality-analysis/Shawn-Ryan,shawn ryan palmisano,0,5,0.00,11.0
https://9takes.com/personality-analysis/adam-neumann,adam neumann barefoot,0,2,0.00,9.5
https://9takes.com/personality-analysis/adam-neumann,site:9takes.com,0,4,0.00,59.8
https://9takes.com/personality-analysis/adam-sandler,adam sandler mbti,0,3,0.00,18.3
https://9takes.com/personality-analysis/adam-sandler,adam sandler personality,0,36,0.00,10.5
https://9takes.com/personality-analysis/adam-sandler,adam sandler personality traits,0,1,0.00,9.0
https://9takes.com/personality-analysis/adam-sandler,adam sandler personality type,0,17,0.00,7.2
https://9takes.com/personality-analysis/adam-sandler,luke winkie,0,5,0.00,43.6
https://9takes.com/personality-analysis/adam-sandler,site:9takes.com,0,1,0.00,7.0
https://9takes.com/personality-analysis/addison-rae,addison rae personality traits,0,1,0.00,7.0
https://9takes.com/personality-analysis/adele,is adele's mother still alive,0,1,0.00,1.0
https://9takes.com/personality-analysis/adin-ross,"""drake"" ""followers"" ""kick"" ""april 2025""",0,2,0.00,10.0
https://9takes.com/personality-analysis/adin-ross,"""drake"" ""kick"" ""followers"" ""april 2025""",0,61,0.00,10.1
https://9takes.com/personality-analysis/adin-ross,adin ross iq,0,2,0.00,24.5
https://9takes.com/personality-analysis/adin-ross,adin ross lean,0,5,0.00,24.8
https://9takes.com/personality-analysis/adin-ross,adin ross mbti,0,30,0.00,6.3
https://9takes.com/personality-analysis/adin-ross,is adin ross a bad person,0,34,0.00,8.7
https://9takes.com/personality-analysis/adin-ross,is adin ross a good person,0,12,0.00,9.5
https://9takes.com/personality-analysis/adin-ross,is adin ross autistic,0,1,0.00,13.0
https://9takes.com/personality-analysis/adin-ross,isa adin ross girlfriend,0,1,0.00,3.0
https://9takes.com/personality-analysis/adin-ross,kadin ross sober,0,4,0.00,11.0
https://9takes.com/personality-analysis/adin-ross,ricegum mbti,0,1,0.00,11.0
https://9takes.com/personality-analysis/adin-ross,stacey gould adin ross,0,4,0.00,5.8
https://9takes.com/personality-analysis/adin-ross,why is adin ross popular,0,2,0.00,28.5
https://9takes.com/personality-analysis/adin-ross,why is adin ross so popular,0,2,0.00,21.5
https://9takes.com/personality-analysis/agatha-christie,agatha christie analysis,0,2,0.00,20.0
https://9takes.com/personality-analysis/agatha-christie,agatha christie dissociative fugue,0,1,0.00,27.0
https://9takes.com/personality-analysis/agatha-christie,agatha christie iq,0,1,0.00,11.0
https://9takes.com/personality-analysis/agatha-christie,agatha christie mbti,0,6,0.00,14.8
https://9takes.com/personality-analysis/agatha-christie,agatha christie memory loss,0,1,0.00,46.0
https://9takes.com/personality-analysis/agatha-christie,how does hercule poirot refer to his brain,0,3,0.00,33.3
https://9takes.com/personality-analysis/agatha-christie,inside the mind of agatha christie,0,2,0.00,11.5
https://9takes.com/personality-analysis/agatha-christie,site:9takes.com,0,4,0.00,78.8
https://9takes.com/personality-analysis/agatha-christie,why did agatha christie disappear,0,2,0.00,54.0
https://9takes.com/personality-analysis/agatha-christie#agatha-christies-childhood-seeds-of-a-mystery-writer,agatha christie mental health,0,7,0.00,9.0
https://9takes.com/personality-analysis/agatha-christie#agatha-christies-childhood-seeds-of-a-mystery-writer,agatha christie personality,0,27,0.00,6.1
https://9takes.com/personality-analysis/agatha-christie#agatha-christies-childhood-the-girl-who-taught-herself-to-read,agatha christie personality,0,18,0.00,8.2
https://9takes.com/personality-analysis/agatha-christie#agatha-christies-inner-demons-anxiety-depression-and-creative-genius,agatha christie mental health,0,9,0.00,8.9
https://9takes.com/personality-analysis/agatha-christie#agatha-christies-inner-demons-anxiety-depression-and-creative-genius,agatha christie personality,0,27,0.00,6.1
https://9takes.com/personality-analysis/agatha-christie#agatha-christies-second-life-the-archaeologists-eye,agatha christie mental health,0,7,0.00,9.0
https://9takes.com/personality-analysis/agatha-christie#agatha-christies-second-life-the-archaeologists-eye,agatha christie personality,0,53,0.00,5.7
https://9takes.com/personality-analysis/agatha-christie#how-agatha-christie-learned-to-kill-people-on-paper,agatha christie personality,0,10,0.00,9.2
https://9takes.com/personality-analysis/agatha-christie#how-did-agatha-christie-write-her-novels-the-secret-process-behind-66-detective-novels,agatha christie mental health,0,9,0.00,8.9
https://9takes.com/personality-analysis/agatha-christie#how-did-agatha-christie-write-her-novels-the-secret-process-behind-66-detective-novels,agatha christie personality,0,53,0.00,5.7
https://9takes.com/personality-analysis/agatha-christie#poirot-vs-marple-the-two-sides-of-christies-mind,agatha christie mental health,0,7,0.00,9.0
https://9takes.com/personality-analysis/agatha-christie#poirot-vs-marple-the-two-sides-of-christies-mind,agatha christie personality,0,27,0.00,6.1
https://9takes.com/personality-analysis/agatha-christie#what-is-agatha-christies-personality-type,agatha christie personality,0,18,0.00,8.2
https://9takes.com/personality-analysis/agatha-christie#why-agatha-christie-disappeared-for-11-days,agatha christie personality,0,18,0.00,8.2
https://9takes.com/personality-analysis/agatha-christie#why-did-agatha-christie-disappear-the-psychological-mystery-behind-her-famous-vanishing-act,agatha christie mental health,0,7,0.00,9.0
https://9takes.com/personality-analysis/agatha-christie#why-did-agatha-christie-disappear-the-psychological-mystery-behind-her-famous-vanishing-act,agatha christie personality,0,27,0.00,6.1
https://9takes.com/personality-analysis/albert-einstein,albert einstein enneagram,0,15,0.00,9.7
https://9takes.com/personality-analysis/albert-einstein,albert einstein enneagram type,0,3,0.00,10.3
https://9takes.com/personality-analysis/albert-einstein,albert einstein womanizer,0,1,0.00,33.0
https://9takes.com/personality-analysis/albert-einstein,"architect ""married in 1903"" ""three children"" ""divorced""",0,8,0.00,7.8
https://9takes.com/personality-analysis/albert-einstein,einstein enneagram,0,14,0.00,8.2
https://9takes.com/personality-analysis/albert-einstein,personality type of albert einstein,0,2,0.00,34.0
https://9takes.com/personality-analysis/albert-einstein,site:9takes.com,0,1,0.00,8.0
https://9takes.com/personality-analysis/alex-cooper,alex cooper birthday,0,1,0.00,43.0
https://9takes.com/personality-analysis/alex-cooper,alex cooper horoscope,0,1,0.00,27.0
https://9takes.com/personality-analysis/alex-cooper,alex cooper interview style,0,1,0.00,45.0
https://9takes.com/personality-analysis/alex-cooper,alex cooper personality,0,21,0.00,7.4
https://9takes.com/personality-analysis/alex-cooper,alex cooper weight,0,1,0.00,32.0
https://9takes.com/personality-analysis/alex-cooper,alex cooper why is she famous,0,1,0.00,48.0
https://9takes.com/personality-analysis/alex-cooper,alex cooper zodiac,0,3,0.00,31.7
https://9takes.com/personality-analysis/alex-cooper,alex cooper zodiac sign,0,4,0.00,36.0
https://9takes.com/personality-analysis/alex-cooper,personalidad,0,1,0.00,4.0
https://9takes.com/personality-analysis/alex-cooper,site:9takes.com,0,1,0.00,126.0
https://9takes.com/personality-analysis/alex-cooper,slim shady alex cooper,0,1,0.00,43.0
https://9takes.com/personality-analysis/alex-cooper,what is alex cooper famous for,0,2,0.00,52.5
https://9takes.com/personality-analysis/alex-cooper,what work has alex cooper had done,0,1,0.00,39.0
https://9takes.com/personality-analysis/alex-cooper,who is alex cooper's slim shady,0,1,0.00,38.0
https://9takes.com/personality-analysis/alex-cooper,who is door number 3 alex cooper,0,1,0.00,19.0
https://9takes.com/personality-analysis/alex-cooper,who is slim shady alex cooper,0,1,0.00,43.0
https://9takes.com/personality-analysis/alex-cooper,why do people like alex cooper,0,1,0.00,27.0
https://9takes.com/personality-analysis/alex-cooper,why is alex cooper famous,0,2,0.00,55.5
https://9takes.com/personality-analysis/alex-cooper,why is alex cooper so popular,0,3,0.00,50.7
https://9takes.com/personality-analysis/alex-cooper#from-an-apartment-to-a-war,alex cooper mbti,0,24,0.00,6.8
https://9takes.com/personality-analysis/alex-cooper#how-she-gets-them-to-talk,alex cooper mbti,0,13,0.00,7.5
https://9takes.com/personality-analysis/alex-cooper#the-girl-in-the-control-room,alex cooper mbti,0,24,0.00,6.8
https://9takes.com/personality-analysis/alex-cooper#what-is-alex-coopers-personality-type,alex cooper mbti,0,24,0.00,6.8
https://9takes.com/personality-analysis/alex-cooper#what-the-coach-wouldnt-say,alex cooper mbti,0,13,0.00,7.5
https://9takes.com/personality-analysis/alex-cooper#what-they-actually-get-from-her,alex cooper mbti,0,13,0.00,7.5
https://9takes.com/personality-analysis/alex-hormozi,alex hormozi,0,1,0.00,2.0
https://9takes.com/personality-analysis/alex-hormozi,alex hormozi gilman,0,40,0.00,8.7
https://9takes.com/personality-analysis/alex-hormozi,alex hormozi mbti type,0,6,0.00,3.3
https://9takes.com/personality-analysis/alex-hormozi,alex hormozi personality type,0,51,0.00,6.6
https://9takes.com/personality-analysis/alex-hormozi,first-generation iranian-american entrepreneur vanderbilt university gym fitness centers american pacific group,0,1,0.00,11.0
https://9takes.com/personality-analysis/alex-hormozi,leila hormozi mbti,0,4,0.00,11.3
https://9takes.com/personality-analysis/alex-hormozi,que personalidad tiene?,0,1,0.00,2.0
https://9takes.com/personality-analysis/alex-hormozi,site:9takes.com,0,1,0.00,54.0
https://9takes.com/personality-analysis/alex-hormozi#from-top-secret-clearance-to-sleeping-on-a-floor-mat,alex hormozi mbti,0,3,0.00,9.7
https://9takes.com/personality-analysis/alex-hormozi#inside-hormozis-mind-the-operating-system,alex hormozi mbti,0,8,0.00,9.4
https://9takes.com/personality-analysis/alex-hormozi#inside-hormozis-mind-the-operating-system,alex hormozi personality type,0,1,0.00,6.0
https://9takes.com/personality-analysis/alex-hormozi#the-body-as-brand-hormozis-physical-transformation,alex hormozi mbti,0,3,0.00,9.7
https://9takes.com/personality-analysis/alex-hormozi#the-frugality-paradox-rich-man-simple-lifestyle,alex hormozi mbti,0,3,0.00,9.7
https://9takes.com/personality-analysis/alex-hormozi#the-iranian-american-drive-how-his-father-shaped-everything,alex hormozi mbti,0,3,0.00,9.7
https://9takes.com/personality-analysis/alex-hormozi#the-tony-robbins-conversation-when-a-type-3-confronts-his-shadow,alex hormozi mbti,0,8,0.00,9.4
https://9takes.com/personality-analysis/alex-hormozi#the-tony-robbins-conversation-when-a-type-3-confronts-his-shadow,alex hormozi personality type,0,1,0.00,6.0
https://9takes.com/personality-analysis/alex-hormozi#what-is-alex-hormozis-personality-type,alex hormozi mbti,0,8,0.00,9.4
https://9takes.com/personality-analysis/alex-hormozi#what-is-alex-hormozis-personality-type,alex hormozi personality type,0,1,0.00,6.0
https://9takes.com/personality-analysis/alex-karp,"""leah jaynes karp""",0,1,0.00,48.0
https://9takes.com/personality-analysis/alex-karp,alex karp biracial,0,1,0.00,14.0
https://9takes.com/personality-analysis/alex-karp,alex karp bodyguards,0,1,0.00,8.0
https://9takes.com/personality-analysis/alex-karp,alex karp can't sit still,0,10,0.00,10.4
https://9takes.com/personality-analysis/alex-karp,alex karp childhood,0,1,0.00,11.0
https://9takes.com/personality-analysis/alex-karp,alex karp girlfriend,0,1,0.00,1.0
https://9takes.com/personality-analysis/alex-karp,alex karp half black,0,2,0.00,12.0
https://9takes.com/personality-analysis/alex-karp,alex karp iq score,0,1,0.00,1.0
https://9takes.com/personality-analysis/alex-karp,alex karp mbti,0,4,0.00,2.5
https://9takes.com/personality-analysis/alex-karp,alex karp personality,0,23,0.00,8.2
https://9takes.com/personality-analysis/alex-karp,alex karp wife and children,0,2,0.00,9.5
https://9takes.com/personality-analysis/alex-karp,alex karps,0,3,0.00,10.0
https://9takes.com/personality-analysis/alex-karp,alexander karp dark triad,0,40,0.00,7.5
https://9takes.com/personality-analysis/alex-karp,gerald jaynes alex karp,0,1,0.00,18.0
https://9takes.com/personality-analysis/alex-karp,i was too poor then i was too rich,0,2,0.00,11.0
https://9takes.com/personality-analysis/alex-karp,is alex karp half black,0,1,0.00,23.0
https://9takes.com/personality-analysis/alex-karp,leah jaynes karp,0,2,0.00,31.5
https://9takes.com/personality-analysis/alex-karp,leah jaynes karp wikipedia,0,3,0.00,19.0
https://9takes.com/personality-analysis/alex-karp,site:9takes.com,0,3,0.00,73.3
https://9takes.com/personality-analysis/alex-warren,alex warren,0,2,0.00,2.5
https://9takes.com/personality-analysis/alex-warren,alex warren mbti,0,6,0.00,9.3
https://9takes.com/personality-analysis/alex-warren,alex warren personality,0,2,0.00,11.0
https://9takes.com/personality-analysis/alex-warren,kouvr annon,0,1,0.00,3.0
https://9takes.com/personality-analysis/alex-warren,yaron.li,0,7,0.00,50.4
https://9takes.com/personality-analysis/alexandria-ocasio-cortez,aoc mbti,0,3,0.00,10.7
https://9takes.com/personality-analysis/alexandria-ocasio-cortez,sergio ocasio cause of death,0,1,0.00,21.0
https://9takes.com/personality-analysis/alexandria-ocasio-cortez,site:9takes.com,0,1,0.00,161.0
https://9takes.com/personality-analysis/alexandria-ocasio-cortez,what does alexandria ocasio cortez fight for,0,1,0.00,38.0
https://9takes.com/personality-analysis/alix-earle,alix earle mbti,0,2,0.00,10.0
https://9takes.com/personality-analysis/alysa-liu,"""pamela anderson"" ""announced her retirement"" athlete",0,1,0.00,10.0
https://9takes.com/personality-analysis/alysa-liu,alysa liu enneagram,0,2,0.00,4.5
https://9takes.com/personality-analysis/alysa-liu,alysa liu personality type,0,12,0.00,7.3
https://9takes.com/personality-analysis/alysa-liu,site:9takes.com,0,2,0.00,6.0
https://9takes.com/personality-analysis/amber-heard,amber heard mbti,0,25,0.00,15.4
https://9takes.com/personality-analysis/amber-heard,amber heard peak,0,1,0.00,8.0
https://9takes.com/personality-analysis/amber-heard,amber heard personality type,0,60,0.00,11.0
https://9takes.com/personality-analysis/amber-heard,how does amber heard support herself,0,1,0.00,8.0
https://9takes.com/personality-analysis/amber-heard,si,0,1,0.00,5.0
https://9takes.com/personality-analysis/amelia-dimoldenberg,amelia dimoldenberg mbti,0,3,0.00,11.0
https://9takes.com/personality-analysis/ana-de-armas,ana de armas personality,0,3,0.00,8.7
https://9takes.com/personality-analysis/ana-de-armas,ana de armas personality type,0,3,0.00,6.3
https://9takes.com/personality-analysis/andrew-callaghan,andrew callaghan acne,0,1,0.00,5.0
https://9takes.com/personality-analysis/andrew-callaghan,evan gilbert-katz allegations,0,1,0.00,15.0
https://9takes.com/personality-analysis/andrew-ross-sorkin,andrew sorkin podcast,0,1,0.00,9.0
https://9takes.com/personality-analysis/andrew-ross-sorkin,laurence t sorkin,0,1,0.00,11.0
https://9takes.com/personality-analysis/andrew-tate,andrew take,0,1,0.00,25.0
https://9takes.com/personality-analysis/andrew-tate,andrew tate enneagram type,0,1,0.00,7.0
https://9takes.com/personality-analysis/andrew-tate,andrew tate personality type,0,5,0.00,10.8
https://9takes.com/personality-analysis/andrew-tate,site:9takes.com,0,2,0.00,66.5
https://9takes.com/personality-analysis/andrew-tate,معاصرة,0,1,0.00,3.0
https://9takes.com/personality-analysis/anna-kendrick,anna kendrick joke,0,2,0.00,8.5
https://9takes.com/personality-analysis/anna-kendrick,anna kendrick mbti,0,1,0.00,14.0
https://9takes.com/personality-analysis/anna-kendrick,anna kendrick personality,0,84,0.00,9.3
https://9takes.com/personality-analysis/anna-kendrick,anna kendrick personality traits,0,1,0.00,6.0
https://9takes.com/personality-analysis/anna-kendrick,site:9takes.com,0,2,0.00,9.0
https://9takes.com/personality-analysis/anna-wintour,"""anna wintour"" (fuck or bitch or bastard or asshole or motherfucker or dickhead or pussy or scumbag or loser or clown or fraud or corrupt or scum or psycho or idiot or moron or garbage or trash or evil or criminal or creep or liar or pathetic or disgusting)",0,1,0.00,69.0
https://9takes.com/personality-analysis/anna-wintour,"""anna wintour"" -site:reddit.com -site:twitter.com -site:x.com -site:wykop.pl -site:tripadvisor.com -site:youtube.com -site:yelp.com -site:booking.com -site:facebook.com -site:instagram.com -site:tiktok.com",0,1,0.00,1.0
https://9takes.com/personality-analysis/anna-wintour,anna wintour 60s,0,2,0.00,11.0
https://9takes.com/personality-analysis/anna-wintour,anna wintour iq,0,1,0.00,2.0
https://9takes.com/personality-analysis/anna-wintour,anna wintour mbti type,0,1,0.00,12.0
https://9takes.com/personality-analysis/anna-wintour,anna wintour no bob,0,2,0.00,9.0
https://9takes.com/personality-analysis/anna-wintour,anna wintour personality,0,4,0.00,26.0
https://9takes.com/personality-analysis/anna-wintour,has anna wintour always had a bob,0,1,0.00,8.0
https://9takes.com/personality-analysis/anna-wintour,has anna wintour ever changed her hair,0,2,0.00,10.0
https://9takes.com/personality-analysis/anna-wintour,how long has anna wintour had a bob,0,5,0.00,8.8
https://9takes.com/personality-analysis/anna-wintour,is anna wintour hair real,0,2,0.00,38.0
https://9takes.com/personality-analysis/anna-wintour,is anna wintour wearing a wig,0,1,0.00,7.0
https://9takes.com/personality-analysis/anna-wintour,site:9takes.com,0,3,0.00,85.7
https://9takes.com/personality-analysis/anna-wintour,why does anna wintour never change her hair,0,2,0.00,7.0
https://9takes.com/personality-analysis/anna-wintour,why doesn't anna wintour change her hair,0,6,0.00,6.7
https://9takes.com/personality-analysis/anna-wintour,why has anna wintour never changed her hair,0,7,0.00,7.0
https://9takes.com/personality-analysis/anne-hathaway,anne hathaway body,0,2,0.00,51.0
https://9takes.com/personality-analysis/anne-hathaway,anne hathaway enneagram,0,1,0.00,1.0
https://9takes.com/personality-analysis/anne-hathaway,anne hathaway personality traits,0,1,0.00,10.0
https://9takes.com/personality-analysis/anne-hathaway,anne hathaway personality type,0,7,0.00,10.4
https://9takes.com/personality-analysis/anthony-bourdain,anthony bourdain mbti,0,3,0.00,6.0
https://9takes.com/personality-analysis/anthony-bourdain,anthony bourdain mbti type,0,3,0.00,6.3
https://9takes.com/personality-analysis/anthony-bourdain,anthony bourdain personality type,0,39,0.00,6.4
https://9takes.com/personality-analysis/anthony-bourdain,anthony bourdain suicide,0,1,0.00,4.0
https://9takes.com/personality-analysis/anthony-bourdain,asia argento hugo clément,0,1,0.00,1.0
https://9takes.com/personality-analysis/anthony-bourdain,site:9takes.com,0,2,0.00,89.5
https://9takes.com/personality-analysis/anya-taylor-joy,"""refused to speak english"" actor audition film",0,11,0.00,6.6
https://9takes.com/personality-analysis/anya-taylor-joy,altcineva,0,1,0.00,3.0
https://9takes.com/personality-analysis/anya-taylor-joy,anya taylor joy breakout role,0,1,0.00,48.0
https://9takes.com/personality-analysis/anya-taylor-joy,anya taylor joy condition,0,1,0.00,40.0
https://9takes.com/personality-analysis/anya-taylor-joy,anya taylor joy eyes closer,0,1,0.00,25.0
https://9takes.com/personality-analysis/anya-taylor-joy,anya taylor joy got,0,1,0.00,26.0
https://9takes.com/personality-analysis/anya-taylor-joy,anya taylor joy mbti,0,5,0.00,10.4
https://9takes.com/personality-analysis/anya-taylor-joy,anya taylor joy modelling,0,1,0.00,47.0
https://9takes.com/personality-analysis/anya-taylor-joy,anya taylor joy personality,0,6,0.00,12.3
https://9takes.com/personality-analysis/anya-taylor-joy,anya taylor joy personality type,0,50,0.00,9.2
https://9takes.com/personality-analysis/anya-taylor-joy,anya taylor joy profile,0,1,0.00,78.0
https://9takes.com/personality-analysis/anya-taylor-joy,anya taylor-joy mbti,0,7,0.00,11.9
https://9takes.com/personality-analysis/anya-taylor-joy,anya taylor-joy personality,0,12,0.00,9.4
https://9takes.com/personality-analysis/anya-taylor-joy,anya taylor-joy personality traits interviews,0,7,0.00,10.1
https://9takes.com/personality-analysis/anya-taylor-joy,anya taylor-joy profile,0,2,0.00,52.5
https://9takes.com/personality-analysis/anya-taylor-joy,anya taylor-joy syndrome,0,1,0.00,38.0
https://9takes.com/personality-analysis/anya-taylor-joy,is anya taylor joy a good actress,0,2,0.00,30.0
https://9takes.com/personality-analysis/anya-taylor-joy,waardenburg syndrome anya taylor joy,0,3,0.00,32.0
https://9takes.com/personality-analysis/anya-taylor-joy,why is anya taylor joy in everything,0,1,0.00,23.0
https://9takes.com/personality-analysis/anya-taylor-joy,アニャ・テイラー＝ジョイ,0,1,0.00,3.0
https://9takes.com/personality-analysis/ariana-grande,ambos,0,1,0.00,6.0
https://9takes.com/personality-analysis/ariana-grande,araina grande,0,1,0.00,8.0
https://9takes.com/personality-analysis/ariana-grande,ariana grande,0,7,0.00,5.1
https://9takes.com/personality-analysis/ariana-grande,ariana grande altezza,0,1,0.00,2.0
https://9takes.com/personality-analysis/ariana-grande,ariana grande as a person,0,1,0.00,16.0
https://9takes.com/personality-analysis/ariana-grande,ariana grande carattere,0,1,0.00,1.0
https://9takes.com/personality-analysis/ariana-grande,ariana grande character traits,0,10,0.00,13.5
https://9takes.com/personality-analysis/ariana-grande,ariana grande characteristics,0,1,0.00,24.0
https://9takes.com/personality-analysis/ariana-grande,ariana grande enneagram,0,25,0.00,8.4
https://9takes.com/personality-analysis/ariana-grande,ariana grande enneagram type,0,6,0.00,10.3
https://9takes.com/personality-analysis/ariana-grande,ariana grande identity,0,8,0.00,10.4
https://9takes.com/personality-analysis/ariana-grande,ariana grande is mean,0,1,0.00,3.0
https://9takes.com/personality-analysis/ariana-grande,ariana grande japan,0,1,0.00,3.0
https://9takes.com/personality-analysis/ariana-grande,ariana grande kind,0,1,0.00,15.0
https://9takes.com/personality-analysis/ariana-grande,ariana grande mbti,0,1,0.00,1.0
https://9takes.com/personality-analysis/ariana-grande,ariana grande new personality,0,4,0.00,11.0
https://9takes.com/personality-analysis/ariana-grande,ariana grande personalities,0,3,0.00,10.3
https://9takes.com/personality-analysis/ariana-grande,ariana grande personality,0,372,0.00,11.0
https://9takes.com/personality-analysis/ariana-grande,ariana grande personality change,0,24,0.00,11.8
https://9takes.com/personality-analysis/ariana-grande,ariana grande personality disorder,0,1,0.00,34.0
https://9takes.com/personality-analysis/ariana-grande,ariana grande personality traits,0,26,0.00,12.2
https://9takes.com/personality-analysis/ariana-grande,ariana grande personality traits 2025 2026,0,2,0.00,3.0
https://9takes.com/personality-analysis/ariana-grande,ariana grande personality traits interviews,0,7,0.00,9.6
https://9takes.com/personality-analysis/ariana-grande,ariana grande personality traits real life,0,6,0.00,10.0
https://9takes.com/personality-analysis/ariana-grande,ariana grande personality type,0,18,0.00,13.7
https://9takes.com/personality-analysis/ariana-grande,ariana grande psychology,0,28,0.00,8.4
https://9takes.com/personality-analysis/ariana-grande,ariana grande psychology reddit,0,1,0.00,37.0
https://9takes.com/personality-analysis/ariana-grande,ariana grande real personality,0,1,0.00,10.0
https://9takes.com/personality-analysis/ariana-grande,ariana grande traits,0,1,0.00,25.0
https://9takes.com/personality-analysis/ariana-grande,ariana grande type,0,8,0.00,10.8
https://9takes.com/personality-analysis/ariana-grande,ariana grande's personality,0,15,0.00,10.7
https://9takes.com/personality-analysis/ariana-grande,ariana grande?,0,1,0.00,2.0
https://9takes.com/personality-analysis/ariana-grande,ariana personality,0,5,0.00,9.8
https://9takes.com/personality-analysis/ariana-grande,asmara,0,1,0.00,11.0
https://9takes.com/personality-analysis/ariana-grande,how to be like ariana grande,0,3,0.00,38.3
https://9takes.com/personality-analysis/ariana-grande,is ariana grande a nice person,0,1,0.00,3.0
https://9takes.com/personality-analysis/ariana-grande,is ariana grande a nice person in real life,0,1,0.00,3.0
https://9takes.com/personality-analysis/ariana-grande,is ariana grande an extrovert,0,1,0.00,18.0
https://9takes.com/personality-analysis/ariana-grande,is ariana grande an introvert or extrovert,0,1,0.00,19.0
https://9takes.com/personality-analysis/ariana-grande,is ariana grande intelligent,0,2,0.00,5.0
https://9takes.com/personality-analysis/ariana-grande,is ariana grande mean,0,3,0.00,3.3
https://9takes.com/personality-analysis/ariana-grande,ist sie nett?,0,1,0.00,12.0
https://9takes.com/personality-analysis/ariana-grande,kalau ariana grande,0,1,0.00,6.0
https://9takes.com/personality-analysis/ariana-grande,site:9takes.com,0,3,0.00,57.3
https://9takes.com/personality-analysis/ariana-grande,what is ariana grande's personality,0,14,0.00,11.6
https://9takes.com/personality-analysis/ariana-grande,what is ariana grande's personality type,0,10,0.00,9.1
https://9takes.com/personality-analysis/ariana-grande,what kind of person is ariana grande,0,8,0.00,11.0
https://9takes.com/personality-analysis/ariana-grande,what personality type is ariana grande,0,7,0.00,9.6
https://9takes.com/personality-analysis/ariana-grande,why is ariana grande,0,1,0.00,34.0
https://9takes.com/personality-analysis/ariana-grande,why is ariana grande important,0,1,0.00,43.0
https://9takes.com/personality-analysis/ariana-grande,アリアナ 性格,0,1,0.00,1.0
https://9takes.com/personality-analysis/ariana-grande,ヤンキー？,0,1,0.00,2.0
https://9takes.com/personality-analysis/ariana-grande,性格,0,1,0.00,2.0
https://9takes.com/personality-analysis/ariana-grande,인성,0,1,0.00,8.0
https://9takes.com/personality-analysis/ariana-grande#from-florida-to-broadway-to-the-oscars,ariana grande personality change,0,8,0.00,9.4
https://9takes.com/personality-analysis/ariana-grande#from-florida-to-broadway-to-the-oscars,ariana grande psychology,0,13,0.00,8.4
https://9takes.com/personality-analysis/ariana-grande#music-as-evidence,ariana grande personality change,0,8,0.00,9.4
https://9takes.com/personality-analysis/ariana-grande#music-as-evidence,ariana grande psychology,0,13,0.00,8.4
https://9takes.com/personality-analysis/ariana-grande#the-four-octave-range-mastery-as-identity,ariana grande personality change,0,5,0.00,9.2
https://9takes.com/personality-analysis/ariana-grande#the-four-octave-range-mastery-as-identity,ariana grande psychology,0,22,0.00,7.9
https://9takes.com/personality-analysis/ariana-grande#what-is-ariana-grandes-personality-type,ariana grande personality change,0,8,0.00,9.4
https://9takes.com/personality-analysis/ariana-grande#what-is-ariana-grandes-personality-type,ariana grande psychology,0,22,0.00,7.9
https://9takes.com/personality-analysis/ariana-grande#when-the-scoreboard-doesnt-cooperate,ariana grande personality change,0,5,0.00,9.2
https://9takes.com/personality-analysis/ariana-grande#when-the-scoreboard-doesnt-cooperate,ariana grande psychology,0,13,0.00,8.4
https://9takes.com/personality-analysis/ariana-grande#why-not-type-2-or-type-4,ariana grande personality change,0,5,0.00,9.2
https://9takes.com/personality-analysis/ariana-grande#why-not-type-2-or-type-4,ariana grande psychology,0,22,0.00,7.9
https://9takes.com/personality-analysis/arnold-schwarzenegger,arnold schwartzen,0,1,0.00,7.0
https://9takes.com/personality-analysis/arnold-schwarzenegger,arnold schwarzenegger mbti,0,1,0.00,11.0
https://9takes.com/personality-analysis/arnold-schwarzenegger,arnold schwarzenegger personality,0,66,0.00,10.3
https://9takes.com/personality-analysis/arnold-schwarzenegger,arnold schwarzenegger personality type,0,61,0.00,10.4
https://9takes.com/personality-analysis/arnold-schwarzenegger,enneagram types,0,1,0.00,3.0
https://9takes.com/personality-analysis/arnold-schwarzenegger,is arnold schwarzenegger a good person,0,6,0.00,20.3
https://9takes.com/personality-analysis/arnold-schwarzenegger,is arnold schwarzenegger a narcissist,0,1,0.00,19.0
https://9takes.com/personality-analysis/arnold-schwarzenegger,site:9takes.com,0,1,0.00,41.0
https://9takes.com/personality-analysis/ashby,ashby florance,0,1,0.00,10.0
https://9takes.com/personality-analysis/ashby,ashby florence boyfriend,0,35,0.00,10.5
https://9takes.com/personality-analysis/ashby,ashby florence flash,0,1,0.00,19.0
https://9takes.com/personality-analysis/ashby,ashby florence handstand,0,14,0.00,12.8
https://9takes.com/personality-analysis/ashby,ashby florence high school,0,1,0.00,8.0
https://9takes.com/personality-analysis/ashby,ashby florence hot,0,1,0.00,14.0
https://9takes.com/personality-analysis/ashby,ashby florence merch,0,1,0.00,10.0
https://9takes.com/personality-analysis/ashby,ashby florence movie,0,5,0.00,10.2
https://9takes.com/personality-analysis/ashby,ashby florence real name,0,11,0.00,10.9
https://9takes.com/personality-analysis/ashby,ashby person,0,8,0.00,11.6
https://9takes.com/personality-analysis/ashby,ashby real name,0,6,0.00,11.8
https://9takes.com/personality-analysis/ashby,ashbyflorence,0,3,0.00,10.7
https://9takes.com/personality-analysis/ashby,how tall is ashby florence,0,6,0.00,10.3
https://9takes.com/personality-analysis/ashby,site:9takes.com,0,1,0.00,26.0
https://9takes.com/personality-analysis/ashby,what is ashby's real name,0,3,0.00,10.3
https://9takes.com/personality-analysis/ashby,where in va,0,1,0.00,7.0
https://9takes.com/personality-analysis/ashby,where is ashby florence from,0,5,0.00,9.6
https://9takes.com/personality-analysis/ashby,where is ashby from,0,1,0.00,1.0
https://9takes.com/personality-analysis/ashby,who is ashby florence,0,8,0.00,10.8
https://9takes.com/personality-analysis/asmongold,"""zack hoyt""",0,1,0.00,21.0
https://9takes.com/personality-analysis/asmongold,asmongold 2017,0,1,0.00,33.0
https://9takes.com/personality-analysis/asmongold,asmongold age,0,1,0.00,10.0
https://9takes.com/personality-analysis/asmongold,asmongold animorph,0,3,0.00,9.3
https://9takes.com/personality-analysis/asmongold,asmongold animorphs,0,1,0.00,14.0
https://9takes.com/personality-analysis/asmongold,asmongold body,0,1,0.00,11.0
https://9takes.com/personality-analysis/asmongold,asmongold childhood,0,46,0.00,8.2
https://9takes.com/personality-analysis/asmongold,asmongold depression,0,1,0.00,11.0
https://9takes.com/personality-analysis/asmongold,asmongold education,0,1,0.00,21.0
https://9takes.com/personality-analysis/asmongold,asmongold jacked,0,1,0.00,10.0
https://9takes.com/personality-analysis/asmongold,asmongold legs,0,1,0.00,10.0
https://9takes.com/personality-analysis/asmongold,asmongold life expectancy,0,1,0.00,10.0
https://9takes.com/personality-analysis/asmongold,asmongold mbti type,0,11,0.00,9.3
https://9takes.com/personality-analysis/asmongold,asmongold mental health,0,1,0.00,29.0
https://9takes.com/personality-analysis/asmongold,asmongold mental illness,0,1,0.00,28.0
https://9takes.com/personality-analysis/asmongold,asmongold personality traits,0,11,0.00,9.1
https://9takes.com/personality-analysis/asmongold,asmongold personality type,0,26,0.00,8.2
https://9takes.com/personality-analysis/asmongold,asmongold physique,0,20,0.00,9.8
https://9takes.com/personality-analysis/asmongold,asmongold political leaning,0,2,0.00,30.0
https://9takes.com/personality-analysis/asmongold,asmongold tourettes,0,1,0.00,20.0
https://9takes.com/personality-analysis/asmongold,asmongold weight,0,1,0.00,27.0
https://9takes.com/personality-analysis/asmongold,asmongold wiek,0,1,0.00,12.0
https://9takes.com/personality-analysis/asmongold,asmongold wojak,0,1,0.00,11.0
https://9takes.com/personality-analysis/asmongold,dexerto most watched twitch streamers 2023 sullygnome,0,1,0.00,19.0
https://9takes.com/personality-analysis/asmongold,does asmongold have adhd,0,1,0.00,15.0
https://9takes.com/personality-analysis/asmongold,does asmongold have diabetes,0,1,0.00,24.0
https://9takes.com/personality-analysis/asmongold,enneagram,0,1,0.00,5.0
https://9takes.com/personality-analysis/asmongold,how is asmongold still alive,0,1,0.00,25.0
https://9takes.com/personality-analysis/asmongold,is asmongold a character,0,1,0.00,18.0
https://9takes.com/personality-analysis/asmongold,is asmongold a psychopath,0,1,0.00,15.0
https://9takes.com/personality-analysis/asmongold,is asmongold autistic,0,2,0.00,22.5
https://9takes.com/personality-analysis/asmongold,is asmongold mentally ill,0,2,0.00,22.0
https://9takes.com/personality-analysis/asmongold,site:9takes.com,0,4,0.00,19.3
https://9takes.com/personality-analysis/asmongold,why does asmongold live like that,0,1,0.00,3.0
https://9takes.com/personality-analysis/asmongold,"zachariah ""zack"" hoyt",0,3,0.00,16.3
https://9takes.com/personality-analysis/asmongold,zack hoyt age,0,2,0.00,9.0
https://9takes.com/personality-analysis/aubrey-plaza,amber plaza,0,2,0.00,93.5
https://9takes.com/personality-analysis/aubrey-plaza,aubrey plaza,0,12,0.00,3.6
https://9takes.com/personality-analysis/aubrey-plaza,aubrey plaza adhd,0,7,0.00,3.9
https://9takes.com/personality-analysis/aubrey-plaza,aubrey plaza autism,0,3,0.00,22.0
https://9takes.com/personality-analysis/aubrey-plaza,aubrey plaza body type,0,3,0.00,4.0
https://9takes.com/personality-analysis/aubrey-plaza,aubrey plaza deadpan,0,2,0.00,31.5
https://9takes.com/personality-analysis/aubrey-plaza,aubrey plaza depression,0,1,0.00,3.0
https://9takes.com/personality-analysis/aubrey-plaza,aubrey plaza husband,0,1,0.00,3.0
https://9takes.com/personality-analysis/aubrey-plaza,aubrey plaza iq,0,3,0.00,12.3
https://9takes.com/personality-analysis/aubrey-plaza,aubrey plaza mbti,0,22,0.00,16.5
https://9takes.com/personality-analysis/aubrey-plaza,aubrey plaza mbti enneagram,0,2,0.00,9.5
https://9takes.com/personality-analysis/aubrey-plaza,aubrey plaza mbti type,0,1,0.00,11.0
https://9takes.com/personality-analysis/aubrey-plaza,aubrey plaza movies,0,1,0.00,2.0
https://9takes.com/personality-analysis/aubrey-plaza,aubrey plaza neurodivergent,0,4,0.00,14.3
https://9takes.com/personality-analysis/aubrey-plaza,aubrey plaza smoker,0,1,0.00,1.0
https://9takes.com/personality-analysis/aubrey-plaza,aubrey plaza social anxiety,0,4,0.00,6.0
https://9takes.com/personality-analysis/aubrey-plaza,aubrey plaza sucks,0,1,0.00,8.0
https://9takes.com/personality-analysis/aubrey-plaza,christopher abbott,0,2,0.00,3.5
https://9takes.com/personality-analysis/aubrey-plaza,how old is aubrey plaza,0,1,0.00,2.0
https://9takes.com/personality-analysis/aubrey-plaza,how tall is aubrey plaza,0,1,0.00,3.0
https://9takes.com/personality-analysis/aubrey-plaza,is aubrey plaza a good person,0,1,0.00,7.0
https://9takes.com/personality-analysis/aubrey-plaza,is aubrey plaza a nice person,0,8,0.00,7.8
https://9takes.com/personality-analysis/aubrey-plaza,is aubrey plaza autistic,0,2,0.00,14.5
https://9takes.com/personality-analysis/aubrey-plaza,is aubrey plaza pregnant,0,1,0.00,3.0
https://9takes.com/personality-analysis/aubrey-plaza,jeff baena,0,2,0.00,3.0
https://9takes.com/personality-analysis/aubrey-plaza,site:9takes.com,0,2,0.00,90.5
https://9takes.com/personality-analysis/aubrey-plaza,what about aubrey plaza,0,1,0.00,1.0
https://9takes.com/personality-analysis/aubrey-plaza,why did jeff baena commit suicide,0,1,0.00,3.0
https://9takes.com/personality-analysis/aubrey-plaza,why is aubrey plaza like that,0,3,0.00,9.3
https://9takes.com/personality-analysis/aubrey-plaza,why is aubrey plaza so weird,0,6,0.00,10.8
https://9takes.com/personality-analysis/aubrey-plaza,yes,0,1,0.00,34.0
https://9takes.com/personality-analysis/aubrey-plaza#building-ground-underfoot-from-survival-mode-to-control,aubrey plaza personality type,0,4,0.00,11.3
https://9takes.com/personality-analysis/aubrey-plaza#i-forgot-how-to-talk-the-stroke-that-changed-everything,aubrey plaza personality type,0,4,0.00,11.3
https://9takes.com/personality-analysis/aubrey-plaza#seven-seasons-of-found-family-parks-and-recreation,aubrey plaza mbti enneagram,0,2,0.00,9.5
https://9takes.com/personality-analysis/aubrey-plaza#seven-seasons-of-found-family-parks-and-recreation,aubrey plaza personality type,0,4,0.00,11.3
https://9takes.com/personality-analysis/aubrey-plaza#the-best-time-of-my-life-ucb-and-the-underground,aubrey plaza personality type,0,4,0.00,11.3
https://9takes.com/personality-analysis/aubrey-plaza#the-shy-girl-from-delaware-who-watched-her-parents-build-from-nothing,aubrey plaza mbti enneagram,0,2,0.00,9.5
https://9takes.com/personality-analysis/aubrey-plaza#the-shy-girl-from-delaware-who-watched-her-parents-build-from-nothing,aubrey plaza personality type,0,4,0.00,11.3
https://9takes.com/personality-analysis/aubrey-plaza#weaponized-awkwardness-how-discomfort-became-a-tool,aubrey plaza personality type,0,4,0.00,11.3
https://9takes.com/personality-analysis/austin-butler,austin butler personality,0,8,0.00,9.6
https://9takes.com/personality-analysis/austin-butler,austin butler personality type,0,5,0.00,7.0
https://9takes.com/personality-analysis/austin-butler,site:9takes.com,0,2,0.00,7.0
https://9takes.com/personality-analysis/barack-obama,"""a promised land"" ""community organizer"" ""right decision""",0,31,0.00,8.1
https://9takes.com/personality-analysis/barack-obama,"""a promised land"" ""community organizer"" ""right decision"" obama",0,19,0.00,7.3
https://9takes.com/personality-analysis/barack-obama,barack obama enneagram,0,4,0.00,16.8
https://9takes.com/personality-analysis/barack-obama,barack obama enneagram type,0,2,0.00,14.5
https://9takes.com/personality-analysis/barack-obama,obama enneagram,0,5,0.00,16.0
https://9takes.com/personality-analysis/barack-obama,site:9takes.com,0,2,0.00,150.0
https://9takes.com/personality-analysis/barack-obama,what enneagram is obama,0,15,0.00,9.7
https://9takes.com/personality-analysis/bella-hadid,bella hadid mbti,0,12,0.00,2.0
https://9takes.com/personality-analysis/bella-hadid,bella hadid personality,0,4,0.00,7.0
https://9takes.com/personality-analysis/bella-hadid,bella hadid personality traits interviews,0,2,0.00,18.5
https://9takes.com/personality-analysis/bella-hadid,bella hadid personality type,0,7,0.00,10.9
https://9takes.com/personality-analysis/bella-hadid,bella hadid side profile,0,3,0.00,52.7
https://9takes.com/personality-analysis/bella-poarch,kenneth taylor bella poarch,0,4,0.00,9.0
https://9takes.com/personality-analysis/ben-horowitz,ben horowitz,0,1,0.00,2.0
https://9takes.com/personality-analysis/ben-horowitz,elissa krauthamer,0,2,0.00,12.5
https://9takes.com/personality-analysis/ben-horowitz,how do ben horowitz and ray dalio differ on leadership under pressure?,0,5,0.00,10.2
https://9takes.com/personality-analysis/ben-horowitz,"how does ""no one is coming"" compare to the hard thing about hard things by ben horowitz?",0,9,0.00,7.1
https://9takes.com/personality-analysis/ben-horowitz,john ternus political affiliation,0,1,0.00,65.0
https://9takes.com/personality-analysis/ben-horowitz,site:9takes.com,0,2,0.00,8.0
https://9takes.com/personality-analysis/benny-blanco,"""at 21"" ""own house"" ""studio"" musician",0,1,0.00,11.0
https://9takes.com/personality-analysis/benny-blanco,benny blanco mbti,0,2,0.00,10.0
https://9takes.com/personality-analysis/benny-blanco,benny blanco ocd,0,1,0.00,16.0
https://9takes.com/personality-analysis/benny-blanco,benny blanco personality,0,2,0.00,8.0
https://9takes.com/personality-analysis/benson-boone,benson boon,0,1,0.00,4.0
https://9takes.com/personality-analysis/benson-boone,benson boone,0,4,0.00,3.0
https://9takes.com/personality-analysis/benson-boone,benson boone alcohol,0,8,0.00,11.1
https://9takes.com/personality-analysis/benson-boone,benson boone character traits,0,11,0.00,9.5
https://9takes.com/personality-analysis/benson-boone,benson boone en couple,0,1,0.00,3.0
https://9takes.com/personality-analysis/benson-boone,benson boone ghost town,0,1,0.00,2.0
https://9takes.com/personality-analysis/benson-boone,benson boone mbti,0,10,0.00,2.8
https://9takes.com/personality-analysis/benson-boone,benson boone personality,0,107,0.00,8.9
https://9takes.com/personality-analysis/benson-boone,benson boone sober,0,39,0.00,9.4
https://9takes.com/personality-analysis/benson-boone,benson boone studied architecture,0,1,0.00,11.0
https://9takes.com/personality-analysis/benson-boone,benson boone taille,0,2,0.00,2.0
https://9takes.com/personality-analysis/benson-boone,does benson boone do drugs,0,61,0.00,7.8
https://9takes.com/personality-analysis/benson-boone,does benson boone drink,0,3,0.00,19.0
https://9takes.com/personality-analysis/benson-boone,does benson boone drink alcohol,0,37,0.00,11.9
https://9takes.com/personality-analysis/benson-boone,does benson boone drink or smoke,0,1,0.00,12.0
https://9takes.com/personality-analysis/benson-boone,does benson boone have schizophrenia,0,6,0.00,9.3
https://9takes.com/personality-analysis/benson-boone,does benson boone smoke,0,1,0.00,17.0
https://9takes.com/personality-analysis/benson-boone,fun facts about benson boone,0,1,0.00,60.0
https://9takes.com/personality-analysis/benson-boone,is benson boone a good person,0,4,0.00,28.3
https://9takes.com/personality-analysis/benson-boone,is benson boone from utah,0,2,0.00,2.0
https://9takes.com/personality-analysis/benson-boone,is benson boone sober,0,50,0.00,9.4
https://9takes.com/personality-analysis/benson-boone,is mr electric blue about drugs,0,17,0.00,4.8
https://9takes.com/personality-analysis/benson-boone,kerry and nate boone,0,3,0.00,76.0
https://9takes.com/personality-analysis/benson-boone,letras de benson boone beautiful things,0,1,0.00,3.0
https://9takes.com/personality-analysis/benson-boone,maggie thurmon religion,0,3,0.00,45.7
https://9takes.com/personality-analysis/benson-boone,nights like these benson boone meaning,0,1,0.00,49.0
https://9takes.com/personality-analysis/benson-boone,site:9takes.com,0,3,0.00,88.7
https://9takes.com/personality-analysis/benson-boone,the time of my life benson boone wiki,0,1,0.00,9.0
https://9takes.com/personality-analysis/benson-boone,was he an alcoholic,0,1,0.00,5.0
https://9takes.com/personality-analysis/benson-boone,what other two,0,1,0.00,3.0
https://9takes.com/personality-analysis/benson-boone,why do people like benson boone,0,2,0.00,29.5
https://9takes.com/personality-analysis/benson-boone,why is benson boone famous,0,1,0.00,75.0
https://9takes.com/personality-analysis/benson-boone,why is benson boone popular,0,3,0.00,63.7
https://9takes.com/personality-analysis/benson-boone,why is benson boone so hot,0,1,0.00,26.0
https://9takes.com/personality-analysis/benson-boone,why is benson boone so popular,0,1,0.00,61.0
https://9takes.com/personality-analysis/benson-boone#benson-boones-personality-quirks-and-habits,benson boone alcohol,0,4,0.00,10.5
https://9takes.com/personality-analysis/benson-boone#benson-boones-personality-quirks-and-habits,benson boone mental health,0,2,0.00,8.0
https://9takes.com/personality-analysis/benson-boone#benson-boones-personality-quirks-and-habits,benson boone personality type,0,5,0.00,4.4
https://9takes.com/personality-analysis/benson-boone#benson-boones-personality-quirks-and-habits,benson boone sober,0,27,0.00,9.1
https://9takes.com/personality-analysis/benson-boone#benson-boones-personality-quirks-and-habits,does benson boone do drugs,0,47,0.00,7.7
https://9takes.com/personality-analysis/benson-boone#benson-boones-personality-quirks-and-habits,does benson boone drink alcohol,0,7,0.00,11.9
https://9takes.com/personality-analysis/benson-boone#benson-boones-personality-quirks-and-habits,does benson boone drink or smoke,0,1,0.00,12.0
https://9takes.com/personality-analysis/benson-boone#benson-boones-personality-quirks-and-habits,is benson boone sober,0,39,0.00,9.4
https://9takes.com/personality-analysis/benson-boone#benson-boones-upbringing,benson boone alcohol,0,4,0.00,10.5
https://9takes.com/personality-analysis/benson-boone#benson-boones-upbringing,benson boone mental health,0,2,0.00,8.0
https://9takes.com/personality-analysis/benson-boone#benson-boones-upbringing,benson boone personality type,0,3,0.00,4.0
https://9takes.com/personality-analysis/benson-boone#benson-boones-upbringing,benson boone sober,0,27,0.00,9.1
https://9takes.com/personality-analysis/benson-boone#benson-boones-upbringing,does benson boone do drugs,0,47,0.00,7.7
https://9takes.com/personality-analysis/benson-boone#benson-boones-upbringing,does benson boone drink alcohol,0,7,0.00,11.9
https://9takes.com/personality-analysis/benson-boone#benson-boones-upbringing,does benson boone drink or smoke,0,1,0.00,12.0
https://9takes.com/personality-analysis/benson-boone#benson-boones-upbringing,is benson boone sober,0,39,0.00,9.4
https://9takes.com/personality-analysis/benson-boone#rise-to-fame,benson boone alcohol,0,4,0.00,10.5
https://9takes.com/personality-analysis/benson-boone#rise-to-fame,benson boone mental health,0,2,0.00,8.0
https://9takes.com/personality-analysis/benson-boone#rise-to-fame,benson boone personality type,0,5,0.00,4.4
https://9takes.com/personality-analysis/benson-boone#rise-to-fame,benson boone sober,0,27,0.00,9.1
https://9takes.com/personality-analysis/benson-boone#rise-to-fame,does benson boone do drugs,0,47,0.00,7.7
https://9takes.com/personality-analysis/benson-boone#rise-to-fame,does benson boone drink alcohol,0,7,0.00,11.9
https://9takes.com/personality-analysis/benson-boone#rise-to-fame,does benson boone drink or smoke,0,1,0.00,12.0
https://9takes.com/personality-analysis/benson-boone#rise-to-fame,is benson boone sober,0,39,0.00,9.4
https://9takes.com/personality-analysis/benson-boone#what-is-benson-boones-personality-type,benson boone alcohol,0,3,0.00,10.3
https://9takes.com/personality-analysis/benson-boone#what-is-benson-boones-personality-type,benson boone mental health,0,2,0.00,8.0
https://9takes.com/personality-analysis/benson-boone#what-is-benson-boones-personality-type,benson boone personality type,0,5,0.00,4.4
https://9takes.com/personality-analysis/benson-boone#what-is-benson-boones-personality-type,benson boone sober,0,24,0.00,9.0
https://9takes.com/personality-analysis/benson-boone#what-is-benson-boones-personality-type,does benson boone do drugs,0,42,0.00,7.6
https://9takes.com/personality-analysis/benson-boone#what-is-benson-boones-personality-type,does benson boone drink alcohol,0,7,0.00,11.9
https://9takes.com/personality-analysis/benson-boone#what-is-benson-boones-personality-type,does benson boone drink or smoke,0,1,0.00,12.0
https://9takes.com/personality-analysis/benson-boone#what-is-benson-boones-personality-type,is benson boone sober,0,37,0.00,9.4
https://9takes.com/personality-analysis/bernard-arnault,"""wolf in cashmere"" bernard arnault nickname",0,2,0.00,11.0
https://9takes.com/personality-analysis/bernard-arnault,bernard arnault and maria pope,0,1,0.00,8.0
https://9takes.com/personality-analysis/bernard-arnault,bernard arnault and tony robbins,0,22,0.00,8.9
https://9takes.com/personality-analysis/bernard-arnault,bernard arnault current wife,0,1,0.00,11.0
https://9takes.com/personality-analysis/bernard-arnault,bernard arnault leadership style,0,1,0.00,33.0
https://9takes.com/personality-analysis/bernard-arnault,bernard arnault mbti,0,4,0.00,7.3
https://9takes.com/personality-analysis/bernard-arnault,bernard arnault personality,0,14,0.00,4.8
https://9takes.com/personality-analysis/bernard-arnault,bernard arnault young,0,2,0.00,12.5
https://9takes.com/personality-analysis/bernard-arnault,echecs bernard arnault,0,2,0.00,5.5
https://9takes.com/personality-analysis/bernard-arnault,jean arnault height,0,1,0.00,29.0
https://9takes.com/personality-analysis/bernard-arnault,maria pope and bernard arnault,0,1,0.00,9.0
https://9takes.com/personality-analysis/bernard-arnault,patrick-arnault-creation.com,0,2,0.00,34.0
https://9takes.com/personality-analysis/bernard-arnault,tony robbins and bernard arnault,0,20,0.00,9.3
https://9takes.com/personality-analysis/bernard-arnault#a-childhood-between-an-engineer-and-a-pianist,bernard arnault personality,0,9,0.00,4.9
https://9takes.com/personality-analysis/bernard-arnault#a-childhood-between-an-engineer-and-a-pianist,is bernard arnault catholic,0,4,0.00,5.3
https://9takes.com/personality-analysis/bernard-arnault#how-bernard-arnault-bought-dior-for-one-franc,bernard arnault personality,0,9,0.00,4.9
https://9takes.com/personality-analysis/bernard-arnault#how-bernard-arnault-bought-dior-for-one-franc,is bernard arnault catholic,0,4,0.00,5.3
https://9takes.com/personality-analysis/bernard-arnault#the-1989-takeover-that-ended-a-friendship,bernard arnault personality,0,9,0.00,4.9
https://9takes.com/personality-analysis/bernard-arnault#the-1989-takeover-that-ended-a-friendship,is bernard arnault catholic,0,4,0.00,5.3
https://9takes.com/personality-analysis/bernard-arnault#the-saturday-morning-pope-of-fashion,bernard arnault personality,0,9,0.00,4.9
https://9takes.com/personality-analysis/bernard-arnault#the-saturday-morning-pope-of-fashion,is bernard arnault catholic,0,4,0.00,5.3
https://9takes.com/personality-analysis/bernard-arnault#what-is-bernard-arnaults-personality-type,bernard arnault personality,0,14,0.00,4.9
https://9takes.com/personality-analysis/bernard-arnault#what-is-bernard-arnaults-personality-type,is bernard arnault catholic,0,6,0.00,5.5
https://9takes.com/personality-analysis/bernard-arnault#why-bernard-arnault-wanted-herms,bernard arnault personality,0,14,0.00,4.9
https://9takes.com/personality-analysis/bernard-arnault#why-bernard-arnault-wanted-herms,is bernard arnault catholic,0,6,0.00,5.5
https://9takes.com/personality-analysis/bernie-sanders,bernie sanders political compass,0,2,0.00,79.0
https://9takes.com/personality-analysis/bernie-sanders,site:9takes.com,0,2,0.00,51.5
https://9takes.com/personality-analysis/beyonce-knowles,beyonce character,0,2,0.00,20.5
https://9takes.com/personality-analysis/beyonce-knowles,beyonce character traits,0,2,0.00,20.5
https://9takes.com/personality-analysis/beyonce-knowles,beyonce characteristics,0,5,0.00,16.8
https://9takes.com/personality-analysis/beyonce-knowles,beyonce enneagram,0,25,0.00,7.7
https://9takes.com/personality-analysis/beyonce-knowles,beyonce human design,0,5,0.00,27.2
https://9takes.com/personality-analysis/beyonce-knowles,beyonce knows,0,1,0.00,69.0
https://9takes.com/personality-analysis/beyonce-knowles,beyonce narcissist,0,1,0.00,20.0
https://9takes.com/personality-analysis/beyonce-knowles,beyonce personality traits,0,6,0.00,15.7
https://9takes.com/personality-analysis/beyonce-knowles,beyonce personality type,0,13,0.00,11.2
https://9takes.com/personality-analysis/beyonce-knowles,beyoncé personality,0,15,0.00,9.5
https://9takes.com/personality-analysis/beyonce-knowles,beyoncé personality traits,0,5,0.00,10.4
https://9takes.com/personality-analysis/beyonce-knowles,beyoncé personality traits and public persona,0,2,0.00,10.0
https://9takes.com/personality-analysis/beyonce-knowles,beyoncé personality type,0,2,0.00,12.5
https://9takes.com/personality-analysis/beyonce-knowles,is beyonce an introvert,0,1,0.00,12.0
https://9takes.com/personality-analysis/beyonce-knowles,is beyonce kind,0,1,0.00,9.0
https://9takes.com/personality-analysis/beyonce-knowles,is beyonce shy,0,1,0.00,16.0
https://9takes.com/personality-analysis/beyonce-knowles,is beyonce shy in real life,0,2,0.00,9.5
https://9takes.com/personality-analysis/beyonce-knowles,personalities,0,1,0.00,7.0
https://9takes.com/personality-analysis/beyonce-knowles,site:9takes.com,0,3,0.00,87.7
https://9takes.com/personality-analysis/beyonce-knowles,what is beyonce's personality,0,7,0.00,10.4
https://9takes.com/personality-analysis/beyonce-knowles,what personality type is beyonce,0,2,0.00,11.5
https://9takes.com/personality-analysis/beyonce-knowles,y de cantante,0,1,0.00,1.0
https://9takes.com/personality-analysis/beyonce-knowles,ビヨンセ 性格,0,1,0.00,46.0
https://9takes.com/personality-analysis/beyonce-knowles#the-cuts-that-made-destinys-child,beyonce enneagram,0,13,0.00,7.5
https://9takes.com/personality-analysis/beyonce-knowles#the-girl-in-the-salon,beyonce enneagram,0,13,0.00,7.5
https://9takes.com/personality-analysis/beyonce-knowles#the-machine-she-built-herself,beyonce enneagram,0,13,0.00,7.5
https://9takes.com/personality-analysis/beyonce-knowles#the-woman-she-invented,beyonce enneagram,0,13,0.00,7.5
https://9takes.com/personality-analysis/beyonce-knowles#what-is-beyoncs-personality-type,beyonce enneagram,0,13,0.00,7.5
https://9takes.com/personality-analysis/beyonce-knowles#what-mathew-built,beyonce enneagram,0,13,0.00,7.5
https://9takes.com/personality-analysis/bill-clinton,bill clinton enneagram,0,2,0.00,9.0
https://9takes.com/personality-analysis/bill-clinton,bill clinton mbti,0,1,0.00,40.0
https://9takes.com/personality-analysis/bill-clinton,bill clinton personality,0,4,0.00,20.5
https://9takes.com/personality-analysis/bill-clinton,bill clinton personality type,0,3,0.00,18.7
https://9takes.com/personality-analysis/bill-clinton,site:9takes.com,0,2,0.00,100.5
https://9takes.com/personality-analysis/bill-gates,bill gates big five personality traits,0,1,0.00,17.0
https://9takes.com/personality-analysis/bill-gates,bill gates enneagram,0,3,0.00,6.0
https://9takes.com/personality-analysis/bill-gates,bill gates enneagram type,0,1,0.00,4.0
https://9takes.com/personality-analysis/bill-gates,bill gates mbti,0,4,0.00,29.5
https://9takes.com/personality-analysis/bill-gates,bill gates mbti type,0,2,0.00,20.0
https://9takes.com/personality-analysis/bill-gates,bill gates personality,0,13,0.00,42.0
https://9takes.com/personality-analysis/bill-gates,bill gates personality traits,0,1,0.00,25.0
https://9takes.com/personality-analysis/bill-gates,bill gates personality type,0,35,0.00,17.8
https://9takes.com/personality-analysis/bill-gates,bill gates traits,0,2,0.00,71.0
https://9takes.com/personality-analysis/bill-gates,is bill gates evil,0,2,0.00,2.0
https://9takes.com/personality-analysis/bill-gates,is elon musk introvert,0,1,0.00,3.0
https://9takes.com/personality-analysis/bill-gates,ki manager jobs,0,1,0.00,3.0
https://9takes.com/personality-analysis/bill-gates,kronstorf,0,1,0.00,6.0
https://9takes.com/personality-analysis/bill-gates,personality of bill gates,0,1,0.00,41.0
https://9takes.com/personality-analysis/bill-gates,sam bankman fries,0,1,0.00,2.0
https://9takes.com/personality-analysis/bill-gates,site:9takes.com,0,3,0.00,40.7
https://9takes.com/personality-analysis/bill-gates,time 2030,0,1,0.00,4.0
https://9takes.com/personality-analysis/bill-gates,wer hat ki erfunden,0,1,0.00,2.0
https://9takes.com/personality-analysis/bill-gates,what personality type is bill gates,0,4,0.00,14.0
https://9takes.com/personality-analysis/billie-eilish,billie eilish blood type,0,1,0.00,15.0
https://9takes.com/personality-analysis/billie-eilish,billie eilish character traits,0,15,0.00,8.9
https://9takes.com/personality-analysis/billie-eilish,billie eilish enneagram,0,70,0.00,8.7
https://9takes.com/personality-analysis/billie-eilish,billie eilish enneagram type,0,29,0.00,8.5
https://9takes.com/personality-analysis/billie-eilish,billie eilish mbti official interview,0,2,0.00,10.0
https://9takes.com/personality-analysis/billie-eilish,billie eilish personality,0,237,0.00,9.4
https://9takes.com/personality-analysis/billie-eilish,billie eilish personality traits,0,15,0.00,11.7
https://9takes.com/personality-analysis/billie-eilish,billie eilish personality traits 2025 2026,0,1,0.00,10.0
https://9takes.com/personality-analysis/billie-eilish,billie eilish personality traits 2026,0,2,0.00,10.5
https://9takes.com/personality-analysis/billie-eilish,billie eilish personality traits description,0,20,0.00,14.3
https://9takes.com/personality-analysis/billie-eilish,billie eilish personality traits interview,0,8,0.00,12.1
https://9takes.com/personality-analysis/billie-eilish,billie eilish personality traits interviews,0,40,0.00,9.7
https://9takes.com/personality-analysis/billie-eilish,billie eilish personality traits interviews 2024 2025,0,1,0.00,17.0
https://9takes.com/personality-analysis/billie-eilish,billie eilish personality traits real life,0,10,0.00,9.0
https://9takes.com/personality-analysis/billie-eilish,billie eilish personality traits real life interviews,0,16,0.00,5.5
https://9takes.com/personality-analysis/billie-eilish,billie eilish personality type,0,40,0.00,13.9
https://9takes.com/personality-analysis/billie-eilish,billie eilish persönlichkeit,0,1,0.00,9.0
https://9takes.com/personality-analysis/billie-eilish,billie eilish traits,0,1,0.00,12.0
https://9takes.com/personality-analysis/billie-eilish,billie eilish type,0,1,0.00,22.0
https://9takes.com/personality-analysis/billie-eilish,billie eilish's personality,0,1,0.00,11.0
https://9takes.com/personality-analysis/billie-eilish,enneagram 4,0,7,0.00,3.4
https://9takes.com/personality-analysis/billie-eilish,enneagram type 4,0,1,0.00,3.0
https://9takes.com/personality-analysis/billie-eilish,enneagramm typ 4,0,1,0.00,3.0
https://9takes.com/personality-analysis/billie-eilish,ennéagramme,0,1,0.00,2.0
https://9takes.com/personality-analysis/billie-eilish,is billie eilish a real human,0,1,0.00,10.0
https://9takes.com/personality-analysis/billie-eilish,is billie eilish emo or goth,0,1,0.00,43.0
https://9takes.com/personality-analysis/billie-eilish,it's not true billie eilish,0,1,0.00,19.0
https://9takes.com/personality-analysis/billie-eilish,site:9takes.com,0,3,0.00,33.3
https://9takes.com/personality-analysis/billie-eilish,social four,0,1,0.00,3.0
https://9takes.com/personality-analysis/billie-eilish,type 4 blocked writers identity self-worth,0,1,0.00,2.0
https://9takes.com/personality-analysis/billie-eilish,type 4 enneagram,0,3,0.00,3.0
https://9takes.com/personality-analysis/billie-eilish,type 4 the individualist,0,1,0.00,3.0
https://9takes.com/personality-analysis/billie-eilish,type of 4,0,2,0.00,2.0
https://9takes.com/personality-analysis/billie-eilish,what is billie eilish personality,0,15,0.00,10.9
https://9takes.com/personality-analysis/billie-eilish,what is billie eilish personality type,0,3,0.00,11.3
https://9takes.com/personality-analysis/billie-eilish,what is billie eilish's personality,0,15,0.00,8.5
https://9takes.com/personality-analysis/billie-eilish,what is billie eilish's personality type,0,12,0.00,9.8
https://9takes.com/personality-analysis/billie-eilish,what personality type is billie eilish,0,16,0.00,9.6
https://9takes.com/personality-analysis/billie-eilish,性格は？,0,1,0.00,2.0
https://9takes.com/personality-analysis/billie-eilish#i-felt-like-a-parody-of-myself,billie eilish character traits,0,5,0.00,10.0
https://9takes.com/personality-analysis/billie-eilish#i-felt-like-a-parody-of-myself,billie eilish personality traits 2026,0,1,0.00,11.0
https://9takes.com/personality-analysis/billie-eilish#i-felt-like-a-parody-of-myself,billie eilish personality traits description,0,4,0.00,9.5
https://9takes.com/personality-analysis/billie-eilish#i-felt-like-a-parody-of-myself,billie eilish personality traits interview,0,5,0.00,9.0
https://9takes.com/personality-analysis/billie-eilish#i-felt-like-a-parody-of-myself,billie eilish personality traits interviews,0,14,0.00,10.0
https://9takes.com/personality-analysis/billie-eilish#the-bedroom-in-highland-park,billie eilish character traits,0,3,0.00,9.7
https://9takes.com/personality-analysis/billie-eilish#the-body-that-betrayed-her,billie eilish character traits,0,3,0.00,9.7
https://9takes.com/personality-analysis/billie-eilish#the-brother-the-blood-harmony-the-fight,billie eilish character traits,0,5,0.00,10.0
https://9takes.com/personality-analysis/billie-eilish#the-brother-the-blood-harmony-the-fight,billie eilish personality traits 2026,0,1,0.00,11.0
https://9takes.com/personality-analysis/billie-eilish#the-brother-the-blood-harmony-the-fight,billie eilish personality traits description,0,4,0.00,9.5
https://9takes.com/personality-analysis/billie-eilish#the-brother-the-blood-harmony-the-fight,billie eilish personality traits interview,0,5,0.00,9.0
https://9takes.com/personality-analysis/billie-eilish#the-brother-the-blood-harmony-the-fight,billie eilish personality traits interviews,0,14,0.00,10.0
https://9takes.com/personality-analysis/billie-eilish#the-clothes-the-cover-and-the-wound-underneath,billie eilish character traits,0,3,0.00,9.7
https://9takes.com/personality-analysis/billie-eilish#the-whisper-and-the-weight,billie eilish character traits,0,3,0.00,9.7
https://9takes.com/personality-analysis/billie-eilish#what-is-billie-eilishs-personality-type,billie eilish character traits,0,5,0.00,10.0
https://9takes.com/personality-analysis/billie-eilish#what-is-billie-eilishs-personality-type,billie eilish personality traits 2026,0,1,0.00,11.0
https://9takes.com/personality-analysis/billie-eilish#what-is-billie-eilishs-personality-type,billie eilish personality traits description,0,4,0.00,9.5
https://9takes.com/personality-analysis/billie-eilish#what-is-billie-eilishs-personality-type,billie eilish personality traits interview,0,5,0.00,9.0
https://9takes.com/personality-analysis/billie-eilish#what-is-billie-eilishs-personality-type,billie eilish personality traits interviews,0,14,0.00,10.0
https://9takes.com/personality-analysis/blake-lively,blake lively,0,7,0.00,3.1
https://9takes.com/personality-analysis/blake-lively,blake lively a bitch,0,1,0.00,3.0
https://9takes.com/personality-analysis/blake-lively,blake lively a bully,0,5,0.00,4.0
https://9takes.com/personality-analysis/blake-lively,blake lively a nice person,0,1,0.00,2.0
https://9takes.com/personality-analysis/blake-lively,blake lively analysis,0,1,0.00,27.0
https://9takes.com/personality-analysis/blake-lively,blake lively annoying,0,1,0.00,2.0
https://9takes.com/personality-analysis/blake-lively,blake lively attitude,0,3,0.00,3.3
https://9takes.com/personality-analysis/blake-lively,blake lively aujourd'hui,0,1,0.00,3.0
https://9takes.com/personality-analysis/blake-lively,blake lively bad person,0,1,0.00,2.0
https://9takes.com/personality-analysis/blake-lively,blake lively behavior,0,7,0.00,1.3
https://9takes.com/personality-analysis/blake-lively,blake lively being rude,0,1,0.00,2.0
https://9takes.com/personality-analysis/blake-lively,blake lively bitch,0,3,0.00,2.7
https://9takes.com/personality-analysis/blake-lively,blake lively bossy,0,1,0.00,2.0
https://9takes.com/personality-analysis/blake-lively,blake lively bully,0,12,0.00,2.7
https://9takes.com/personality-analysis/blake-lively,blake lively bullying history,0,2,0.00,4.0
https://9takes.com/personality-analysis/blake-lively,blake lively caractere,0,4,0.00,3.0
https://9takes.com/personality-analysis/blake-lively,blake lively carattere,0,1,0.00,8.0
https://9takes.com/personality-analysis/blake-lively,blake lively character,0,2,0.00,3.0
https://9takes.com/personality-analysis/blake-lively,blake lively crazy,0,1,0.00,3.0
https://9takes.com/personality-analysis/blake-lively,blake lively criticism,0,1,0.00,2.0
https://9takes.com/personality-analysis/blake-lively,blake lively delusional,0,1,0.00,2.0
https://9takes.com/personality-analysis/blake-lively,blake lively difficult,0,2,0.00,1.0
https://9takes.com/personality-analysis/blake-lively,blake lively diva behaviour,0,1,0.00,2.0
https://9takes.com/personality-analysis/blake-lively,blake lively es conflictiva,0,2,0.00,3.0
https://9takes.com/personality-analysis/blake-lively,blake lively heute,0,1,0.00,3.0
https://9takes.com/personality-analysis/blake-lively,blake lively iq,0,4,0.00,18.0
https://9takes.com/personality-analysis/blake-lively,blake lively is a bully,0,4,0.00,2.8
https://9takes.com/personality-analysis/blake-lively,blake lively is a diva,0,1,0.00,2.0
https://9takes.com/personality-analysis/blake-lively,blake lively is a liar,0,1,0.00,3.0
https://9takes.com/personality-analysis/blake-lively,blake lively is an idiot,0,1,0.00,2.0
https://9takes.com/personality-analysis/blake-lively,blake lively is awful,0,1,0.00,3.0
https://9takes.com/personality-analysis/blake-lively,blake lively is mean,0,1,0.00,3.0
https://9takes.com/personality-analysis/blake-lively,blake lively is rude,0,1,0.00,3.0
https://9takes.com/personality-analysis/blake-lively,blake lively is she a nice person,0,1,0.00,2.0
https://9takes.com/personality-analysis/blake-lively,blake lively is she nice,0,3,0.00,2.3
https://9takes.com/personality-analysis/blake-lively,blake lively is the worst,0,2,0.00,2.5
https://9takes.com/personality-analysis/blake-lively,blake lively is toxic,0,1,0.00,3.0
https://9takes.com/personality-analysis/blake-lively,blake lively liar,0,2,0.00,4.0
https://9takes.com/personality-analysis/blake-lively,blake lively lies,0,1,0.00,3.0
https://9takes.com/personality-analysis/blake-lively,blake lively mbti,0,7,0.00,17.1
https://9takes.com/personality-analysis/blake-lively,blake lively mean,0,10,0.00,2.3
https://9takes.com/personality-analysis/blake-lively,blake lively mean girl,0,5,0.00,3.6
https://9takes.com/personality-analysis/blake-lively,blake lively mental health,0,1,0.00,4.0
https://9takes.com/personality-analysis/blake-lively,blake lively nice or mean,0,2,0.00,1.5
https://9takes.com/personality-analysis/blake-lively,blake lively not a nice person,0,1,0.00,2.0
https://9takes.com/personality-analysis/blake-lively,blake lively personality disorder,0,1,0.00,19.0
https://9takes.com/personality-analysis/blake-lively,blake lively personality in real life,0,7,0.00,10.9
https://9takes.com/personality-analysis/blake-lively,blake lively personality type,0,48,0.00,9.3
https://9takes.com/personality-analysis/blake-lively,blake lively reputation,0,15,0.00,2.2
https://9takes.com/personality-analysis/blake-lively,blake lively reputation in hollywood,0,1,0.00,5.0
https://9takes.com/personality-analysis/blake-lively,blake lively reputation now,0,2,0.00,3.5
https://9takes.com/personality-analysis/blake-lively,blake lively reputation reddit,0,1,0.00,1.0
https://9takes.com/personality-analysis/blake-lively,blake lively rude,0,5,0.00,2.8
https://9takes.com/personality-analysis/blake-lively,blake lively rude moments,0,1,0.00,6.0
https://9takes.com/personality-analysis/blake-lively,blake lively réputation,0,2,0.00,2.0
https://9takes.com/personality-analysis/blake-lively,blake lively shy,0,2,0.00,5.0
https://9takes.com/personality-analysis/blake-lively,blake lively toxic,0,2,0.00,2.5
https://9takes.com/personality-analysis/blake-lively,che carattere ha,0,1,0.00,4.0
https://9takes.com/personality-analysis/blake-lively,i hate blake lively,0,1,0.00,2.0
https://9takes.com/personality-analysis/blake-lively,ihre persönlichkeit,0,1,0.00,2.0
https://9takes.com/personality-analysis/blake-lively,im echten leben meine ich,0,1,0.00,11.0
https://9takes.com/personality-analysis/blake-lively,is blake lively a bad person,0,1,0.00,3.0
https://9takes.com/personality-analysis/blake-lively,is blake lively a bitch,0,10,0.00,2.7
https://9takes.com/personality-analysis/blake-lively,is blake lively a diva,0,2,0.00,1.0
https://9takes.com/personality-analysis/blake-lively,is blake lively a good person,0,8,0.00,2.4
https://9takes.com/personality-analysis/blake-lively,is blake lively a mean girl,0,1,0.00,3.0
https://9takes.com/personality-analysis/blake-lively,is blake lively a mean person,0,1,0.00,1.0
https://9takes.com/personality-analysis/blake-lively,is blake lively a nice person in real life,0,4,0.00,2.5
https://9takes.com/personality-analysis/blake-lively,is blake lively bad,0,2,0.00,3.5
https://9takes.com/personality-analysis/blake-lively,is blake lively hard to work with,0,3,0.00,2.0
https://9takes.com/personality-analysis/blake-lively,is blake lively mean in real life,0,1,0.00,3.0
https://9takes.com/personality-analysis/blake-lively,is blake lively nice,0,14,0.00,2.3
https://9takes.com/personality-analysis/blake-lively,is blake lively nice in real life,0,7,0.00,2.6
https://9takes.com/personality-analysis/blake-lively,is blake lively nice to fans,0,1,0.00,3.0
https://9takes.com/personality-analysis/blake-lively,is blake lively rude,0,5,0.00,2.2
https://9takes.com/personality-analysis/blake-lively,is blake lively toxic,0,1,0.00,4.0
https://9takes.com/personality-analysis/blake-lively,is blake lively well liked,0,1,0.00,3.0
https://9takes.com/personality-analysis/blake-lively,kenapa blake lively tidak disukai,0,1,0.00,3.0
https://9takes.com/personality-analysis/blake-lively,lively,0,1,0.00,4.0
https://9takes.com/personality-analysis/blake-lively,lively personality,0,18,0.00,19.1
https://9takes.com/personality-analysis/blake-lively,site:9takes.com,0,1,0.00,112.0
https://9takes.com/personality-analysis/blake-lively,was blake lively lying,0,2,0.00,2.0
https://9takes.com/personality-analysis/blake-lively,what about blake lively,0,1,0.00,4.0
https://9takes.com/personality-analysis/blake-lively,what is blake lively like in real life,0,12,0.00,1.9
https://9takes.com/personality-analysis/blake-lively,what kind of person is blake lively,0,18,0.00,9.2
https://9takes.com/personality-analysis/blake-lively,wife personality,0,1,0.00,1.0
https://9takes.com/personality-analysis/blake-lively,πες και αλλα,0,1,0.00,2.0
https://9takes.com/personality-analysis/blake-lively,ブレイク ライブ リー 性格,0,1,0.00,58.0
https://9takes.com/personality-analysis/blake-lively,ブレイク・ライブリー 性格,0,2,0.00,3.0
https://9takes.com/personality-analysis/blake-lively#from-the-hospital-to-the-set,blake lively personality,0,19,0.00,8.8
https://9takes.com/personality-analysis/blake-lively#from-the-hospital-to-the-set,blake lively personality in real life,0,1,0.00,11.0
https://9takes.com/personality-analysis/blake-lively#from-the-hospital-to-the-set,blake lively personality type,0,6,0.00,8.8
https://9takes.com/personality-analysis/blake-lively#from-the-hospital-to-the-set,what kind of person is blake lively,0,4,0.00,10.8
https://9takes.com/personality-analysis/blake-lively#i-would-shape-myself-to-the-version-they-wanted,blake lively personality,0,14,0.00,8.6
https://9takes.com/personality-analysis/blake-lively#i-would-shape-myself-to-the-version-they-wanted,blake lively personality in real life,0,1,0.00,11.0
https://9takes.com/personality-analysis/blake-lively#i-would-shape-myself-to-the-version-they-wanted,blake lively personality type,0,4,0.00,8.3
https://9takes.com/personality-analysis/blake-lively#i-would-shape-myself-to-the-version-they-wanted,what kind of person is blake lively,0,2,0.00,11.0
https://9takes.com/personality-analysis/blake-lively#the-wit-that-cuts,blake lively personality,0,14,0.00,8.6
https://9takes.com/personality-analysis/blake-lively#the-wit-that-cuts,blake lively personality in real life,0,1,0.00,11.0
https://9takes.com/personality-analysis/blake-lively#the-wit-that-cuts,blake lively personality type,0,4,0.00,8.3
https://9takes.com/personality-analysis/blake-lively#the-wit-that-cuts,what kind of person is blake lively,0,2,0.00,11.0
https://9takes.com/personality-analysis/blake-lively#what-is-blake-livelys-personality-type,blake lively personality,0,19,0.00,8.8
https://9takes.com/personality-analysis/blake-lively#what-is-blake-livelys-personality-type,blake lively personality in real life,0,1,0.00,11.0
https://9takes.com/personality-analysis/blake-lively#what-is-blake-livelys-personality-type,blake lively personality type,0,6,0.00,8.8
https://9takes.com/personality-analysis/blake-lively#what-is-blake-livelys-personality-type,what kind of person is blake lively,0,4,0.00,10.8
https://9takes.com/personality-analysis/blake-lively#what-she-controls,blake lively personality,0,19,0.00,8.8
https://9takes.com/personality-analysis/blake-lively#what-she-controls,blake lively personality in real life,0,1,0.00,11.0
https://9takes.com/personality-analysis/blake-lively#what-she-controls,blake lively personality type,0,6,0.00,8.8
https://9takes.com/personality-analysis/blake-lively#what-she-controls,what kind of person is blake lively,0,4,0.00,10.8
https://9takes.com/personality-analysis/blake-lively#when-the-curated-world-cracked,blake lively personality,0,14,0.00,8.6
https://9takes.com/personality-analysis/blake-lively#when-the-curated-world-cracked,blake lively personality in real life,0,1,0.00,11.0
https://9takes.com/personality-analysis/blake-lively#when-the-curated-world-cracked,blake lively personality type,0,4,0.00,8.3
https://9takes.com/personality-analysis/blake-lively#when-the-curated-world-cracked,what kind of person is blake lively,0,2,0.00,11.0
https://9takes.com/personality-analysis/bob-dylan,bob dylan,0,3,0.00,4.0
https://9takes.com/personality-analysis/bob-dylan,bob dylan 1975 breakup album,0,1,0.00,5.0
https://9takes.com/personality-analysis/bob-dylan,bob dylan aspergers,0,1,0.00,39.0
https://9takes.com/personality-analysis/bob-dylan,bob dylan autism,0,1,0.00,36.0
https://9takes.com/personality-analysis/bob-dylan,bob dylan character,0,1,0.00,28.0
https://9takes.com/personality-analysis/bob-dylan,bob dylan depression,0,1,0.00,2.0
https://9takes.com/personality-analysis/bob-dylan,bob dylan diagnose,0,1,0.00,29.0
https://9takes.com/personality-analysis/bob-dylan,bob dylan diagnosis,0,1,0.00,37.0
https://9takes.com/personality-analysis/bob-dylan,bob dylan edad,0,1,0.00,2.0
https://9takes.com/personality-analysis/bob-dylan,bob dylan enneagram,0,14,0.00,7.3
https://9takes.com/personality-analysis/bob-dylan,bob dylan enneagram type,0,2,0.00,7.5
https://9takes.com/personality-analysis/bob-dylan,bob dylan how does it feel,0,1,0.00,4.0
https://9takes.com/personality-analysis/bob-dylan,bob dylan introvert,0,2,0.00,14.5
https://9takes.com/personality-analysis/bob-dylan,bob dylan lay lady lay,0,1,0.00,2.0
https://9takes.com/personality-analysis/bob-dylan,bob dylan mbti,0,14,0.00,18.0
https://9takes.com/personality-analysis/bob-dylan,bob dylan mbti type,0,17,0.00,6.9
https://9takes.com/personality-analysis/bob-dylan,bob dylan mental health,0,1,0.00,31.0
https://9takes.com/personality-analysis/bob-dylan,bob dylan myers briggs,0,17,0.00,5.4
https://9takes.com/personality-analysis/bob-dylan,bob dylan neurodivergent,0,3,0.00,27.7
https://9takes.com/personality-analysis/bob-dylan,bob dylan personalidad,0,13,0.00,8.1
https://9takes.com/personality-analysis/bob-dylan,bob dylan personalidade,0,1,0.00,10.0
https://9takes.com/personality-analysis/bob-dylan,bob dylan personality traits,0,21,0.00,7.8
https://9takes.com/personality-analysis/bob-dylan,bob dylan personality type,0,227,0.00,8.2
https://9takes.com/personality-analysis/bob-dylan,bob dylan type of music,0,1,0.00,60.0
https://9takes.com/personality-analysis/bob-dylan,bob dylan's personality,0,28,0.00,9.1
https://9takes.com/personality-analysis/bob-dylan,britannica bob dylan shot of love 1981,0,1,0.00,2.0
https://9takes.com/personality-analysis/bob-dylan,che tipo è?,0,1,0.00,7.0
https://9takes.com/personality-analysis/bob-dylan,does bob dylan have aspergers,0,4,0.00,31.3
https://9takes.com/personality-analysis/bob-dylan,dylan,0,1,0.00,2.0
https://9takes.com/personality-analysis/bob-dylan,encyclopaedia britannica bob dylan shot of love,0,2,0.00,2.0
https://9takes.com/personality-analysis/bob-dylan,encyclopaedia britannica shot of love bob dylan,0,1,0.00,2.0
https://9takes.com/personality-analysis/bob-dylan,is bob dylan a good person,0,4,0.00,21.3
https://9takes.com/personality-analysis/bob-dylan,is bob dylan a narcissist,0,1,0.00,19.0
https://9takes.com/personality-analysis/bob-dylan,is bob dylan autistic,0,1,0.00,33.0
https://9takes.com/personality-analysis/bob-dylan,is bob dylan mean,0,1,0.00,3.0
https://9takes.com/personality-analysis/bob-dylan,is bob dylan neurodivergent,0,1,0.00,25.0
https://9takes.com/personality-analysis/bob-dylan,is bob dylan on the spectrum,0,1,0.00,41.0
https://9takes.com/personality-analysis/bob-dylan,is bob dylan shy,0,1,0.00,3.0
https://9takes.com/personality-analysis/bob-dylan,jaki jest z charakteru,0,1,0.00,3.0
https://9takes.com/personality-analysis/bob-dylan,joan baez,0,1,0.00,3.0
https://9takes.com/personality-analysis/bob-dylan,personality,0,1,0.00,1.0
https://9takes.com/personality-analysis/bob-dylan,site:9takes.com,0,2,0.00,95.5
https://9takes.com/personality-analysis/bob-dylan,suze rotolo,0,1,0.00,3.0
https://9takes.com/personality-analysis/bob-dylan,was bob dylan a good person,0,3,0.00,17.7
https://9takes.com/personality-analysis/bob-dylan,what genre is bob dylan,0,2,0.00,81.5
https://9takes.com/personality-analysis/bob-dylan,what type of music is bob dylan,0,2,0.00,63.0
https://9takes.com/personality-analysis/bob-dylan,what was bob dylan like,0,2,0.00,12.5
https://9takes.com/personality-analysis/bob-dylan,ボブ ディラン,0,3,0.00,3.0
https://9takes.com/personality-analysis/bob-dylan,ボブディラン,0,17,0.00,3.1
https://9takes.com/personality-analysis/bob-dylan,ボブディラン ファッション,0,1,0.00,6.0
https://9takes.com/personality-analysis/bob-dylan,ボブディランの歌,0,1,0.00,2.0
https://9takes.com/personality-analysis/bob-dylan,ボブデュラン,0,1,0.00,4.0
https://9takes.com/personality-analysis/bob-dylan,ボブ・ディラン,0,1,0.00,3.0
https://9takes.com/personality-analysis/bob-dylan#behind-dark-glasses-the-private-struggles-fueling-creativity,bob dylan enneagram,0,6,0.00,6.0
https://9takes.com/personality-analysis/bob-dylan#behind-dark-glasses-the-private-struggles-fueling-creativity,bob dylan enneagram type,0,1,0.00,5.0
https://9takes.com/personality-analysis/bob-dylan#behind-dark-glasses-the-private-struggles-fueling-creativity,bob dylan personality,0,1,0.00,4.0
https://9takes.com/personality-analysis/bob-dylan#behind-dark-glasses-the-private-struggles-fueling-creativity,bob dylan personality traits,0,1,0.00,6.0
https://9takes.com/personality-analysis/bob-dylan#behind-dark-glasses-the-private-struggles-fueling-creativity,bob dylan personality type,0,38,0.00,8.6
https://9takes.com/personality-analysis/bob-dylan#decoding-dylan-the-man-beneath-the-myth,bob dylan enneagram,0,11,0.00,7.3
https://9takes.com/personality-analysis/bob-dylan#decoding-dylan-the-man-beneath-the-myth,bob dylan enneagram type,0,1,0.00,5.0
https://9takes.com/personality-analysis/bob-dylan#decoding-dylan-the-man-beneath-the-myth,bob dylan mbti type,0,2,0.00,9.5
https://9takes.com/personality-analysis/bob-dylan#decoding-dylan-the-man-beneath-the-myth,bob dylan myers briggs,0,1,0.00,12.0
https://9takes.com/personality-analysis/bob-dylan#decoding-dylan-the-man-beneath-the-myth,bob dylan personality,0,1,0.00,4.0
https://9takes.com/personality-analysis/bob-dylan#decoding-dylan-the-man-beneath-the-myth,bob dylan personality traits,0,2,0.00,7.5
https://9takes.com/personality-analysis/bob-dylan#minnesota-to-manhattan-the-outsider-finds-his-stage,bob dylan enneagram,0,6,0.00,6.0
https://9takes.com/personality-analysis/bob-dylan#minnesota-to-manhattan-the-outsider-finds-his-stage,bob dylan enneagram type,0,1,0.00,5.0
https://9takes.com/personality-analysis/bob-dylan#minnesota-to-manhattan-the-outsider-finds-his-stage,bob dylan personality,0,1,0.00,4.0
https://9takes.com/personality-analysis/bob-dylan#minnesota-to-manhattan-the-outsider-finds-his-stage,bob dylan personality traits,0,1,0.00,6.0
https://9takes.com/personality-analysis/bob-dylan#minnesota-to-manhattan-the-outsider-finds-his-stage,bob dylan personality type,0,38,0.00,8.6
https://9takes.com/personality-analysis/bob-dylan#never-ending-tour-dylans-perpetual-motion,bob dylan enneagram,0,6,0.00,6.0
https://9takes.com/personality-analysis/bob-dylan#never-ending-tour-dylans-perpetual-motion,bob dylan enneagram type,0,1,0.00,5.0
https://9takes.com/personality-analysis/bob-dylan#never-ending-tour-dylans-perpetual-motion,bob dylan personality,0,1,0.00,4.0
https://9takes.com/personality-analysis/bob-dylan#never-ending-tour-dylans-perpetual-motion,bob dylan personality traits,0,1,0.00,6.0
https://9takes.com/personality-analysis/bob-dylan#never-ending-tour-dylans-perpetual-motion,bob dylan personality type,0,38,0.00,8.6
https://9takes.com/personality-analysis/bob-dylan#newport-65-the-moment-that-split-dylans-world-in-two,bob dylan enneagram,0,6,0.00,6.0
https://9takes.com/personality-analysis/bob-dylan#newport-65-the-moment-that-split-dylans-world-in-two,bob dylan enneagram type,0,1,0.00,5.0
https://9takes.com/personality-analysis/bob-dylan#newport-65-the-moment-that-split-dylans-world-in-two,bob dylan personality,0,1,0.00,4.0
https://9takes.com/personality-analysis/bob-dylan#newport-65-the-moment-that-split-dylans-world-in-two,bob dylan personality traits,0,1,0.00,6.0
https://9takes.com/personality-analysis/bob-dylan#newport-65-the-moment-that-split-dylans-world-in-two,bob dylan personality type,0,38,0.00,8.6
https://9takes.com/personality-analysis/bob-dylan#nobel-prize-ambivalence-dylans-complicated-dance-with-recognition,bob dylan enneagram,0,6,0.00,6.0
https://9takes.com/personality-analysis/bob-dylan#nobel-prize-ambivalence-dylans-complicated-dance-with-recognition,bob dylan enneagram type,0,1,0.00,5.0
https://9takes.com/personality-analysis/bob-dylan#nobel-prize-ambivalence-dylans-complicated-dance-with-recognition,bob dylan personality,0,1,0.00,4.0
https://9takes.com/personality-analysis/bob-dylan#nobel-prize-ambivalence-dylans-complicated-dance-with-recognition,bob dylan personality traits,0,1,0.00,6.0
https://9takes.com/personality-analysis/bob-dylan#nobel-prize-ambivalence-dylans-complicated-dance-with-recognition,bob dylan personality type,0,38,0.00,8.6
https://9takes.com/personality-analysis/bob-dylan#reinvention-as-ritual-dylans-many-masks,bob dylan enneagram,0,11,0.00,7.3
https://9takes.com/personality-analysis/bob-dylan#reinvention-as-ritual-dylans-many-masks,bob dylan enneagram type,0,1,0.00,5.0
https://9takes.com/personality-analysis/bob-dylan#reinvention-as-ritual-dylans-many-masks,bob dylan mbti type,0,2,0.00,9.5
https://9takes.com/personality-analysis/bob-dylan#reinvention-as-ritual-dylans-many-masks,bob dylan myers briggs,0,1,0.00,12.0
https://9takes.com/personality-analysis/bob-dylan#reinvention-as-ritual-dylans-many-masks,bob dylan personality,0,1,0.00,4.0
https://9takes.com/personality-analysis/bob-dylan#reinvention-as-ritual-dylans-many-masks,bob dylan personality traits,0,2,0.00,7.5
https://9takes.com/personality-analysis/bob-dylan#reinvention-as-ritual-dylans-many-masks,bob dylan personality type,0,43,0.00,8.8
https://9takes.com/personality-analysis/bob-dylan#the-label-bob-dylan-spent-his-life-escaping,bob dylan personality traits,0,2,0.00,9.0
https://9takes.com/personality-analysis/bob-dylan#what-is-bob-dylans-personality-type,bob dylan personality traits,0,2,0.00,9.0
https://9takes.com/personality-analysis/bobby-lee,bobby lee drug of choice,0,2,0.00,7.5
https://9takes.com/personality-analysis/bobby-lee,bobby lee heroin,0,3,0.00,6.7
https://9takes.com/personality-analysis/bobby-lee,bobby lee relapse 2022,0,1,0.00,7.0
https://9takes.com/personality-analysis/bobby-lee,lauren dombrowski bobby lee,0,2,0.00,8.5
https://9takes.com/personality-analysis/brad-pitt,.,0,1,0.00,17.0
https://9takes.com/personality-analysis/brad-pitt,beides,0,1,0.00,2.0
https://9takes.com/personality-analysis/brad-pitt,brad pitt enneagram type,0,38,0.00,4.0
https://9takes.com/personality-analysis/brad-pitt,brad pitt fight club workout david lindsay,0,1,0.00,15.0
https://9takes.com/personality-analysis/brad-pitt,brad pitt mbti,0,22,0.00,22.9
https://9takes.com/personality-analysis/brad-pitt,brad pitt mbti type,0,16,0.00,7.5
https://9takes.com/personality-analysis/brad-pitt,brad pitt myers briggs,0,1,0.00,15.0
https://9takes.com/personality-analysis/brad-pitt,brad pitt personality reddit,0,1,0.00,5.0
https://9takes.com/personality-analysis/brad-pitt,brad pitt personality traits,0,40,0.00,11.5
https://9takes.com/personality-analysis/brad-pitt,brad pitt personality type,0,208,0.00,8.4
https://9takes.com/personality-analysis/brad-pitt,brad pitt phenotype,0,2,0.00,12.0
https://9takes.com/personality-analysis/brad-pitt,brad pitt sensitivity chip,0,1,0.00,46.0
https://9takes.com/personality-analysis/brad-pitt,cliff booth,0,1,0.00,4.0
https://9takes.com/personality-analysis/brad-pitt,cliff booth personality type,0,1,0.00,11.0
https://9takes.com/personality-analysis/brad-pitt,igen,0,1,0.00,1.0
https://9takes.com/personality-analysis/brad-pitt,is brad pitt a nice guy,0,1,0.00,16.0
https://9takes.com/personality-analysis/brad-pitt,is brad pitt an introvert,0,1,0.00,12.0
https://9takes.com/personality-analysis/brad-pitt,is brad pitt shy,0,1,0.00,23.0
https://9takes.com/personality-analysis/brad-pitt,mbti brad pitt,0,1,0.00,21.0
https://9takes.com/personality-analysis/brad-pitt,meaning of brad pitt,0,1,0.00,37.0
https://9takes.com/personality-analysis/brad-pitt,site:9takes.com,0,1,0.00,140.0
https://9takes.com/personality-analysis/brad-pitt,the pitt enneagram,0,1,0.00,10.0
https://9takes.com/personality-analysis/brad-pitt,tính cách,0,1,0.00,7.0
https://9takes.com/personality-analysis/brad-pitt,what kind of person is brad pitt,0,17,0.00,9.2
https://9takes.com/personality-analysis/brad-pitt,y,0,1,0.00,9.0
https://9takes.com/personality-analysis/brad-pitt,брад пит,0,1,0.00,7.0
https://9takes.com/personality-analysis/brad-pitt#behind-the-camera-producer-builder-humanitarian,brad pitt enneagram,0,3,0.00,5.3
https://9takes.com/personality-analysis/brad-pitt#behind-the-camera-producer-builder-humanitarian,brad pitt enneagram type,0,8,0.00,5.0
https://9takes.com/personality-analysis/brad-pitt#f1-and-the-late-career-renaissance,brad pitt enneagram,0,3,0.00,5.3
https://9takes.com/personality-analysis/brad-pitt#f1-and-the-late-career-renaissance,brad pitt enneagram type,0,8,0.00,5.0
https://9takes.com/personality-analysis/brad-pitt#fight-club-to-ad-astra-what-the-roles-reveal,brad pitt enneagram,0,3,0.00,5.3
https://9takes.com/personality-analysis/brad-pitt#fight-club-to-ad-astra-what-the-roles-reveal,brad pitt enneagram type,0,8,0.00,5.0
https://9takes.com/personality-analysis/brad-pitt#from-university-dropout-to-thelma-and-louise,brad pitt enneagram,0,3,0.00,5.3
https://9takes.com/personality-analysis/brad-pitt#from-university-dropout-to-thelma-and-louise,brad pitt enneagram type,0,8,0.00,5.0
https://9takes.com/personality-analysis/brad-pitt#love-family-and-the-type-9-merging-pattern,brad pitt enneagram,0,3,0.00,5.3
https://9takes.com/personality-analysis/brad-pitt#love-family-and-the-type-9-merging-pattern,brad pitt enneagram type,0,8,0.00,5.0
https://9takes.com/personality-analysis/brad-pitt#springfield-missouri-how-the-heartland-shaped-hollywoods-most-laid-back-star,brad pitt enneagram,0,3,0.00,5.3
https://9takes.com/personality-analysis/brad-pitt#springfield-missouri-how-the-heartland-shaped-hollywoods-most-laid-back-star,brad pitt enneagram type,0,8,0.00,5.0
https://9takes.com/personality-analysis/brad-pitt#what-stresses-brad-pitt-out,brad pitt enneagram,0,3,0.00,5.3
https://9takes.com/personality-analysis/brad-pitt#what-stresses-brad-pitt-out,brad pitt enneagram type,0,8,0.00,5.0
https://9takes.com/personality-analysis/bradley-martyn,bradley martyn brother,0,3,0.00,1.0
https://9takes.com/personality-analysis/bradley-martyn,bradley martyn siblings,0,1,0.00,1.0
https://9takes.com/personality-analysis/brian-chesky,bernard arnault and brian chesky,0,18,0.00,6.4
https://9takes.com/personality-analysis/brian-chesky,brian chesky and bernard arnault,0,15,0.00,7.6
https://9takes.com/personality-analysis/britney-spears,britney spears personality,0,1,0.00,10.0
https://9takes.com/personality-analysis/britney-spears,britney spears personality type,0,1,0.00,11.0
https://9takes.com/personality-analysis/brittany-broski,brittany broski,0,1,0.00,3.0
https://9takes.com/personality-analysis/brittany-broski,brittany broski gender,0,2,0.00,9.5
https://9takes.com/personality-analysis/brittany-broski,brittany broski partner,0,1,0.00,8.0
https://9takes.com/personality-analysis/brittany-broski,brittany broski personality type,0,11,0.00,2.5
https://9takes.com/personality-analysis/brittany-broski,brittany broski siblings age,0,1,0.00,1.0
https://9takes.com/personality-analysis/brittany-broski,does brittany broski have adhd,0,26,0.00,7.8
https://9takes.com/personality-analysis/brittany-broski,fred broski wikipedia,0,1,0.00,11.0
https://9takes.com/personality-analysis/brittany-broski,is brittany broski on ozempic,0,1,0.00,26.0
https://9takes.com/personality-analysis/caleb-hearon,caleb hearon astrology,0,1,0.00,22.0
https://9takes.com/personality-analysis/caleb-hearon,caleb hearon birth chart,0,1,0.00,11.0
https://9takes.com/personality-analysis/caleb-hearon,caleb hearon birthplace,0,1,0.00,10.0
https://9takes.com/personality-analysis/caleb-hearon,caleb hearon mbti,0,60,0.00,7.9
https://9takes.com/personality-analysis/caleb-hearon,caleb hearon race,0,2,0.00,9.0
https://9takes.com/personality-analysis/caleb-hearon,caleb hearon weight loss,0,2,0.00,18.5
https://9takes.com/personality-analysis/caleb-hearon,caleb hearon wiki,0,7,0.00,9.3
https://9takes.com/personality-analysis/caleb-hearon,caleb hearon zodiac,0,2,0.00,17.5
https://9takes.com/personality-analysis/caleb-hearon,caleb heron brother,0,1,0.00,1.0
https://9takes.com/personality-analysis/caleb-hearon,colton hearon,0,2,0.00,25.0
https://9takes.com/personality-analysis/caleb-hearon,colton hearon missouri,0,1,0.00,57.0
https://9takes.com/personality-analysis/caleb-hearon,did caleb hearon write for big mouth,0,5,0.00,10.0
https://9takes.com/personality-analysis/caleb-hearon,how much does caleb hearon weight,0,1,0.00,14.0
https://9takes.com/personality-analysis/caleb-hearon,is caleb hearon jewish,0,2,0.00,9.5
https://9takes.com/personality-analysis/caleb-hearon,site:9takes.com,0,2,0.00,29.5
https://9takes.com/personality-analysis/caleb-hearon,what fraternity was caleb hearon in,0,2,0.00,14.5
https://9takes.com/personality-analysis/callum-turner,#h-1-callum-turner,0,3,0.00,8.3
https://9takes.com/personality-analysis/callum-turner,callum turner father businessman estranged,0,4,0.00,5.5
https://9takes.com/personality-analysis/callum-turner,callum turner father businessman estranged acting,0,2,0.00,7.5
https://9takes.com/personality-analysis/callum-turner,callum turner hunger games,0,1,0.00,9.0
https://9takes.com/personality-analysis/callum-turner,callum turner kid,0,1,0.00,29.0
https://9takes.com/personality-analysis/callum-turner,callum turner mbti,0,7,0.00,3.4
https://9takes.com/personality-analysis/callum-turner,callum turner personality,0,12,0.00,7.0
https://9takes.com/personality-analysis/callum-turner,callum turner personality type,0,2,0.00,1.0
https://9takes.com/personality-analysis/callum-turner,callum turner shift the plane,0,1,0.00,11.0
https://9takes.com/personality-analysis/callum-turner,callum turner smoker,0,5,0.00,8.0
https://9takes.com/personality-analysis/callum-turner,callum turner smoking,0,57,0.00,8.5
https://9takes.com/personality-analysis/callum-turner,callum turner teenager,0,1,0.00,12.0
https://9takes.com/personality-analysis/callum-turner,does callum turner smoke,0,24,0.00,10.1
https://9takes.com/personality-analysis/callum-turner,yes,0,1,0.00,7.0
https://9takes.com/personality-analysis/cardi-b,cardi b mbti,0,1,0.00,22.0
https://9takes.com/personality-analysis/cardi-b,cardi b personality,0,5,0.00,13.8
https://9takes.com/personality-analysis/cardi-b,cardi b personality traits,0,7,0.00,10.4
https://9takes.com/personality-analysis/cardi-b,cardi b personality type,0,35,0.00,10.2
https://9takes.com/personality-analysis/cardi-b,site:9takes.com,0,3,0.00,26.7
https://9takes.com/personality-analysis/cardi-b,what is cardi b personality,0,2,0.00,12.0
https://9takes.com/personality-analysis/casey-neistat,"""casey neistat"" ""machu picchu""",0,42,0.00,10.5
https://9takes.com/personality-analysis/casey-neistat,"""casey neistat"" machu picchu",0,16,0.00,10.0
https://9takes.com/personality-analysis/casey-neistat,"""machu picchu"" ""casey neistat""",0,18,0.00,10.6
https://9takes.com/personality-analysis/casey-neistat,"""my kid and me"" casey neistat machu picchu",0,13,0.00,6.8
https://9takes.com/personality-analysis/casey-neistat,barry neistat,0,1,0.00,20.0
https://9takes.com/personality-analysis/casey-neistat,casey neistat do what you can't,0,2,0.00,35.5
https://9takes.com/personality-analysis/casey-neistat,casey neistat hillary clinton,0,1,0.00,44.0
https://9takes.com/personality-analysis/casey-neistat,casey neistat machu picchu,0,3,0.00,11.0
https://9takes.com/personality-analysis/casey-neistat,casey neistat mbti,0,63,0.00,6.0
https://9takes.com/personality-analysis/casey-neistat,casey neistat my kid and me machu picchu,0,1,0.00,10.0
https://9takes.com/personality-analysis/casey-neistat,casey neistat origin,0,2,0.00,14.0
https://9takes.com/personality-analysis/casey-neistat,casey neistat political views,0,1,0.00,42.0
https://9takes.com/personality-analysis/casey-neistat,casey neistat robin harris,0,55,0.00,11.0
https://9takes.com/personality-analysis/casey-neistat,casey neistat side profile,0,1,0.00,20.0
https://9takes.com/personality-analysis/casey-neistat,casey neistat visited machu picchu,0,1,0.00,12.0
https://9takes.com/personality-analysis/casey-neistat,do what you can't casey neistat,0,1,0.00,40.0
https://9takes.com/personality-analysis/casey-neistat,does casey neistat drink alcohol,0,2,0.00,18.0
https://9takes.com/personality-analysis/casey-neistat,does casey neistat have a condition,0,1,0.00,19.0
https://9takes.com/personality-analysis/casey-neistat,does casey neistat have adhd,0,4,0.00,12.5
https://9takes.com/personality-analysis/casey-neistat,is casey neistat a good person,0,2,0.00,16.5
https://9takes.com/personality-analysis/casey-neistat,neistat brothers ipod,0,1,0.00,86.0
https://9takes.com/personality-analysis/casey-neistat,owen harris neistat,0,1,0.00,1.0
https://9takes.com/personality-analysis/casey-neistat,owen neistat age,0,1,0.00,1.0
https://9takes.com/personality-analysis/casey-neistat,owen neistat college,0,2,0.00,13.5
https://9takes.com/personality-analysis/casey-neistat,owen neistat mom,0,9,0.00,1.0
https://9takes.com/personality-analysis/casey-neistat,robin harris neistat,0,5,0.00,6.6
https://9takes.com/personality-analysis/casey-neistat,robin harris owen neistat,0,2,0.00,11.5
https://9takes.com/personality-analysis/casey-neistat,site:9takes.com,0,3,0.00,53.0
https://9takes.com/personality-analysis/casey-neistat,what happened to casey neistat,0,1,0.00,28.0
https://9takes.com/personality-analysis/casey-neistat,what religion is casey neistat,0,1,0.00,20.0
https://9takes.com/personality-analysis/casey-neistat,where did casey neistat go to college,0,3,0.00,48.0
https://9takes.com/personality-analysis/casey-neistat#800-days-inside-the-camera,casey neistat robin harris,0,4,0.00,9.8
https://9takes.com/personality-analysis/casey-neistat#800-days-inside-the-camera,robin harris casey neistat,0,15,0.00,9.9
https://9takes.com/personality-analysis/casey-neistat#the-brothers-the-ipod-and-the-city-that-wouldnt-let-him-leave,casey neistat robin harris,0,4,0.00,9.8
https://9takes.com/personality-analysis/casey-neistat#the-brothers-the-ipod-and-the-city-that-wouldnt-let-him-leave,robin harris casey neistat,0,15,0.00,9.9
https://9takes.com/personality-analysis/casey-neistat#the-son-he-left-behind,casey neistat robin harris,0,9,0.00,10.2
https://9takes.com/personality-analysis/casey-neistat#the-son-he-left-behind,robin harris casey neistat,0,21,0.00,10.0
https://9takes.com/personality-analysis/casey-neistat#the-son-he-left-behind,robin harris neistat,0,1,0.00,10.0
https://9takes.com/personality-analysis/casey-neistat#the-unsupervised-childhood-that-taught-him-to-roam,casey neistat robin harris,0,4,0.00,9.8
https://9takes.com/personality-analysis/casey-neistat#the-unsupervised-childhood-that-taught-him-to-roam,robin harris casey neistat,0,15,0.00,9.9
https://9takes.com/personality-analysis/casey-neistat#turning-a-nike-ad-into-a-personal-manifesto,casey neistat robin harris,0,9,0.00,10.2
https://9takes.com/personality-analysis/casey-neistat#turning-a-nike-ad-into-a-personal-manifesto,robin harris casey neistat,0,21,0.00,10.0
https://9takes.com/personality-analysis/casey-neistat#turning-a-nike-ad-into-a-personal-manifesto,robin harris neistat,0,1,0.00,10.0
https://9takes.com/personality-analysis/casey-neistat#what-is-casey-neistats-personality-type,casey neistat robin harris,0,9,0.00,10.2
https://9takes.com/personality-analysis/casey-neistat#what-is-casey-neistats-personality-type,robin harris casey neistat,0,21,0.00,10.0
https://9takes.com/personality-analysis/casey-neistat#what-is-casey-neistats-personality-type,robin harris neistat,0,1,0.00,10.0
https://9takes.com/personality-analysis/categories/creator-media,sara saffari mbti,0,1,0.00,2.0
https://9takes.com/personality-analysis/cathie-wood,"""michael burry"" ""summa cum laude""",0,1,0.00,45.0
https://9takes.com/personality-analysis/cathie-wood,cathie wood,0,2,0.00,7.0
https://9takes.com/personality-analysis/chamath-palihapitiya,"""chamath may""",0,1,0.00,6.0
https://9takes.com/personality-analysis/chamath-palihapitiya,"""chamath palihapitiya"" fraud or scam or misleading investors",0,1,0.00,7.0
https://9takes.com/personality-analysis/chappell-roan,chapell roan mbti,0,1,0.00,11.0
https://9takes.com/personality-analysis/chappell-roan,chapelle roan,0,1,0.00,3.0
https://9takes.com/personality-analysis/chappell-roan,chappel roan mbti,0,5,0.00,7.2
https://9takes.com/personality-analysis/chappell-roan,chappell roan,0,11,0.00,2.9
https://9takes.com/personality-analysis/chappell-roan,chappell roan body type,0,3,0.00,11.0
https://9takes.com/personality-analysis/chappell-roan,chappell roan enneagram,0,28,0.00,6.6
https://9takes.com/personality-analysis/chappell-roan,chappell roan is she nice,0,1,0.00,3.0
https://9takes.com/personality-analysis/chappell-roan,chappell roan mbti,0,115,0.00,10.8
https://9takes.com/personality-analysis/chappell-roan,chappell roan mbti type,0,22,0.00,8.9
https://9takes.com/personality-analysis/chappell-roan,chappell roan personality,0,120,0.00,9.3
https://9takes.com/personality-analysis/chappell-roan,chappell roan personality traits interviews,0,5,0.00,7.8
https://9takes.com/personality-analysis/chappell-roan,chappell roan personality type,0,178,0.00,5.4
https://9takes.com/personality-analysis/chappell-roan,chappell roan republican uncle,0,1,0.00,49.0
https://9takes.com/personality-analysis/chappell-roan,"chappell roan,",0,1,0.00,4.0
https://9takes.com/personality-analysis/chappell-roan,cyndi lauper mbti,0,1,0.00,40.0
https://9takes.com/personality-analysis/chappell-roan,how does chappell roan identify,0,1,0.00,28.0
https://9takes.com/personality-analysis/chappell-roan,is chappel roan a bitch,0,1,0.00,2.0
https://9takes.com/personality-analysis/chappell-roan,is chappell roan autistic,0,1,0.00,24.0
https://9takes.com/personality-analysis/chappell-roan,is chappell roan mean,0,2,0.00,3.0
https://9takes.com/personality-analysis/chappell-roan,is chappell roan nice,0,3,0.00,12.7
https://9takes.com/personality-analysis/chappell-roan,mbti chappell roan,0,2,0.00,10.0
https://9takes.com/personality-analysis/chappell-roan,roan chappel,0,1,0.00,3.0
https://9takes.com/personality-analysis/chappell-roan,site:9takes.com,0,3,0.00,31.0
https://9takes.com/personality-analysis/chappell-roan,실제성격,0,1,0.00,1.0
https://9takes.com/personality-analysis/chappell-roan#growing-up-kayleigh-the-origin-of-a-challenger,chappell roan enneagram,0,1,0.00,8.0
https://9takes.com/personality-analysis/chappell-roan#growing-up-kayleigh-the-origin-of-a-challenger,chappell roan personality,0,1,0.00,10.0
https://9takes.com/personality-analysis/chappell-roan#how-the-music-actually-sounds,chappell roan enneagram,0,1,0.00,8.0
https://9takes.com/personality-analysis/chappell-roan#how-the-music-actually-sounds,chappell roan personality,0,1,0.00,10.0
https://9takes.com/personality-analysis/chappell-roan#strength-everywhere-except-love,chappell roan enneagram,0,1,0.00,8.0
https://9takes.com/personality-analysis/chappell-roan#strength-everywhere-except-love,chappell roan personality,0,1,0.00,10.0
https://9takes.com/personality-analysis/chappell-roan#the-breakthrough-that-almost-didnt-happen,chappell roan enneagram,0,1,0.00,8.0
https://9takes.com/personality-analysis/chappell-roan#the-breakthrough-that-almost-didnt-happen,chappell roan personality,0,1,0.00,10.0
https://9takes.com/personality-analysis/chappell-roan#the-mind-shes-building-in-public,chappell roan personality,0,1,0.00,10.0
https://9takes.com/personality-analysis/chappell-roan#the-mind-that-refuses-to-be-managed,chappell roan enneagram,0,1,0.00,8.0
https://9takes.com/personality-analysis/chappell-roan#the-pre-chappell-years-school-nights-and-the-atlantic-drop,chappell roan personality,0,1,0.00,10.0
https://9takes.com/personality-analysis/chappell-roan#the-wins-that-changed-the-math,chappell roan enneagram,0,1,0.00,8.0
https://9takes.com/personality-analysis/chappell-roan#what-is-chappell-roans-personality-type,chappell roan enneagram,0,1,0.00,8.0
https://9takes.com/personality-analysis/chappell-roan#what-is-chappell-roans-personality-type,chappell roan personality,0,1,0.00,10.0
https://9takes.com/personality-analysis/charli-damelio,"""charli grace d'amelio"" source",0,1,0.00,11.0
https://9takes.com/personality-analysis/charli-damelio,charli d amelio,0,1,0.00,11.0
https://9takes.com/personality-analysis/charli-damelio,charli d'amelio lean,0,1,0.00,9.0
https://9takes.com/personality-analysis/charli-damelio,charli d'amelio personality,0,7,0.00,8.4
https://9takes.com/personality-analysis/charli-damelio,charli d'amelio weight gain story,0,4,0.00,18.0
https://9takes.com/personality-analysis/charli-xcx,about charli xcx,0,1,0.00,45.0
https://9takes.com/personality-analysis/charli-xcx,charli xcx enneagram,0,15,0.00,4.1
https://9takes.com/personality-analysis/charli-xcx,charli xcx genre,0,2,0.00,53.0
https://9takes.com/personality-analysis/charli-xcx,charli xcx iq,0,3,0.00,8.0
https://9takes.com/personality-analysis/charli-xcx,charli xcx mbti,0,7,0.00,2.7
https://9takes.com/personality-analysis/charli-xcx,charli xcx mbti type,0,5,0.00,8.8
https://9takes.com/personality-analysis/charli-xcx,charli xcx meaning,0,5,0.00,55.8
https://9takes.com/personality-analysis/charli-xcx,charli xcx persona,0,3,0.00,14.7
https://9takes.com/personality-analysis/charli-xcx,charli xcx persona who is it about,0,1,0.00,15.0
https://9takes.com/personality-analysis/charli-xcx,charli xcx what does xcx mean,0,1,0.00,54.0
https://9takes.com/personality-analysis/charli-xcx,charlie xcx mbti,0,1,0.00,3.0
https://9takes.com/personality-analysis/charli-xcx,grins charli xcx meaning,0,1,0.00,43.0
https://9takes.com/personality-analysis/charli-xcx,is charli xcx a good person,0,2,0.00,12.0
https://9takes.com/personality-analysis/charli-xcx,is charli xcx a nice person,0,2,0.00,13.5
https://9takes.com/personality-analysis/charli-xcx,is charli xcx mean,0,1,0.00,27.0
https://9takes.com/personality-analysis/charli-xcx,site:9takes.com,0,1,0.00,36.0
https://9takes.com/personality-analysis/charli-xcx,what are charli xcx's core sonic characteristics?,0,3,0.00,13.3
https://9takes.com/personality-analysis/charli-xcx,what does charli xcx mean,0,2,0.00,67.5
https://9takes.com/personality-analysis/charli-xcx,what does charli xcx stand for,0,1,0.00,63.0
https://9takes.com/personality-analysis/charli-xcx,what does xcx mean charli,0,2,0.00,44.0
https://9takes.com/personality-analysis/charli-xcx,what does xcx mean in charli,0,1,0.00,32.0
https://9takes.com/personality-analysis/charli-xcx,what does xcx mean in charli xcx,0,1,0.00,44.0
https://9takes.com/personality-analysis/charli-xcx,what is so i about charli xcx,0,1,0.00,39.0
https://9takes.com/personality-analysis/charli-xcx,who is 7 years by charli xcx about,0,1,0.00,47.0
https://9takes.com/personality-analysis/charli-xcx,who is charli xcx?,0,1,0.00,39.0
https://9takes.com/personality-analysis/charli-xcx,who is charlie xcx,0,1,0.00,48.0
https://9takes.com/personality-analysis/charli-xcx,xcx hamster,0,3,0.00,9.0
https://9takes.com/personality-analysis/charli-xcx,xcx meaning,0,1,0.00,30.0
https://9takes.com/personality-analysis/charli-xcx,xcx meaning charli,0,2,0.00,50.5
https://9takes.com/personality-analysis/charli-xcx#girl-so-confusing,charli xcx mbti type,0,1,0.00,8.0
https://9takes.com/personality-analysis/charli-xcx#girl-so-confusing,charli xcx personality type,0,15,0.00,4.9
https://9takes.com/personality-analysis/charli-xcx#not-cool-enough-for-hilary-duff,charli xcx mbti type,0,1,0.00,8.0
https://9takes.com/personality-analysis/charli-xcx#not-cool-enough-for-hilary-duff,charli xcx personality type,0,21,0.00,5.0
https://9takes.com/personality-analysis/charli-xcx#the-50-page-manifesto,charli xcx mbti type,0,1,0.00,8.0
https://9takes.com/personality-analysis/charli-xcx#the-50-page-manifesto,charli xcx personality type,0,15,0.00,4.9
https://9takes.com/personality-analysis/charli-xcx#the-summer-everyone-turned-green,charli xcx mbti type,0,1,0.00,8.0
https://9takes.com/personality-analysis/charli-xcx#the-summer-everyone-turned-green,charli xcx personality type,0,15,0.00,4.9
https://9takes.com/personality-analysis/charli-xcx#two-half-lives,charli xcx mbti type,0,1,0.00,8.0
https://9takes.com/personality-analysis/charli-xcx#two-half-lives,charli xcx personality type,0,21,0.00,5.0
https://9takes.com/personality-analysis/charli-xcx#what-is-charli-xcxs-personality-type,charli xcx mbti type,0,1,0.00,8.0
https://9takes.com/personality-analysis/charli-xcx#what-is-charli-xcxs-personality-type,charli xcx personality type,0,21,0.00,5.0
https://9takes.com/personality-analysis/charlie-puth,1,0,1,0.00,3.0
https://9takes.com/personality-analysis/charlie-puth,2,0,1,0.00,3.0
https://9takes.com/personality-analysis/charlie-puth,charlie puth ego,0,1,0.00,5.0
https://9takes.com/personality-analysis/charlie-puth,charlie puth ego album,0,1,0.00,28.0
https://9takes.com/personality-analysis/charlie-puth,charlie puth mbti,0,4,0.00,9.5
https://9takes.com/personality-analysis/charlie-puth,charlie puth personality,0,27,0.00,6.9
https://9takes.com/personality-analysis/charlie-puth,charlie puth synesthesia,0,12,0.00,6.8
https://9takes.com/personality-analysis/charlie-puth,charlie puth wife,0,1,0.00,8.0
https://9takes.com/personality-analysis/charlie-puth,does charlie puth have adhd,0,1,0.00,13.0
https://9takes.com/personality-analysis/charlie-puth,does charlie puth have synesthesia,0,14,0.00,8.6
https://9takes.com/personality-analysis/charlie-puth,is charlie puth a creep,0,1,0.00,2.0
https://9takes.com/personality-analysis/charlie-puth,is charlie puth neurodivergent,0,1,0.00,19.0
https://9takes.com/personality-analysis/charlie-puth,popular charlie puth songs,0,1,0.00,9.0
https://9takes.com/personality-analysis/charlie-puth,what does charlie puth have,0,1,0.00,23.0
https://9takes.com/personality-analysis/charlie-puth#creative-originality-an-expression-of-type-4-individualism,charlie puth mbti,0,1,0.00,10.0
https://9takes.com/personality-analysis/charlie-puth#embracing-the-emotions-type-4s-emotional-depth,charlie puth mbti,0,1,0.00,10.0
https://9takes.com/personality-analysis/charlie-puth#how-charlie-puth-went-from-youtube-covers-to-see-you-again,charlie puth personality,0,16,0.00,6.6
https://9takes.com/personality-analysis/charlie-puth#the-05-percent-ear-that-made-charlie-puth-a-target,charlie puth personality,0,15,0.00,6.7
https://9takes.com/personality-analysis/charlie-puth#what-is-charlie-puths-personality-type,charlie puth personality,0,21,0.00,6.7
https://9takes.com/personality-analysis/charlie-puth#why-elton-john-telling-charlie-puth-his-music-sucked-sent-him-back-to-zero,charlie puth personality,0,20,0.00,6.8
https://9takes.com/personality-analysis/chris-hemsworth,"""everyone carries"" ""anger"" ""childhood"" actor interview",0,1,0.00,9.0
https://9takes.com/personality-analysis/chris-hemsworth,"""everyone carries"" ""anger"" ""childhood"" interview actor",0,14,0.00,9.6
https://9takes.com/personality-analysis/chris-hemsworth,chris hemsworth personality,0,8,0.00,17.3
https://9takes.com/personality-analysis/chris-hemsworth,chris hemsworth personality type,0,46,0.00,8.7
https://9takes.com/personality-analysis/chris-hemsworth,luke zocchi net worth,0,1,0.00,44.0
https://9takes.com/personality-analysis/chris-hemsworth,site:9takes.com,0,3,0.00,44.0
https://9takes.com/personality-analysis/christian-bale,christian bale personality,0,21,0.00,6.7
https://9takes.com/personality-analysis/christian-bale,christian bale personality type,0,11,0.00,10.5
https://9takes.com/personality-analysis/christian-bale,how old is christian bale,0,1,0.00,2.0
https://9takes.com/personality-analysis/cillian-murphy,"""man who controls everything"" lyrics band",0,1,0.00,10.0
https://9takes.com/personality-analysis/cillian-murphy,"""the man who controls everything"" lyrics",0,50,0.00,7.7
https://9takes.com/personality-analysis/cillian-murphy,cilian murphy mbti,0,1,0.00,29.0
https://9takes.com/personality-analysis/cillian-murphy,cillian murphy 2004,0,1,0.00,28.0
https://9takes.com/personality-analysis/cillian-murphy,cillian murphy adhd,0,1,0.00,25.0
https://9takes.com/personality-analysis/cillian-murphy,cillian murphy attitude,0,1,0.00,31.0
https://9takes.com/personality-analysis/cillian-murphy,cillian murphy character,0,2,0.00,34.5
https://9takes.com/personality-analysis/cillian-murphy,cillian murphy childhood,0,1,0.00,12.0
https://9takes.com/personality-analysis/cillian-murphy,cillian murphy core,0,2,0.00,9.5
https://9takes.com/personality-analysis/cillian-murphy,cillian murphy enneagram,0,87,0.00,7.1
https://9takes.com/personality-analysis/cillian-murphy,cillian murphy enneagram type,0,6,0.00,9.3
https://9takes.com/personality-analysis/cillian-murphy,cillian murphy fun facts,0,1,0.00,38.0
https://9takes.com/personality-analysis/cillian-murphy,cillian murphy iq,0,5,0.00,12.8
https://9takes.com/personality-analysis/cillian-murphy,cillian murphy jung,0,1,0.00,25.0
https://9takes.com/personality-analysis/cillian-murphy,cillian murphy known for,0,1,0.00,32.0
https://9takes.com/personality-analysis/cillian-murphy,cillian murphy mbti,0,46,0.00,27.8
https://9takes.com/personality-analysis/cillian-murphy,cillian murphy mbti type,0,2,0.00,19.0
https://9takes.com/personality-analysis/cillian-murphy,cillian murphy mental health,0,2,0.00,40.5
https://9takes.com/personality-analysis/cillian-murphy,cillian murphy personality traits,0,3,0.00,11.3
https://9takes.com/personality-analysis/cillian-murphy,cillian murphy private,0,2,0.00,10.5
https://9takes.com/personality-analysis/cillian-murphy,cillian murphy profile,0,3,0.00,23.7
https://9takes.com/personality-analysis/cillian-murphy,cillian murphy side profile,0,1,0.00,22.0
https://9takes.com/personality-analysis/cillian-murphy,how is cillian murphy in real life,0,5,0.00,30.8
https://9takes.com/personality-analysis/cillian-murphy,how to be like cillian murphy,0,2,0.00,42.0
https://9takes.com/personality-analysis/cillian-murphy,is cillian murphy a good actor,0,1,0.00,36.0
https://9takes.com/personality-analysis/cillian-murphy,is cillian murphy a good person,0,6,0.00,16.5
https://9takes.com/personality-analysis/cillian-murphy,is cillian murphy a nice guy,0,7,0.00,19.7
https://9takes.com/personality-analysis/cillian-murphy,is cillian murphy an introvert,0,2,0.00,37.0
https://9takes.com/personality-analysis/cillian-murphy,is cillian murphy depressed,0,1,0.00,28.0
https://9takes.com/personality-analysis/cillian-murphy,is cillian murphy introvert,0,2,0.00,40.5
https://9takes.com/personality-analysis/cillian-murphy,is cillian murphy nice,0,16,0.00,21.7
https://9takes.com/personality-analysis/cillian-murphy,is cillian murphy nice in real life,0,1,0.00,11.0
https://9takes.com/personality-analysis/cillian-murphy,"lyrics ""the man who controls everything""",0,119,0.00,9.3
https://9takes.com/personality-analysis/cillian-murphy,"lyrics ""the man who controls everything"" song",0,33,0.00,10.4
https://9takes.com/personality-analysis/cillian-murphy,site:9takes.com,0,1,0.00,110.0
https://9takes.com/personality-analysis/cillian-murphy,what is cillian murphy known for,0,1,0.00,30.0
https://9takes.com/personality-analysis/cillian-murphy,what is cillian murphy like in real life,0,1,0.00,33.0
https://9takes.com/personality-analysis/cillian-murphy,what personality type is cillian murphy,0,11,0.00,10.9
https://9takes.com/personality-analysis/cillian-murphy,why is cillian murphy so private,0,2,0.00,6.5
https://9takes.com/personality-analysis/cillian-murphy,why is cillian murphy so serious,0,8,0.00,9.4
https://9takes.com/personality-analysis/cillian-murphy,キリアン マーフィー 性格,0,1,0.00,1.0
https://9takes.com/personality-analysis/cillian-murphy,성격,0,1,0.00,11.0
https://9takes.com/personality-analysis/cillian-murphy#cillian-murphys-childhood-in-cork,cillian murphy enneagram,0,8,0.00,11.3
https://9takes.com/personality-analysis/cillian-murphy#cillian-murphys-childhood-in-cork,cillian murphy personality traits,0,2,0.00,11.0
https://9takes.com/personality-analysis/cillian-murphy#cillian-murphys-childhood-in-cork,cillian murphy personality type,0,34,0.00,11.0
https://9takes.com/personality-analysis/cillian-murphy#cillian-murphys-childhood-in-cork,what personality type is cillian murphy,0,2,0.00,11.5
https://9takes.com/personality-analysis/cillian-murphy#how-cillian-murphy-became-a-leading-man,cillian murphy enneagram,0,9,0.00,11.2
https://9takes.com/personality-analysis/cillian-murphy#how-cillian-murphy-became-a-leading-man,cillian murphy personality traits,0,2,0.00,11.0
https://9takes.com/personality-analysis/cillian-murphy#how-cillian-murphy-became-a-leading-man,cillian murphy personality type,0,40,0.00,11.1
https://9takes.com/personality-analysis/cillian-murphy#how-cillian-murphy-became-a-leading-man,what personality type is cillian murphy,0,2,0.00,11.5
https://9takes.com/personality-analysis/cillian-murphy#the-summer-everything-changed,cillian murphy enneagram,0,8,0.00,11.3
https://9takes.com/personality-analysis/cillian-murphy#the-summer-everything-changed,cillian murphy personality traits,0,2,0.00,11.0
https://9takes.com/personality-analysis/cillian-murphy#the-summer-everything-changed,cillian murphy personality type,0,34,0.00,11.0
https://9takes.com/personality-analysis/cillian-murphy#the-summer-everything-changed,what personality type is cillian murphy,0,3,0.00,10.3
https://9takes.com/personality-analysis/cillian-murphy#what-is-cillian-murphys-personality-type,cillian murphy enneagram,0,9,0.00,11.2
https://9takes.com/personality-analysis/cillian-murphy#what-is-cillian-murphys-personality-type,cillian murphy personality traits,0,2,0.00,11.0
https://9takes.com/personality-analysis/cillian-murphy#what-is-cillian-murphys-personality-type,cillian murphy personality type,0,40,0.00,11.1
https://9takes.com/personality-analysis/cillian-murphy#what-is-cillian-murphys-personality-type,what personality type is cillian murphy,0,3,0.00,10.3
https://9takes.com/personality-analysis/cillian-murphy#why-cillian-murphy-is-so-private,cillian murphy enneagram,0,8,0.00,11.3
https://9takes.com/personality-analysis/cillian-murphy#why-cillian-murphy-is-so-private,cillian murphy personality traits,0,2,0.00,11.0
https://9takes.com/personality-analysis/cillian-murphy#why-cillian-murphy-is-so-private,cillian murphy personality type,0,34,0.00,11.0
https://9takes.com/personality-analysis/cillian-murphy#why-cillian-murphy-is-so-private,what personality type is cillian murphy,0,2,0.00,11.5
https://9takes.com/personality-analysis/clavicular,braden peters infertile,0,1,0.00,50.0
https://9takes.com/personality-analysis/clavicular,clavicular analysis,0,1,0.00,10.0
https://9takes.com/personality-analysis/clavicular,clavicular artist,0,1,0.00,17.0
https://9takes.com/personality-analysis/clavicular,clavicular before ascension,0,3,0.00,11.3
https://9takes.com/personality-analysis/clavicular,clavicular beta blockers,0,14,0.00,6.7
https://9takes.com/personality-analysis/clavicular,clavicular clan twitter,0,1,0.00,28.0
https://9takes.com/personality-analysis/clavicular,clavicular decline,0,1,0.00,30.0
https://9takes.com/personality-analysis/clavicular,clavicular dnp,0,3,0.00,15.7
https://9takes.com/personality-analysis/clavicular,clavicular jd vance,0,1,0.00,32.0
https://9takes.com/personality-analysis/clavicular,clavicular mbti,0,2,0.00,4.5
https://9takes.com/personality-analysis/clavicular,clavicular mbti type,0,1,0.00,9.0
https://9takes.com/personality-analysis/clavicular,clavicular nerfed,0,1,0.00,34.0
https://9takes.com/personality-analysis/clavicular,clavicular notch,0,2,0.00,60.5
https://9takes.com/personality-analysis/clavicular,clavicular old forum posts,0,1,0.00,20.0
https://9takes.com/personality-analysis/clavicular,clavicular personality,0,15,0.00,11.1
https://9takes.com/personality-analysis/clavicular,clavicular personality type,0,107,0.00,6.1
https://9takes.com/personality-analysis/clavicular,clavicular phenotype,0,2,0.00,14.5
https://9takes.com/personality-analysis/clavicular,clavicular progression,0,1,0.00,10.0
https://9takes.com/personality-analysis/clavicular,clavicular psychology,0,1,0.00,75.0
https://9takes.com/personality-analysis/clavicular,clavicular rate,0,1,0.00,7.0
https://9takes.com/personality-analysis/clavicular,clavicular side profile,0,2,0.00,9.0
https://9takes.com/personality-analysis/clavicular,clavicular stack,0,1,0.00,16.0
https://9takes.com/personality-analysis/clavicular,clavicular stream,0,1,0.00,117.0
https://9takes.com/personality-analysis/clavicular,clavicular subhuman,0,1,0.00,11.0
https://9takes.com/personality-analysis/clavicular,clavicular twitter or x.com,0,1,0.00,11.0
https://9takes.com/personality-analysis/clavicular,clavicular type,0,5,0.00,9.4
https://9takes.com/personality-analysis/clavicular,clavicular wiki,0,12,0.00,11.0
https://9takes.com/personality-analysis/clavicular,does clavicular have adhd,0,2,0.00,6.0
https://9takes.com/personality-analysis/clavicular,how smart is clavicular,0,1,0.00,8.0
https://9takes.com/personality-analysis/clavicular,is clavicular htn,0,1,0.00,6.0
https://9takes.com/personality-analysis/clavicular,is clavicular mentally ill,0,1,0.00,8.0
https://9takes.com/personality-analysis/clavicular,is clavicular neurotypical,0,2,0.00,9.5
https://9takes.com/personality-analysis/clavicular,jd vance clavicular,0,1,0.00,25.0
https://9takes.com/personality-analysis/clavicular,jenny popach forum,0,1,0.00,31.0
https://9takes.com/personality-analysis/clavicular,mid clavicular line,0,1,0.00,42.0
https://9takes.com/personality-analysis/clavicular,recessed side profile jd vance,0,1,0.00,48.0
https://9takes.com/personality-analysis/clavicular,site:9takes.com,0,2,0.00,14.5
https://9takes.com/personality-analysis/clavicular,subhuman clavicular,0,3,0.00,8.7
https://9takes.com/personality-analysis/clavicular,what are recessed clavicles,0,1,0.00,11.0
https://9takes.com/personality-analysis/clavicular,why is clavicle called clavicular,0,1,0.00,20.0
https://9takes.com/personality-analysis/clavicular,why is clavicular so weak,0,1,0.00,18.0
https://9takes.com/personality-analysis/clavicular#every-drug-clavicular-takes-mdash-and-what-each-one-does-to-him,clavicular mbti type,0,1,0.00,9.0
https://9takes.com/personality-analysis/clavicular#every-drug-clavicular-takes-mdash-and-what-each-one-does-to-him,clavicular personality type,0,77,0.00,6.0
https://9takes.com/personality-analysis/clavicular#nothing-they-could-do-to-stop-my-ascension,clavicular mbti type,0,1,0.00,9.0
https://9takes.com/personality-analysis/clavicular#nothing-they-could-do-to-stop-my-ascension,clavicular personality type,0,77,0.00,6.0
https://9takes.com/personality-analysis/clavicular#the-boy-before-the-bone,clavicular mbti type,0,1,0.00,9.0
https://9takes.com/personality-analysis/clavicular#the-boy-before-the-bone,clavicular personality type,0,77,0.00,6.0
https://9takes.com/personality-analysis/clavicular#what-is-claviculars-personality-type,clavicular mbti type,0,1,0.00,9.0
https://9takes.com/personality-analysis/clavicular#what-is-claviculars-personality-type,clavicular personality type,0,92,0.00,5.9
https://9takes.com/personality-analysis/clavicular#why-clavicular-doesnt-want-sex-anymore,clavicular mbti type,0,1,0.00,9.0
https://9takes.com/personality-analysis/clavicular#why-clavicular-doesnt-want-sex-anymore,clavicular personality type,0,92,0.00,5.9
https://9takes.com/personality-analysis/clavicular#why-clavicular-named-himself-after-a-bone,clavicular mbti type,0,1,0.00,9.0
https://9takes.com/personality-analysis/clavicular#why-clavicular-named-himself-after-a-bone,clavicular personality type,0,92,0.00,5.9
https://9takes.com/personality-analysis/conan-obrien,conan o'brien personality,0,12,0.00,6.8
https://9takes.com/personality-analysis/conan-obrien,conan o'brien profile,0,1,0.00,82.0
https://9takes.com/personality-analysis/conan-obrien,is conan o brien a good person,0,6,0.00,11.2
https://9takes.com/personality-analysis/conan-obrien,is conan o'brien a good person,0,5,0.00,9.6
https://9takes.com/personality-analysis/conan-obrien,is conan obrien smart,0,2,0.00,9.0
https://9takes.com/personality-analysis/conor-mcgregor,"""made his ufc debut"" ""november"" ""born"" 1988",0,1,0.00,11.0
https://9takes.com/personality-analysis/corinna-kopf,corinna kopf high school,0,4,0.00,1.0
https://9takes.com/personality-analysis/corinna-kopf,corrina kopf,0,1,0.00,2.0
https://9takes.com/personality-analysis/corinna-kopf,how did he die,0,1,0.00,7.0
https://9takes.com/personality-analysis/cristiano-ronaldo,cristiano ronaldo enneagram type,0,2,0.00,9.0
https://9takes.com/personality-analysis/cristiano-ronaldo,cristiano ronaldo personality,0,1,0.00,16.0
https://9takes.com/personality-analysis/cristiano-ronaldo,cristiano ronaldo personality type,0,3,0.00,12.3
https://9takes.com/personality-analysis/cristiano-ronaldo,ronaldo personality,0,6,0.00,22.3
https://9takes.com/personality-analysis/cristiano-ronaldo,ronaldo personality type,0,1,0.00,12.0
https://9takes.com/personality-analysis/cristiano-ronaldo,site:9takes.com,0,2,0.00,23.0
https://9takes.com/personality-analysis/dalton-caldwell,dalton caldwell,0,2,0.00,6.0
https://9takes.com/personality-analysis/dalton-caldwell,dalton caldwell net worth,0,9,0.00,17.8
https://9takes.com/personality-analysis/dalton-caldwell,site:9takes.com,0,3,0.00,25.0
https://9takes.com/personality-analysis/dario-amodei,"""dario amodei"" ""girlfriend""",0,2,0.00,6.5
https://9takes.com/personality-analysis/dario-amodei,"""dario amodei"" ""girlfriend"" ""wife""",0,6,0.00,7.5
https://9takes.com/personality-analysis/dario-amodei,"""dario amodei"" ""jade wang""",0,47,0.00,8.1
https://9takes.com/personality-analysis/dario-amodei,"""jade wang"" ""dario amodei""",0,25,0.00,9.2
https://9takes.com/personality-analysis/dario-amodei,"""jade wang"" dario amodei",0,30,0.00,7.4
https://9takes.com/personality-analysis/dario-amodei,anthropic的,0,1,0.00,4.0
https://9takes.com/personality-analysis/dario-amodei,dario amodei chinese girlfriend,0,1,0.00,11.0
https://9takes.com/personality-analysis/dario-amodei,dario amodei ex-girlfriend jade wang,0,2,0.00,5.5
https://9takes.com/personality-analysis/dario-amodei,dario amodei father,0,10,0.00,6.6
https://9takes.com/personality-analysis/dario-amodei,dario amodei father death illness,0,1,0.00,8.0
https://9takes.com/personality-analysis/dario-amodei,dario amodei girlfriend jade wang,0,9,0.00,7.1
https://9takes.com/personality-analysis/dario-amodei,dario amodei holden karnofsky,0,1,0.00,33.0
https://9takes.com/personality-analysis/dario-amodei,dario amodei jade wang,0,29,0.00,5.6
https://9takes.com/personality-analysis/dario-amodei,dario amodei jewish?,0,1,0.00,29.0
https://9takes.com/personality-analysis/dario-amodei,dario amodei kids,0,1,0.00,1.0
https://9takes.com/personality-analysis/dario-amodei,dario amodei mbti,0,14,0.00,4.0
https://9takes.com/personality-analysis/dario-amodei,dario amodei mbti personality type,0,1,0.00,8.0
https://9takes.com/personality-analysis/dario-amodei,dario amodei mbti type,0,1,0.00,1.0
https://9takes.com/personality-analysis/dario-amodei,dario amodei mental health,0,1,0.00,30.0
https://9takes.com/personality-analysis/dario-amodei,dario amodei personality,0,16,0.00,12.2
https://9takes.com/personality-analysis/dario-amodei,dario amodei personality interests,0,1,0.00,8.0
https://9takes.com/personality-analysis/dario-amodei,dario amodei personality traits,0,1,0.00,11.0
https://9takes.com/personality-analysis/dario-amodei,dario amodei sexual orientation,0,2,0.00,10.5
https://9takes.com/personality-analysis/dario-amodei,dario amodei sexual orientation or gay or partner or wife or husband,0,1,0.00,1.0
https://9takes.com/personality-analysis/dario-amodei,does dario amodei have autism,0,1,0.00,35.0
https://9takes.com/personality-analysis/dario-amodei,io non ci credo,0,1,0.00,11.0
https://9takes.com/personality-analysis/dario-amodei,jade wang dario,0,27,0.00,8.9
https://9takes.com/personality-analysis/dario-amodei,riccardo amodei illness,0,9,0.00,12.1
https://9takes.com/personality-analysis/dario-amodei,riccardo amodei leather,0,1,0.00,20.0
https://9takes.com/personality-analysis/dario-amodei#a-boy-who-trusted-numbers,dario amodei ex girlfriend,0,6,0.00,6.8
https://9takes.com/personality-analysis/dario-amodei#a-boy-who-trusted-numbers,dario amodei girlfriend,0,2,0.00,11.0
https://9takes.com/personality-analysis/dario-amodei#a-boy-who-trusted-numbers,jade wang dario amodei,0,11,0.00,8.7
https://9takes.com/personality-analysis/dario-amodei#fourteen-people-followed-him-out-the-door,dario amodei ex girlfriend,0,6,0.00,6.8
https://9takes.com/personality-analysis/dario-amodei#fourteen-people-followed-him-out-the-door,dario amodei girlfriend,0,5,0.00,10.8
https://9takes.com/personality-analysis/dario-amodei#fourteen-people-followed-him-out-the-door,jade wang dario amodei,0,14,0.00,9.0
https://9takes.com/personality-analysis/dario-amodei#the-four-year-gap,dario amodei ex girlfriend,0,6,0.00,6.8
https://9takes.com/personality-analysis/dario-amodei#the-four-year-gap,dario amodei girlfriend,0,5,0.00,10.8
https://9takes.com/personality-analysis/dario-amodei#the-four-year-gap,jade wang dario amodei,0,14,0.00,9.0
https://9takes.com/personality-analysis/dario-amodei#the-most-talented-graduate-student,dario amodei ex girlfriend,0,6,0.00,6.8
https://9takes.com/personality-analysis/dario-amodei#the-most-talented-graduate-student,dario amodei girlfriend,0,2,0.00,11.0
https://9takes.com/personality-analysis/dario-amodei#the-most-talented-graduate-student,jade wang dario amodei,0,11,0.00,8.7
https://9takes.com/personality-analysis/dario-amodei#what-is-dario-amodeis-personality-type,dario amodei ex girlfriend,0,6,0.00,6.8
https://9takes.com/personality-analysis/dario-amodei#what-is-dario-amodeis-personality-type,dario amodei girlfriend,0,5,0.00,10.8
https://9takes.com/personality-analysis/dario-amodei#what-is-dario-amodeis-personality-type,jade wang dario amodei,0,14,0.00,9.0
https://9takes.com/personality-analysis/dave-portnoy,barstool sports,0,2,0.00,3.5
https://9takes.com/personality-analysis/dave-portnoy,"dave ""el pres"" portnoy",0,1,0.00,49.0
https://9takes.com/personality-analysis/dave-portnoy,dave portnoy,0,1,0.00,3.0
https://9takes.com/personality-analysis/dave-portnoy,dave portnoy business insider,0,1,0.00,85.0
https://9takes.com/personality-analysis/dave-portnoy,dave portnoy is an asshole,0,1,0.00,6.0
https://9takes.com/personality-analysis/dave-portnoy,dave portnoy net worth,0,3,0.00,2.0
https://9takes.com/personality-analysis/dave-portnoy,dave portnoy personality,0,5,0.00,10.0
https://9takes.com/personality-analysis/dave-portnoy,dave portnoy what does he do,0,1,0.00,35.0
https://9takes.com/personality-analysis/dave-portnoy,david portnoy,0,1,0.00,3.0
https://9takes.com/personality-analysis/dave-portnoy,david portnoy net worth 2026,0,1,0.00,3.0
https://9takes.com/personality-analysis/dave-portnoy,is dave portnoy a good guy,0,1,0.00,26.0
https://9takes.com/personality-analysis/dave-portnoy,site:9takes.com,0,1,0.00,43.0
https://9takes.com/personality-analysis/dave-portnoy,what does david portnoy do,0,1,0.00,47.0
https://9takes.com/personality-analysis/dave-portnoy,what is dave portnoy known for,0,1,0.00,64.0
https://9takes.com/personality-analysis/david-corenswet,david corenswet family,0,1,0.00,46.0
https://9takes.com/personality-analysis/david-friedberg,albert friedberg,0,4,0.00,28.5
https://9takes.com/personality-analysis/david-friedberg,all in friedberg,0,1,0.00,45.0
https://9takes.com/personality-analysis/david-friedberg,allison broude friedberg,0,2,0.00,12.5
https://9takes.com/personality-analysis/david-friedberg,dave friedberg,0,5,0.00,34.0
https://9takes.com/personality-analysis/david-friedberg,david freidberg,0,3,0.00,40.7
https://9takes.com/personality-analysis/david-friedberg,david freidburg,0,1,0.00,44.0
https://9takes.com/personality-analysis/david-friedberg,david fridberg,0,1,0.00,38.0
https://9takes.com/personality-analysis/david-friedberg,david friedberg age,0,2,0.00,33.0
https://9takes.com/personality-analysis/david-friedberg,david friedberg arma,0,15,0.00,33.7
https://9takes.com/personality-analysis/david-friedberg,david friedberg children,0,13,0.00,12.0
https://9takes.com/personality-analysis/david-friedberg,david friedberg company,0,1,0.00,44.0
https://9takes.com/personality-analysis/david-friedberg,david friedberg education,0,5,0.00,19.6
https://9takes.com/personality-analysis/david-friedberg,david friedberg family,0,4,0.00,22.5
https://9takes.com/personality-analysis/david-friedberg,david friedberg house,0,1,0.00,21.0
https://9takes.com/personality-analysis/david-friedberg,david friedberg kids,0,4,0.00,21.0
https://9takes.com/personality-analysis/david-friedberg,david friedberg married,0,3,0.00,10.7
https://9takes.com/personality-analysis/david-friedberg,david friedberg net worth,0,7,0.00,29.6
https://9takes.com/personality-analysis/david-friedberg,david friedberg net worth 2025,0,1,0.00,18.0
https://9takes.com/personality-analysis/david-friedberg,david friedberg ohalo,0,2,0.00,64.0
https://9takes.com/personality-analysis/david-friedberg,david friedberg science corner,0,1,0.00,10.0
https://9takes.com/personality-analysis/david-friedberg,david friedberg spouse,0,1,0.00,10.0
https://9takes.com/personality-analysis/david-friedberg,david friedberg the climate corporation,0,1,0.00,40.0
https://9takes.com/personality-analysis/david-friedberg,david friedberg the production board,0,1,0.00,43.0
https://9takes.com/personality-analysis/david-friedberg,david friedberg where does he live,0,1,0.00,26.0
https://9takes.com/personality-analysis/david-friedberg,david friedberg wife age,0,1,0.00,9.0
https://9takes.com/personality-analysis/david-friedberg,david friedberg wife and kids,0,19,0.00,10.2
https://9takes.com/personality-analysis/david-friedberg,david friedberg wife angela,0,5,0.00,8.4
https://9takes.com/personality-analysis/david-friedberg,david friedberg wikipedia,0,2,0.00,14.5
https://9takes.com/personality-analysis/david-friedberg,david friedberg young,0,1,0.00,37.0
https://9takes.com/personality-analysis/david-friedberg,david friedberg.,0,2,0.00,38.5
https://9takes.com/personality-analysis/david-friedberg,davidbfriedberg arma,0,4,0.00,18.8
https://9takes.com/personality-analysis/david-friedberg,davidfriedberg arma,0,16,0.00,27.1
https://9takes.com/personality-analysis/david-friedberg,friedberg,0,3,0.00,44.7
https://9takes.com/personality-analysis/david-friedberg,friedberg all in,0,1,0.00,37.0
https://9takes.com/personality-analysis/david-friedberg,how old is david friedberg,0,1,0.00,31.0
https://9takes.com/personality-analysis/david-friedberg,is david friedberg jewish,0,2,0.00,18.5
https://9takes.com/personality-analysis/david-friedberg,is david friedberg married,0,10,0.00,7.6
https://9takes.com/personality-analysis/david-friedberg,monsanto climate corp ceo,0,4,0.00,35.5
https://9takes.com/personality-analysis/david-friedberg,ohalo david friedberg,0,2,0.00,64.5
https://9takes.com/personality-analysis/david-friedberg,suche quellen,0,1,0.00,2.0
https://9takes.com/personality-analysis/david-friedberg,sultan of science,0,1,0.00,1.0
https://9takes.com/personality-analysis/david-friedberg,where is david friedberg from,0,1,0.00,38.0
https://9takes.com/personality-analysis/david-friedberg,where was david friedberg born,0,16,0.00,10.1
https://9takes.com/personality-analysis/david-friedberg,who is david friedberg,0,2,0.00,42.0
https://9takes.com/personality-analysis/david-friedberg#cape-town-to-los-angeles-with-nothing,david friedberg married,0,2,0.00,10.0
https://9takes.com/personality-analysis/david-friedberg#cape-town-to-los-angeles-with-nothing,david friedberg wife,0,178,0.00,6.8
https://9takes.com/personality-analysis/david-friedberg#cape-town-to-los-angeles-with-nothing,david friedberg wife age,0,1,0.00,9.0
https://9takes.com/personality-analysis/david-friedberg#cape-town-to-los-angeles-with-nothing,david friedberg wife and kids,0,16,0.00,10.6
https://9takes.com/personality-analysis/david-friedberg#cape-town-to-los-angeles-with-nothing,is david friedberg married,0,9,0.00,7.2
https://9takes.com/personality-analysis/david-friedberg#the-11-billion-education-in-humility,david friedberg married,0,2,0.00,10.0
https://9takes.com/personality-analysis/david-friedberg#the-11-billion-education-in-humility,david friedberg wife,0,82,0.00,6.8
https://9takes.com/personality-analysis/david-friedberg#the-11-billion-education-in-humility,david friedberg wife age,0,1,0.00,9.0
https://9takes.com/personality-analysis/david-friedberg#the-11-billion-education-in-humility,david friedberg wife and kids,0,14,0.00,10.6
https://9takes.com/personality-analysis/david-friedberg#the-11-billion-education-in-humility,is david friedberg married,0,3,0.00,6.3
https://9takes.com/personality-analysis/david-friedberg#the-astrophysicist-in-the-card-room,allison broude friedberg,0,1,0.00,10.0
https://9takes.com/personality-analysis/david-friedberg#the-astrophysicist-in-the-card-room,david friedberg married,0,2,0.00,10.0
https://9takes.com/personality-analysis/david-friedberg#the-astrophysicist-in-the-card-room,david friedberg wife,0,82,0.00,6.8
https://9takes.com/personality-analysis/david-friedberg#the-astrophysicist-in-the-card-room,david friedberg wife age,0,1,0.00,9.0
https://9takes.com/personality-analysis/david-friedberg#the-astrophysicist-in-the-card-room,david friedberg wife and kids,0,14,0.00,10.6
https://9takes.com/personality-analysis/david-friedberg#the-astrophysicist-in-the-card-room,is david friedberg married,0,3,0.00,6.3
https://9takes.com/personality-analysis/david-friedberg#watching-the-bike-hut-disappear,david friedberg married,0,2,0.00,10.0
https://9takes.com/personality-analysis/david-friedberg#watching-the-bike-hut-disappear,david friedberg wife,0,82,0.00,6.8
https://9takes.com/personality-analysis/david-friedberg#watching-the-bike-hut-disappear,david friedberg wife age,0,1,0.00,9.0
https://9takes.com/personality-analysis/david-friedberg#watching-the-bike-hut-disappear,david friedberg wife and kids,0,14,0.00,10.6
https://9takes.com/personality-analysis/david-friedberg#watching-the-bike-hut-disappear,is david friedberg married,0,3,0.00,6.3
https://9takes.com/personality-analysis/david-friedberg#what-is-david-friedbergs-personality-type,allison broude friedberg,0,1,0.00,10.0
https://9takes.com/personality-analysis/david-friedberg#what-is-david-friedbergs-personality-type,david friedberg married,0,2,0.00,10.0
https://9takes.com/personality-analysis/david-friedberg#what-is-david-friedbergs-personality-type,david friedberg wife,0,178,0.00,6.8
https://9takes.com/personality-analysis/david-friedberg#what-is-david-friedbergs-personality-type,david friedberg wife age,0,1,0.00,9.0
https://9takes.com/personality-analysis/david-friedberg#what-is-david-friedbergs-personality-type,david friedberg wife and kids,0,16,0.00,10.6
https://9takes.com/personality-analysis/david-friedberg#what-is-david-friedbergs-personality-type,is david friedberg married,0,9,0.00,7.2
https://9takes.com/personality-analysis/david-goggins,david goggins,0,1,0.00,3.0
https://9takes.com/personality-analysis/david-goggins,david goggins asvab score,0,7,0.00,9.1
https://9takes.com/personality-analysis/david-goggins,david goggins childhood home,0,1,0.00,3.0
https://9takes.com/personality-analysis/david-goggins,david goggins mbti,0,1,0.00,11.0
https://9takes.com/personality-analysis/david-goggins,david goggins mbti type,0,15,0.00,8.6
https://9takes.com/personality-analysis/david-goggins,"david goggins nickname ""the governor""",0,8,0.00,10.9
https://9takes.com/personality-analysis/david-goggins,david goggins pararescue,0,2,0.00,1.5
https://9takes.com/personality-analysis/david-goggins,david goggins personality,0,60,0.00,9.4
https://9takes.com/personality-analysis/david-goggins,david goggins personality traits,0,14,0.00,4.2
https://9takes.com/personality-analysis/david-goggins,david goggins personality type,0,93,0.00,6.6
https://9takes.com/personality-analysis/david-goggins,ja,0,1,0.00,5.0
https://9takes.com/personality-analysis/david-goggins,jennifer kish david goggins,0,1,0.00,22.0
https://9takes.com/personality-analysis/david-goggins,joe burns navy seal david goggins,0,2,0.00,11.5
https://9takes.com/personality-analysis/david-goggins,site:9takes.com,0,2,0.00,8.0
https://9takes.com/personality-analysis/david-goggins,ديفد,0,1,0.00,5.0
https://9takes.com/personality-analysis/david-sacks,"david sacks ""rain man"" all-in podcast",0,2,0.00,10.0
https://9takes.com/personality-analysis/david-sacks,david sacks grandfather candy factory,0,1,0.00,10.0
https://9takes.com/personality-analysis/david-sacks,jacqueline tortorice saint haven,0,2,0.00,10.0
https://9takes.com/personality-analysis/david-sacks,jacqueline tortorice saint haven founder,0,2,0.00,8.0
https://9takes.com/personality-analysis/david-sacks,"naval ravikant ""david sacks"" ""best product strategist""",0,2,0.00,7.5
https://9takes.com/personality-analysis/david-sacks,"naval ravikant ""david sacks"" ""product strategist"" or ""best product""",0,1,0.00,10.0
https://9takes.com/personality-analysis/david-sacks,rain man david sacks,0,5,0.00,16.0
https://9takes.com/personality-analysis/david-sacks,site:9takes.com,0,1,0.00,127.0
https://9takes.com/personality-analysis/denzel-washington,denzel washington personality,0,112,0.00,9.7
https://9takes.com/personality-analysis/denzel-washington,denzel washington personality type,0,71,0.00,8.0
https://9takes.com/personality-analysis/denzel-washington,denzel washington?,0,1,0.00,3.0
https://9takes.com/personality-analysis/denzel-washington,is denzel washington a nice guy,0,1,0.00,2.0
https://9takes.com/personality-analysis/denzel-washington,site:9takes.com,0,1,0.00,136.0
https://9takes.com/personality-analysis/denzel-washington,what does equalizer mean,0,1,0.00,2.0
https://9takes.com/personality-analysis/denzel-washington,どんな性格？,0,1,0.00,9.0
https://9takes.com/personality-analysis/dixie-d'amelio,is dixie older than charli,0,1,0.00,9.0
https://9takes.com/personality-analysis/doechii,"""journal entries"" ""debut ep"" ""one word""",0,2,0.00,10.5
https://9takes.com/personality-analysis/doechii,"""one word"" ""?"" ""debut ep"" ""journal entries""",0,5,0.00,10.6
https://9takes.com/personality-analysis/doechii,doechii lesbian,0,1,0.00,5.0
https://9takes.com/personality-analysis/doechii,doechii mbti,0,14,0.00,8.6
https://9takes.com/personality-analysis/doechii,doechii personality,0,23,0.00,6.5
https://9takes.com/personality-analysis/doechii,doechii personality type,0,7,0.00,6.1
https://9takes.com/personality-analysis/doechii,does doechii smoke weed,0,1,0.00,25.0
https://9takes.com/personality-analysis/doechii,site:9takes.com,0,3,0.00,24.0
https://9takes.com/personality-analysis/doechii,thom browne doechii,0,1,0.00,2.0
https://9takes.com/personality-analysis/doechii,what does doechii mean,0,1,0.00,41.0
https://9takes.com/personality-analysis/donald-trump,donald trump enneagram,0,2,0.00,21.0
https://9takes.com/personality-analysis/donald-trump,donald trump enneagram type,0,5,0.00,20.2
https://9takes.com/personality-analysis/donald-trump,donald trump enneagram type consensus,0,1,0.00,18.0
https://9takes.com/personality-analysis/donald-trump,donald trump myers briggs,0,2,0.00,32.0
https://9takes.com/personality-analysis/donald-trump,donald trump personality type,0,10,0.00,38.2
https://9takes.com/personality-analysis/donald-trump,donald trump personality type 2025,0,2,0.00,95.5
https://9takes.com/personality-analysis/donald-trump,enneagram trump,0,2,0.00,25.0
https://9takes.com/personality-analysis/donald-trump,site:9takes.com,0,1,0.00,130.0
https://9takes.com/personality-analysis/donald-trump,trump,0,1,0.00,9.0
https://9takes.com/personality-analysis/donald-trump,trump enneagram,0,1,0.00,28.0
https://9takes.com/personality-analysis/donald-trump,what enneagram is donald trump,0,1,0.00,26.0
https://9takes.com/personality-analysis/donald-trump,what enneagram is trump,0,2,0.00,29.0
https://9takes.com/personality-analysis/donald-trump,what enneagram type is donald trump,0,1,0.00,24.0
https://9takes.com/personality-analysis/donald-trump,what is donald trump's personality type,0,1,0.00,41.0
https://9takes.com/personality-analysis/drake,drake character traits,0,4,0.00,11.8
https://9takes.com/personality-analysis/drake,drake characteristics,0,4,0.00,11.3
https://9takes.com/personality-analysis/drake,drake personality,0,5,0.00,7.8
https://9takes.com/personality-analysis/drake,drake personality traits,0,6,0.00,7.0
https://9takes.com/personality-analysis/drake,drake personality type,0,31,0.00,9.3
https://9takes.com/personality-analysis/drake,drake's personality,0,2,0.00,9.5
https://9takes.com/personality-analysis/drake,what is drake's personality,0,14,0.00,12.6
https://9takes.com/personality-analysis/drake,why ain,0,1,0.00,13.0
https://9takes.com/personality-analysis/drake#ovo-and-the-loyalty-problem,drake character traits,0,1,0.00,12.0
https://9takes.com/personality-analysis/drake#ovo-and-the-loyalty-problem,drake personality,0,2,0.00,10.5
https://9takes.com/personality-analysis/drake#ovo-and-the-loyalty-problem,drake personality type,0,10,0.00,10.6
https://9takes.com/personality-analysis/drake#ovo-and-the-loyalty-problem,what is drake's personality,0,9,0.00,11.8
https://9takes.com/personality-analysis/drake#the-chameleon-question,drake personality,0,1,0.00,10.0
https://9takes.com/personality-analysis/drake#the-chameleon-question,drake personality type,0,6,0.00,10.7
https://9takes.com/personality-analysis/drake#the-chameleon-question,what is drake's personality,0,6,0.00,11.7
https://9takes.com/personality-analysis/drake#the-making-of-an-achiever-drakes-origin-story,drake character traits,0,1,0.00,12.0
https://9takes.com/personality-analysis/drake#the-making-of-an-achiever-drakes-origin-story,drake personality,0,2,0.00,10.5
https://9takes.com/personality-analysis/drake#the-making-of-an-achiever-drakes-origin-story,drake personality type,0,11,0.00,10.5
https://9takes.com/personality-analysis/drake#the-making-of-an-achiever-drakes-origin-story,what is drake's personality,0,10,0.00,11.7
https://9takes.com/personality-analysis/drake#the-success-addiction,drake personality,0,1,0.00,10.0
https://9takes.com/personality-analysis/drake#the-success-addiction,drake personality type,0,5,0.00,11.0
https://9takes.com/personality-analysis/drake#the-success-addiction,what is drake's personality,0,5,0.00,11.8
https://9takes.com/personality-analysis/drake#the-vulnerability-paradox-that-changed-hip-hop,drake personality,0,1,0.00,10.0
https://9takes.com/personality-analysis/drake#the-vulnerability-paradox-that-changed-hip-hop,drake personality type,0,5,0.00,11.0
https://9takes.com/personality-analysis/drake#the-vulnerability-paradox-that-changed-hip-hop,what is drake's personality,0,5,0.00,11.8
https://9takes.com/personality-analysis/druski,captain david mclain desbordes,0,12,0.00,9.1
https://9takes.com/personality-analysis/druski,cheryl desbordes,0,3,0.00,61.0
https://9takes.com/personality-analysis/druski,cheryl desbordes druski,0,1,0.00,11.0
https://9takes.com/personality-analysis/druski,david desbordes druski dad,0,1,0.00,11.0
https://9takes.com/personality-analysis/druski,david mclain desbordes druski,0,23,0.00,9.6
https://9takes.com/personality-analysis/druski,david mclain desbordes druski dad,0,2,0.00,9.0
https://9takes.com/personality-analysis/druski,did druski graduate high school,0,1,0.00,20.0
https://9takes.com/personality-analysis/druski,druski dad,0,1,0.00,1.0
https://9takes.com/personality-analysis/druski,druski degree,0,2,0.00,9.5
https://9takes.com/personality-analysis/druski,druski depression,0,43,0.00,8.7
https://9takes.com/personality-analysis/druski,druski education,0,5,0.00,9.6
https://9takes.com/personality-analysis/druski,druski mbti,0,7,0.00,5.0
https://9takes.com/personality-analysis/druski,druski personality type,0,55,0.00,4.3
https://9takes.com/personality-analysis/druski,druski phone number,0,1,0.00,28.0
https://9takes.com/personality-analysis/druski,druski wiki,0,1,0.00,24.0
https://9takes.com/personality-analysis/druski,facts about druski,0,1,0.00,58.0
https://9takes.com/personality-analysis/druski,how does druski's comedy navigate sensitive topics?,0,3,0.00,5.7
https://9takes.com/personality-analysis/druski,how does druski's humor incorporate celebrity culture?,0,33,0.00,9.0
https://9takes.com/personality-analysis/druski,how is druski,0,1,0.00,17.0
https://9takes.com/personality-analysis/druski,is druski a good person,0,40,0.00,8.1
https://9takes.com/personality-analysis/druski,is druski a nice guy,0,1,0.00,6.0
https://9takes.com/personality-analysis/druski,is druski nice,0,1,0.00,9.0
https://9takes.com/personality-analysis/druski,site:9takes.com,0,4,0.00,21.3
https://9takes.com/personality-analysis/druski,what are the key elements of druski's comedic style?,0,13,0.00,8.2
https://9takes.com/personality-analysis/druski,what do you mean by that druski,0,3,0.00,43.0
https://9takes.com/personality-analysis/druski,what you mean by that druski,0,1,0.00,47.0
https://9takes.com/personality-analysis/druski,what's wrong with drewski,0,1,0.00,9.0
https://9takes.com/personality-analysis/druski,when did druski graduate high school,0,1,0.00,10.0
https://9takes.com/personality-analysis/druski,where did druski come from,0,1,0.00,16.0
https://9takes.com/personality-analysis/druski,why is druski everywhere,0,1,0.00,32.0
https://9takes.com/personality-analysis/druski,why is druski in everything,0,1,0.00,11.0
https://9takes.com/personality-analysis/druski#how-big-boss-energy-got-him-into-hip-hops-inner-circle,david mclain desbordes druski,0,10,0.00,10.8
https://9takes.com/personality-analysis/druski#how-big-boss-energy-got-him-into-hip-hops-inner-circle,druski depression,0,12,0.00,9.4
https://9takes.com/personality-analysis/druski#how-big-boss-energy-got-him-into-hip-hops-inner-circle,druski personality,0,30,0.00,6.1
https://9takes.com/personality-analysis/druski#how-big-boss-energy-got-him-into-hip-hops-inner-circle,druski personality type,0,27,0.00,4.2
https://9takes.com/personality-analysis/druski#how-big-boss-energy-got-him-into-hip-hops-inner-circle,is druski a good person,0,25,0.00,7.8
https://9takes.com/personality-analysis/druski#the-2025-mainstream-breakthrough,david mclain desbordes druski,0,2,0.00,10.0
https://9takes.com/personality-analysis/druski#the-childhood-rejection-that-fueled-the-rise,david mclain desbordes druski,0,10,0.00,10.8
https://9takes.com/personality-analysis/druski#the-childhood-rejection-that-fueled-the-rise,druski depression,0,12,0.00,9.4
https://9takes.com/personality-analysis/druski#the-childhood-rejection-that-fueled-the-rise,druski personality,0,30,0.00,6.1
https://9takes.com/personality-analysis/druski#the-childhood-rejection-that-fueled-the-rise,druski personality type,0,27,0.00,4.2
https://9takes.com/personality-analysis/druski#the-childhood-rejection-that-fueled-the-rise,is druski a good person,0,25,0.00,7.8
https://9takes.com/personality-analysis/druski#the-depression-nobody-saw-behind-the-rise,druski depression,0,12,0.00,9.4
https://9takes.com/personality-analysis/druski#the-mafiathon-stream-and-the-apology-that-wouldnt-land,david mclain desbordes druski,0,10,0.00,10.8
https://9takes.com/personality-analysis/druski#the-mafiathon-stream-and-the-apology-that-wouldnt-land,druski depression,0,12,0.00,9.4
https://9takes.com/personality-analysis/druski#the-mafiathon-stream-and-the-apology-that-wouldnt-land,druski personality,0,30,0.00,6.1
https://9takes.com/personality-analysis/druski#the-mafiathon-stream-and-the-apology-that-wouldnt-land,druski personality type,0,27,0.00,4.2
https://9takes.com/personality-analysis/druski#the-mafiathon-stream-and-the-apology-that-wouldnt-land,is druski a good person,0,25,0.00,7.8
https://9takes.com/personality-analysis/druski#under-fire-and-fighting-back,david mclain desbordes druski,0,10,0.00,10.8
https://9takes.com/personality-analysis/druski#under-fire-and-fighting-back,druski depression,0,12,0.00,9.4
https://9takes.com/personality-analysis/druski#under-fire-and-fighting-back,druski personality,0,30,0.00,6.1
https://9takes.com/personality-analysis/druski#under-fire-and-fighting-back,druski personality type,0,27,0.00,4.2
https://9takes.com/personality-analysis/druski#under-fire-and-fighting-back,is druski a good person,0,25,0.00,7.8
https://9takes.com/personality-analysis/druski#we-dont-need-anybody-else-how-netflixs-rejection-built-an-empire,david mclain desbordes druski,0,10,0.00,10.8
https://9takes.com/personality-analysis/druski#we-dont-need-anybody-else-how-netflixs-rejection-built-an-empire,druski personality,0,30,0.00,6.1
https://9takes.com/personality-analysis/druski#we-dont-need-anybody-else-how-netflixs-rejection-built-an-empire,druski personality type,0,27,0.00,4.2
https://9takes.com/personality-analysis/druski#we-dont-need-anybody-else-how-netflixs-rejection-built-an-empire,is druski a good person,0,25,0.00,7.8
https://9takes.com/personality-analysis/druski#whiteface-erika-kirk-and-the-argument-druski-wont-have,david mclain desbordes druski,0,12,0.00,10.7
https://9takes.com/personality-analysis/druski#whiteface-erika-kirk-and-the-argument-druski-wont-have,druski depression,0,12,0.00,9.4
https://9takes.com/personality-analysis/druski#whiteface-erika-kirk-and-the-argument-druski-wont-have,druski personality,0,30,0.00,6.1
https://9takes.com/personality-analysis/druski#whiteface-erika-kirk-and-the-argument-druski-wont-have,druski personality type,0,27,0.00,4.2
https://9takes.com/personality-analysis/druski#whiteface-erika-kirk-and-the-argument-druski-wont-have,is druski a good person,0,25,0.00,7.8
https://9takes.com/personality-analysis/druski#whiteface-erika-kirk-and-the-argument-druski-wont-have,why is druski in everything,0,1,0.00,11.0
https://9takes.com/personality-analysis/druski#why-druski-can-roast-himself-better-than-anyone-else-could,david mclain desbordes druski,0,10,0.00,10.8
https://9takes.com/personality-analysis/druski#why-druski-can-roast-himself-better-than-anyone-else-could,druski depression,0,12,0.00,9.4
https://9takes.com/personality-analysis/druski#why-druski-can-roast-himself-better-than-anyone-else-could,druski personality,0,30,0.00,6.1
https://9takes.com/personality-analysis/druski#why-druski-can-roast-himself-better-than-anyone-else-could,druski personality type,0,27,0.00,4.2
https://9takes.com/personality-analysis/druski#why-druski-can-roast-himself-better-than-anyone-else-could,is druski a good person,0,25,0.00,7.8
https://9takes.com/personality-analysis/druski#why-druski-can-roast-himself-better-than-anyone-else-could,why is druski in everything,0,1,0.00,11.0
https://9takes.com/personality-analysis/dua-lipa,"""dua lipa"" ""british by birth""",0,15,0.00,4.1
https://9takes.com/personality-analysis/dua-lipa,"""dua lipa"" ""fitzjohn's primary school""",0,58,0.00,10.8
https://9takes.com/personality-analysis/dua-lipa,"""dua lipa"" ""fitzjohn's primary school"" interview",0,58,0.00,6.3
https://9takes.com/personality-analysis/dua-lipa,"""fitzjohn's primary school"" ""dua lipa""",0,103,0.00,10.9
https://9takes.com/personality-analysis/dua-lipa,"""fitzjohn's primary school"" ""dua lipa"" interview",0,13,0.00,7.1
https://9takes.com/personality-analysis/dua-lipa,"""fitzjohn's primary school"" dua lipa",0,54,0.00,11.3
https://9takes.com/personality-analysis/dua-lipa,callum turner mbti,0,1,0.00,2.0
https://9takes.com/personality-analysis/dua-lipa,como personas,0,1,0.00,16.0
https://9takes.com/personality-analysis/dua-lipa,dua lipa,0,10,0.00,4.0
https://9takes.com/personality-analysis/dua-lipa,"dua lipa ""fitzjohn's primary school""",0,5,0.00,10.6
https://9takes.com/personality-analysis/dua-lipa,dua lipa enneagram,0,18,0.00,5.0
https://9takes.com/personality-analysis/dua-lipa,dua lipa makeup tutorial,0,1,0.00,2.0
https://9takes.com/personality-analysis/dua-lipa,dua lipa mbti,0,114,0.00,10.4
https://9takes.com/personality-analysis/dua-lipa,dua lipa mbti type,0,77,0.00,7.2
https://9takes.com/personality-analysis/dua-lipa,dua lipa personality reddit,0,1,0.00,12.0
https://9takes.com/personality-analysis/dua-lipa,dua lipa personality traits,0,66,0.00,8.1
https://9takes.com/personality-analysis/dua-lipa,dua lipa personality traits interviews,0,27,0.00,8.4
https://9takes.com/personality-analysis/dua-lipa,dua lipa personality traits real life interviews,0,2,0.00,7.0
https://9takes.com/personality-analysis/dua-lipa,dua lipa personality type,0,174,0.00,8.3
https://9takes.com/personality-analysis/dua-lipa,dua lipa think i'm in love with you,0,1,0.00,3.0
https://9takes.com/personality-analysis/dua-lipa,dua lipa?,0,1,0.00,6.0
https://9takes.com/personality-analysis/dua-lipa,dua turner,0,1,0.00,3.0
https://9takes.com/personality-analysis/dua-lipa,duo lipa,0,1,0.00,2.0
https://9takes.com/personality-analysis/dua-lipa,her personality,0,1,0.00,1.0
https://9takes.com/personality-analysis/dua-lipa,how did dua lipa get famous,0,1,0.00,2.0
https://9takes.com/personality-analysis/dua-lipa,how to manifest like dua lipa,0,1,0.00,3.0
https://9takes.com/personality-analysis/dua-lipa,is dua lipa a good person,0,2,0.00,24.0
https://9takes.com/personality-analysis/dua-lipa,is dua lipa a humble person,0,20,0.00,9.1
https://9takes.com/personality-analysis/dua-lipa,is dua lipa smart,0,2,0.00,3.0
https://9takes.com/personality-analysis/dua-lipa,mbti dua lipa,0,7,0.00,10.7
https://9takes.com/personality-analysis/dua-lipa,was dua lipa born in london,0,1,0.00,2.0
https://9takes.com/personality-analysis/dua-lipa,words to describe dua lipa,0,1,0.00,6.0
https://9takes.com/personality-analysis/dua-lipa,y dua lipa,0,1,0.00,5.0
https://9takes.com/personality-analysis/dua-lipa,y dua lipa?,0,1,0.00,2.0
https://9takes.com/personality-analysis/dua-lipa,τι άνθρωπος είναι;,0,1,0.00,2.0
https://9takes.com/personality-analysis/dua-lipa,τι χαρακτήρας και τι άνθρωπος είναι;,0,1,0.00,1.0
https://9takes.com/personality-analysis/dua-lipa,شخصيتها,0,1,0.00,6.0
https://9takes.com/personality-analysis/dua-lipa,人柄は？,0,1,0.00,3.0
https://9takes.com/personality-analysis/dwayne-johnson,dwayne johnson,0,1,0.00,9.0
https://9takes.com/personality-analysis/dwayne-johnson,dwayne johnson character traits,0,6,0.00,9.7
https://9takes.com/personality-analysis/dwayne-johnson,dwayne johnson mbti,0,14,0.00,10.0
https://9takes.com/personality-analysis/dwayne-johnson,dwayne johnson personality traits,0,31,0.00,9.7
https://9takes.com/personality-analysis/dwayne-johnson,dwayne johnson personality type,0,25,0.00,10.0
https://9takes.com/personality-analysis/dwayne-johnson,dwayne johnson traits,0,1,0.00,10.0
https://9takes.com/personality-analysis/dwayne-johnson,is the rock a good person,0,1,0.00,37.0
https://9takes.com/personality-analysis/dwayne-johnson,isn't dwayne johnson the rock,0,1,0.00,40.0
https://9takes.com/personality-analysis/dwayne-johnson,site:9takes.com,0,1,0.00,45.0
https://9takes.com/personality-analysis/dwayne-johnson,the rock personality,0,21,0.00,11.4
https://9takes.com/personality-analysis/dwayne-johnson,the rock personality type,0,50,0.00,11.3
https://9takes.com/personality-analysis/dwayne-johnson,ذا روك,0,1,0.00,9.0
https://9takes.com/personality-analysis/dwayne-johnson,どんな性格の人？,0,1,0.00,10.0
https://9takes.com/personality-analysis/dwayne-johnson#rocky-maivia-had-to-die,dwayne johnson character traits,0,1,0.00,11.0
https://9takes.com/personality-analysis/dwayne-johnson#rocky-maivia-had-to-die,dwayne johnson personality,0,36,0.00,9.2
https://9takes.com/personality-analysis/dwayne-johnson#rocky-maivia-had-to-die,dwayne johnson personality traits,0,5,0.00,9.8
https://9takes.com/personality-analysis/dwayne-johnson#rocky-maivia-had-to-die,dwayne johnson personality type,0,5,0.00,9.0
https://9takes.com/personality-analysis/dwayne-johnson#seven-bucks-and-the-art-of-turning-shame-into-a-brand,dwayne johnson personality,0,28,0.00,9.5
https://9takes.com/personality-analysis/dwayne-johnson#seven-bucks-and-the-art-of-turning-shame-into-a-brand,dwayne johnson personality traits,0,4,0.00,10.5
https://9takes.com/personality-analysis/dwayne-johnson#seven-bucks-and-the-art-of-turning-shame-into-a-brand,dwayne johnson personality type,0,4,0.00,9.0
https://9takes.com/personality-analysis/dwayne-johnson#the-boy-on-interstate-65,dwayne johnson character traits,0,1,0.00,11.0
https://9takes.com/personality-analysis/dwayne-johnson#the-boy-on-interstate-65,dwayne johnson personality,0,36,0.00,9.2
https://9takes.com/personality-analysis/dwayne-johnson#the-boy-on-interstate-65,dwayne johnson personality traits,0,5,0.00,9.8
https://9takes.com/personality-analysis/dwayne-johnson#the-boy-on-interstate-65,dwayne johnson personality type,0,5,0.00,9.0
https://9takes.com/personality-analysis/dwayne-johnson#the-father-who-crossed-the-line,dwayne johnson personality,0,28,0.00,9.5
https://9takes.com/personality-analysis/dwayne-johnson#the-father-who-crossed-the-line,dwayne johnson personality traits,0,4,0.00,10.5
https://9takes.com/personality-analysis/dwayne-johnson#the-father-who-crossed-the-line,dwayne johnson personality type,0,4,0.00,9.0
https://9takes.com/personality-analysis/dwayne-johnson#what-is-dwayne-johnsons-personality-type,dwayne johnson character traits,0,1,0.00,11.0
https://9takes.com/personality-analysis/dwayne-johnson#what-is-dwayne-johnsons-personality-type,dwayne johnson personality,0,36,0.00,9.2
https://9takes.com/personality-analysis/dwayne-johnson#what-is-dwayne-johnsons-personality-type,dwayne johnson personality traits,0,5,0.00,9.8
https://9takes.com/personality-analysis/dwayne-johnson#what-is-dwayne-johnsons-personality-type,dwayne johnson personality type,0,5,0.00,9.0
https://9takes.com/personality-analysis/ed-sheeran,ed sheeran personality,0,9,0.00,9.3
https://9takes.com/personality-analysis/ed-sheeran,ed sheeran personality type,0,8,0.00,10.9
https://9takes.com/personality-analysis/ed-sheeran,is ed sheeran a good person,0,2,0.00,41.5
https://9takes.com/personality-analysis/eddie-murphy,"""father was murdered when he was eight"" artist",0,160,0.00,10.5
https://9takes.com/personality-analysis/eddie-murphy,"""father was murdered when he was eight"" artist musician",0,6,0.00,6.8
https://9takes.com/personality-analysis/eddie-murphy,"""father was murdered when he was eight"" musician",0,326,0.00,8.5
https://9takes.com/personality-analysis/eddie-murphy,"""father was murdered when he was eight"" singer",0,66,0.00,7.7
https://9takes.com/personality-analysis/eddie-murphy,"""parents separated when he was three"" ""stepfather"" actor",0,1,0.00,8.0
https://9takes.com/personality-analysis/eddie-murphy,"""parents separated when he was three"" ""stepfather"" singer actor",0,23,0.00,8.2
https://9takes.com/personality-analysis/eddie-murphy,"artist ""father was murdered when he was eight""",0,63,0.00,10.2
https://9takes.com/personality-analysis/eddie-murphy,"musician ""father was murdered when he was eight""",0,114,0.00,7.2
https://9takes.com/personality-analysis/eddie-murphy,"performer ""parents separated when he was three"" ""stepfather"" actor",0,27,0.00,8.1
https://9takes.com/personality-analysis/eddie-murphy,"singer ""father was murdered when he was eight""",0,19,0.00,5.6
https://9takes.com/personality-analysis/elizabeth-holmes,elizabeth holmes personality type,0,7,0.00,9.4
https://9takes.com/personality-analysis/elizabeth-holmes,elizabeth holmes uncle,0,1,0.00,1.0
https://9takes.com/personality-analysis/elizabeth-holmes,site:9takes.com,0,1,0.00,10.0
https://9takes.com/personality-analysis/ella-langley,detail ella langley relationship timelines and musical collaborations,0,5,0.00,9.6
https://9takes.com/personality-analysis/ella-langley,does ella langley have a wandering eye,0,3,0.00,11.3
https://9takes.com/personality-analysis/ella-langley,ella langley,0,1,0.00,3.0
https://9takes.com/personality-analysis/ella-langley,ella langley body type,0,4,0.00,10.5
https://9takes.com/personality-analysis/ella-langley,ella langley boots steve madden,0,1,0.00,5.0
https://9takes.com/personality-analysis/ella-langley,ella langley calves,0,11,0.00,7.7
https://9takes.com/personality-analysis/ella-langley,ella langley forestry,0,1,0.00,18.0
https://9takes.com/personality-analysis/ella-langley,ella langley genre,0,1,0.00,48.0
https://9takes.com/personality-analysis/ella-langley,ella langley imposter syndrome,0,2,0.00,31.0
https://9takes.com/personality-analysis/ella-langley,ella langley mbti,0,19,0.00,8.7
https://9takes.com/personality-analysis/ella-langley,ella langley music style,0,2,0.00,16.5
https://9takes.com/personality-analysis/ella-langley,ella langley personality,0,64,0.00,8.6
https://9takes.com/personality-analysis/ella-langley,ella langley personality type,0,14,0.00,5.1
https://9takes.com/personality-analysis/ella-langley,ella langley vocal type,0,1,0.00,10.0
https://9takes.com/personality-analysis/ella-langley,ella langley voice type,0,2,0.00,8.0
https://9takes.com/personality-analysis/ella-langley,more,0,1,0.00,3.0
https://9takes.com/personality-analysis/ella-langley,personality type,0,1,0.00,3.0
https://9takes.com/personality-analysis/ella-langley,what elements define ella langley's unique country music style?,0,2,0.00,9.5
https://9takes.com/personality-analysis/ella-langley,what genre is ella langley,0,1,0.00,46.0
https://9takes.com/personality-analysis/ella-langley,what is ella langley's vocal range,0,1,0.00,40.0
https://9takes.com/personality-analysis/ella-langley,why does ella langley always wear boots,0,2,0.00,6.0
https://9takes.com/personality-analysis/ellen-degeneres,ellen degeneres mbti,0,2,0.00,18.5
https://9takes.com/personality-analysis/ellen-degeneres,ellen degeneres personality type,0,7,0.00,11.7
https://9takes.com/personality-analysis/ellen-degeneres,site:9takes.com,0,1,0.00,133.0
https://9takes.com/personality-analysis/elon-musk,anagrams of elon musk,0,1,0.00,49.0
https://9takes.com/personality-analysis/elon-musk,big five personality traits of elon musk,0,1,0.00,41.0
https://9takes.com/personality-analysis/elon-musk,din net,0,1,0.00,3.0
https://9takes.com/personality-analysis/elon-musk,elon musk 16 personalities,0,2,0.00,43.0
https://9takes.com/personality-analysis/elon-musk,elon musk 16 personality,0,1,0.00,36.0
https://9takes.com/personality-analysis/elon-musk,elon musk as a person,0,3,0.00,42.3
https://9takes.com/personality-analysis/elon-musk,elon musk attachment style,0,2,0.00,17.5
https://9takes.com/personality-analysis/elon-musk,elon musk attachment style psychology analysis,0,2,0.00,12.5
https://9takes.com/personality-analysis/elon-musk,elon musk big five personality traits analysis,0,2,0.00,19.0
https://9takes.com/personality-analysis/elon-musk,elon musk biggest personality flaw or weakness,0,1,0.00,18.0
https://9takes.com/personality-analysis/elon-musk,elon musk character traits,0,2,0.00,48.5
https://9takes.com/personality-analysis/elon-musk,elon musk emotional intelligence,0,1,0.00,46.0
https://9takes.com/personality-analysis/elon-musk,elon musk enneagram type,0,204,0.00,9.4
https://9takes.com/personality-analysis/elon-musk,elon musk enneagram type source,0,38,0.00,8.8
https://9takes.com/personality-analysis/elon-musk,elon musk handwriting analysis,0,1,0.00,20.0
https://9takes.com/personality-analysis/elon-musk,elon musk mbti type 2025 or 2026,0,2,0.00,10.0
https://9takes.com/personality-analysis/elon-musk,elon musk myers briggs,0,1,0.00,47.0
https://9takes.com/personality-analysis/elon-musk,elon musk personality,0,27,0.00,40.2
https://9takes.com/personality-analysis/elon-musk,elon musk personality analysis,0,2,0.00,21.5
https://9takes.com/personality-analysis/elon-musk,elon musk personality analysis 2025 or 2026,0,2,0.00,2.5
https://9takes.com/personality-analysis/elon-musk,elon musk personality analysis 2026,0,5,0.00,10.4
https://9takes.com/personality-analysis/elon-musk,elon musk personality traits,0,1,0.00,67.0
https://9takes.com/personality-analysis/elon-musk,elon musk personality traits 2025 2026,0,1,0.00,10.0
https://9takes.com/personality-analysis/elon-musk,elon musk personality traits analysis,0,4,0.00,22.0
https://9takes.com/personality-analysis/elon-musk,elon musk personality traits analysis 2025 2026,0,13,0.00,8.3
https://9takes.com/personality-analysis/elon-musk,elon musk personality traits analysis 2026,0,3,0.00,6.0
https://9takes.com/personality-analysis/elon-musk,elon musk personality traits analysis psychology,0,2,0.00,9.5
https://9takes.com/personality-analysis/elon-musk,elon musk personality traits characteristics,0,1,0.00,57.0
https://9takes.com/personality-analysis/elon-musk,elon musk personality traits description,0,2,0.00,54.0
https://9takes.com/personality-analysis/elon-musk,elon musk personality traits psychology analysis,0,3,0.00,9.0
https://9takes.com/personality-analysis/elon-musk,elon musk personality type,0,50,0.00,28.6
https://9takes.com/personality-analysis/elon-musk,elon musk personality type 2025 or 2026,0,1,0.00,10.0
https://9takes.com/personality-analysis/elon-musk,elon musk personality type analysis,0,3,0.00,7.7
https://9takes.com/personality-analysis/elon-musk,elon musk personality type analysis 2025 or 2026,0,4,0.00,8.8
https://9takes.com/personality-analysis/elon-musk,elon musk personality type enneagram,0,1,0.00,10.0
https://9takes.com/personality-analysis/elon-musk,elon musk psychological profile personality analysis,0,3,0.00,18.7
https://9takes.com/personality-analysis/elon-musk,elon musk psychology,0,10,0.00,30.9
https://9takes.com/personality-analysis/elon-musk,elon musk psychology personality traits analysis,0,2,0.00,14.5
https://9takes.com/personality-analysis/elon-musk,elon musk signature analysis,0,1,0.00,21.0
https://9takes.com/personality-analysis/elon-musk,elon musk signature style analysis,0,1,0.00,17.0
https://9takes.com/personality-analysis/elon-musk,elon musk traits,0,1,0.00,66.0
https://9takes.com/personality-analysis/elon-musk,elon musk's personality,0,1,0.00,44.0
https://9takes.com/personality-analysis/elon-musk,how is elon musk as a person,0,3,0.00,36.3
https://9takes.com/personality-analysis/elon-musk,musk personality type,0,2,0.00,30.0
https://9takes.com/personality-analysis/elon-musk,personality of elon musk,0,6,0.00,35.2
https://9takes.com/personality-analysis/elon-musk,personality type elon musk,0,1,0.00,34.0
https://9takes.com/personality-analysis/elon-musk,personality type of elon musk,0,1,0.00,33.0
https://9takes.com/personality-analysis/elon-musk,psychological analysis of elon musk,0,1,0.00,34.0
https://9takes.com/personality-analysis/elon-musk,psychology of elon musk,0,1,0.00,38.0
https://9takes.com/personality-analysis/elon-musk,site:9takes.com,0,4,0.00,25.8
https://9takes.com/personality-analysis/elon-musk,was ist elon musk,0,1,0.00,10.0
https://9takes.com/personality-analysis/elon-musk,what is elon musk like as a person,0,1,0.00,61.0
https://9takes.com/personality-analysis/elon-musk,what is elon musk myers briggs,0,1,0.00,45.0
https://9takes.com/personality-analysis/elon-musk,what is elon musk personality type,0,1,0.00,35.0
https://9takes.com/personality-analysis/elon-musk,what is elon musk's personality type,0,2,0.00,37.0
https://9takes.com/personality-analysis/elon-musk,what kind of person is elon musk,0,1,0.00,38.0
https://9takes.com/personality-analysis/elon-musk,what personality type is elon musk,0,7,0.00,30.3
https://9takes.com/personality-analysis/elon-musk,why did elon musk attend brother wedding during operational hell,0,1,0.00,49.0
https://9takes.com/personality-analysis/elon-musk,илон маск,0,1,0.00,2.0
https://9takes.com/personality-analysis/elon-musk,נו,0,1,0.00,1.0
https://9takes.com/personality-analysis/elon-musk#first-principles-how-retreat-becomes-power,elon musk enneagram,0,60,0.00,10.8
https://9takes.com/personality-analysis/elon-musk#how-childhood-forged-the-investigator,elon musk enneagram,0,78,0.00,10.6
https://9takes.com/personality-analysis/elon-musk#how-childhood-forged-the-investigator,elon musk personality analysis,0,1,0.00,10.0
https://9takes.com/personality-analysis/elon-musk#how-childhood-forged-the-investigator,elon musk personality analysis 2025 or 2026,0,1,0.00,4.0
https://9takes.com/personality-analysis/elon-musk#how-childhood-forged-the-investigator,elon musk personality traits analysis 2026,0,2,0.00,5.0
https://9takes.com/personality-analysis/elon-musk#how-childhood-forged-the-investigator,elon musk personality traits analysis psychology,0,2,0.00,9.5
https://9takes.com/personality-analysis/elon-musk#how-childhood-forged-the-investigator,elon musk personality traits psychology analysis,0,3,0.00,9.0
https://9takes.com/personality-analysis/elon-musk#love-family-and-the-investigator,elon musk enneagram,0,90,0.00,10.6
https://9takes.com/personality-analysis/elon-musk#love-family-and-the-investigator,elon musk personality analysis,0,1,0.00,10.0
https://9takes.com/personality-analysis/elon-musk#love-family-and-the-investigator,elon musk personality analysis 2025 or 2026,0,1,0.00,4.0
https://9takes.com/personality-analysis/elon-musk#love-family-and-the-investigator,elon musk personality traits analysis 2025 2026,0,5,0.00,9.0
https://9takes.com/personality-analysis/elon-musk#love-family-and-the-investigator,elon musk personality traits analysis 2026,0,2,0.00,5.0
https://9takes.com/personality-analysis/elon-musk#love-family-and-the-investigator,elon musk personality traits analysis psychology,0,2,0.00,9.5
https://9takes.com/personality-analysis/elon-musk#love-family-and-the-investigator,elon musk personality traits psychology analysis,0,3,0.00,9.0
https://9takes.com/personality-analysis/elon-musk#love-family-and-the-investigator,elon musk personality type analysis,0,1,0.00,8.0
https://9takes.com/personality-analysis/elon-musk#stress-and-growth,elon musk enneagram,0,90,0.00,10.6
https://9takes.com/personality-analysis/elon-musk#stress-and-growth,elon musk personality analysis,0,1,0.00,10.0
https://9takes.com/personality-analysis/elon-musk#stress-and-growth,elon musk personality analysis 2025 or 2026,0,1,0.00,4.0
https://9takes.com/personality-analysis/elon-musk#stress-and-growth,elon musk personality traits analysis 2025 2026,0,5,0.00,9.0
https://9takes.com/personality-analysis/elon-musk#stress-and-growth,elon musk personality traits analysis 2026,0,2,0.00,5.0
https://9takes.com/personality-analysis/elon-musk#stress-and-growth,elon musk personality traits analysis psychology,0,2,0.00,9.5
https://9takes.com/personality-analysis/elon-musk#stress-and-growth,elon musk personality traits psychology analysis,0,3,0.00,9.0
https://9takes.com/personality-analysis/elon-musk#stress-and-growth,elon musk personality type analysis,0,1,0.00,8.0
