url,gsc_reason,gsc_report_last_update,last_crawled,route_family,source_file_or_record,publication_state,live_initial_status,live_final_status,live_redirect_location,live_robots,live_canonical,current_sitemap_state,post_batch_expected_sitemap_state,clicks_98d,impressions_98d,ctr_pct_98d,position_98d,current_28d_impressions,previous_28d_impressions,recent_trend,top_query_98d,top_query_impressions_98d,source_visible_internal_inlinks,approx_click_depth,rendered_word_count,source_content_word_count,external_incoming_links,external_linking_sites,distinctiveness_or_overlap,action,priority,decision_target,preservation_plan,indexing_reason_and_evidence,dj_gate,implemented_change
https://9takes.com/enneagram-corner/enneagram-positive-self-talk,Crawled - currently not indexed,2026-08-06,"Aug 2, 2026",enneagram,src/blog/enneagram/enneagram-positive-self-talk.md,published=true,200,200,,"index, follow, max-image-preview:large, max-snippet:-1, max-video-preview:-1",https://9takes.com/enneagram-corner/enneagram-positive-self-talk,submitted,submitted,0,0,0,0,0,0,no measurable signal,,0,3,2,8309,7456,0,0,Distinct route/article; 8309 rendered words.,Keep and monitor,P3,,Keep the URL and current submission state unchanged; reassess after the comparison date.,"Valid 200, self-canonical, index-follow page with no current technical defect and insufficient evidence for a content change.",None for monitoring.,No change required.
https://9takes.com/enneagram-corner/shadow-work-by-enneagram-type,Crawled - currently not indexed,2026-08-06,"Jul 29, 2026",enneagram,src/blog/enneagram/shadow-work-by-enneagram-type.md,published=true,200,200,,"index, follow, max-image-preview:large, max-snippet:-1, max-video-preview:-1",https://9takes.com/enneagram-corner/shadow-work-by-enneagram-type,submitted,submitted,0,0,0,0,0,0,no measurable signal,,0,15,2,6627,6188,0,0,Distinct route/article; 6627 rendered words.,Keep and monitor,P3,,Keep the URL and current submission state unchanged; reassess after the comparison date.,"Valid 200, self-canonical, index-follow page with no current technical defect and insufficient evidence for a content change.",None for monitoring.,No change required.
https://9takes.com/community/societal-ticking-time-bombs,Crawled - currently not indexed,2026-08-06,"Jul 16, 2026",community,src/blog/community/societal-ticking-time-bombs.md,published=true,200,200,,"index, follow, max-image-preview:large, max-snippet:-1, max-video-preview:-1",https://9takes.com/community/societal-ticking-time-bombs,submitted,submitted,0,51,0,10.4,2,8,stable/low-volume,"""irving kirsch"" retraction watch antidepressant",2,2,2,9040,10164,0,0,Distinct route/article; 9040 rendered words.,Keep and monitor,P3,,Keep the URL and current submission state unchanged; reassess after the comparison date.,"Valid 200, self-canonical, index-follow page with no current technical defect and insufficient evidence for a content change.",None for monitoring.,No change required.
https://9takes.com/personality-analysis/emily-ratajkowski,Crawled - currently not indexed,2026-08-06,"Jul 10, 2026",personality-analysis,src/blog/people/drafts/Emily-Ratajkowski.md,published=true,200,200,,"index, follow, max-image-preview:large, max-snippet:-1, max-video-preview:-1",https://9takes.com/personality-analysis/emily-ratajkowski,submitted,submitted,0,0,0,0,0,21,declining,emily ratajkowski art history major ucla,2,0,2,4442,3620,0,0,Single-person analysis; 4442 rendered words.,Keep and monitor,P3,,Keep the URL and current submission state unchanged; reassess after the comparison date.,"Valid 200, self-canonical, index-follow page with no current technical defect and insufficient evidence for a content change.",None for monitoring.,No change required.
https://9takes.com/personality-analysis/pokimane,Crawled - currently not indexed,2026-08-06,"Jul 9, 2026",personality-analysis,src/blog/people/drafts/Pokimane.md,published=true,200,200,,"index, follow, max-image-preview:large, max-snippet:-1, max-video-preview:-1",https://9takes.com/personality-analysis/pokimane,submitted,submitted,0,0,0,0,0,10,declining,pokimane mbti,3,7,2,8926,8113,0,0,Single-person analysis; 8926 rendered words.,Keep and monitor,P3,,Keep the URL and current submission state unchanged; reassess after the comparison date.,"Valid 200, self-canonical, index-follow page with no current technical defect and insufficient evidence for a content change.",None for monitoring.,No change required.
https://9takes.com/personality-analysis/harry-styles,Crawled - currently not indexed,2026-08-06,"Jul 6, 2026",personality-analysis,src/blog/people/drafts/Harry-Styles.md,published=true,200,200,,"index, follow, max-image-preview:large, max-snippet:-1, max-video-preview:-1",https://9takes.com/personality-analysis/harry-styles,submitted,submitted,0,0,0,0,0,4,stable/low-volume,harry styles enneagram type,2,13,2,3541,2587,0,0,Single-person analysis; 3541 rendered words.,Keep and monitor,P3,,Keep the URL and current submission state unchanged; reassess after the comparison date.,"Valid 200, self-canonical, index-follow page with no current technical defect and insufficient evidence for a content change.",None for monitoring.,No change required.
https://9takes.com/personality-analysis/tobey-maguire,Crawled - currently not indexed,2026-08-06,"Jul 4, 2026",personality-analysis,src/blog/people/drafts/Tobey-Maguire.md,published=true,200,200,,"index, follow, max-image-preview:large, max-snippet:-1, max-video-preview:-1",https://9takes.com/personality-analysis/tobey-maguire,submitted,submitted,0,0,0,0,0,0,no measurable signal,,0,0,2,4004,3731,0,0,Single-person analysis; 4004 rendered words.,Keep and monitor,P3,,Keep the URL and current submission state unchanged; reassess after the comparison date.,"Valid 200, self-canonical, index-follow page with no current technical defect and insufficient evidence for a content change.",None for monitoring.,No change required.
https://9takes.com/personality-analysis/penelope-cruz,Crawled - currently not indexed,2026-08-06,"Jul 3, 2026",personality-analysis,src/blog/people/drafts/Penelope-Cruz.md,published=true,200,200,,"index, follow, max-image-preview:large, max-snippet:-1, max-video-preview:-1",https://9takes.com/personality-analysis/penelope-cruz,submitted,submitted,0,0,0,0,1,107,declining,"""penélope cruz"" ancestry composition",6,1,2,6071,5146,0,0,Single-person analysis; 6071 rendered words.,Keep and monitor,P3,,Keep the URL and current submission state unchanged; reassess after the comparison date.,"Valid 200, self-canonical, index-follow page with no current technical defect and insufficient evidence for a content change.",None for monitoring.,No change required.
https://9takes.com/personality-analysis/eddie-murphy,Crawled - currently not indexed,2026-08-06,"Jul 2, 2026",personality-analysis,src/blog/people/drafts/Eddie-Murphy.md,published=true,200,200,,"index, follow, max-image-preview:large, max-snippet:-1, max-video-preview:-1",https://9takes.com/personality-analysis/eddie-murphy,submitted,submitted,0,0,0,0,0,977,declining,"""father was murdered when he was eight"" musician",326,2,2,5155,4276,0,0,Single-person analysis; 5155 rendered words.,Keep and monitor,P3,,Keep the URL and current submission state unchanged; reassess after the comparison date.,"Valid 200, self-canonical, index-follow page with no current technical defect and insufficient evidence for a content change.",None for monitoring.,No change required.
https://9takes.com/personality-analysis/rachel-mcadams,Crawled - currently not indexed,2026-08-06,"Jun 26, 2026",personality-analysis,src/blog/people/drafts/Rachel-McAdams.md,published=true,200,200,,"index, follow, max-image-preview:large, max-snippet:-1, max-video-preview:-1",https://9takes.com/personality-analysis/rachel-mcadams,submitted,submitted,0,0,0,0,0,0,no measurable signal,,0,0,2,5399,4348,0,0,Single-person analysis; 5399 rendered words.,Keep and monitor,P3,,Keep the URL and current submission state unchanged; reassess after the comparison date.,"Valid 200, self-canonical, index-follow page with no current technical defect and insufficient evidence for a content change.",None for monitoring.,No change required.
https://9takes.com/personality-analysis/julius-caesar,Crawled - currently not indexed,2026-08-06,"Jun 25, 2026",personality-analysis,src/blog/people/drafts/Julius-Caesar.md,published=true,200,200,,"index, follow, max-image-preview:large, max-snippet:-1, max-video-preview:-1",https://9takes.com/personality-analysis/julius-caesar,submitted,submitted,0,0,0,0,0,10,declining,,0,0,2,5146,4245,0,0,Single-person analysis; 5146 rendered words.,Keep and monitor,P3,,Keep the URL and current submission state unchanged; reassess after the comparison date.,"Valid 200, self-canonical, index-follow page with no current technical defect and insufficient evidence for a content change.",None for monitoring.,No change required.
https://9takes.com/personality-analysis/alexis-bledel,Crawled - currently not indexed,2026-08-06,"Jun 24, 2026",personality-analysis,src/blog/people/drafts/Alexis-Bledel.md,published=true,200,200,,"index, follow, max-image-preview:large, max-snippet:-1, max-video-preview:-1",https://9takes.com/personality-analysis/alexis-bledel,submitted,submitted,0,42,0,7.3,0,4,stable/low-volume,,0,0,2,3886,3222,0,0,Single-person analysis; 3886 rendered words.,Keep and monitor,P3,,Keep the URL and current submission state unchanged; reassess after the comparison date.,"Valid 200, self-canonical, index-follow page with no current technical defect and insufficient evidence for a content change.",None for monitoring.,No change required.
https://9takes.com/personality-analysis/james-dyson,Crawled - currently not indexed,2026-08-06,"Jun 16, 2026",personality-analysis,src/blog/people/drafts/James-Dyson.md,published=true,200,200,,"index, follow, max-image-preview:large, max-snippet:-1, max-video-preview:-1",https://9takes.com/personality-analysis/james-dyson,submitted,submitted,0,0,0,0,0,4,stable/low-volume,james dyson byam shaw school of art principal mentor,1,0,2,4438,3831,0,0,Single-person analysis; 4438 rendered words.,Keep and monitor,P3,,Keep the URL and current submission state unchanged; reassess after the comparison date.,"Valid 200, self-canonical, index-follow page with no current technical defect and insufficient evidence for a content change.",None for monitoring.,No change required.
https://9takes.com/personality-analysis/piers-morgan,Crawled - currently not indexed,2026-08-06,"Jun 16, 2026",personality-analysis,src/blog/people/drafts/Piers-Morgan.md,published=true,200,200,,"index, follow, max-image-preview:large, max-snippet:-1, max-video-preview:-1",https://9takes.com/personality-analysis/piers-morgan,submitted,submitted,0,0,0,0,0,1,stable/low-volume,piers morgan personality traits,1,2,2,4717,3801,0,0,Single-person analysis; 4717 rendered words.,Keep and monitor,P3,,Keep the URL and current submission state unchanged; reassess after the comparison date.,"Valid 200, self-canonical, index-follow page with no current technical defect and insufficient evidence for a content change.",None for monitoring.,No change required.
https://9takes.com/personality-analysis/bernie-sanders,Crawled - currently not indexed,2026-08-06,"Jun 14, 2026",personality-analysis,src/blog/people/drafts/Bernie-Sanders.md,published=true,200,200,,"index, follow, max-image-preview:large, max-snippet:-1, max-video-preview:-1",https://9takes.com/personality-analysis/bernie-sanders,submitted,submitted,0,2,0,6.5,6,38,declining,bernie sanders political compass,2,3,2,5108,4455,0,0,Single-person analysis; 5108 rendered words.,Keep and monitor,P3,,Keep the URL and current submission state unchanged; reassess after the comparison date.,"Valid 200, self-canonical, index-follow page with no current technical defect and insufficient evidence for a content change.",None for monitoring.,No change required.
https://9takes.com/personality-analysis/sara-saffari,Crawled - currently not indexed,2026-08-06,"Jun 13, 2026",personality-analysis,src/blog/people/drafts/Sara-Saffari.md,published=true,200,200,,"index, follow, max-image-preview:large, max-snippet:-1, max-video-preview:-1",https://9takes.com/personality-analysis/sara-saffari,submitted,submitted,2,85,2.35,7.2,0,21,declining,is chris tren and sara saffari dating,1,4,2,4061,3208,0,0,Single-person analysis; 4061 rendered words.,Keep and monitor,P3,,Keep the URL and current submission state unchanged; reassess after the comparison date.,"Valid 200, self-canonical, index-follow page with no current technical defect and insufficient evidence for a content change.",None for monitoring.,No change required.
https://9takes.com/personality-analysis/larry-page,Crawled - currently not indexed,2026-08-06,"Jun 12, 2026",personality-analysis,src/blog/people/drafts/Larry-Page.md,published=true,200,200,,"index, follow, max-image-preview:large, max-snippet:-1, max-video-preview:-1",https://9takes.com/personality-analysis/larry-page,submitted,submitted,3,265,1.13,13.4,0,68,declining,larry page,18,4,2,4534,3784,0,0,Single-person analysis; 4534 rendered words.,Improve and keep submitted,P1,,"Preserve the current URL, publication state, and lastmod; improve only after a page-specific content and query review.",Distinct page with 265 impressions in the clean 98-day window and a credible path to regain indexing.,No destructive change authorized; any DB/content edit must remain reversible and preserve lastmod.,No; prioritized for the next focused content batch.
https://9takes.com/pop-culture/podcast-bros-enneagram-analysis,Crawled - currently not indexed,2026-08-06,"Jun 11, 2026",pop-culture,src/blog/pop-culture/podcast-bros-enneagram-analysis.md,published=true,200,200,,"index, follow, max-image-preview:large, max-snippet:-1, max-video-preview:-1",https://9takes.com/pop-culture/podcast-bros-enneagram-analysis,submitted,submitted,0,0,0,0,0,60,declining,,0,4,2,5801,5462,0,0,Distinct route/article; 5801 rendered words.,Keep and monitor,P3,,Keep the URL and current submission state unchanged; reassess after the comparison date.,"Valid 200, self-canonical, index-follow page with no current technical defect and insufficient evidence for a content change.",None for monitoring.,No change required.
https://9takes.com/personality-analysis/adele,Crawled - currently not indexed,2026-08-06,"Jun 10, 2026",personality-analysis,src/blog/people/drafts/Adele.md,published=true,200,200,,"index, follow, max-image-preview:large, max-snippet:-1, max-video-preview:-1",https://9takes.com/personality-analysis/adele,submitted,submitted,0,16,0,9.6,0,0,no measurable signal,is adele's mother still alive,1,8,2,4134,3235,0,0,Single-person analysis; 4134 rendered words.,Keep and monitor,P3,,Keep the URL and current submission state unchanged; reassess after the comparison date.,"Valid 200, self-canonical, index-follow page with no current technical defect and insufficient evidence for a content change.",None for monitoring.,No change required.
https://9takes.com/personality-analysis/will-smith,Crawled - currently not indexed,2026-08-06,"Jun 5, 2026",personality-analysis,src/blog/people/drafts/Will-Smith.md,published=true,200,200,,"index, follow, max-image-preview:large, max-snippet:-1, max-video-preview:-1",https://9takes.com/personality-analysis/will-smith,submitted,submitted,1,44,2.27,7.9,1,10,stable/low-volume,,0,7,2,6653,5672,0,0,Single-person analysis; 6653 rendered words.,Keep and monitor,P3,,Keep the URL and current submission state unchanged; reassess after the comparison date.,"Valid 200, self-canonical, index-follow page with no current technical defect and insufficient evidence for a content change.",None for monitoring.,No change required.
https://9takes.com/enneagram-corner/subtopic/resources,Crawled - currently not indexed,2026-08-06,"Jun 5, 2026",enneagram-subtopic,src/routes/enneagram-corner/subtopic/[slug]/+page.server.ts; src/routes/enneagram-corner/subtopic/[slug]/+page.svelte,public route,200,200,,"index, follow, max-image-preview:large, max-snippet:-1, max-video-preview:-1",https://9takes.com/enneagram-corner/subtopic/resources,submitted,submitted,0,5,0,23.8,0,0,no measurable signal,,0,2,2,557,0,0,0,Distinct route/article; 557 rendered words.,Keep and monitor,P3,,Keep the URL and current submission state unchanged; reassess after the comparison date.,"Valid 200, self-canonical, index-follow page with no current technical defect and insufficient evidence for a content change.",None for monitoring.,No change required.
https://9takes.com/personality-analysis/pewdiepie,Crawled - currently not indexed,2026-08-06,"Jun 5, 2026",personality-analysis,src/blog/people/drafts/PewDiePie.md,published=true,200,200,,"index, follow, max-image-preview:large, max-snippet:-1, max-video-preview:-1",https://9takes.com/personality-analysis/pewdiepie,submitted,submitted,0,0,0,0,0,0,no measurable signal,,0,4,2,5129,4155,0,0,Single-person analysis; 5129 rendered words.,Keep and monitor,P3,,Keep the URL and current submission state unchanged; reassess after the comparison date.,"Valid 200, self-canonical, index-follow page with no current technical defect and insufficient evidence for a content change.",None for monitoring.,No change required.
https://9takes.com/personality-analysis/xi-jinping,Crawled - currently not indexed,2026-08-06,"Jun 5, 2026",personality-analysis,src/blog/people/drafts/Xi-Jinping.md,published=true,200,200,,"index, follow, max-image-preview:large, max-snippet:-1, max-video-preview:-1",https://9takes.com/personality-analysis/xi-jinping,submitted,submitted,0,0,0,0,0,0,no measurable signal,,0,2,2,4887,4186,0,0,Single-person analysis; 4887 rendered words.,Keep and monitor,P3,,Keep the URL and current submission state unchanged; reassess after the comparison date.,"Valid 200, self-canonical, index-follow page with no current technical defect and insufficient evidence for a content change.",None for monitoring.,No change required.
https://9takes.com/personality-analysis/mr-rogers,Crawled - currently not indexed,2026-08-06,"Jun 2, 2026",personality-analysis,src/blog/people/drafts/Mr-Rogers.md,published=true,200,200,,"index, follow, max-image-preview:large, max-snippet:-1, max-video-preview:-1",https://9takes.com/personality-analysis/mr-rogers,submitted,submitted,0,0,0,0,3,16,declining,,0,3,2,4323,3544,0,0,Single-person analysis; 4323 rendered words.,Keep and monitor,P3,,Keep the URL and current submission state unchanged; reassess after the comparison date.,"Valid 200, self-canonical, index-follow page with no current technical defect and insufficient evidence for a content change.",None for monitoring.,No change required.
https://9takes.com/personality-analysis/jon-bernthal,Crawled - currently not indexed,2026-08-06,"May 30, 2026",personality-analysis,src/blog/people/drafts/Jon-Bernthal.md,published=true,200,200,,"index, follow, max-image-preview:large, max-snippet:-1, max-video-preview:-1",https://9takes.com/personality-analysis/jon-bernthal,submitted,submitted,1,96,1.04,6.8,0,4,stable/low-volume,jon bernthal personality,1,0,2,3901,3087,0,0,Single-person analysis; 3901 rendered words.,Keep and monitor,P3,,Keep the URL and current submission state unchanged; reassess after the comparison date.,"Valid 200, self-canonical, index-follow page with no current technical defect and insufficient evidence for a content change.",None for monitoring.,No change required.
https://9takes.com/personality-analysis/ed-sheeran,Crawled - currently not indexed,2026-08-06,"May 30, 2026",personality-analysis,src/blog/people/drafts/Ed-Sheeran.md,published=true,200,200,,"index, follow, max-image-preview:large, max-snippet:-1, max-video-preview:-1",https://9takes.com/personality-analysis/ed-sheeran,submitted,submitted,0,0,0,0,0,11,declining,ed sheeran personality,9,2,2,4013,3099,0,0,Single-person analysis; 4013 rendered words.,Keep and monitor,P3,,Keep the URL and current submission state unchanged; reassess after the comparison date.,"Valid 200, self-canonical, index-follow page with no current technical defect and insufficient evidence for a content change.",None for monitoring.,No change required.
https://9takes.com/personality-analysis/tara-yummy,Crawled - currently not indexed,2026-08-06,"May 28, 2026",personality-analysis,src/blog/people/drafts/Tara-Yummy.md,published=true,200,200,,"index, follow, max-image-preview:large, max-snippet:-1, max-video-preview:-1",https://9takes.com/personality-analysis/tara-yummy,submitted,submitted,2,242,0.83,8.1,0,0,no measurable signal,,0,0,2,5514,4780,0,0,Single-person analysis; 5514 rendered words.,Improve and keep submitted,P1,,"Preserve the current URL, publication state, and lastmod; improve only after a page-specific content and query review.",Distinct page with 242 impressions in the clean 98-day window and a credible path to regain indexing.,No destructive change authorized; any DB/content edit must remain reversible and preserve lastmod.,No; prioritized for the next focused content batch.
https://9takes.com/personality-analysis/chris-williamson,Crawled - currently not indexed,2026-08-06,"May 27, 2026",personality-analysis,src/blog/people/drafts/Chris-Williamson.md,published=true,200,200,,"index, follow, max-image-preview:large, max-snippet:-1, max-video-preview:-1",https://9takes.com/personality-analysis/chris-williamson,submitted,submitted,0,0,0,0,0,0,no measurable signal,,0,4,2,5668,4815,0,0,Single-person analysis; 5668 rendered words.,Keep and monitor,P3,,Keep the URL and current submission state unchanged; reassess after the comparison date.,"Valid 200, self-canonical, index-follow page with no current technical defect and insufficient evidence for a content change.",None for monitoring.,No change required.
https://9takes.com/personality-analysis/theo-von,Crawled - currently not indexed,2026-08-06,"May 25, 2026",personality-analysis,src/blog/people/drafts/Theo-Von.md,published=true,200,200,,"index, follow, max-image-preview:large, max-snippet:-1, max-video-preview:-1",https://9takes.com/personality-analysis/theo-von,submitted,submitted,0,0,0,0,0,0,no measurable signal,theo von personality type,6,22,2,6027,5344,0,0,Single-person analysis; 6027 rendered words.,Keep and monitor,P3,,Keep the URL and current submission state unchanged; reassess after the comparison date.,"Valid 200, self-canonical, index-follow page with no current technical defect and insufficient evidence for a content change.",None for monitoring.,No change required.
https://9takes.com/personality-analysis/shane-gillis,Crawled - currently not indexed,2026-08-06,"May 24, 2026",personality-analysis,src/blog/people/drafts/Shane-Gillis.md,published=true,200,200,,"index, follow, max-image-preview:large, max-snippet:-1, max-video-preview:-1",https://9takes.com/personality-analysis/shane-gillis,submitted,submitted,0,0,0,0,0,0,no measurable signal,,0,4,2,5244,4293,0,0,Single-person analysis; 5244 rendered words.,Keep and monitor,P3,,Keep the URL and current submission state unchanged; reassess after the comparison date.,"Valid 200, self-canonical, index-follow page with no current technical defect and insufficient evidence for a content change.",None for monitoring.,No change required.
https://9takes.com/personality-analysis/emma-stone,Crawled - currently not indexed,2026-08-06,"May 23, 2026",personality-analysis,src/blog/people/drafts/Emma-Stone.md,published=true,200,200,,"index, follow, max-image-preview:large, max-snippet:-1, max-video-preview:-1",https://9takes.com/personality-analysis/emma-stone,submitted,submitted,0,0,0,0,0,0,no measurable signal,,0,1,2,5321,4426,0,0,Single-person analysis; 5321 rendered words.,Keep and monitor,P3,,Keep the URL and current submission state unchanged; reassess after the comparison date.,"Valid 200, self-canonical, index-follow page with no current technical defect and insufficient evidence for a content change.",None for monitoring.,No change required.
https://9takes.com/personality-analysis/jacob-elordi,Crawled - currently not indexed,2026-08-06,"May 21, 2026",personality-analysis,src/blog/people/drafts/Jacob-Elordi.md,published=true,200,200,,"index, follow, max-image-preview:large, max-snippet:-1, max-video-preview:-1",https://9takes.com/personality-analysis/jacob-elordi,submitted,submitted,0,0,0,0,0,0,no measurable signal,,0,5,2,4522,3663,0,0,Single-person analysis; 4522 rendered words.,Keep and monitor,P3,,Keep the URL and current submission state unchanged; reassess after the comparison date.,"Valid 200, self-canonical, index-follow page with no current technical defect and insufficient evidence for a content change.",None for monitoring.,No change required.
https://9takes.com/personality-analysis/anne-hathaway,Crawled - currently not indexed,2026-08-06,"May 18, 2026",personality-analysis,src/blog/people/drafts/Anne-Hathaway.md,published=true,200,200,,"index, follow, max-image-preview:large, max-snippet:-1, max-video-preview:-1",https://9takes.com/personality-analysis/anne-hathaway,submitted,submitted,0,57,0,10.5,0,11,declining,anne hathaway personality type,7,14,2,4883,4539,0,0,Single-person analysis; 4883 rendered words.,Keep and monitor,P3,,Keep the URL and current submission state unchanged; reassess after the comparison date.,"Valid 200, self-canonical, index-follow page with no current technical defect and insufficient evidence for a content change.",None for monitoring.,No change required.
https://9takes.com/personality-analysis/christian-bale,Crawled - currently not indexed,2026-08-06,"May 18, 2026",personality-analysis,src/blog/people/drafts/Christian-Bale.md,published=true,200,200,,"index, follow, max-image-preview:large, max-snippet:-1, max-video-preview:-1",https://9takes.com/personality-analysis/christian-bale,submitted,submitted,1,179,0.56,9.7,2,22,declining,christian bale personality,21,5,2,4131,3373,0,0,Single-person analysis; 4131 rendered words.,Improve and keep submitted,P1,,"Preserve the current URL, publication state, and lastmod; improve only after a page-specific content and query review.",Distinct page with 179 impressions in the clean 98-day window and a credible path to regain indexing.,No destructive change authorized; any DB/content edit must remain reversible and preserve lastmod.,No; prioritized for the next focused content batch.
https://9takes.com/personality-analysis/tyler-the-creator,Crawled - currently not indexed,2026-08-06,"May 18, 2026",personality-analysis,src/blog/people/drafts/Tyler-The-Creator.md,published=true,200,200,,"index, follow, max-image-preview:large, max-snippet:-1, max-video-preview:-1",https://9takes.com/personality-analysis/tyler-the-creator,submitted,submitted,0,0,0,0,0,0,no measurable signal,"lyrics ""the man who controls"" ""everything"" song",27,3,2,4855,3925,0,0,Single-person analysis; 4855 rendered words.,Keep and monitor,P3,,Keep the URL and current submission state unchanged; reassess after the comparison date.,"Valid 200, self-canonical, index-follow page with no current technical defect and insufficient evidence for a content change.",None for monitoring.,No change required.
https://9takes.com/personality-analysis/john-mcafee,Crawled - currently not indexed,2026-08-06,"May 17, 2026",personality-analysis,src/blog/people/drafts/John-McAfee.md,published=true,200,200,,"index, follow, max-image-preview:large, max-snippet:-1, max-video-preview:-1",https://9takes.com/personality-analysis/john-mcafee,submitted,submitted,2,175,1.14,10,0,7,stable/low-volume,aerotrekking,3,0,2,4036,3192,0,0,Single-person analysis; 4036 rendered words.,Improve and keep submitted,P1,,"Preserve the current URL, publication state, and lastmod; improve only after a page-specific content and query review.",Distinct page with 175 impressions in the clean 98-day window and a credible path to regain indexing.,No destructive change authorized; any DB/content edit must remain reversible and preserve lastmod.,No; prioritized for the next focused content batch.
https://9takes.com/personality-analysis/justin-trudeau,Crawled - currently not indexed,2026-08-06,"May 17, 2026",personality-analysis,src/blog/people/drafts/Justin-Trudeau.md,published=true,200,200,,"index, follow, max-image-preview:large, max-snippet:-1, max-video-preview:-1",https://9takes.com/personality-analysis/justin-trudeau,submitted,submitted,0,0,0,0,0,0,no measurable signal,,0,2,2,4684,4057,0,0,Single-person analysis; 4684 rendered words.,Keep and monitor,P3,,Keep the URL and current submission state unchanged; reassess after the comparison date.,"Valid 200, self-canonical, index-follow page with no current technical defect and insufficient evidence for a content change.",None for monitoring.,No change required.
https://9takes.com/personality-analysis/ryan-reynolds,Crawled - currently not indexed,2026-08-06,"May 17, 2026",personality-analysis,src/blog/people/drafts/Ryan-Reynolds.md,published=true,200,200,,"index, follow, max-image-preview:large, max-snippet:-1, max-video-preview:-1",https://9takes.com/personality-analysis/ryan-reynolds,submitted,submitted,0,0,0,0,7,2,stable/low-volume,"dj shaan ""youngest of four""",457,7,2,4434,3471,0,0,Single-person analysis; 4434 rendered words.,Keep and monitor,P3,,Keep the URL and current submission state unchanged; reassess after the comparison date.,"Valid 200, self-canonical, index-follow page with no current technical defect and insufficient evidence for a content change.",None for monitoring.,No change required.
https://9takes.com/questions/categories/building-self-confidence-and-self-worth,Crawled - currently not indexed,2026-08-06,"May 17, 2026",question-category,database:question_categories(slug=building-self-confidence-and-self-worth); src/routes/questions/categories/[slug]/,intro_status=completed; reviewed=true,200,200,,"index, follow, max-image-preview:large, max-snippet:-1, max-video-preview:-1",https://9takes.com/questions/categories/building-self-confidence-and-self-worth,submitted,submitted,0,0,0,0,0,0,no measurable signal,,0,0,3,327,0,0,0,Reviewed category intro with 4 live subtree questions.,Keep and monitor,P3,,Keep the URL and current submission state unchanged; reassess after the comparison date.,"Valid 200, self-canonical, index-follow page with no current technical defect and insufficient evidence for a content change.",None for monitoring.,No change required.
https://9takes.com/enneagram-corner/enneagram-compatibility-guide,Crawled - currently not indexed,2026-08-06,"May 15, 2026",enneagram,src/blog/enneagram/enneagram-compatibility-guide.md,published=true,200,200,,"index, follow, max-image-preview:large, max-snippet:-1, max-video-preview:-1",https://9takes.com/enneagram-corner/enneagram-compatibility-guide,submitted,submitted,0,218,0,10.4,0,8,stable/low-volume,enneagram relationship compatibility evidence,3,3,2,3289,2844,0,0,Known overlapping intent; preservation target specified.,Merge with salvage,P0,https://9takes.com/enneagram-corner/enneagram-compatibility-matrix,Preserve the 457-couple table only after the third-party source is reverified; correct the inversion before any redirect.,Intent overlaps the stronger compatibility matrix. T-05 remains blocked because the cited source no longer supports the planned salvage asset.,DJ approval plus T-05 source verification required before merge or redirect.,No; recommendation only.
https://9takes.com/pop-culture/psychology-of-public-shame,Crawled - currently not indexed,2026-08-06,"May 14, 2026",pop-culture,src/blog/pop-culture/psychology-of-public-shame.md,published=true,200,200,,"index, follow, max-image-preview:large, max-snippet:-1, max-video-preview:-1",https://9takes.com/pop-culture/psychology-of-public-shame,submitted,submitted,0,0,0,0,0,11,declining,,0,3,2,4806,4335,0,0,Distinct route/article; 4806 rendered words.,Keep and monitor,P3,,Keep the URL and current submission state unchanged; reassess after the comparison date.,"Valid 200, self-canonical, index-follow page with no current technical defect and insufficient evidence for a content change.",None for monitoring.,No change required.
https://9takes.com/how-to-guides/definitive-guide-to-relationship-conflict-part-2,Crawled - currently not indexed,2026-08-06,"May 12, 2026",how-to-guides,src/blog/guides/definitive-guide-to-relationship-conflict-part-2.md,published=true,200,200,,"index, follow, max-image-preview:large, max-snippet:-1, max-video-preview:-1",https://9takes.com/how-to-guides/definitive-guide-to-relationship-conflict-part-2,submitted,submitted,0,18,0,21.1,0,0,no measurable signal,,0,1,2,4638,4263,0,0,Distinct route/article; 4638 rendered words.,Keep and monitor,P3,,Keep the URL and current submission state unchanged; reassess after the comparison date.,"Valid 200, self-canonical, index-follow page with no current technical defect and insufficient evidence for a content change.",None for monitoring.,No change required.
https://9takes.com/personality-analysis/kevin-hart,Crawled - currently not indexed,2026-08-06,"May 12, 2026",personality-analysis,src/blog/people/drafts/Kevin-Hart.md,published=true,200,200,,"index, follow, max-image-preview:large, max-snippet:-1, max-video-preview:-1",https://9takes.com/personality-analysis/kevin-hart,submitted,submitted,0,0,0,0,0,2,stable/low-volume,kevin hart personality,2,27,2,3542,2589,0,0,Single-person analysis; 3542 rendered words.,Keep and monitor,P3,,Keep the URL and current submission state unchanged; reassess after the comparison date.,"Valid 200, self-canonical, index-follow page with no current technical defect and insufficient evidence for a content change.",None for monitoring.,No change required.
https://9takes.com/enneagram-corner/enneagram-workplace-team-building,Crawled - currently not indexed,2026-08-06,"May 11, 2026",enneagram,src/blog/enneagram/enneagram-workplace-team-building.md,published=true,200,200,,"index, follow, max-image-preview:large, max-snippet:-1, max-video-preview:-1",https://9takes.com/enneagram-corner/enneagram-workplace-team-building,submitted,submitted,0,60,0,25.4,0,1,stable/low-volume,,0,5,2,3690,3227,0,0,Known overlapping intent; preservation target specified.,Merge with salvage,P1,https://9takes.com/enneagram-corner/enneagram-types-working-in-teams,Preserve the thesis that frustrating workplace behaviors reveal perspectives the team is missing.,Known teams-cluster overlap; the winner owns the stronger demand signal and T-07 specifies salvage-before-redirect.,DJ approval required before merge or redirect.,No; recommendation only.
https://9takes.com/pop-culture/tech-titans-leadership-styles,Crawled - currently not indexed,2026-08-06,"May 7, 2026",pop-culture,src/blog/pop-culture/tech-titans-leadership-styles.md,published=true,200,200,,"index, follow, max-image-preview:large, max-snippet:-1, max-video-preview:-1",https://9takes.com/pop-culture/tech-titans-leadership-styles,submitted,submitted,1,373,0.27,8.3,0,21,declining,sam altman enneagram type,2,3,2,6719,6306,0,0,Distinct route/article; 6719 rendered words.,Keep and monitor,P3,,Keep the URL and current submission state unchanged; reassess after the comparison date.,A prior focused fix or contextual-link improvement is already live; wait for recrawl rather than stacking another change.,None for monitoring.,No change required.
https://9takes.com/questions/what-are-the-problems-with-social-media,Crawled - currently not indexed,2026-08-06,"May 7, 2026",question,database:questions(url=what-are-the-problems-with-social-media); src/routes/questions/[slug]/,flagged=f; removed=f; tagged=t,200,200,,"index, follow, max-image-preview:large, max-snippet:-1, max-video-preview:-1",https://9takes.com/questions/what-are-the-problems-with-social-media,submitted,submitted,0,0,0,0,0,0,no measurable signal,,0,0,2,375,0,0,0,Community thread; 5 comments.,Keep and monitor,P3,,Keep the URL and current submission state unchanged; reassess after the comparison date.,"Valid 200, self-canonical, index-follow page with no current technical defect and insufficient evidence for a content change.",None for monitoring.,No change required.
https://9takes.com/community/consensus-on-human-nature,Crawled - currently not indexed,2026-08-06,"May 6, 2026",community,src/blog/community/consensus-on-human-nature.md,published=true,200,200,,"index, follow, max-image-preview:large, max-snippet:-1, max-video-preview:-1",https://9takes.com/community/consensus-on-human-nature,submitted,submitted,0,29,0,7.1,0,0,no measurable signal,,0,8,2,3787,3368,0,0,Distinct route/article; 3787 rendered words.,Keep and monitor,P3,,Keep the URL and current submission state unchanged; reassess after the comparison date.,"Valid 200, self-canonical, index-follow page with no current technical defect and insufficient evidence for a content change.",None for monitoring.,No change required.
https://9takes.com/personality-analysis/gary-vee,Crawled - currently not indexed,2026-08-06,"May 5, 2026",personality-analysis,src/blog/people/drafts/Gary-Vee.md,published=true,200,200,,"index, follow, max-image-preview:large, max-snippet:-1, max-video-preview:-1",https://9takes.com/personality-analysis/gary-vee,submitted,submitted,0,0,0,0,0,0,no measurable signal,,0,3,2,4753,4011,0,0,Single-person analysis; 4753 rendered words.,Keep and monitor,P3,,Keep the URL and current submission state unchanged; reassess after the comparison date.,"Valid 200, self-canonical, index-follow page with no current technical defect and insufficient evidence for a content change.",None for monitoring.,No change required.
https://9takes.com/personality-analysis/addison-rae,Crawled - currently not indexed,2026-08-06,"May 5, 2026",personality-analysis,src/blog/people/drafts/Addison-Rae.md,published=true,200,200,,"index, follow, max-image-preview:large, max-snippet:-1, max-video-preview:-1",https://9takes.com/personality-analysis/addison-rae,submitted,submitted,0,45,0,8.9,0,4,stable/low-volume,addison rae personality traits,1,0,2,3768,2930,0,0,Single-person analysis; 3768 rendered words.,Keep and monitor,P3,,Keep the URL and current submission state unchanged; reassess after the comparison date.,"Valid 200, self-canonical, index-follow page with no current technical defect and insufficient evidence for a content change.",None for monitoring.,No change required.
https://9takes.com/enneagram-corner/enneagram-object-relations,Crawled - currently not indexed,2026-08-06,"May 5, 2026",enneagram,src/blog/enneagram/enneagram-object-relations.md,published=true,200,200,,"index, follow, max-image-preview:large, max-snippet:-1, max-video-preview:-1",https://9takes.com/enneagram-corner/enneagram-object-relations,submitted,submitted,1,289,0.35,10.3,0,20,declining,enneagram object relations attachment types 3 6 9,5,1,2,5030,4466,0,0,Distinct route/article; 5030 rendered words.,Keep and monitor,P3,,Keep the URL and current submission state unchanged; reassess after the comparison date.,A prior focused fix or contextual-link improvement is already live; wait for recrawl rather than stacking another change.,None for monitoring.,No change required.
https://9takes.com/personality-analysis/drake,Crawled - currently not indexed,2026-08-06,"May 5, 2026",personality-analysis,src/blog/people/drafts/Drake.md,published=true,200,200,,"index, follow, max-image-preview:large, max-snippet:-1, max-video-preview:-1",https://9takes.com/personality-analysis/drake,submitted,submitted,1,488,0.2,8.5,0,10,declining,drake personality type,31,33,2,4400,3477,0,0,Single-person analysis; 4400 rendered words.,Keep and monitor,P3,,Keep the URL and current submission state unchanged; reassess after the comparison date.,A prior focused fix or contextual-link improvement is already live; wait for recrawl rather than stacking another change.,None for monitoring.,No change required.
https://9takes.com/personality-analysis/malcolm-gladwell,Crawled - currently not indexed,2026-08-06,"May 5, 2026",personality-analysis,src/blog/people/drafts/Malcolm-Gladwell.md,published=true,200,200,,"index, follow, max-image-preview:large, max-snippet:-1, max-video-preview:-1",https://9takes.com/personality-analysis/malcolm-gladwell,submitted,submitted,0,0,0,0,0,0,no measurable signal,,0,2,2,5478,4709,0,0,Single-person analysis; 5478 rendered words.,Keep and monitor,P3,,Keep the URL and current submission state unchanged; reassess after the comparison date.,"Valid 200, self-canonical, index-follow page with no current technical defect and insufficient evidence for a content change.",None for monitoring.,No change required.
https://9takes.com/enneagram-corner/red-flags-dating-each-enneagram-type,Crawled - currently not indexed,2026-08-06,"May 5, 2026",enneagram,src/blog/enneagram/red-flags-dating-each-enneagram-type.md,published=true,200,200,,"index, follow, max-image-preview:large, max-snippet:-1, max-video-preview:-1",https://9takes.com/enneagram-corner/red-flags-dating-each-enneagram-type,submitted,submitted,0,134,0,11.4,0,0,no measurable signal,,0,23,2,4207,3727,0,0,Distinct route/article; 4207 rendered words.,Keep and monitor,P3,,Keep the URL and current submission state unchanged; reassess after the comparison date.,A prior focused fix or contextual-link improvement is already live; wait for recrawl rather than stacking another change.,None for monitoring.,No change required.
https://9takes.com/personality-analysis/xqc,Crawled - currently not indexed,2026-08-06,"May 4, 2026",personality-analysis,src/blog/people/drafts/xQc.md,published=true,200,200,,"index, follow, max-image-preview:large, max-snippet:-1, max-video-preview:-1",https://9takes.com/personality-analysis/xqc,submitted,submitted,1,347,0.29,7.5,0,60,declining,no sir,1,8,2,5496,4573,0,0,Single-person analysis; 5496 rendered words.,Improve and keep submitted,P1,,"Preserve the current URL, publication state, and lastmod; improve only after a page-specific content and query review.",Distinct page with 347 impressions in the clean 98-day window and a credible path to regain indexing.,No destructive change authorized; any DB/content edit must remain reversible and preserve lastmod.,No; prioritized for the next focused content batch.
https://9takes.com/personality-analysis/andrew-huberman,Crawled - currently not indexed,2026-08-06,"May 2, 2026",personality-analysis,src/blog/people/drafts/Andrew-Huberman.md,published=true,200,200,,"index, follow, max-image-preview:large, max-snippet:-1, max-video-preview:-1",https://9takes.com/personality-analysis/andrew-huberman,submitted,submitted,0,0,0,0,0,0,no measurable signal,,0,7,2,3929,3402,0,0,Single-person analysis; 3929 rendered words.,Keep and monitor,P3,,Keep the URL and current submission state unchanged; reassess after the comparison date.,"Valid 200, self-canonical, index-follow page with no current technical defect and insufficient evidence for a content change.",None for monitoring.,No change required.
https://9takes.com/enneagram-corner/enneagram-online-dating-guide,Crawled - currently not indexed,2026-08-06,"May 2, 2026",enneagram,src/blog/enneagram/enneagram-online-dating-guide.md,published=true,200,200,,"index, follow, max-image-preview:large, max-snippet:-1, max-video-preview:-1",https://9takes.com/enneagram-corner/enneagram-online-dating-guide,submitted,submitted,0,0,0,0,0,0,no measurable signal,,0,1,2,6019,5536,0,0,"Useful dating material, but weak fit with the Enneagram route and unresolved destination.","Retire candidate, DJ approval required",P1,https://9takes.com/enneagram-corner/enneagram-dating-guide-for-men,Preserve useful screen-first dating advice in an approved destination or relocation; keep the source file until that review is complete.,T-07 found that the page is not meaningfully Enneagram-focused and records relocation versus consolidation as an unresolved DJ decision.,"DJ decision required before relocation, merge, retirement, or redirect.",No; recommendation only.
https://9takes.com/personality-analysis/matt-rife,Crawled - currently not indexed,2026-08-06,"Apr 27, 2026",personality-analysis,src/blog/people/drafts/Matt-Rife.md,published=true,200,200,,"index, follow, max-image-preview:large, max-snippet:-1, max-video-preview:-1",https://9takes.com/personality-analysis/matt-rife,submitted,submitted,0,0,0,0,0,5,stable/low-volume,i can't find it..,1,0,2,4439,3688,0,0,Single-person analysis; 4439 rendered words.,Keep and monitor,P3,,Keep the URL and current submission state unchanged; reassess after the comparison date.,"Valid 200, self-canonical, index-follow page with no current technical defect and insufficient evidence for a content change.",None for monitoring.,No change required.
https://9takes.com/personality-analysis/travis-scott,Crawled - currently not indexed,2026-08-06,"Apr 24, 2026",personality-analysis,src/blog/people/drafts/Travis-Scott.md,published=true,200,200,,"index, follow, max-image-preview:large, max-snippet:-1, max-video-preview:-1",https://9takes.com/personality-analysis/travis-scott,submitted,submitted,0,0,0,0,0,0,no measurable signal,what about his personality?,1,2,2,5418,4537,0,0,Single-person analysis; 5418 rendered words.,Keep and monitor,P3,,Keep the URL and current submission state unchanged; reassess after the comparison date.,"Valid 200, self-canonical, index-follow page with no current technical defect and insufficient evidence for a content change.",None for monitoring.,No change required.
https://9takes.com/personality-analysis/palmer-luckey,Crawled - currently not indexed,2026-08-06,"Apr 24, 2026",personality-analysis,src/blog/people/drafts/Palmer-Luckey.md,published=true,200,200,,"index, follow, max-image-preview:large, max-snippet:-1, max-video-preview:-1",https://9takes.com/personality-analysis/palmer-luckey,submitted,submitted,0,0,0,0,0,34,declining,palmer luckey and ryan reynolds,25,1,2,5071,4453,0,0,Single-person analysis; 5071 rendered words.,Keep and monitor,P3,,Keep the URL and current submission state unchanged; reassess after the comparison date.,"Valid 200, self-canonical, index-follow page with no current technical defect and insufficient evidence for a content change.",None for monitoring.,No change required.
https://9takes.com/personality-analysis/jd-vance,Crawled - currently not indexed,2026-08-06,"Apr 23, 2026",personality-analysis,src/blog/people/drafts/JD-Vance.md,published=true,200,200,,"index, follow, max-image-preview:large, max-snippet:-1, max-video-preview:-1",https://9takes.com/personality-analysis/jd-vance,submitted,submitted,0,0,0,0,0,0,no measurable signal,,0,10,2,5822,5039,0,0,Single-person analysis; 5822 rendered words.,Keep and monitor,P3,,Keep the URL and current submission state unchanged; reassess after the comparison date.,"Valid 200, self-canonical, index-follow page with no current technical defect and insufficient evidence for a content change.",None for monitoring.,No change required.
https://9takes.com/pop-culture/dark-triad-meets-enneagram,Crawled - currently not indexed,2026-08-06,"Apr 23, 2026",pop-culture,src/blog/pop-culture/dark-triad-meets-enneagram.md,published=true,200,200,,"index, follow, max-image-preview:large, max-snippet:-1, max-video-preview:-1",https://9takes.com/pop-culture/dark-triad-meets-enneagram,submitted,submitted,0,0,0,0,0,0,no measurable signal,dark triad enneagram,2,5,2,2907,2329,0,0,Distinct route/article; 2907 rendered words.,Keep and monitor,P3,,Keep the URL and current submission state unchanged; reassess after the comparison date.,"Valid 200, self-canonical, index-follow page with no current technical defect and insufficient evidence for a content change.",None for monitoring.,No change required.
https://9takes.com/community/software-and-hardware-of-the-mind,Crawled - currently not indexed,2026-08-06,"Apr 20, 2026",community,src/blog/community/software-and-hardware-of-the-mind.md,published=true,200,200,,"index, follow, max-image-preview:large, max-snippet:-1, max-video-preview:-1",https://9takes.com/community/software-and-hardware-of-the-mind,submitted,submitted,0,19,0,13.9,0,0,no measurable signal,mental hardware and software psychology,6,3,2,3658,3204,0,0,Distinct route/article; 3658 rendered words.,Keep and monitor,P3,,Keep the URL and current submission state unchanged; reassess after the comparison date.,"Valid 200, self-canonical, index-follow page with no current technical defect and insufficient evidence for a content change.",None for monitoring.,No change required.
https://9takes.com/personality-analysis/saagar-enjeti,Crawled - currently not indexed,2026-08-06,"Apr 19, 2026",personality-analysis,src/blog/people/drafts/Saagar-Enjeti.md,published=true,200,200,,"index, follow, max-image-preview:large, max-snippet:-1, max-video-preview:-1",https://9takes.com/personality-analysis/saagar-enjeti,submitted,submitted,1,19,5.26,12.9,0,6,stable/low-volume,site:9takes.com,3,3,2,3841,2906,0,0,Single-person analysis; 3841 rendered words.,Keep and monitor,P3,,Keep the URL and current submission state unchanged; reassess after the comparison date.,"Valid 200, self-canonical, index-follow page with no current technical defect and insufficient evidence for a content change.",None for monitoring.,No change required.
https://9takes.com/personality-analysis/ben-affleck,Crawled - currently not indexed,2026-08-06,"Apr 19, 2026",personality-analysis,src/blog/people/drafts/Ben-Affleck.md,published=true,200,200,,"index, follow, max-image-preview:large, max-snippet:-1, max-video-preview:-1",https://9takes.com/personality-analysis/ben-affleck,submitted,submitted,0,19,0,8.8,0,2,stable/low-volume,,0,10,2,5821,4900,0,0,Single-person analysis; 5821 rendered words.,Keep and monitor,P3,,Keep the URL and current submission state unchanged; reassess after the comparison date.,"Valid 200, self-canonical, index-follow page with no current technical defect and insufficient evidence for a content change.",None for monitoring.,No change required.
https://9takes.com/personality-analysis/marcello-hernandez,Crawled - currently not indexed,2026-08-06,"Apr 18, 2026",personality-analysis,src/blog/people/drafts/Marcello-Hernandez.md,published=true,200,200,,"index, follow, max-image-preview:large, max-snippet:-1, max-video-preview:-1",https://9takes.com/personality-analysis/marcello-hernandez,submitted,submitted,1,64,1.56,10.5,0,4,stable/low-volume,why does marcello hernandez have a raspy voice,1,0,2,4321,3377,0,0,Single-person analysis; 4321 rendered words.,Keep and monitor,P3,,Keep the URL and current submission state unchanged; reassess after the comparison date.,"Valid 200, self-canonical, index-follow page with no current technical defect and insufficient evidence for a content change.",None for monitoring.,No change required.
https://9takes.com/how-to-guides/the-crash-course-on-emotions-that-we-missed-in-kindergarten,Crawled - currently not indexed,2026-08-06,"Apr 15, 2026",how-to-guides,src/blog/guides/the-crash-course-on-emotions-that-we-missed-in-kindergarten.md,published=true,200,200,,"index, follow, max-image-preview:large, max-snippet:-1, max-video-preview:-1",https://9takes.com/how-to-guides/the-crash-course-on-emotions-that-we-missed-in-kindergarten,submitted,submitted,0,32,0,19.5,1,7,stable/low-volume,,0,2,2,3798,3281,0,0,Distinct route/article; 3798 rendered words.,Keep and monitor,P3,,Keep the URL and current submission state unchanged; reassess after the comparison date.,"Valid 200, self-canonical, index-follow page with no current technical defect and insufficient evidence for a content change.",None for monitoring.,No change required.
https://9takes.com/personality-analysis/bobbi-althoff,Crawled - currently not indexed,2026-08-06,"Apr 13, 2026",personality-analysis,src/blog/people/drafts/Bobbi-Althoff.md,published=true,200,200,,"index, follow, max-image-preview:large, max-snippet:-1, max-video-preview:-1",https://9takes.com/personality-analysis/bobbi-althoff,submitted,submitted,0,0,0,0,0,0,no measurable signal,,0,0,2,4012,3173,0,0,Single-person analysis; 4012 rendered words.,Keep and monitor,P3,,Keep the URL and current submission state unchanged; reassess after the comparison date.,"Valid 200, self-canonical, index-follow page with no current technical defect and insufficient evidence for a content change.",None for monitoring.,No change required.
https://9takes.com/personality-analysis/demi-lovato,Crawled - currently not indexed,2026-08-06,"Apr 13, 2026",personality-analysis,src/blog/people/drafts/Demi-Lovato.md,published=true,200,200,,"index, follow, max-image-preview:large, max-snippet:-1, max-video-preview:-1",https://9takes.com/personality-analysis/demi-lovato,submitted,submitted,0,0,0,0,0,0,no measurable signal,,0,2,2,4067,3235,0,0,Single-person analysis; 4067 rendered words.,Keep and monitor,P3,,Keep the URL and current submission state unchanged; reassess after the comparison date.,"Valid 200, self-canonical, index-follow page with no current technical defect and insufficient evidence for a content change.",None for monitoring.,No change required.
https://9takes.com/personality-analysis/robert-downey-jr,Crawled - currently not indexed,2026-08-06,"Apr 13, 2026",personality-analysis,src/blog/people/drafts/Robert-Downey-Jr.md,published=true,200,200,,"index, follow, max-image-preview:large, max-snippet:-1, max-video-preview:-1",https://9takes.com/personality-analysis/robert-downey-jr,submitted,submitted,0,0,0,0,0,0,no measurable signal,,0,3,2,4947,3979,0,0,Single-person analysis; 4947 rendered words.,Keep and monitor,P3,,Keep the URL and current submission state unchanged; reassess after the comparison date.,"Valid 200, self-canonical, index-follow page with no current technical defect and insufficient evidence for a content change.",None for monitoring.,No change required.
https://9takes.com/personality-analysis/ali-abdaal,Crawled - currently not indexed,2026-08-06,"Apr 13, 2026",personality-analysis,src/blog/people/drafts/Ali-Abdaal.md,published=true,200,200,,"index, follow, max-image-preview:large, max-snippet:-1, max-video-preview:-1",https://9takes.com/personality-analysis/ali-abdaal,submitted,submitted,0,94,0,8.3,0,0,no measurable signal,,0,1,2,6988,6440,0,0,Single-person analysis; 6988 rendered words.,Improve and keep submitted,P1,,"Preserve the current URL, publication state, and lastmod; improve only after a page-specific content and query review.",Distinct page with 94 impressions in the clean 98-day window and a credible path to regain indexing.,No destructive change authorized; any DB/content edit must remain reversible and preserve lastmod.,No; prioritized for the next focused content batch.
https://9takes.com/personality-analysis/stephen-colbert,Crawled - currently not indexed,2026-08-06,"Apr 13, 2026",personality-analysis,src/blog/people/drafts/Stephen-Colbert.md,published=true,200,200,,"index, follow, max-image-preview:large, max-snippet:-1, max-video-preview:-1",https://9takes.com/personality-analysis/stephen-colbert,submitted,submitted,1,59,1.69,8.2,0,0,no measurable signal,stephen colbert enneagram,2,2,2,4880,3989,0,0,Single-person analysis; 4880 rendered words.,Keep and monitor,P3,,Keep the URL and current submission state unchanged; reassess after the comparison date.,"Valid 200, self-canonical, index-follow page with no current technical defect and insufficient evidence for a content change.",None for monitoring.,No change required.
https://9takes.com/personality-analysis/tim-dillon,Crawled - currently not indexed,2026-08-06,"Apr 12, 2026",personality-analysis,src/blog/people/drafts/Tim-Dillon.md,published=true,200,200,,"index, follow, max-image-preview:large, max-snippet:-1, max-video-preview:-1",https://9takes.com/personality-analysis/tim-dillon,submitted,submitted,0,0,0,0,0,0,no measurable signal,,0,4,2,6059,5461,0,0,Single-person analysis; 6059 rendered words.,Keep and monitor,P3,,Keep the URL and current submission state unchanged; reassess after the comparison date.,"Valid 200, self-canonical, index-follow page with no current technical defect and insufficient evidence for a content change.",None for monitoring.,No change required.
https://9takes.com/personality-analysis/napoleon-bonaparte,Crawled - currently not indexed,2026-08-06,"Apr 11, 2026",personality-analysis,src/blog/people/drafts/Napoleon-Bonaparte.md,published=true,200,200,,"index, follow, max-image-preview:large, max-snippet:-1, max-video-preview:-1",https://9takes.com/personality-analysis/napoleon-bonaparte,submitted,submitted,0,0,0,0,0,0,no measurable signal,,0,2,2,5033,4119,0,0,Single-person analysis; 5033 rendered words.,Keep and monitor,P3,,Keep the URL and current submission state unchanged; reassess after the comparison date.,"Valid 200, self-canonical, index-follow page with no current technical defect and insufficient evidence for a content change.",None for monitoring.,No change required.
https://9takes.com/personality-analysis/malcolm-x,Crawled - currently not indexed,2026-08-06,"Apr 11, 2026",personality-analysis,src/blog/people/drafts/Malcolm-X.md,published=true,200,200,,"index, follow, max-image-preview:large, max-snippet:-1, max-video-preview:-1",https://9takes.com/personality-analysis/malcolm-x,submitted,submitted,0,0,0,0,0,26,declining,"""protector, not aggressor""",59,3,2,3578,2639,0,0,Single-person analysis; 3578 rendered words.,Keep and monitor,P3,,Keep the URL and current submission state unchanged; reassess after the comparison date.,"Valid 200, self-canonical, index-follow page with no current technical defect and insufficient evidence for a content change.",None for monitoring.,No change required.
https://9takes.com/personality-analysis/jared-leto,Crawled - currently not indexed,2026-08-06,"Apr 11, 2026",personality-analysis,src/blog/people/drafts/Jared-Leto.md,published=true,200,200,,"index, follow, max-image-preview:large, max-snippet:-1, max-video-preview:-1",https://9takes.com/personality-analysis/jared-leto,submitted,submitted,0,0,0,0,0,0,no measurable signal,,0,0,2,4691,4050,0,0,Single-person analysis; 4691 rendered words.,Keep and monitor,P3,,Keep the URL and current submission state unchanged; reassess after the comparison date.,"Valid 200, self-canonical, index-follow page with no current technical defect and insufficient evidence for a content change.",None for monitoring.,No change required.
https://9takes.com/questions/one-best-times-life,Crawled - currently not indexed,2026-08-06,"Apr 10, 2026",question,database:questions(url=one-best-times-life); src/routes/questions/[slug]/,flagged=f; removed=f; tagged=t,200,200,,"index, follow, max-image-preview:large, max-snippet:-1, max-video-preview:-1",https://9takes.com/questions/one-best-times-life,submitted,submitted,0,0,0,0,0,0,no measurable signal,,0,0,2,439,0,0,0,Community thread; 2 comments.,"Remove from sitemap, keep accessible",P2,,Keep the community thread and every response accessible; apply a reusable question-quality gate rather than deleting or hard-coding redirects.,Thin community thread with 2 comments and no measurable GSC demand; not yet a durable search landing page.,DJ should approve the reusable question-quality threshold before a broader sitemap policy is implemented.,No; first batch is limited to the browse-only category hub.
https://9takes.com/personality-analysis/amy-poehler,Crawled - currently not indexed,2026-08-06,"Apr 10, 2026",personality-analysis,src/blog/people/drafts/Amy-Poehler.md,published=true,200,200,,"index, follow, max-image-preview:large, max-snippet:-1, max-video-preview:-1",https://9takes.com/personality-analysis/amy-poehler,submitted,submitted,0,51,0,9.7,0,0,no measurable signal,,0,8,2,4271,3393,0,0,Single-person analysis; 4271 rendered words.,Keep and monitor,P3,,Keep the URL and current submission state unchanged; reassess after the comparison date.,"Valid 200, self-canonical, index-follow page with no current technical defect and insufficient evidence for a content change.",None for monitoring.,No change required.
https://9takes.com/personality-analysis/kendall-jenner,Crawled - currently not indexed,2026-08-06,"Apr 10, 2026",personality-analysis,src/blog/people/drafts/Kendall-Jenner.md,published=true,200,200,,"index, follow, max-image-preview:large, max-snippet:-1, max-video-preview:-1",https://9takes.com/personality-analysis/kendall-jenner,submitted,submitted,0,0,0,0,0,0,no measurable signal,,0,1,2,4401,3519,0,0,Single-person analysis; 4401 rendered words.,Keep and monitor,P3,,Keep the URL and current submission state unchanged; reassess after the comparison date.,"Valid 200, self-canonical, index-follow page with no current technical defect and insufficient evidence for a content change.",None for monitoring.,No change required.
https://9takes.com/personality-analysis/conor-mcgregor,Crawled - currently not indexed,2026-08-06,"Apr 10, 2026",personality-analysis,src/blog/people/drafts/Conor-McGregor.md,published=true,200,200,,"index, follow, max-image-preview:large, max-snippet:-1, max-video-preview:-1",https://9takes.com/personality-analysis/conor-mcgregor,submitted,submitted,0,0,0,0,0,2,stable/low-volume,"""made his ufc debut"" ""november"" ""born"" 1988",1,1,2,4353,3551,0,0,Single-person analysis; 4353 rendered words.,Keep and monitor,P3,,Keep the URL and current submission state unchanged; reassess after the comparison date.,"Valid 200, self-canonical, index-follow page with no current technical defect and insufficient evidence for a content change.",None for monitoring.,No change required.
https://9takes.com/questions/what-is-the-key-to-a-good-marriage,Crawled - currently not indexed,2026-08-06,"Apr 10, 2026",question,database:questions(url=what-is-the-key-to-a-good-marriage); src/routes/questions/[slug]/,flagged=f; removed=f; tagged=t,200,200,,"index, follow, max-image-preview:large, max-snippet:-1, max-video-preview:-1",https://9takes.com/questions/what-is-the-key-to-a-good-marriage,submitted,submitted,0,0,0,0,0,0,no measurable signal,,0,0,2,409,0,0,0,Community thread; 2 comments.,"Remove from sitemap, keep accessible",P2,,Keep the community thread and every response accessible; apply a reusable question-quality gate rather than deleting or hard-coding redirects.,Thin community thread with 2 comments and no measurable GSC demand; not yet a durable search landing page.,DJ should approve the reusable question-quality threshold before a broader sitemap policy is implemented.,No; first batch is limited to the browse-only category hub.
https://9takes.com/pop-culture/tech-titans-platform-emperors,Crawled - currently not indexed,2026-08-06,"Apr 9, 2026",pop-culture,src/blog/pop-culture/tech-titans-platform-emperors.md,published=true,200,200,,"index, follow, max-image-preview:large, max-snippet:-1, max-video-preview:-1",https://9takes.com/pop-culture/tech-titans-platform-emperors,submitted,submitted,0,0,0,0,0,14,declining,,0,2,2,4807,4269,0,0,Distinct route/article; 4807 rendered words.,Keep and monitor,P3,,Keep the URL and current submission state unchanged; reassess after the comparison date.,"Valid 200, self-canonical, index-follow page with no current technical defect and insufficient evidence for a content change.",None for monitoring.,No change required.
https://9takes.com/questions/categories,Crawled - currently not indexed,2026-08-06,"Apr 9, 2026",question-category-index,src/routes/questions/categories/+page.server.ts; src/routes/questions/categories/+page.svelte,public route,200,200,,"index, follow, max-image-preview:large, max-snippet:-1, max-video-preview:-1",https://9takes.com/questions/categories,submitted,not submitted after next generation,0,0,0,0,0,0,no measurable signal,,0,18,2,401,0,0,0,Distinct route/article; 401 rendered words.,"Remove from sitemap, keep accessible",P1,,"Keep the browse hub live, self-canonical, indexable, and linked from site navigation; remove only its sitemap emission.",Browse-only utility hub with no GSC demand or reported external links; navigation already supplies discovery.,No DJ gate; bounded reversible sitemap-generation change with evidence recorded.,Yes; generator and focused test updated. Existing staged sitemap was intentionally not regenerated.
https://9takes.com/personality-analysis/olivia-rodrigo,Crawled - currently not indexed,2026-08-06,"Apr 9, 2026",personality-analysis,src/blog/people/drafts/Olivia-Rodrigo.md,published=true,200,200,,"index, follow, max-image-preview:large, max-snippet:-1, max-video-preview:-1",https://9takes.com/personality-analysis/olivia-rodrigo,submitted,submitted,0,0,0,0,0,0,no measurable signal,olivia rodrigo personality,3,13,2,4443,3509,0,0,Single-person analysis; 4443 rendered words.,Keep and monitor,P3,,Keep the URL and current submission state unchanged; reassess after the comparison date.,"Valid 200, self-canonical, index-follow page with no current technical defect and insufficient evidence for a content change.",None for monitoring.,No change required.
https://9takes.com/personality-analysis/jenna-ortega,Crawled - currently not indexed,2026-08-06,"Apr 8, 2026",personality-analysis,src/blog/people/drafts/Jenna-Ortega.md,published=true,200,200,,"index, follow, max-image-preview:large, max-snippet:-1, max-video-preview:-1",https://9takes.com/personality-analysis/jenna-ortega,submitted,submitted,0,0,0,0,0,0,no measurable signal,,0,4,2,3782,2911,0,0,Single-person analysis; 3782 rendered words.,Keep and monitor,P3,,Keep the URL and current submission state unchanged; reassess after the comparison date.,"Valid 200, self-canonical, index-follow page with no current technical defect and insufficient evidence for a content change.",None for monitoring.,No change required.
https://9takes.com/personality-analysis/tfue,Crawled - currently not indexed,2026-08-06,"Apr 6, 2026",personality-analysis,src/blog/people/drafts/Tfue.md,published=true,200,200,,"index, follow, max-image-preview:large, max-snippet:-1, max-video-preview:-1",https://9takes.com/personality-analysis/tfue,submitted,submitted,0,0,0,0,0,19,declining,,0,2,2,4550,3729,0,0,Single-person analysis; 4550 rendered words.,Keep and monitor,P3,,Keep the URL and current submission state unchanged; reassess after the comparison date.,"Valid 200, self-canonical, index-follow page with no current technical defect and insufficient evidence for a content change.",None for monitoring.,No change required.
https://9takes.com/enneagram-corner/how-type-8-challengers-actually-succeed,Crawled - currently not indexed,2026-08-06,"Apr 6, 2026",enneagram,src/blog/enneagram/how-type-8-challengers-actually-succeed.md,published=true,200,200,,"index, follow, max-image-preview:large, max-snippet:-1, max-video-preview:-1",https://9takes.com/enneagram-corner/how-type-8-challengers-actually-succeed,submitted,submitted,0,0,0,0,0,0,no measurable signal,,0,9,2,5348,4974,0,0,Distinct route/article; 5348 rendered words.,Keep and monitor,P3,,Keep the URL and current submission state unchanged; reassess after the comparison date.,"Valid 200, self-canonical, index-follow page with no current technical defect and insufficient evidence for a content change.",None for monitoring.,No change required.
https://9takes.com/personality-analysis/tony-robbins,Crawled - currently not indexed,2026-08-06,"Apr 2, 2026",personality-analysis,src/blog/people/drafts/Tony-Robbins.md,published=true,200,200,,"index, follow, max-image-preview:large, max-snippet:-1, max-video-preview:-1",https://9takes.com/personality-analysis/tony-robbins,submitted,submitted,0,0,0,0,0,0,no measurable signal,,0,8,2,4516,3793,0,0,Single-person analysis; 4516 rendered words.,Keep and monitor,P3,,Keep the URL and current submission state unchanged; reassess after the comparison date.,"Valid 200, self-canonical, index-follow page with no current technical defect and insufficient evidence for a content change.",None for monitoring.,No change required.
https://9takes.com/personality-analysis/chamath-palihapitiya,Crawled - currently not indexed,2026-08-06,"Apr 2, 2026",personality-analysis,src/blog/people/drafts/Chamath-Palihapitiya.md,published=true,200,200,,"index, follow, max-image-preview:large, max-snippet:-1, max-video-preview:-1",https://9takes.com/personality-analysis/chamath-palihapitiya,submitted,submitted,0,131,0,8.1,0,0,no measurable signal,"""chamath may""",1,12,2,4383,3781,0,0,Single-person analysis; 4383 rendered words.,Improve and keep submitted,P1,,"Preserve the current URL, publication state, and lastmod; improve only after a page-specific content and query review.",Distinct page with 131 impressions in the clean 98-day window and a credible path to regain indexing.,No destructive change authorized; any DB/content edit must remain reversible and preserve lastmod.,No; prioritized for the next focused content batch.
https://9takes.com/pop-culture/masculinity-strength-and-the-enneagram,Crawled - currently not indexed,2026-08-06,"Mar 29, 2026",pop-culture,src/blog/pop-culture/masculinity-strength-and-the-enneagram.md,published=true,200,200,,"index, follow, max-image-preview:large, max-snippet:-1, max-video-preview:-1",https://9takes.com/pop-culture/masculinity-strength-and-the-enneagram,submitted,submitted,0,0,0,0,0,1,stable/low-volume,,0,1,2,3170,2713,0,0,Distinct route/article; 3170 rendered words.,Keep and monitor,P3,,Keep the URL and current submission state unchanged; reassess after the comparison date.,"Valid 200, self-canonical, index-follow page with no current technical defect and insufficient evidence for a content change.",None for monitoring.,No change required.
https://9takes.com/personality-analysis/sarah-j-maas,Crawled - currently not indexed,2026-08-06,"Mar 28, 2026",personality-analysis,src/blog/people/drafts/Sarah-J-Maas.md,published=true,200,200,,"index, follow, max-image-preview:large, max-snippet:-1, max-video-preview:-1",https://9takes.com/personality-analysis/sarah-j-maas,submitted,submitted,0,0,0,0,0,0,no measurable signal,,0,0,2,4286,3394,0,0,Single-person analysis; 4286 rendered words.,Keep and monitor,P3,,Keep the URL and current submission state unchanged; reassess after the comparison date.,"Valid 200, self-canonical, index-follow page with no current technical defect and insufficient evidence for a content change.",None for monitoring.,No change required.
https://9takes.com/personality-analysis/bad-bunny,Crawled - currently not indexed,2026-08-06,"Mar 28, 2026",personality-analysis,src/blog/people/drafts/Bad-Bunny.md,published=true,200,200,,"index, follow, max-image-preview:large, max-snippet:-1, max-video-preview:-1",https://9takes.com/personality-analysis/bad-bunny,submitted,submitted,0,56,0,6,0,0,no measurable signal,,0,4,2,5386,4793,0,0,Single-person analysis; 5386 rendered words.,Keep and monitor,P3,,Keep the URL and current submission state unchanged; reassess after the comparison date.,"Valid 200, self-canonical, index-follow page with no current technical defect and insufficient evidence for a content change.",None for monitoring.,No change required.
https://9takes.com/personality-analysis/trisha-paytas,Crawled - currently not indexed,2026-08-06,"Mar 28, 2026",personality-analysis,src/blog/people/drafts/Trisha-Paytas.md,published=true,200,200,,"index, follow, max-image-preview:large, max-snippet:-1, max-video-preview:-1",https://9takes.com/personality-analysis/trisha-paytas,submitted,submitted,1,100,1,8.4,0,0,no measurable signal,trisha paytas personality type,2,2,2,4813,3872,0,0,Single-person analysis; 4813 rendered words.,Improve and keep submitted,P1,,"Preserve the current URL, publication state, and lastmod; improve only after a page-specific content and query review.",Distinct page with 100 impressions in the clean 98-day window and a credible path to regain indexing.,No destructive change authorized; any DB/content edit must remain reversible and preserve lastmod.,No; prioritized for the next focused content batch.
https://9takes.com/personality-analysis/john-mayer,Crawled - currently not indexed,2026-08-06,"Mar 28, 2026",personality-analysis,src/blog/people/drafts/John-Mayer.md,published=true,200,200,,"index, follow, max-image-preview:large, max-snippet:-1, max-video-preview:-1",https://9takes.com/personality-analysis/john-mayer,submitted,submitted,0,0,0,0,0,4,stable/low-volume,,0,3,2,4399,3470,0,0,Single-person analysis; 4399 rendered words.,Keep and monitor,P3,,Keep the URL and current submission state unchanged; reassess after the comparison date.,"Valid 200, self-canonical, index-follow page with no current technical defect and insufficient evidence for a content change.",None for monitoring.,No change required.
https://9takes.com/personality-analysis/troye-sivan,Crawled - currently not indexed,2026-08-06,"Mar 28, 2026",personality-analysis,src/blog/people/drafts/Troye-Sivan.md,published=true,200,200,,"index, follow, max-image-preview:large, max-snippet:-1, max-video-preview:-1",https://9takes.com/personality-analysis/troye-sivan,submitted,submitted,0,0,0,0,0,0,no measurable signal,,0,1,2,5262,6045,0,0,Single-person analysis; 5262 rendered words.,Keep and monitor,P3,,Keep the URL and current submission state unchanged; reassess after the comparison date.,"Valid 200, self-canonical, index-follow page with no current technical defect and insufficient evidence for a content change.",None for monitoring.,No change required.
https://9takes.com/personality-analysis/chelsea-handler,Crawled - currently not indexed,2026-08-06,"Mar 28, 2026",personality-analysis,src/blog/people/drafts/Chelsea-Handler.md,published=true,200,200,,"index, follow, max-image-preview:large, max-snippet:-1, max-video-preview:-1",https://9takes.com/personality-analysis/chelsea-handler,submitted,submitted,0,0,0,0,0,0,no measurable signal,,0,0,2,4456,3506,0,0,Single-person analysis; 4456 rendered words.,Keep and monitor,P3,,Keep the URL and current submission state unchanged; reassess after the comparison date.,"Valid 200, self-canonical, index-follow page with no current technical defect and insufficient evidence for a content change.",None for monitoring.,No change required.
https://9takes.com/personality-analysis/reid-hoffman,Crawled - currently not indexed,2026-08-06,"Mar 27, 2026",personality-analysis,src/blog/people/drafts/Reid-Hoffman.md,published=true,200,200,,"index, follow, max-image-preview:large, max-snippet:-1, max-video-preview:-1",https://9takes.com/personality-analysis/reid-hoffman,submitted,submitted,0,0,0,0,0,0,no measurable signal,,0,4,2,6653,6000,0,0,Single-person analysis; 6653 rendered words.,Keep and monitor,P3,,Keep the URL and current submission state unchanged; reassess after the comparison date.,"Valid 200, self-canonical, index-follow page with no current technical defect and insufficient evidence for a content change.",None for monitoring.,No change required.
https://9takes.com/personality-analysis/jake-shane,Crawled - currently not indexed,2026-08-06,"Mar 26, 2026",personality-analysis,src/blog/people/drafts/Jake-Shane.md,published=true,200,200,,"index, follow, max-image-preview:large, max-snippet:-1, max-video-preview:-1",https://9takes.com/personality-analysis/jake-shane,submitted,submitted,0,0,0,0,1,4,stable/low-volume,"""switched schools"" ""ten times"" celebrity",35,5,2,4450,3598,0,0,Single-person analysis; 4450 rendered words.,Keep and monitor,P3,,Keep the URL and current submission state unchanged; reassess after the comparison date.,"Valid 200, self-canonical, index-follow page with no current technical defect and insufficient evidence for a content change.",None for monitoring.,No change required.
https://9takes.com/personality-analysis/jelly-roll,Crawled - currently not indexed,2026-08-06,"Mar 26, 2026",personality-analysis,src/blog/people/drafts/Jelly-Roll.md,published=true,200,200,,"index, follow, max-image-preview:large, max-snippet:-1, max-video-preview:-1",https://9takes.com/personality-analysis/jelly-roll,submitted,submitted,0,0,0,0,0,0,no measurable signal,,0,9,2,5428,4515,0,0,Single-person analysis; 5428 rendered words.,Keep and monitor,P3,,Keep the URL and current submission state unchanged; reassess after the comparison date.,"Valid 200, self-canonical, index-follow page with no current technical defect and insufficient evidence for a content change.",None for monitoring.,No change required.
https://9takes.com/personality-analysis/lupita-nyongo,Crawled - currently not indexed,2026-08-06,"Mar 26, 2026",personality-analysis,src/blog/people/drafts/Lupita-Nyongo.md,published=true,200,200,,"index, follow, max-image-preview:large, max-snippet:-1, max-video-preview:-1",https://9takes.com/personality-analysis/lupita-nyongo,submitted,submitted,0,0,0,0,0,0,no measurable signal,,0,2,2,4728,3860,0,0,Single-person analysis; 4728 rendered words.,Keep and monitor,P3,,Keep the URL and current submission state unchanged; reassess after the comparison date.,"Valid 200, self-canonical, index-follow page with no current technical defect and insufficient evidence for a content change.",None for monitoring.,No change required.
https://9takes.com/personality-analysis/scott-galloway,Crawled - currently not indexed,2026-08-06,"Mar 26, 2026",personality-analysis,src/blog/people/drafts/Scott-Galloway.md,published=true,200,200,,"index, follow, max-image-preview:large, max-snippet:-1, max-video-preview:-1",https://9takes.com/personality-analysis/scott-galloway,submitted,submitted,0,0,0,0,0,0,no measurable signal,,0,3,2,4380,3518,0,0,Single-person analysis; 4380 rendered words.,Keep and monitor,P3,,Keep the URL and current submission state unchanged; reassess after the comparison date.,"Valid 200, self-canonical, index-follow page with no current technical defect and insufficient evidence for a content change.",None for monitoring.,No change required.
https://9takes.com/book-session,Crawled - currently not indexed,2026-08-06,"Mar 24, 2026",book-session,src/routes/book-session/+page.svelte,public route,200,200,,"index, follow, max-image-preview:large, max-snippet:-1, max-video-preview:-1",https://9takes.com/book-session,submitted,submitted,0,0,0,0,0,0,no measurable signal,,0,17,2,1138,0,0,0,Distinct route/article; 1138 rendered words.,Keep and monitor,P3,,Keep the URL and current submission state unchanged; reassess after the comparison date.,"Valid 200, self-canonical, index-follow page with no current technical defect and insufficient evidence for a content change.",None for monitoring.,No change required.
https://9takes.com/personality-analysis/categories,Crawled - currently not indexed,2026-08-06,"Mar 13, 2026",personality-analysis,database:blogs_famous_people(person=categories); src/routes/personality-analysis/[slug]/,database row not found,200,200,,"index, follow, max-image-preview:large, max-snippet:-1, max-video-preview:-1",https://9takes.com/personality-analysis/categories,submitted,submitted,0,0,0,0,0,0,no measurable signal,,0,22,2,504,0,0,0,Single-person analysis; 504 rendered words.,Keep and monitor,P3,,Keep the URL and current submission state unchanged; reassess after the comparison date.,"Valid 200, self-canonical, index-follow page with no current technical defect and insufficient evidence for a content change.",None for monitoring.,No change required.
https://9takes.com/personality-analysis/categories/music,Crawled - currently not indexed,2026-08-06,"Mar 13, 2026",personality-category,src/routes/personality-analysis/categories/[slug]/+page.server.ts; src/routes/personality-analysis/categories/[slug]/+page.svelte,public route,200,200,,"index, follow, max-image-preview:large, max-snippet:-1, max-video-preview:-1",https://9takes.com/personality-analysis/categories/music,submitted,submitted,0,0,0,0,0,0,no measurable signal,,0,4,2,1429,0,0,0,Distinct route/article; 1429 rendered words.,Keep and monitor,P3,,Keep the URL and current submission state unchanged; reassess after the comparison date.,"Valid 200, self-canonical, index-follow page with no current technical defect and insufficient evidence for a content change.",None for monitoring.,No change required.
https://9takes.com/personality-analysis/categories/tech-business,Crawled - currently not indexed,2026-08-06,"Mar 13, 2026",personality-category,src/routes/personality-analysis/categories/[slug]/+page.server.ts; src/routes/personality-analysis/categories/[slug]/+page.svelte,public route,200,200,,"index, follow, max-image-preview:large, max-snippet:-1, max-video-preview:-1",https://9takes.com/personality-analysis/categories/tech-business,submitted,submitted,0,1,0,3,0,0,no measurable signal,,0,6,2,1442,0,0,0,Distinct route/article; 1442 rendered words.,Keep and monitor,P3,,Keep the URL and current submission state unchanged; reassess after the comparison date.,"Valid 200, self-canonical, index-follow page with no current technical defect and insufficient evidence for a content change.",None for monitoring.,No change required.
https://9takes.com/how-to-guides/guide-to-fighting-depression,Crawled - currently not indexed,2026-08-06,"Mar 12, 2026",how-to-guides,src/blog/guides/guide-to-fighting-depression.md,published=true,200,200,,"index, follow, max-image-preview:large, max-snippet:-1, max-video-preview:-1",https://9takes.com/how-to-guides/guide-to-fighting-depression,submitted,submitted,0,0,0,0,0,0,no measurable signal,,0,3,2,3221,2797,0,0,Distinct route/article; 3221 rendered words.,Keep and monitor,P3,,Keep the URL and current submission state unchanged; reassess after the comparison date.,"Valid 200, self-canonical, index-follow page with no current technical defect and insufficient evidence for a content change.",None for monitoring.,No change required.
https://9takes.com/how-to-guides/ultimate-guide-to-active-listening,Crawled - currently not indexed,2026-08-06,"Mar 10, 2026",how-to-guides,src/blog/guides/ultimate-guide-to-active-listening.md,published=true,200,200,,"index, follow, max-image-preview:large, max-snippet:-1, max-video-preview:-1",https://9takes.com/how-to-guides/ultimate-guide-to-active-listening,submitted,submitted,0,0,0,0,0,0,no measurable signal,,0,5,2,2642,2311,0,0,Distinct route/article; 2642 rendered words.,Keep and monitor,P3,,Keep the URL and current submission state unchanged; reassess after the comparison date.,"Valid 200, self-canonical, index-follow page with no current technical defect and insufficient evidence for a content change.",None for monitoring.,No change required.
https://9takes.com/questions/how-do-you-hope-people-describe,Crawled - currently not indexed,2026-08-06,"Mar 9, 2026",question,database:questions(url=how-do-you-hope-people-describe); src/routes/questions/[slug]/,flagged=f; removed=f; tagged=t,200,200,,"index, follow, max-image-preview:large, max-snippet:-1, max-video-preview:-1",https://9takes.com/questions/how-do-you-hope-people-describe,submitted,submitted,0,0,0,0,0,0,no measurable signal,,0,0,2,390,0,0,0,Community thread; 2 comments.,"Remove from sitemap, keep accessible",P2,,Keep the community thread and every response accessible; apply a reusable question-quality gate rather than deleting or hard-coding redirects.,Thin community thread with 2 comments and no measurable GSC demand; not yet a durable search landing page.,DJ should approve the reusable question-quality threshold before a broader sitemap policy is implemented.,No; first batch is limited to the browse-only category hub.
https://9takes.com/questions/what-are-you-afraid-to-tell-to-your-partner,Crawled - currently not indexed,2026-08-06,"Mar 9, 2026",question,database:questions(url=what-are-you-afraid-to-tell-to-your-partner); src/routes/questions/[slug]/,flagged=f; removed=f; tagged=t,200,200,,"index, follow, max-image-preview:large, max-snippet:-1, max-video-preview:-1",https://9takes.com/questions/what-are-you-afraid-to-tell-to-your-partner,submitted,submitted,0,0,0,0,0,0,no measurable signal,,0,1,2,270,0,0,0,Community thread; 6 comments.,Keep and monitor,P3,,Keep the URL and current submission state unchanged; reassess after the comparison date.,"Valid 200, self-canonical, index-follow page with no current technical defect and insufficient evidence for a content change.",None for monitoring.,No change required.
https://9takes.com/enneagram-corner/subtopic/overview,Crawled - currently not indexed,2026-08-06,"Mar 8, 2026",enneagram-subtopic,src/routes/enneagram-corner/subtopic/[slug]/+page.server.ts; src/routes/enneagram-corner/subtopic/[slug]/+page.svelte,public route,200,200,,"index, follow, max-image-preview:large, max-snippet:-1, max-video-preview:-1",https://9takes.com/enneagram-corner/subtopic/overview,submitted,submitted,0,0,0,0,0,0,no measurable signal,,0,3,2,1074,0,0,0,Distinct route/article; 1074 rendered words.,Keep and monitor,P3,,Keep the URL and current submission state unchanged; reassess after the comparison date.,"Valid 200, self-canonical, index-follow page with no current technical defect and insufficient evidence for a content change.",None for monitoring.,No change required.
https://9takes.com/enneagram-corner/90-day-personality-maxing-blueprint,Crawled - currently not indexed,2026-08-06,"Mar 8, 2026",enneagram,src/blog/enneagram/90-day-personality-maxing-blueprint.md,published=true,200,200,,"index, follow, max-image-preview:large, max-snippet:-1, max-video-preview:-1",https://9takes.com/enneagram-corner/90-day-personality-maxing-blueprint,submitted,submitted,0,0,0,0,0,0,no measurable signal,,0,4,2,6544,6125,0,0,Distinct route/article; 6544 rendered words.,Keep and monitor,P3,,Keep the URL and current submission state unchanged; reassess after the comparison date.,"Valid 200, self-canonical, index-follow page with no current technical defect and insufficient evidence for a content change.",None for monitoring.,No change required.
https://9takes.com/personality-analysis/jordan-peterson,Crawled - currently not indexed,2026-08-06,"Mar 7, 2026",personality-analysis,src/blog/people/drafts/Jordan-Peterson.md,published=true,200,200,,"index, follow, max-image-preview:large, max-snippet:-1, max-video-preview:-1",https://9takes.com/personality-analysis/jordan-peterson,submitted,submitted,0,0,0,0,0,0,no measurable signal,,0,12,2,6050,5232,0,0,Single-person analysis; 6050 rendered words.,Keep and monitor,P3,,Keep the URL and current submission state unchanged; reassess after the comparison date.,"Valid 200, self-canonical, index-follow page with no current technical defect and insufficient evidence for a content change.",None for monitoring.,No change required.
https://9takes.com/community/how-minds-change-on-9takes,Crawled - currently not indexed,2026-08-06,"Feb 23, 2026",community,src/blog/community/how-minds-change-on-9takes.md,published=true,200,200,,"index, follow, max-image-preview:large, max-snippet:-1, max-video-preview:-1",https://9takes.com/community/how-minds-change-on-9takes,submitted,submitted,0,4,0,13.8,0,0,no measurable signal,,0,8,2,2534,2077,0,0,Distinct route/article; 2534 rendered words.,Keep and monitor,P3,,Keep the URL and current submission state unchanged; reassess after the comparison date.,"Valid 200, self-canonical, index-follow page with no current technical defect and insufficient evidence for a content change.",None for monitoring.,No change required.
https://9takes.com/personality-analysis/andrew-schulz,Crawled - currently not indexed,2026-08-06,"Feb 20, 2026",personality-analysis,src/blog/people/drafts/Andrew-Schulz.md,published=true,200,200,,"index, follow, max-image-preview:large, max-snippet:-1, max-video-preview:-1",https://9takes.com/personality-analysis/andrew-schulz,submitted,submitted,0,0,0,0,0,0,no measurable signal,,0,7,2,4078,3445,0,0,Single-person analysis; 4078 rendered words.,Keep and monitor,P3,,Keep the URL and current submission state unchanged; reassess after the comparison date.,"Valid 200, self-canonical, index-follow page with no current technical defect and insufficient evidence for a content change.",None for monitoring.,No change required.
https://9takes.com/personality-analysis/dave-chappelle,Crawled - currently not indexed,2026-08-06,"Feb 18, 2026",personality-analysis,src/blog/people/drafts/Dave-Chappelle.md,published=true,200,200,,"index, follow, max-image-preview:large, max-snippet:-1, max-video-preview:-1",https://9takes.com/personality-analysis/dave-chappelle,submitted,submitted,0,0,0,0,0,0,no measurable signal,,0,14,2,5554,4855,0,0,Single-person analysis; 5554 rendered words.,Keep and monitor,P3,,Keep the URL and current submission state unchanged; reassess after the comparison date.,"Valid 200, self-canonical, index-follow page with no current technical defect and insufficient evidence for a content change.",None for monitoring.,No change required.
https://9takes.com/enneagram-corner/subtopic/nine-types,Crawled - currently not indexed,2026-08-06,"Feb 18, 2026",enneagram-subtopic,src/routes/enneagram-corner/subtopic/[slug]/+page.server.ts; src/routes/enneagram-corner/subtopic/[slug]/+page.svelte,public route,200,200,,"index, follow, max-image-preview:large, max-snippet:-1, max-video-preview:-1",https://9takes.com/enneagram-corner/subtopic/nine-types,submitted,submitted,0,0,0,0,0,0,no measurable signal,,0,3,2,572,0,0,0,Distinct route/article; 572 rendered words.,Keep and monitor,P3,,Keep the URL and current submission state unchanged; reassess after the comparison date.,"Valid 200, self-canonical, index-follow page with no current technical defect and insufficient evidence for a content change.",None for monitoring.,No change required.
https://9takes.com/enneagram-corner/enneagram-team-diversity,Crawled - currently not indexed,2026-08-06,"Feb 9, 2026",enneagram,src/blog/enneagram/enneagram-team-diversity.md,published=true,200,200,,"index, follow, max-image-preview:large, max-snippet:-1, max-video-preview:-1",https://9takes.com/enneagram-corner/enneagram-team-diversity,submitted,submitted,0,0,0,0,0,0,no measurable signal,,0,2,2,1665,1165,0,0,Distinct route/article; 1665 rendered words.,Keep and monitor,P3,,Keep the URL and current submission state unchanged; reassess after the comparison date.,"Valid 200, self-canonical, index-follow page with no current technical defect and insufficient evidence for a content change.",None for monitoring.,No change required.
https://9takes.com/questions/what-are-the-problems-of-each-political-party,Crawled - currently not indexed,2026-08-06,"Feb 9, 2026",question,database:questions(url=what-are-the-problems-of-each-political-party); src/routes/questions/[slug]/,flagged=f; removed=f; tagged=t,200,200,,"index, follow, max-image-preview:large, max-snippet:-1, max-video-preview:-1",https://9takes.com/questions/what-are-the-problems-of-each-political-party,submitted,submitted,0,0,0,0,0,0,no measurable signal,,0,0,2,372,0,0,0,Community thread; 4 comments.,Keep and monitor,P3,,Keep the URL and current submission state unchanged; reassess after the comparison date.,"Valid 200, self-canonical, index-follow page with no current technical defect and insufficient evidence for a content change.",None for monitoring.,No change required.
https://9takes.com/pop-culture/parasocial-relationships-enneagram-type,Crawled - currently not indexed,2026-08-06,"Feb 5, 2026",pop-culture,src/blog/pop-culture/parasocial-relationships-enneagram-type.md,published=true,200,200,,"index, follow, max-image-preview:large, max-snippet:-1, max-video-preview:-1",https://9takes.com/pop-culture/parasocial-relationships-enneagram-type,submitted,submitted,0,0,0,0,0,0,no measurable signal,,0,9,2,4270,3977,0,0,Distinct route/article; 4270 rendered words.,Keep and monitor,P3,,Keep the URL and current submission state unchanged; reassess after the comparison date.,"Valid 200, self-canonical, index-follow page with no current technical defect and insufficient evidence for a content change.",None for monitoring.,No change required.
https://9takes.com/enneagram-corner/subtopic/workplace,Crawled - currently not indexed,2026-08-06,"Jan 11, 2026",enneagram-subtopic,src/routes/enneagram-corner/subtopic/[slug]/+page.server.ts; src/routes/enneagram-corner/subtopic/[slug]/+page.svelte,public route,200,200,,"index, follow, max-image-preview:large, max-snippet:-1, max-video-preview:-1",https://9takes.com/enneagram-corner/subtopic/workplace,submitted,submitted,0,0,0,0,0,0,no measurable signal,,0,3,2,716,0,0,0,Distinct route/article; 716 rendered words.,Keep and monitor,P3,,Keep the URL and current submission state unchanged; reassess after the comparison date.,"Valid 200, self-canonical, index-follow page with no current technical defect and insufficient evidence for a content change.",None for monitoring.,No change required.
https://9takes.com/how-to-guides/how-to-psychoanalyze-people,Crawled - currently not indexed,2026-08-06,"Nov 16, 2025",how-to-guides,src/blog/guides/how-to-psychoanalyze-people.md,published=true,200,200,,"index, follow, max-image-preview:large, max-snippet:-1, max-video-preview:-1",https://9takes.com/how-to-guides/how-to-psychoanalyze-people,submitted,submitted,0,0,0,0,0,0,no measurable signal,,0,1,2,4617,4290,0,0,Distinct route/article; 4617 rendered words.,Keep and monitor,P3,,Keep the URL and current submission state unchanged; reassess after the comparison date.,"Valid 200, self-canonical, index-follow page with no current technical defect and insufficient evidence for a content change.",None for monitoring.,No change required.
https://9takes.com/community/inspiration-for-9takes,Discovered - currently not indexed,2026-08-06,N/A,community,src/blog/community/inspiration-for-9takes.md,published=true,200,200,,"index, follow, max-image-preview:large, max-snippet:-1, max-video-preview:-1",https://9takes.com/community/inspiration-for-9takes,submitted,submitted,0,0,0,0,0,0,no measurable signal,,0,3,2,2348,2107,0,0,Distinct route/article; 2348 rendered words.,Keep and monitor,P3,,Keep the URL and current submission state unchanged; reassess after the comparison date.,"Substantive or valid page not yet crawled in the source report; no current robots, canonical, or response defect.",None for monitoring.,No change required.
https://9takes.com/community/mbti-vs-enneagram,Discovered - currently not indexed,2026-08-06,N/A,community,src/blog/community/mbti-vs-enneagram.md,published=true,200,200,,"index, follow, max-image-preview:large, max-snippet:-1, max-video-preview:-1",https://9takes.com/community/mbti-vs-enneagram,submitted,submitted,0,0,0,0,0,0,no measurable signal,,0,7,2,2032,1653,0,0,Distinct route/article; 2032 rendered words.,Keep and monitor,P3,,Keep the URL and current submission state unchanged; reassess after the comparison date.,"Substantive or valid page not yet crawled in the source report; no current robots, canonical, or response defect.",None for monitoring.,No change required.
https://9takes.com/community/memetic-comments,Discovered - currently not indexed,2026-08-06,N/A,community,src/blog/community/memetic-comments.md,published=true,200,200,,"index, follow, max-image-preview:large, max-snippet:-1, max-video-preview:-1",https://9takes.com/community/memetic-comments,submitted,submitted,0,0,0,0,0,0,no measurable signal,,0,4,2,2175,1728,0,0,Distinct route/article; 2175 rendered words.,Keep and monitor,P3,,Keep the URL and current submission state unchanged; reassess after the comparison date.,"Substantive or valid page not yet crawled in the source report; no current robots, canonical, or response defect.",None for monitoring.,No change required.
https://9takes.com/community/questions-are-the-engine-of-moral-awakening,Discovered - currently not indexed,2026-08-06,N/A,community,src/blog/community/questions-are-the-engine-of-moral-awakening.md,published=true,200,200,,"index, follow, max-image-preview:large, max-snippet:-1, max-video-preview:-1",https://9takes.com/community/questions-are-the-engine-of-moral-awakening,submitted,submitted,0,0,0,0,0,0,no measurable signal,,0,1,2,2030,1599,0,0,Distinct route/article; 2030 rendered words.,Keep and monitor,P3,,Keep the URL and current submission state unchanged; reassess after the comparison date.,"Substantive or valid page not yet crawled in the source report; no current robots, canonical, or response defect.",None for monitoring.,No change required.
https://9takes.com/community/reddit-deep-connections-limitations,Discovered - currently not indexed,2026-08-06,N/A,community,src/blog/community/reddit-deep-connections-limitations.md,published=true,200,200,,"index, follow, max-image-preview:large, max-snippet:-1, max-video-preview:-1",https://9takes.com/community/reddit-deep-connections-limitations,submitted,submitted,0,0,0,0,0,0,no measurable signal,,0,3,2,1941,1517,0,0,Distinct route/article; 1941 rendered words.,Keep and monitor,P3,,Keep the URL and current submission state unchanged; reassess after the comparison date.,"Substantive or valid page not yet crawled in the source report; no current robots, canonical, or response defect.",None for monitoring.,No change required.
https://9takes.com/community/what-winning-online-arguments-looks-like,Discovered - currently not indexed,2026-08-06,N/A,community,src/blog/community/what-winning-online-arguments-looks-like.md,published=true,200,200,,"index, follow, max-image-preview:large, max-snippet:-1, max-video-preview:-1",https://9takes.com/community/what-winning-online-arguments-looks-like,submitted,submitted,0,0,0,0,0,0,no measurable signal,,0,3,2,1569,1171,0,0,Distinct route/article; 1569 rendered words.,Keep and monitor,P3,,Keep the URL and current submission state unchanged; reassess after the comparison date.,"Substantive or valid page not yet crawled in the source report; no current robots, canonical, or response defect.",None for monitoring.,No change required.
https://9takes.com/community/why-the-greek-vibe,Discovered - currently not indexed,2026-08-06,N/A,community,src/blog/community/why-the-greek-vibe.md,published=true,200,200,,"index, follow, max-image-preview:large, max-snippet:-1, max-video-preview:-1",https://9takes.com/community/why-the-greek-vibe,submitted,submitted,0,0,0,0,0,0,no measurable signal,,0,2,2,1572,1139,0,0,Distinct route/article; 1572 rendered words.,Keep and monitor,P3,,Keep the URL and current submission state unchanged; reassess after the comparison date.,"Substantive or valid page not yet crawled in the source report; no current robots, canonical, or response defect.",None for monitoring.,No change required.
https://9takes.com/enneagram-corner/enneagram-coach-toolkit,Discovered - currently not indexed,2026-08-06,N/A,enneagram,src/blog/enneagram/enneagram-coach-toolkit.md,published=true,200,200,,"index, follow, max-image-preview:large, max-snippet:-1, max-video-preview:-1",https://9takes.com/enneagram-corner/enneagram-coach-toolkit,submitted,submitted,0,0,0,0,0,0,no measurable signal,,0,1,2,2698,2345,0,0,Distinct route/article; 2698 rendered words.,Keep and monitor,P3,,Keep the URL and current submission state unchanged; reassess after the comparison date.,"Substantive or valid page not yet crawled in the source report; no current robots, canonical, or response defect.",None for monitoring.,No change required.
https://9takes.com/enneagram-corner/enneagram-criticisms,Discovered - currently not indexed,2026-08-06,N/A,enneagram,src/blog/enneagram/enneagram-criticisms.md,published=true,200,200,,"index, follow, max-image-preview:large, max-snippet:-1, max-video-preview:-1",https://9takes.com/enneagram-corner/enneagram-criticisms,submitted,submitted,0,1,0,34,0,0,no measurable signal,,0,7,2,2269,1848,0,0,Distinct route/article; 2269 rendered words.,Keep and monitor,P3,,Keep the URL and current submission state unchanged; reassess after the comparison date.,"Substantive or valid page not yet crawled in the source report; no current robots, canonical, or response defect.",None for monitoring.,No change required.
https://9takes.com/enneagram-corner/enneagram-dating-guide-for-women,Discovered - currently not indexed,2026-08-06,N/A,enneagram,src/blog/enneagram/enneagram-dating-guide-for-women.md,published=true,200,200,,"index, follow, max-image-preview:large, max-snippet:-1, max-video-preview:-1",https://9takes.com/enneagram-corner/enneagram-dating-guide-for-women,submitted,submitted,0,0,0,0,0,0,no measurable signal,,0,3,2,5242,4774,0,0,Distinct route/article; 5242 rendered words.,Improve and keep submitted,P1,,"Preserve the current URL, publication state, and lastmod; improve only after a page-specific content and query review.",Distinct strategic page with prior verified demand or a separate-intent indexing problem; requires a focused content/distinctiveness pass.,No destructive change authorized; any DB/content edit must remain reversible and preserve lastmod.,No; prioritized for the next focused content batch.
https://9takes.com/enneagram-corner/enneagram-faqs,Discovered - currently not indexed,2026-08-06,N/A,enneagram,src/blog/enneagram/enneagram-faqs.md,published=true,200,200,,"index, follow, max-image-preview:large, max-snippet:-1, max-video-preview:-1",https://9takes.com/enneagram-corner/enneagram-faqs,submitted,submitted,0,0,0,0,0,0,no measurable signal,,0,7,2,3060,2660,0,0,Distinct route/article; 3060 rendered words.,Keep and monitor,P3,,Keep the URL and current submission state unchanged; reassess after the comparison date.,"Substantive or valid page not yet crawled in the source report; no current robots, canonical, or response defect.",None for monitoring.,No change required.
https://9takes.com/enneagram-corner/mental-health,Discovered - currently not indexed,2026-08-06,N/A,enneagram-mental-health-index,src/routes/enneagram-corner/mental-health/+page.server.ts; src/routes/enneagram-corner/mental-health/+page.svelte,public route,200,200,,"index, follow, max-image-preview:large, max-snippet:-1, max-video-preview:-1",https://9takes.com/enneagram-corner/mental-health,submitted,submitted,0,0,0,0,0,0,no measurable signal,,0,82,2,1698,0,0,0,Distinct route/article; 1698 rendered words.,Keep and monitor,P3,,Keep the URL and current submission state unchanged; reassess after the comparison date.,"Substantive or valid page not yet crawled in the source report; no current robots, canonical, or response defect.",None for monitoring.,No change required.
https://9takes.com/enneagram-corner/mental-health/enneagram-parenting-mental-health,Discovered - currently not indexed,2026-08-06,N/A,enneagram-mental-health,src/blog/enneagram/mental-health/enneagram-parenting-mental-health.md,published=true,200,200,,"index, follow, max-image-preview:large, max-snippet:-1, max-video-preview:-1",https://9takes.com/enneagram-corner/mental-health/enneagram-parenting-mental-health,submitted,submitted,0,0,0,0,0,0,no measurable signal,,0,7,3,5808,5163,0,0,Distinct route/article; 5808 rendered words.,Keep and monitor,P3,,Keep the URL and current submission state unchanged; reassess after the comparison date.,"Substantive or valid page not yet crawled in the source report; no current robots, canonical, or response defect.",None for monitoring.,No change required.
https://9takes.com/enneagram-corner/mental-health/enneagram-trauma-response-guide,Discovered - currently not indexed,2026-08-06,N/A,enneagram-mental-health,src/blog/enneagram/mental-health/enneagram-trauma-response-guide.md,published=true,200,200,,"index, follow, max-image-preview:large, max-snippet:-1, max-video-preview:-1",https://9takes.com/enneagram-corner/mental-health/enneagram-trauma-response-guide,submitted,submitted,0,0,0,0,0,0,no measurable signal,,0,22,3,3917,3404,0,0,Distinct route/article; 3917 rendered words.,Keep and monitor,P3,,Keep the URL and current submission state unchanged; reassess after the comparison date.,"Substantive or valid page not yet crawled in the source report; no current robots, canonical, or response defect.",None for monitoring.,No change required.
https://9takes.com/enneagram-corner/oversharing-psychology-shame-boundaries,Discovered - currently not indexed,2026-08-06,N/A,enneagram,src/blog/enneagram/oversharing-psychology-shame-boundaries.md,published=true,200,200,,"index, follow, max-image-preview:large, max-snippet:-1, max-video-preview:-1",https://9takes.com/enneagram-corner/oversharing-psychology-shame-boundaries,submitted,submitted,0,0,0,0,0,0,no measurable signal,,0,4,2,3221,2701,0,0,Distinct route/article; 3221 rendered words.,Keep and monitor,P3,,Keep the URL and current submission state unchanged; reassess after the comparison date.,"Substantive or valid page not yet crawled in the source report; no current robots, canonical, or response defect.",None for monitoring.,No change required.
https://9takes.com/enneagram-corner/personality-maxing,Discovered - currently not indexed,2026-08-06,N/A,enneagram,src/blog/enneagram/personality-maxing.md,published=true,200,200,,"index, follow, max-image-preview:large, max-snippet:-1, max-video-preview:-1",https://9takes.com/enneagram-corner/personality-maxing,submitted,submitted,0,0,0,0,0,0,no measurable signal,,0,3,2,3050,2646,0,0,Known overlapping intent; preservation target specified.,Merge with salvage,P1,https://9takes.com/enneagram-corner/enneagram-personal-growth,"Review for any unique practical framework, while preserving the separate Type 8 confession from the self-development source before the cluster redirects.",Coined-term growth page with no distinct search demand in a cluster already assigned to the personal-growth winner.,DJ approval required before cluster merge or redirect.,No; recommendation only.
https://9takes.com/enneagram-corner/situations-change-emotions-dont,Discovered - currently not indexed,2026-08-06,N/A,enneagram,src/blog/enneagram/situations-change-emotions-dont.md,published=true,200,200,,"index, follow, max-image-preview:large, max-snippet:-1, max-video-preview:-1",https://9takes.com/enneagram-corner/situations-change-emotions-dont,submitted,submitted,0,0,0,0,0,0,no measurable signal,,0,2,2,1464,1002,0,0,Distinct route/article; 1464 rendered words.,Keep and monitor,P3,,Keep the URL and current submission state unchanged; reassess after the comparison date.,"Substantive or valid page not yet crawled in the source report; no current robots, canonical, or response defect.",None for monitoring.,No change required.
https://9takes.com/enneagram-corner/subtopic/relationships,Discovered - currently not indexed,2026-08-06,N/A,enneagram-subtopic,src/routes/enneagram-corner/subtopic/[slug]/+page.server.ts; src/routes/enneagram-corner/subtopic/[slug]/+page.svelte,public route,200,200,,"index, follow, max-image-preview:large, max-snippet:-1, max-video-preview:-1",https://9takes.com/enneagram-corner/subtopic/relationships,submitted,submitted,0,0,0,0,0,0,no measurable signal,,0,3,2,879,0,0,0,Distinct route/article; 879 rendered words.,Keep and monitor,P3,,Keep the URL and current submission state unchanged; reassess after the comparison date.,"Substantive or valid page not yet crawled in the source report; no current robots, canonical, or response defect.",None for monitoring.,No change required.
https://9takes.com/enneagram-corner/why-therapy-doesnt-work-the-same-for-every-type,Discovered - currently not indexed,2026-08-06,N/A,enneagram,src/blog/enneagram/why-therapy-doesnt-work-the-same-for-every-type.md,published=true,200,200,,"index, follow, max-image-preview:large, max-snippet:-1, max-video-preview:-1",https://9takes.com/enneagram-corner/why-therapy-doesnt-work-the-same-for-every-type,submitted,submitted,0,0,0,0,0,0,no measurable signal,,0,9,2,2994,2499,0,0,Known overlapping intent; preservation target specified.,Merge with salvage,P1,https://9takes.com/enneagram-corner/mental-health/enneagram-therapy-guide,Review unique type-specific therapy material alongside the resistance thesis; do not rely on the retracted stale safety flag.,"Therapy-cluster overlap is documented, but T-07 records a live conflict about this page and the sibling-route redirect mechanism.","DJ decision required before merge, publication change, or redirect.",No; recommendation only.
https://9takes.com/how-to-guides/definitive-guide-to-relationship-conflict-part-1,Discovered - currently not indexed,2026-08-06,N/A,how-to-guides,src/blog/guides/drafts/conflict-in-the-workplace.md,published=false,200,200,,"index, follow, max-image-preview:large, max-snippet:-1, max-video-preview:-1",https://9takes.com/how-to-guides/definitive-guide-to-relationship-conflict-part-1,submitted,submitted,0,0,0,0,0,0,no measurable signal,,0,5,2,4773,80,0,0,Distinct route/article; 4773 rendered words.,Keep and monitor,P3,,Keep the URL and current submission state unchanged; reassess after the comparison date.,"Substantive or valid page not yet crawled in the source report; no current robots, canonical, or response defect.",None for monitoring.,No change required.
https://9takes.com/how-to-guides/productivity-systems-by-enneagram-type,Discovered - currently not indexed,2026-08-06,N/A,how-to-guides,src/blog/guides/productivity-systems-by-enneagram-type.md,published=true,200,200,,"index, follow, max-image-preview:large, max-snippet:-1, max-video-preview:-1",https://9takes.com/how-to-guides/productivity-systems-by-enneagram-type,submitted,submitted,0,0,0,0,0,0,no measurable signal,,0,3,2,4730,4502,0,0,Distinct route/article; 4730 rendered words.,Keep and monitor,P3,,Keep the URL and current submission state unchanged; reassess after the comparison date.,"Substantive or valid page not yet crawled in the source report; no current robots, canonical, or response defect.",None for monitoring.,No change required.
https://9takes.com/personality-analysis/carina-zavline,Discovered - currently not indexed,2026-08-06,N/A,personality-analysis,database:blogs_famous_people(person=carina-zavline); src/routes/personality-analysis/[slug]/,published=t,200,200,,"index, follow, max-image-preview:large, max-snippet:-1, max-video-preview:-1",https://9takes.com/personality-analysis/carina-zavline,submitted,submitted,0,0,0,0,0,0,no measurable signal,,0,0,2,2971,685,0,0,Single-person analysis; 2971 rendered words.,Keep and monitor,P3,,Keep the URL and current submission state unchanged; reassess after the comparison date.,"Substantive or valid page not yet crawled in the source report; no current robots, canonical, or response defect.",None for monitoring.,No change required.
https://9takes.com/personality-analysis/doja-cat,Discovered - currently not indexed,2026-08-06,N/A,personality-analysis,src/blog/people/drafts/Doja-Cat.md,published=true,200,200,,"index, follow, max-image-preview:large, max-snippet:-1, max-video-preview:-1",https://9takes.com/personality-analysis/doja-cat,submitted,submitted,0,0,0,0,0,0,no measurable signal,,0,12,2,5386,4514,0,0,Single-person analysis; 5386 rendered words.,Keep and monitor,P3,,Keep the URL and current submission state unchanged; reassess after the comparison date.,"Substantive or valid page not yet crawled in the source report; no current robots, canonical, or response defect.",None for monitoring.,No change required.
https://9takes.com/personality-analysis/hozier,Discovered - currently not indexed,2026-08-06,N/A,personality-analysis,src/blog/people/drafts/Hozier.md,published=true,200,200,,"index, follow, max-image-preview:large, max-snippet:-1, max-video-preview:-1",https://9takes.com/personality-analysis/hozier,submitted,submitted,0,0,0,0,0,0,no measurable signal,,0,5,2,3405,2549,0,0,Single-person analysis; 3405 rendered words.,Keep and monitor,P3,,Keep the URL and current submission state unchanged; reassess after the comparison date.,"Substantive or valid page not yet crawled in the source report; no current robots, canonical, or response defect.",None for monitoring.,No change required.
https://9takes.com/personality-analysis/jason-sudeikis,Discovered - currently not indexed,2026-08-06,N/A,personality-analysis,database:blogs_famous_people(person=jason-sudeikis); src/routes/personality-analysis/[slug]/,published=t,200,200,,"index, follow, max-image-preview:large, max-snippet:-1, max-video-preview:-1",https://9takes.com/personality-analysis/jason-sudeikis,submitted,submitted,0,0,0,0,0,0,no measurable signal,,0,0,2,3880,827,0,0,Single-person analysis; 3880 rendered words.,Keep and monitor,P3,,Keep the URL and current submission state unchanged; reassess after the comparison date.,"Substantive or valid page not yet crawled in the source report; no current robots, canonical, or response defect.",None for monitoring.,No change required.
https://9takes.com/personality-analysis/jensen-huang,Discovered - currently not indexed,2026-08-06,N/A,personality-analysis,src/blog/people/drafts/Jensen-Huang.md,published=true,200,200,,"index, follow, max-image-preview:large, max-snippet:-1, max-video-preview:-1",https://9takes.com/personality-analysis/jensen-huang,submitted,submitted,0,0,0,0,0,0,no measurable signal,,0,6,2,3220,2637,0,0,Single-person analysis; 3220 rendered words.,Keep and monitor,P3,,Keep the URL and current submission state unchanged; reassess after the comparison date.,"Substantive or valid page not yet crawled in the source report; no current robots, canonical, or response defect.",None for monitoring.,No change required.
https://9takes.com/personality-analysis/mila-kunis,Discovered - currently not indexed,2026-08-06,N/A,personality-analysis,src/blog/people/drafts/Mila-Kunis.md,published=true,200,200,,"index, follow, max-image-preview:large, max-snippet:-1, max-video-preview:-1",https://9takes.com/personality-analysis/mila-kunis,submitted,submitted,0,0,0,0,0,0,no measurable signal,,0,4,2,3464,2676,0,0,Single-person analysis; 3464 rendered words.,Keep and monitor,P3,,Keep the URL and current submission state unchanged; reassess after the comparison date.,"Substantive or valid page not yet crawled in the source report; no current robots, canonical, or response defect.",None for monitoring.,No change required.
https://9takes.com/personality-analysis/ninja,Discovered - currently not indexed,2026-08-06,N/A,personality-analysis,src/blog/people/drafts/Ninja.md,published=true,200,200,,"index, follow, max-image-preview:large, max-snippet:-1, max-video-preview:-1",https://9takes.com/personality-analysis/ninja,submitted,submitted,0,0,0,0,0,0,no measurable signal,,0,7,2,4651,3880,0,0,Single-person analysis; 4651 rendered words.,Keep and monitor,P3,,Keep the URL and current submission state unchanged; reassess after the comparison date.,"Substantive or valid page not yet crawled in the source report; no current robots, canonical, or response defect.",None for monitoring.,No change required.
https://9takes.com/personality-analysis/paul-rudd,Discovered - currently not indexed,2026-08-06,N/A,personality-analysis,src/blog/people/drafts/Paul-Rudd.md,published=true,200,200,,"index, follow, max-image-preview:large, max-snippet:-1, max-video-preview:-1",https://9takes.com/personality-analysis/paul-rudd,submitted,submitted,0,0,0,0,0,0,no measurable signal,,0,6,2,4344,3409,0,0,Single-person analysis; 4344 rendered words.,Keep and monitor,P3,,Keep the URL and current submission state unchanged; reassess after the comparison date.,"Substantive or valid page not yet crawled in the source report; no current robots, canonical, or response defect.",None for monitoring.,No change required.
https://9takes.com/personality-analysis/princess-diana,Discovered - currently not indexed,2026-08-06,N/A,personality-analysis,src/blog/people/drafts/Princess-Diana.md,published=true,200,200,,"index, follow, max-image-preview:large, max-snippet:-1, max-video-preview:-1",https://9takes.com/personality-analysis/princess-diana,submitted,submitted,0,0,0,0,0,0,no measurable signal,,0,9,2,3349,2598,0,0,Single-person analysis; 3349 rendered words.,Keep and monitor,P3,,Keep the URL and current submission state unchanged; reassess after the comparison date.,"Substantive or valid page not yet crawled in the source report; no current robots, canonical, or response defect.",None for monitoring.,No change required.
https://9takes.com/personality-analysis/queen-elizabeth-ii,Discovered - currently not indexed,2026-08-06,N/A,personality-analysis,src/blog/people/drafts/Queen-Elizabeth-II.md,published=true,200,200,,"index, follow, max-image-preview:large, max-snippet:-1, max-video-preview:-1",https://9takes.com/personality-analysis/queen-elizabeth-ii,submitted,submitted,0,0,0,0,0,0,no measurable signal,,0,3,2,4043,3255,0,0,Single-person analysis; 4043 rendered words.,Keep and monitor,P3,,Keep the URL and current submission state unchanged; reassess after the comparison date.,"Substantive or valid page not yet crawled in the source report; no current robots, canonical, or response defect.",None for monitoring.,No change required.
https://9takes.com/personality-analysis/tyler1,Discovered - currently not indexed,2026-08-06,N/A,personality-analysis,database:blogs_famous_people(person=tyler1); src/routes/personality-analysis/[slug]/,published=t,200,200,,"index, follow, max-image-preview:large, max-snippet:-1, max-video-preview:-1",https://9takes.com/personality-analysis/tyler1,submitted,submitted,0,0,0,0,2,0,stable/low-volume,,0,0,2,3569,938,0,0,Single-person analysis; 3569 rendered words.,Keep and monitor,P3,,Keep the URL and current submission state unchanged; reassess after the comparison date.,"Substantive or valid page not yet crawled in the source report; no current robots, canonical, or response defect.",None for monitoring.,No change required.
https://9takes.com/personality-analysis/vladimir-putin,Discovered - currently not indexed,2026-08-06,N/A,personality-analysis,src/blog/people/drafts/Vladimir-Putin.md,published=true,200,200,,"index, follow, max-image-preview:large, max-snippet:-1, max-video-preview:-1",https://9takes.com/personality-analysis/vladimir-putin,submitted,submitted,0,0,0,0,0,0,no measurable signal,,0,12,2,5664,4987,0,0,Single-person analysis; 5664 rendered words.,Keep and monitor,P3,,Keep the URL and current submission state unchanged; reassess after the comparison date.,"Substantive or valid page not yet crawled in the source report; no current robots, canonical, or response defect.",None for monitoring.,No change required.
https://9takes.com/pop-culture/breaking-points-enneagram-analysis,Discovered - currently not indexed,2026-08-06,N/A,pop-culture,src/blog/pop-culture/breaking-points-enneagram-analysis.md,published=true,200,200,,"index, follow, max-image-preview:large, max-snippet:-1, max-video-preview:-1",https://9takes.com/pop-culture/breaking-points-enneagram-analysis,submitted,submitted,0,0,0,0,0,0,no measurable signal,,0,4,2,4404,3860,0,0,Distinct route/article; 4404 rendered words.,Keep and monitor,P3,,Keep the URL and current submission state unchanged; reassess after the comparison date.,"Substantive or valid page not yet crawled in the source report; no current robots, canonical, or response defect.",None for monitoring.,No change required.
https://9takes.com/pop-culture/reddit-moderators-type-1-internet,Discovered - currently not indexed,2026-08-06,N/A,pop-culture,src/blog/pop-culture/reddit-moderators-type-1-internet.md,published=true,200,200,,"index, follow, max-image-preview:large, max-snippet:-1, max-video-preview:-1",https://9takes.com/pop-culture/reddit-moderators-type-1-internet,submitted,submitted,0,0,0,0,0,0,no measurable signal,,0,2,2,2523,2069,0,0,Distinct route/article; 2523 rendered words.,Keep and monitor,P3,,Keep the URL and current submission state unchanged; reassess after the comparison date.,"Substantive or valid page not yet crawled in the source report; no current robots, canonical, or response defect.",None for monitoring.,No change required.
https://9takes.com/questions/advice-18-year-old-wants-go-college-doesnt-know-wants,Discovered - currently not indexed,2026-08-06,N/A,question,database:questions(url=advice-18-year-old-wants-go-college-doesnt-know-wants); src/routes/questions/[slug]/,flagged=f; removed=f; tagged=t,200,200,,"index, follow, max-image-preview:large, max-snippet:-1, max-video-preview:-1",https://9takes.com/questions/advice-18-year-old-wants-go-college-doesnt-know-wants,submitted,submitted,0,0,0,0,0,0,no measurable signal,,0,0,2,462,0,0,0,Community thread; 2 comments.,"Remove from sitemap, keep accessible",P2,,Keep the community thread and every response accessible; apply a reusable question-quality gate rather than deleting or hard-coding redirects.,Thin community thread with 2 comments and no measurable GSC demand; not yet a durable search landing page.,DJ should approve the reusable question-quality threshold before a broader sitemap policy is implemented.,No; first batch is limited to the browse-only category hub.
https://9takes.com/questions/best-parenting-advice-ever-recieved,Discovered - currently not indexed,2026-08-06,N/A,question,database:questions(url=best-parenting-advice-ever-recieved); src/routes/questions/[slug]/,flagged=f; removed=f; tagged=t,200,200,,"index, follow, max-image-preview:large, max-snippet:-1, max-video-preview:-1",https://9takes.com/questions/best-parenting-advice-ever-recieved,submitted,submitted,0,0,0,0,0,0,no measurable signal,,0,0,2,390,0,0,0,Community thread; 2 comments.,"Remove from sitemap, keep accessible",P2,,Keep the community thread and every response accessible; apply a reusable question-quality gate rather than deleting or hard-coding redirects.,Thin community thread with 2 comments and no measurable GSC demand; not yet a durable search landing page.,DJ should approve the reusable question-quality threshold before a broader sitemap policy is implemented.,No; first batch is limited to the browse-only category hub.
https://9takes.com/questions/change-something-yourself-change,Discovered - currently not indexed,2026-08-06,N/A,question,database:questions(url=change-something-yourself-change); src/routes/questions/[slug]/,flagged=f; removed=f; tagged=t,200,200,,"index, follow, max-image-preview:large, max-snippet:-1, max-video-preview:-1",https://9takes.com/questions/change-something-yourself-change,submitted,submitted,0,0,0,0,0,0,no measurable signal,,0,0,2,317,0,0,0,Community thread; 5 comments.,Keep and monitor,P3,,Keep the URL and current submission state unchanged; reassess after the comparison date.,"Substantive or valid page not yet crawled in the source report; no current robots, canonical, or response defect.",None for monitoring.,No change required.
https://9takes.com/questions/how-do-you-handle-stress,Discovered - currently not indexed,2026-08-06,N/A,question,database:questions(url=how-do-you-handle-stress); src/routes/questions/[slug]/,flagged=f; removed=f; tagged=t,200,200,,"index, follow, max-image-preview:large, max-snippet:-1, max-video-preview:-1",https://9takes.com/questions/how-do-you-handle-stress,submitted,submitted,0,0,0,0,0,0,no measurable signal,,0,0,2,256,0,0,0,Community thread; 4 comments.,Keep and monitor,P3,,Keep the URL and current submission state unchanged; reassess after the comparison date.,"Substantive or valid page not yet crawled in the source report; no current robots, canonical, or response defect.",None for monitoring.,No change required.
https://9takes.com/questions/i-need-date-ideas,Discovered - currently not indexed,2026-08-06,N/A,question,database:questions(url=i-need-date-ideas); src/routes/questions/[slug]/,flagged=f; removed=f; tagged=t,200,200,,"index, follow, max-image-preview:large, max-snippet:-1, max-video-preview:-1",https://9takes.com/questions/i-need-date-ideas,submitted,submitted,0,0,0,0,0,0,no measurable signal,,0,0,2,365,0,0,0,Community thread; 2 comments.,"Remove from sitemap, keep accessible",P2,,Keep the community thread and every response accessible; apply a reusable question-quality gate rather than deleting or hard-coding redirects.,Thin community thread with 2 comments and no measurable GSC demand; not yet a durable search landing page.,DJ should approve the reusable question-quality threshold before a broader sitemap policy is implemented.,No; first batch is limited to the browse-only category hub.
https://9takes.com/questions/main-fear-trump-getting-elected,Discovered - currently not indexed,2026-08-06,N/A,question,database:questions(url=main-fear-trump-getting-elected); src/routes/questions/[slug]/,flagged=f; removed=f; tagged=t,200,200,,"index, follow, max-image-preview:large, max-snippet:-1, max-video-preview:-1",https://9takes.com/questions/main-fear-trump-getting-elected,submitted,submitted,0,0,0,0,0,0,no measurable signal,,0,0,2,239,0,0,0,Community thread; 1 comments.,"Remove from sitemap, keep accessible",P2,,Keep the community thread and every response accessible; apply a reusable question-quality gate rather than deleting or hard-coding redirects.,Time-bound community thread with 1 comments and no measurable GSC demand; not a durable search landing page.,DJ should approve the reusable question-quality threshold before a broader sitemap policy is implemented.,No; first batch is limited to the browse-only category hub.
https://9takes.com/questions/single-people-not-understand-married-people,Discovered - currently not indexed,2026-08-06,N/A,question,database:questions(url=single-people-not-understand-married-people); src/routes/questions/[slug]/,flagged=f; removed=f; tagged=t,200,200,,"index, follow, max-image-preview:large, max-snippet:-1, max-video-preview:-1",https://9takes.com/questions/single-people-not-understand-married-people,submitted,submitted,0,0,0,0,0,0,no measurable signal,,0,0,2,301,0,0,0,Community thread; 1 comments.,"Remove from sitemap, keep accessible",P2,,Keep the community thread and every response accessible; apply a reusable question-quality gate rather than deleting or hard-coding redirects.,Thin community thread with 1 comments and no measurable GSC demand; not yet a durable search landing page.,DJ should approve the reusable question-quality threshold before a broader sitemap policy is implemented.,No; first batch is limited to the browse-only category hub.
https://9takes.com/questions/something-going-change-yourself,Discovered - currently not indexed,2026-08-06,N/A,question,database:questions(url=something-going-change-yourself); src/routes/questions/[slug]/,flagged=f; removed=f; tagged=t,200,200,,"index, follow, max-image-preview:large, max-snippet:-1, max-video-preview:-1",https://9takes.com/questions/something-going-change-yourself,submitted,submitted,0,0,0,0,0,0,no measurable signal,,0,2,2,403,0,0,0,Community thread; 3 comments.,Keep and monitor,P3,,Keep the URL and current submission state unchanged; reassess after the comparison date.,"Substantive or valid page not yet crawled in the source report; no current robots, canonical, or response defect.",None for monitoring.,No change required.
https://9takes.com/questions/think-feel-murder-charlie-kirk,Discovered - currently not indexed,2026-08-06,N/A,question,database:questions(url=think-feel-murder-charlie-kirk); src/routes/questions/[slug]/,flagged=f; removed=f; tagged=t,200,200,,"index, follow, max-image-preview:large, max-snippet:-1, max-video-preview:-1",https://9takes.com/questions/think-feel-murder-charlie-kirk,submitted,submitted,0,0,0,0,0,0,no measurable signal,,0,0,2,329,0,0,0,Community thread; 3 comments.,"Remove from sitemap, keep accessible",P2,,Keep the community thread and every response accessible; apply a reusable question-quality gate rather than deleting or hard-coding redirects.,Time-bound community thread with 3 comments and no measurable GSC demand; not a durable search landing page.,DJ should approve the reusable question-quality threshold before a broader sitemap policy is implemented.,No; first batch is limited to the browse-only category hub.
https://9takes.com/questions/tips-recent-highschool-grad-wants-become-politician,Discovered - currently not indexed,2026-08-06,N/A,question,database:questions(url=tips-recent-highschool-grad-wants-become-politician); src/routes/questions/[slug]/,flagged=f; removed=f; tagged=t,200,200,,"index, follow, max-image-preview:large, max-snippet:-1, max-video-preview:-1",https://9takes.com/questions/tips-recent-highschool-grad-wants-become-politician,submitted,submitted,0,0,0,0,0,0,no measurable signal,,0,0,2,307,0,0,0,Community thread; 2 comments.,"Remove from sitemap, keep accessible",P2,,Keep the community thread and every response accessible; apply a reusable question-quality gate rather than deleting or hard-coding redirects.,Thin community thread with 2 comments and no measurable GSC demand; not yet a durable search landing page.,DJ should approve the reusable question-quality threshold before a broader sitemap policy is implemented.,No; first batch is limited to the browse-only category hub.
https://9takes.com/questions/traits-good-company-embody,Discovered - currently not indexed,2026-08-06,N/A,question,database:questions(url=traits-good-company-embody); src/routes/questions/[slug]/,flagged=f; removed=f; tagged=t,200,200,,"index, follow, max-image-preview:large, max-snippet:-1, max-video-preview:-1",https://9takes.com/questions/traits-good-company-embody,submitted,submitted,0,0,0,0,0,0,no measurable signal,,0,0,2,379,0,0,0,Community thread; 4 comments.,Keep and monitor,P3,,Keep the URL and current submission state unchanged; reassess after the comparison date.,"Substantive or valid page not yet crawled in the source report; no current robots, canonical, or response defect.",None for monitoring.,No change required.
https://9takes.com/questions/typically-handle-disagreements-close-friends-family,Discovered - currently not indexed,2026-08-06,N/A,question,database:questions(url=typically-handle-disagreements-close-friends-family); src/routes/questions/[slug]/,flagged=f; removed=f; tagged=t,200,200,,"index, follow, max-image-preview:large, max-snippet:-1, max-video-preview:-1",https://9takes.com/questions/typically-handle-disagreements-close-friends-family,submitted,submitted,0,0,0,0,0,0,no measurable signal,,0,1,2,336,0,0,0,Community thread; 4 comments.,Keep and monitor,P3,,Keep the URL and current submission state unchanged; reassess after the comparison date.,"Substantive or valid page not yet crawled in the source report; no current robots, canonical, or response defect.",None for monitoring.,No change required.
https://9takes.com/questions/valueable-when-searching-community,Discovered - currently not indexed,2026-08-06,N/A,question,database:questions(url=valueable-when-searching-community); src/routes/questions/[slug]/,flagged=f; removed=f; tagged=t,200,200,,"index, follow, max-image-preview:large, max-snippet:-1, max-video-preview:-1",https://9takes.com/questions/valueable-when-searching-community,submitted,submitted,0,0,0,0,0,0,no measurable signal,,0,0,2,322,0,0,0,Community thread; 1 comments.,"Remove from sitemap, keep accessible",P2,,Keep the community thread and every response accessible; apply a reusable question-quality gate rather than deleting or hard-coding redirects.,Thin community thread with 1 comments and no measurable GSC demand; not yet a durable search landing page.,DJ should approve the reusable question-quality threshold before a broader sitemap policy is implemented.,No; first batch is limited to the browse-only category hub.
https://9takes.com/questions/what-are-you-doing-for-the-holidays,Discovered - currently not indexed,2026-08-06,N/A,question,database:questions(url=what-are-you-doing-for-the-holidays); src/routes/questions/[slug]/,flagged=f; removed=f; tagged=t,200,200,,"index, follow, max-image-preview:large, max-snippet:-1, max-video-preview:-1",https://9takes.com/questions/what-are-you-doing-for-the-holidays,submitted,submitted,0,0,0,0,0,0,no measurable signal,,0,0,2,405,0,0,0,Community thread; 0 comments.,"Remove from sitemap, keep accessible",P2,,Keep the community thread and every response accessible; apply a reusable question-quality gate rather than deleting or hard-coding redirects.,Time-bound community thread with 0 comments and no measurable GSC demand; not a durable search landing page.,DJ should approve the reusable question-quality threshold before a broader sitemap policy is implemented.,No; first batch is limited to the browse-only category hub.
https://9takes.com/questions/what-are-you-thinking,Discovered - currently not indexed,2026-08-06,N/A,question,database:questions(url=what-are-you-thinking); src/routes/questions/[slug]/,flagged=f; removed=f; tagged=t,200,200,,"index, follow, max-image-preview:large, max-snippet:-1, max-video-preview:-1",https://9takes.com/questions/what-are-you-thinking,submitted,submitted,0,0,0,0,0,0,no measurable signal,,0,1,2,357,0,0,0,Community thread; 1 comments.,"Remove from sitemap, keep accessible",P2,,Keep the community thread and every response accessible; apply a reusable question-quality gate rather than deleting or hard-coding redirects.,Thin community thread with 1 comments and no measurable GSC demand; not yet a durable search landing page.,DJ should approve the reusable question-quality threshold before a broader sitemap policy is implemented.,No; first batch is limited to the browse-only category hub.
https://9takes.com/questions/what-book-should-i-read-next,Discovered - currently not indexed,2026-08-06,N/A,question,database:questions(url=what-book-should-i-read-next); src/routes/questions/[slug]/,flagged=f; removed=f; tagged=t,200,200,,"index, follow, max-image-preview:large, max-snippet:-1, max-video-preview:-1",https://9takes.com/questions/what-book-should-i-read-next,submitted,submitted,0,0,0,0,0,0,no measurable signal,,0,0,2,369,0,0,0,Community thread; 2 comments.,"Remove from sitemap, keep accessible",P2,,Keep the community thread and every response accessible; apply a reusable question-quality gate rather than deleting or hard-coding redirects.,Thin community thread with 2 comments and no measurable GSC demand; not yet a durable search landing page.,DJ should approve the reusable question-quality threshold before a broader sitemap policy is implemented.,No; first batch is limited to the browse-only category hub.
https://9takes.com/questions/what-is-something-you-would-change-about-yourself,Discovered - currently not indexed,2026-08-06,N/A,question,database:questions(url=what-is-something-you-would-change-about-yourself); src/routes/questions/[slug]/,flagged=f; removed=f; tagged=t,200,200,,"index, follow, max-image-preview:large, max-snippet:-1, max-video-preview:-1",https://9takes.com/questions/what-is-something-you-would-change-about-yourself,submitted,submitted,0,0,0,0,0,0,no measurable signal,,0,0,2,407,0,0,0,Community thread; 2 comments.,"Remove from sitemap, keep accessible",P2,,Keep the community thread and every response accessible; apply a reusable question-quality gate rather than deleting or hard-coding redirects.,Thin community thread with 2 comments and no measurable GSC demand; not yet a durable search landing page.,DJ should approve the reusable question-quality threshold before a broader sitemap policy is implemented.,No; first batch is limited to the browse-only category hub.
https://9takes.com/questions/what-is-the-best-part-about-being-out-of-highschool,Discovered - currently not indexed,2026-08-06,N/A,question,database:questions(url=what-is-the-best-part-about-being-out-of-highschool); src/routes/questions/[slug]/,flagged=f; removed=f; tagged=t,200,200,,"index, follow, max-image-preview:large, max-snippet:-1, max-video-preview:-1",https://9takes.com/questions/what-is-the-best-part-about-being-out-of-highschool,submitted,submitted,0,0,0,0,0,0,no measurable signal,,0,0,2,390,0,0,0,Community thread; 3 comments.,Keep and monitor,P3,,Keep the URL and current submission state unchanged; reassess after the comparison date.,"Substantive or valid page not yet crawled in the source report; no current robots, canonical, or response defect.",None for monitoring.,No change required.
https://9takes.com/questions/what-was-your-dream-job-as-a-child,Discovered - currently not indexed,2026-08-06,N/A,question,database:questions(url=what-was-your-dream-job-as-a-child); src/routes/questions/[slug]/,flagged=f; removed=f; tagged=t,200,200,,"index, follow, max-image-preview:large, max-snippet:-1, max-video-preview:-1",https://9takes.com/questions/what-was-your-dream-job-as-a-child,submitted,submitted,0,0,0,0,0,0,no measurable signal,,0,0,2,375,0,0,0,Community thread; 3 comments.,Keep and monitor,P3,,Keep the URL and current submission state unchanged; reassess after the comparison date.,"Substantive or valid page not yet crawled in the source report; no current robots, canonical, or response defect.",None for monitoring.,No change required.
https://9takes.com/questions/what-would-it-take-for-you-to-change-your-mind-politically,Discovered - currently not indexed,2026-08-06,N/A,question,database:questions(url=what-would-it-take-for-you-to-change-your-mind-politically); src/routes/questions/[slug]/,flagged=f; removed=f; tagged=t,200,200,,"index, follow, max-image-preview:large, max-snippet:-1, max-video-preview:-1",https://9takes.com/questions/what-would-it-take-for-you-to-change-your-mind-politically,submitted,submitted,0,0,0,0,0,0,no measurable signal,,0,0,2,289,0,0,0,Community thread; 4 comments.,Keep and monitor,P3,,Keep the URL and current submission state unchanged; reassess after the comparison date.,"Substantive or valid page not yet crawled in the source report; no current robots, canonical, or response defect.",None for monitoring.,No change required.
https://9takes.com/questions/whats-best-advice-youve-ever-received-business,Discovered - currently not indexed,2026-08-06,N/A,question,database:questions(url=whats-best-advice-youve-ever-received-business); src/routes/questions/[slug]/,flagged=f; removed=f; tagged=t,200,200,,"index, follow, max-image-preview:large, max-snippet:-1, max-video-preview:-1",https://9takes.com/questions/whats-best-advice-youve-ever-received-business,submitted,submitted,0,0,0,0,0,0,no measurable signal,,0,0,2,306,0,0,0,Community thread; 2 comments.,"Remove from sitemap, keep accessible",P2,,Keep the community thread and every response accessible; apply a reusable question-quality gate rather than deleting or hard-coding redirects.,Thin community thread with 2 comments and no measurable GSC demand; not yet a durable search landing page.,DJ should approve the reusable question-quality threshold before a broader sitemap policy is implemented.,No; first batch is limited to the browse-only category hub.
https://9takes.com/questions/whats-biggest-lesson-youve-learned-year-2024,Discovered - currently not indexed,2026-08-06,N/A,question,database:questions(url=whats-biggest-lesson-youve-learned-year-2024); src/routes/questions/[slug]/,flagged=f; removed=f; tagged=t,200,200,,"index, follow, max-image-preview:large, max-snippet:-1, max-video-preview:-1",https://9takes.com/questions/whats-biggest-lesson-youve-learned-year-2024,submitted,submitted,0,0,0,0,0,0,no measurable signal,,0,0,2,275,0,0,0,Community thread; 1 comments.,"Remove from sitemap, keep accessible",P2,,Keep the community thread and every response accessible; apply a reusable question-quality gate rather than deleting or hard-coding redirects.,Time-bound community thread with 1 comments and no measurable GSC demand; not a durable search landing page.,DJ should approve the reusable question-quality threshold before a broader sitemap policy is implemented.,No; first batch is limited to the browse-only category hub.
https://9takes.com/questions/where-do-you-get-off,Discovered - currently not indexed,2026-08-06,N/A,question,database:questions(url=where-do-you-get-off); src/routes/questions/[slug]/,flagged=f; removed=f; tagged=t,200,200,,"index, follow, max-image-preview:large, max-snippet:-1, max-video-preview:-1",https://9takes.com/questions/where-do-you-get-off,submitted,submitted,0,0,0,0,0,0,no measurable signal,,0,0,2,269,0,0,0,Community thread; 5 comments.,Keep and monitor,P3,,Keep the URL and current submission state unchanged; reassess after the comparison date.,"Substantive or valid page not yet crawled in the source report; no current robots, canonical, or response defect.",None for monitoring.,No change required.
https://9takes.com/questions/will-kamala-harris-good-president,Discovered - currently not indexed,2026-08-06,N/A,question,database:questions(url=will-kamala-harris-good-president); src/routes/questions/[slug]/,flagged=f; removed=f; tagged=t,200,200,,"index, follow, max-image-preview:large, max-snippet:-1, max-video-preview:-1",https://9takes.com/questions/will-kamala-harris-good-president,submitted,submitted,0,0,0,0,0,0,no measurable signal,,0,0,2,278,0,0,0,Community thread; 8 comments.,"Remove from sitemap, keep accessible",P2,,Keep the community thread and every response accessible; apply a reusable question-quality gate rather than deleting or hard-coding redirects.,Time-bound community thread with 8 comments and no measurable GSC demand; not a durable search landing page.,DJ should approve the reusable question-quality threshold before a broader sitemap policy is implemented.,No; first batch is limited to the browse-only category hub.
https://9takes.com/enneagram-test,Excluded by ‘noindex’ tag,2026-08-06,"Jul 9, 2026",enneagram-test,src/routes/enneagram-test/+page.svelte,public route,200,200,,"index, follow, max-image-preview:large, max-snippet:-1, max-video-preview:-1",https://9takes.com/enneagram-test,submitted,submitted,0,0,0,0,0,0,no measurable signal,,0,23,2,615,0,0,0,Distinct route/article; 615 rendered words.,Keep and monitor,P3,,Keep the URL and current submission state unchanged; reassess after the comparison date.,Historical noindex example now returns index-follow with a self-canonical; allow Google to recrawl before changing content.,None for monitoring.,No change required.
https://9takes.com/pop-culture/tech-titans-founders-vs-stewards,Excluded by ‘noindex’ tag,2026-08-06,"Jul 8, 2026",pop-culture,src/blog/pop-culture/tech-titans-founders-vs-stewards.md,published=true,200,200,,"index, follow, max-image-preview:large, max-snippet:-1, max-video-preview:-1",https://9takes.com/pop-culture/tech-titans-founders-vs-stewards,submitted,submitted,0,0,0,0,0,0,no measurable signal,,0,7,2,4476,3833,0,0,Distinct route/article; 4476 rendered words.,Keep and monitor,P3,,Keep the URL and current submission state unchanged; reassess after the comparison date.,Historical noindex example now returns index-follow with a self-canonical; allow Google to recrawl before changing content.,None for monitoring.,No change required.
https://9takes.com/pop-culture/alex-cooper-alix-earle-beef-enneagram-analysis,Excluded by ‘noindex’ tag,2026-08-06,"Jul 8, 2026",pop-culture,src/blog/pop-culture/alex-cooper-alix-earle-beef-enneagram-analysis.md,published=true,200,200,,"index, follow, max-image-preview:large, max-snippet:-1, max-video-preview:-1",https://9takes.com/pop-culture/alex-cooper-alix-earle-beef-enneagram-analysis,submitted,submitted,0,0,0,0,0,198,declining,alix earle alex cooper mentorship,9,1,2,4988,4447,0,0,Distinct route/article; 4988 rendered words.,Improve and keep submitted,P1,,"Preserve the current URL, publication state, and lastmod; improve only after a page-specific content and query review.",Distinct strategic page with prior verified demand or a separate-intent indexing problem; requires a focused content/distinctiveness pass.,No destructive change authorized; any DB/content edit must remain reversible and preserve lastmod.,No; prioritized for the next focused content batch.
https://9takes.com/pop-culture/twitter-x-personality-types-toxic,Excluded by ‘noindex’ tag,2026-08-06,"Jul 6, 2026",pop-culture,src/blog/pop-culture/twitter-x-personality-types-toxic.md,published=true,200,200,,"index, follow, max-image-preview:large, max-snippet:-1, max-video-preview:-1",https://9takes.com/pop-culture/twitter-x-personality-types-toxic,submitted,submitted,1,551,0.18,8,0,65,declining,why is twitter x so toxic reasons,2,1,2,2900,2524,0,0,Distinct route/article; 2900 rendered words.,Improve and keep submitted,P0,,"Preserve the current URL, publication state, and lastmod; improve only after a page-specific content and query review.",Distinct page with 551 impressions in the clean 98-day window and a credible path to regain indexing.,No destructive change authorized; any DB/content edit must remain reversible and preserve lastmod.,No; prioritized for the next focused content batch.
https://9takes.com/personality-analysis/jocko-willink,Excluded by ‘noindex’ tag,2026-08-06,"Jul 4, 2026",personality-analysis,src/blog/people/drafts/Jocko-Willink.md,published=true,200,200,,"index, follow, max-image-preview:large, max-snippet:-1, max-video-preview:-1",https://9takes.com/personality-analysis/jocko-willink,submitted,submitted,0,0,0,0,0,0,no measurable signal,,0,7,2,6024,5161,0,0,Single-person analysis; 6024 rendered words.,Keep and monitor,P3,,Keep the URL and current submission state unchanged; reassess after the comparison date.,Historical noindex example now returns index-follow with a self-canonical; allow Google to recrawl before changing content.,None for monitoring.,No change required.
https://9takes.com/questions/how-do-you-figure-out-who-is-right,Excluded by ‘noindex’ tag,2026-08-06,"Jun 19, 2026",question,database:questions(url=how-do-you-figure-out-who-is-right); src/routes/questions/[slug]/,flagged=f; removed=f; tagged=t,200,200,,"index, follow, max-image-preview:large, max-snippet:-1, max-video-preview:-1",https://9takes.com/questions/how-do-you-figure-out-who-is-right,submitted,submitted,0,0,0,0,0,0,no measurable signal,,0,0,2,420,0,0,0,Community thread; 9 comments.,Keep and monitor,P3,,Keep the URL and current submission state unchanged; reassess after the comparison date.,Historical noindex example now returns index-follow with a self-canonical; allow Google to recrawl before changing content.,None for monitoring.,No change required.
https://9takes.com/enneagram-corner/enneagram-harmonic-approaches,Excluded by ‘noindex’ tag,2026-08-06,"May 5, 2026",enneagram,src/blog/enneagram/enneagram-harmonic-approaches.md,published=true,200,200,,"index, follow, max-image-preview:large, max-snippet:-1, max-video-preview:-1",https://9takes.com/enneagram-corner/enneagram-harmonic-approaches,submitted,submitted,0,0,0,0,0,0,no measurable signal,,0,10,2,3670,3195,0,0,Distinct route/article; 3670 rendered words.,Keep and monitor,P3,,Keep the URL and current submission state unchanged; reassess after the comparison date.,Historical noindex example now returns index-follow with a self-canonical; allow Google to recrawl before changing content.,None for monitoring.,No change required.
https://9takes.com/enneagram-corner/enneagram-social-styles,Excluded by ‘noindex’ tag,2026-08-06,"May 5, 2026",enneagram,src/blog/enneagram/enneagram-social-styles.md,published=true,200,200,,"index, follow, max-image-preview:large, max-snippet:-1, max-video-preview:-1",https://9takes.com/enneagram-corner/enneagram-social-styles,submitted,submitted,0,0,0,0,0,0,no measurable signal,,0,4,2,4340,3617,0,0,Distinct route/article; 4340 rendered words.,Keep and monitor,P3,,Keep the URL and current submission state unchanged; reassess after the comparison date.,Historical noindex example now returns index-follow with a self-canonical; allow Google to recrawl before changing content.,None for monitoring.,No change required.
https://9takes.com/community/fear-triad-intellectual-fortress-or-prison,Excluded by ‘noindex’ tag,2026-08-06,"Apr 11, 2026",community,src/blog/community/fear-triad-intellectual-fortress-or-prison.md,published=true,200,200,,"index, follow, max-image-preview:large, max-snippet:-1, max-video-preview:-1",https://9takes.com/community/fear-triad-intellectual-fortress-or-prison,submitted,submitted,0,0,0,0,0,0,no measurable signal,,0,4,2,1568,1199,0,0,Distinct route/article; 1568 rendered words.,Keep and monitor,P3,,Keep the URL and current submission state unchanged; reassess after the comparison date.,Historical noindex example now returns index-follow with a self-canonical; allow Google to recrawl before changing content.,None for monitoring.,No change required.
https://9takes.com/questions/think-real-objective-us-war-iran-public-isnt-told,Excluded by ‘noindex’ tag,2026-08-06,"Apr 10, 2026",question,database:questions(url=think-real-objective-us-war-iran-public-isnt-told); src/routes/questions/[slug]/,flagged=f; removed=f; tagged=t,200,200,,"index, follow, max-image-preview:large, max-snippet:-1, max-video-preview:-1",https://9takes.com/questions/think-real-objective-us-war-iran-public-isnt-told,submitted,submitted,0,0,0,0,0,0,no measurable signal,,0,0,2,445,0,0,0,Community thread; 4 comments.,"Remove from sitemap, keep accessible",P2,,Keep the community thread and every response accessible; apply a reusable question-quality gate rather than deleting or hard-coding redirects.,Time-bound community thread with 4 comments and no measurable GSC demand; not a durable search landing page.,DJ should approve the reusable question-quality threshold before a broader sitemap policy is implemented.,No; first batch is limited to the browse-only category hub.
https://9takes.com/questions/categories/daily-routines,Excluded by ‘noindex’ tag,2026-08-06,"Apr 10, 2026",question-category,database:question_categories(slug=daily-routines); src/routes/questions/categories/[slug]/,intro_status=completed; reviewed=true,200,200,,"index, follow, max-image-preview:large, max-snippet:-1, max-video-preview:-1",https://9takes.com/questions/categories/daily-routines,submitted,submitted,0,0,0,0,0,0,no measurable signal,,0,0,3,382,0,0,0,Reviewed category intro with 7 live subtree questions.,Keep and monitor,P3,,Keep the URL and current submission state unchanged; reassess after the comparison date.,Historical noindex example now returns index-follow with a self-canonical; allow Google to recrawl before changing content.,None for monitoring.,No change required.
https://9takes.com/pop-culture/influencer-enneagram-types-instagram,Excluded by ‘noindex’ tag,2026-08-06,"Apr 9, 2026",pop-culture,src/blog/pop-culture/influencer-enneagram-types-instagram.md,published=true,200,200,,"index, follow, max-image-preview:large, max-snippet:-1, max-video-preview:-1",https://9takes.com/pop-culture/influencer-enneagram-types-instagram,submitted,submitted,0,0,0,0,0,0,no measurable signal,,0,3,2,2947,2486,0,0,Distinct route/article; 2947 rendered words.,Keep and monitor,P3,,Keep the URL and current submission state unchanged; reassess after the comparison date.,Historical noindex example now returns index-follow with a self-canonical; allow Google to recrawl before changing content.,None for monitoring.,No change required.
https://9takes.com/questions/categories/government-systems,Excluded by ‘noindex’ tag,2026-08-06,"Apr 9, 2026",question-category,database:question_categories(slug=government-systems); src/routes/questions/categories/[slug]/,intro_status=completed; reviewed=true,200,200,,"index, follow, max-image-preview:large, max-snippet:-1, max-video-preview:-1",https://9takes.com/questions/categories/government-systems,submitted,submitted,0,0,0,0,0,0,no measurable signal,,0,0,3,363,0,0,0,Reviewed category intro with 6 live subtree questions.,Keep and monitor,P3,,Keep the URL and current submission state unchanged; reassess after the comparison date.,Historical noindex example now returns index-follow with a self-canonical; allow Google to recrawl before changing content.,None for monitoring.,No change required.
https://9takes.com/questions/categories/personal-interests-and-lifestyle,Excluded by ‘noindex’ tag,2026-08-06,"Apr 9, 2026",question-category,database:question_categories(slug=personal-interests-and-lifestyle); src/routes/questions/categories/[slug]/,intro_status=completed; reviewed=true,200,200,,"index, follow, max-image-preview:large, max-snippet:-1, max-video-preview:-1",https://9takes.com/questions/categories/personal-interests-and-lifestyle,submitted,submitted,0,0,0,0,0,0,no measurable signal,,0,0,3,310,0,0,0,Reviewed category intro with 31 live subtree questions.,Keep and monitor,P3,,Keep the URL and current submission state unchanged; reassess after the comparison date.,Historical noindex example now returns index-follow with a self-canonical; allow Google to recrawl before changing content.,None for monitoring.,No change required.
https://9takes.com/personality-analysis/noam-chomsky,Excluded by ‘noindex’ tag,2026-08-06,"Apr 6, 2026",personality-analysis,src/blog/people/drafts/Noam-Chomsky.md,published=true,200,200,,"index, follow, max-image-preview:large, max-snippet:-1, max-video-preview:-1",https://9takes.com/personality-analysis/noam-chomsky,submitted,submitted,0,0,0,0,0,0,no measurable signal,,0,0,2,6188,5279,0,0,Single-person analysis; 6188 rendered words.,Keep and monitor,P3,,Keep the URL and current submission state unchanged; reassess after the comparison date.,Historical noindex example now returns index-follow with a self-canonical; allow Google to recrawl before changing content.,None for monitoring.,No change required.
https://9takes.com/questions/categories/life-events,Soft 404,2026-08-06,"Apr 26, 2026",question-category,database:question_categories(slug=life-events); src/routes/questions/categories/[slug]/,intro_status=completed; reviewed=true,200,200,,"index, follow, max-image-preview:large, max-snippet:-1, max-video-preview:-1",https://9takes.com/questions/categories/life-events,submitted,submitted,0,0,0,0,0,0,no measurable signal,,0,0,3,316,0,0,0,Reviewed category intro with 4 live subtree questions.,Keep and monitor,P3,,Keep the URL and current submission state unchanged; reassess after the comparison date.,"Historical soft-404 category now has a reviewed intro, live questions, index-follow, and a self-canonical; monitor recrawl.",None for monitoring.,No change required.
https://9takes.com/questions/categories/self-awareness-and-self-understanding,Soft 404,2026-08-06,"Apr 25, 2026",question-category,database:question_categories(slug=self-awareness-and-self-understanding); src/routes/questions/categories/[slug]/,intro_status=completed; reviewed=true,200,200,,"index, follow, max-image-preview:large, max-snippet:-1, max-video-preview:-1",https://9takes.com/questions/categories/self-awareness-and-self-understanding,submitted,submitted,0,0,0,0,0,0,no measurable signal,,0,0,3,349,0,0,0,Reviewed category intro with 5 live subtree questions.,Keep and monitor,P3,,Keep the URL and current submission state unchanged; reassess after the comparison date.,"Historical soft-404 category now has a reviewed intro, live questions, index-follow, and a self-canonical; monitor recrawl.",None for monitoring.,No change required.
https://9takes.com/questions/categories/romantic-relationships,Soft 404,2026-08-06,"Apr 25, 2026",question-category,database:question_categories(slug=romantic-relationships); src/routes/questions/categories/[slug]/,intro_status=completed; reviewed=true,200,200,,"index, follow, max-image-preview:large, max-snippet:-1, max-video-preview:-1",https://9takes.com/questions/categories/romantic-relationships,submitted,submitted,0,0,0,0,0,0,no measurable signal,,0,0,3,324,0,0,0,Reviewed category intro with 6 live subtree questions.,Keep and monitor,P3,,Keep the URL and current submission state unchanged; reassess after the comparison date.,"Historical soft-404 category now has a reviewed intro, live questions, index-follow, and a self-canonical; monitor recrawl.",None for monitoring.,No change required.
https://9takes.com/personality-analysis/tim-ferriss,Alternate page with proper canonical tag,2026-08-06,"Feb 9, 2026",personality-analysis,src/blog/people/drafts/Tim-Ferriss.md,published=true,200,200,,"index, follow, max-image-preview:large, max-snippet:-1, max-video-preview:-1",https://9takes.com/personality-analysis/tim-ferriss,submitted,submitted,0,0,0,0,0,0,no measurable signal,,0,25,2,10503,9811,0,0,Single-person analysis; 10503 rendered words.,Keep and monitor,P3,,Keep the URL and current submission state unchanged; reassess after the comparison date.,Historical alternate-canonical example is now self-canonical and index-follow; monitor recrawl.,None for monitoring.,No change required.
